species_id,species_name,n,n_pos,n_pred_pos,n_neg,prevalence,tp,recall,precision,recall_bs_mean,recall_ci_lo,recall_ci_hi,recall_ci_width,B,attr,model
1,Black footed Albatross,30,4,0,26,0.13333333333333333,0,0.0,,0.0,0.0,0.0,0.0,100,has_upper_tail_color::white,baseline
143,Caspian Tern,30,13,21,17,0.43333333333333335,11,0.8461538461538461,0.5238095238095238,0.8614450092391269,0.6788461538461539,1.0,0.3211538461538461,100,has_upper_tail_color::white,baseline
120,Fox Sparrow,30,4,0,26,0.13333333333333333,0,0.0,,0.0,0.0,0.0,0.0,100,has_upper_tail_color::white,baseline
121,Grasshopper Sparrow,30,5,6,25,0.16666666666666666,3,0.6,0.5,0.5708928571428572,0.0,1.0,1.0,100,has_upper_tail_color::white,baseline
122,Harris Sparrow,30,3,1,27,0.1,0,0.0,0.0,0.0,0.0,0.0,0.0,100,has_upper_tail_color::white,baseline
123,Henslow Sparrow,30,3,1,27,0.1,0,0.0,0.0,0.0,0.0,0.0,0.0,100,has_upper_tail_color::white,baseline
126,Nelson Sharp tailed Sparrow,30,3,0,27,0.1,0,0.0,,0.0,0.0,0.0,0.0,100,has_upper_tail_color::white,baseline
127,Savannah Sparrow,30,3,1,27,0.1,0,0.0,0.0,0.0,0.0,0.0,0.0,100,has_upper_tail_color::white,baseline
128,Seaside Sparrow,30,0,0,30,0.0,0,,,,,,,100,has_upper_tail_color::white,baseline
129,Song Sparrow,30,1,1,29,0.03333333333333333,0,0.0,0.0,0.0,0.0,0.0,0.0,100,has_upper_tail_color::white,baseline
130,Tree Sparrow,30,2,0,28,0.06666666666666667,0,0.0,,0.0,0.0,0.0,0.0,100,has_upper_tail_color::white,baseline
131,Vesper Sparrow,30,5,4,25,0.16666666666666666,2,0.4,0.5,0.3711800144300143,0.0,0.8174999999999998,0.8174999999999998,100,has_upper_tail_color::white,baseline
132,White crowned Sparrow,30,4,3,26,0.13333333333333333,1,0.25,0.3333333333333333,0.2945833333333333,0.0,1.0,1.0,100,has_upper_tail_color::white,baseline
133,White throated Sparrow,30,1,0,29,0.03333333333333333,0,0.0,,0.0,0.0,0.0,0.0,100,has_upper_tail_color::white,baseline
134,Cape Glossy Starling,30,1,0,29,0.03333333333333333,0,0.0,,0.0,0.0,0.0,0.0,100,has_upper_tail_color::white,baseline
135,Bank Swallow,30,4,0,26,0.13333333333333333,0,0.0,,0.0,0.0,0.0,0.0,100,has_upper_tail_color::white,baseline
136,Barn Swallow,30,2,0,28,0.06666666666666667,0,0.0,,0.0,0.0,0.0,0.0,100,has_upper_tail_color::white,baseline
137,Cliff Swallow,30,1,0,29,0.03333333333333333,0,0.0,,0.0,0.0,0.0,0.0,100,has_upper_tail_color::white,baseline
138,Tree Swallow,30,1,0,29,0.03333333333333333,0,0.0,,0.0,0.0,0.0,0.0,100,has_upper_tail_color::white,baseline
139,Scarlet Tanager,30,0,0,30,0.0,0,,,,,,,100,has_upper_tail_color::white,baseline
140,Summer Tanager,30,0,0,30,0.0,0,,,,,,,100,has_upper_tail_color::white,baseline
118,House Sparrow,30,2,2,28,0.06666666666666667,0,0.0,0.0,0.0,0.0,0.0,0.0,100,has_upper_tail_color::white,baseline
116,Chipping Sparrow,30,3,1,27,0.1,0,0.0,0.0,0.0,0.0,0.0,0.0,100,has_upper_tail_color::white,baseline
114,Black throated Sparrow,30,1,0,29,0.03333333333333333,0,0.0,,0.0,0.0,0.0,0.0,100,has_upper_tail_color::white,baseline
2,Laysan Albatross,30,5,3,25,0.16666666666666666,1,0.2,0.3333333333333333,0.24209920634920631,0.0,0.6666666666666666,0.6666666666666666,100,has_upper_tail_color::white,baseline
92,Nighthawk,30,8,11,22,0.26666666666666666,1,0.125,0.09090909090909091,0.14037223887223887,0.0,0.42857142857142855,0.42857142857142855,100,has_upper_tail_color::white,baseline
93,Clark Nutcracker,30,10,3,20,0.3333333333333333,1,0.1,0.3333333333333333,0.09910600184129596,0.0,0.3040384615384615,0.3040384615384615,100,has_upper_tail_color::white,baseline
94,White breasted Nuthatch,30,4,3,26,0.13333333333333333,0,0.0,0.0,0.0,0.0,0.0,0.0,100,has_upper_tail_color::white,baseline
95,Baltimore Oriole,30,0,0,30,0.0,0,,,,,,,100,has_upper_tail_color::white,baseline
96,Hooded Oriole,30,1,0,29,0.03333333333333333,0,0.0,,0.0,0.0,0.0,0.0,100,has_upper_tail_color::white,baseline
98,Scott Oriole,30,1,0,29,0.03333333333333333,0,0.0,,0.0,0.0,0.0,0.0,100,has_upper_tail_color::white,baseline
99,Ovenbird,30,0,0,30,0.0,0,,,,,,,100,has_upper_tail_color::white,baseline
100,Brown Pelican,30,2,6,28,0.06666666666666667,1,0.5,0.16666666666666666,0.47678571428571426,0.0,1.0,1.0,100,has_upper_tail_color::white,baseline
102,Western Wood Pewee,30,0,0,30,0.0,0,,,,,,,100,has_upper_tail_color::white,baseline
112,Great Grey Shrike,30,9,2,21,0.3,2,0.2222222222222222,1.0,0.19087887112887109,0.0,0.5,0.5,100,has_upper_tail_color::white,baseline
103,Sayornis,30,1,0,29,0.03333333333333333,0,0.0,,0.0,0.0,0.0,0.0,100,has_upper_tail_color::white,baseline
104,American Pipit,30,3,0,27,0.1,0,0.0,,0.0,0.0,0.0,0.0,100,has_upper_tail_color::white,baseline
106,Horned Puffin,30,3,3,27,0.1,0,0.0,0.0,0.0,0.0,0.0,0.0,100,has_upper_tail_color::white,baseline
107,Common Raven,30,0,0,30,0.0,0,,,,,,,100,has_upper_tail_color::white,baseline
108,White necked Raven,30,0,0,30,0.0,0,,,,,,,100,has_upper_tail_color::white,baseline
109,American Redstart,30,0,0,30,0.0,0,,,,,,,100,has_upper_tail_color::white,baseline
110,Geococcyx,30,5,2,25,0.16666666666666666,0,0.0,0.0,0.0,0.0,0.0,0.0,100,has_upper_tail_color::white,baseline
111,Loggerhead Shrike,30,8,3,22,0.26666666666666666,2,0.25,0.6666666666666666,0.2294379509379509,0.0,0.5638888888888888,0.5638888888888888,100,has_upper_tail_color::white,baseline
142,Black Tern,30,10,5,20,0.3333333333333333,2,0.2,0.4,0.2066025086025086,0.0,0.45341880341880325,0.45341880341880325,100,has_upper_tail_color::white,baseline
144,Common Tern,30,12,19,18,0.4,9,0.75,0.47368421052631576,0.7417507717600597,0.533710407239819,1.0,0.466289592760181,100,has_upper_tail_color::white,baseline
90,Red breasted Merganser,30,5,2,25,0.16666666666666666,0,0.0,0.0,0.0,0.0,0.0,0.0,100,has_upper_tail_color::white,baseline
145,Elegant Tern,30,12,23,18,0.4,11,0.9166666666666666,0.4782608695652174,0.9224111599185127,0.7591346153846154,1.0,0.24086538461538465,100,has_upper_tail_color::white,baseline
176,Prairie Warbler,30,0,0,30,0.0,0,,,,,,,100,has_upper_tail_color::white,baseline
177,Prothonotary Warbler,30,0,0,30,0.0,0,,,,,,,100,has_upper_tail_color::white,baseline
180,Wilson Warbler,30,0,0,30,0.0,0,,,,,,,100,has_upper_tail_color::white,baseline
182,Yellow Warbler,30,0,0,30,0.0,0,,,,,,,100,has_upper_tail_color::white,baseline
183,Northern Waterthrush,30,1,0,29,0.03333333333333333,0,0.0,,0.0,0.0,0.0,0.0,100,has_upper_tail_color::white,baseline
184,Louisiana Waterthrush,30,1,1,29,0.03333333333333333,0,0.0,0.0,0.0,0.0,0.0,0.0,100,has_upper_tail_color::white,baseline
185,Bohemian Waxwing,30,0,3,30,0.0,0,,0.0,,,,,100,has_upper_tail_color::white,baseline
186,Cedar Waxwing,30,6,0,24,0.2,0,0.0,,0.0,0.0,0.0,0.0,100,has_upper_tail_color::white,baseline
188,Pileated Woodpecker,30,0,0,30,0.0,0,,,,,,,100,has_upper_tail_color::white,baseline
189,Red bellied Woodpecker,30,15,22,15,0.5,11,0.7333333333333333,0.5,0.7294919589690757,0.5139705882352941,0.9062499999999998,0.3922794117647057,100,has_upper_tail_color::white,baseline
191,Red headed Woodpecker,30,15,2,15,0.5,2,0.13333333333333333,1.0,0.15684253328370973,0.0,0.343627450980392,0.343627450980392,100,has_upper_tail_color::white,baseline
192,Downy Woodpecker,30,13,8,17,0.43333333333333335,2,0.15384615384615385,0.25,0.14523596600338085,0.0,0.3746503496503495,0.3746503496503495,100,has_upper_tail_color::white,baseline
193,Bewick Wren,30,2,0,28,0.06666666666666667,0,0.0,,0.0,0.0,0.0,0.0,100,has_upper_tail_color::white,baseline
194,Cactus Wren,30,5,3,25,0.16666666666666666,0,0.0,0.0,0.0,0.0,0.0,0.0,100,has_upper_tail_color::white,baseline
195,Carolina Wren,30,1,0,29,0.03333333333333333,0,0.0,,0.0,0.0,0.0,0.0,100,has_upper_tail_color::white,baseline
196,House Wren,30,3,0,27,0.1,0,0.0,,0.0,0.0,0.0,0.0,100,has_upper_tail_color::white,baseline
197,Marsh Wren,30,2,1,28,0.06666666666666667,0,0.0,0.0,0.0,0.0,0.0,0.0,100,has_upper_tail_color::white,baseline
198,Rock Wren,30,1,1,29,0.03333333333333333,0,0.0,0.0,0.0,0.0,0.0,0.0,100,has_upper_tail_color::white,baseline
199,Winter Wren,30,3,0,27,0.1,0,0.0,,0.0,0.0,0.0,0.0,100,has_upper_tail_color::white,baseline
175,Pine Warbler,30,4,1,26,0.13333333333333333,0,0.0,0.0,0.0,0.0,0.0,0.0,100,has_upper_tail_color::white,baseline
174,Palm Warbler,30,1,0,29,0.03333333333333333,0,0.0,,0.0,0.0,0.0,0.0,100,has_upper_tail_color::white,baseline
173,Orange crowned Warbler,30,0,0,30,0.0,0,,,,,,,100,has_upper_tail_color::white,baseline
158,Bay breasted Warbler,30,4,3,26,0.13333333333333333,1,0.25,0.3333333333333333,0.21331389698736639,0.0,0.7433333333333337,0.7433333333333337,100,has_upper_tail_color::white,baseline
146,Forsters Tern,30,16,22,14,0.5333333333333333,11,0.6875,0.5,0.6830878815886556,0.4489182692307693,0.9037330316742078,0.45481476244343855,100,has_upper_tail_color::white,baseline
147,Least Tern,30,8,18,22,0.26666666666666666,5,0.625,0.2777777777777778,0.6275887168387169,0.25,0.9259615384615385,0.6759615384615385,100,has_upper_tail_color::white,baseline
148,Green tailed Towhee,30,2,0,28,0.06666666666666667,0,0.0,,0.0,0.0,0.0,0.0,100,has_upper_tail_color::white,baseline
150,Sage Thrasher,30,2,1,28,0.06666666666666667,0,0.0,0.0,0.0,0.0,0.0,0.0,100,has_upper_tail_color::white,baseline
152,Blue headed Vireo,30,0,0,30,0.0,0,,,,,,,100,has_upper_tail_color::white,baseline
154,Red eyed Vireo,30,0,0,30,0.0,0,,,,,,,100,has_upper_tail_color::white,baseline
155,Warbling Vireo,30,1,0,29,0.03333333333333333,0,0.0,,0.0,0.0,0.0,0.0,100,has_upper_tail_color::white,baseline
156,White eyed Vireo,30,1,0,29,0.03333333333333333,0,0.0,,0.0,0.0,0.0,0.0,100,has_upper_tail_color::white,baseline
159,Black and white Warbler,30,14,13,16,0.4666666666666667,6,0.42857142857142855,0.46153846153846156,0.41167694908290886,0.14479166666666665,0.6803571428571423,0.5355654761904757,100,has_upper_tail_color::white,baseline
172,Nashville Warbler,30,2,1,28,0.06666666666666667,0,0.0,0.0,0.0,0.0,0.0,0.0,100,has_upper_tail_color::white,baseline
161,Blue winged Warbler,30,1,1,29,0.03333333333333333,0,0.0,0.0,0.0,0.0,0.0,0.0,100,has_upper_tail_color::white,baseline
162,Canada Warbler,30,0,0,30,0.0,0,,,,,,,100,has_upper_tail_color::white,baseline
163,Cape May Warbler,30,2,0,28,0.06666666666666667,0,0.0,,0.0,0.0,0.0,0.0,100,has_upper_tail_color::white,baseline
164,Cerulean Warbler,30,5,0,25,0.16666666666666666,0,0.0,,0.0,0.0,0.0,0.0,100,has_upper_tail_color::white,baseline
165,Chestnut sided Warbler,30,3,0,27,0.1,0,0.0,,0.0,0.0,0.0,0.0,100,has_upper_tail_color::white,baseline
167,Hooded Warbler,30,0,0,30,0.0,0,,,,,,,100,has_upper_tail_color::white,baseline
170,Mourning Warbler,30,0,0,30,0.0,0,,,,,,,100,has_upper_tail_color::white,baseline
171,Myrtle Warbler,30,2,1,28,0.06666666666666667,1,0.5,1.0,0.5604166666666667,0.0,1.0,1.0,100,has_upper_tail_color::white,baseline
91,Mockingbird,30,2,1,28,0.06666666666666667,0,0.0,0.0,0.0,0.0,0.0,0.0,100,has_upper_tail_color::white,baseline
200,Common Yellowthroat,30,0,0,30,0.0,0,,,,,,,100,has_upper_tail_color::white,baseline
89,Hooded Merganser,30,2,1,28,0.06666666666666667,0,0.0,0.0,0.0,0.0,0.0,0.0,100,has_upper_tail_color::white,baseline
26,Bronzed Cowbird,30,1,0,29,0.03333333333333333,0,0.0,,0.0,0.0,0.0,0.0,100,has_upper_tail_color::white,baseline
61,Heermann Gull,30,10,7,20,0.3333333333333333,2,0.2,0.2857142857142857,0.1621856640091934,0.0,0.5,0.5,100,has_upper_tail_color::white,baseline
59,California Gull,30,12,20,18,0.4,8,0.6666666666666666,0.4,0.6603637791946616,0.4079166666666667,0.8710416666666666,0.4631249999999999,100,has_upper_tail_color::white,baseline
25,Pelagic Cormorant,30,2,0,28,0.06666666666666667,0,0.0,,0.0,0.0,0.0,0.0,100,has_upper_tail_color::white,baseline
57,Rose breasted Grosbeak,30,5,2,25,0.16666666666666666,0,0.0,0.0,0.0,0.0,0.0,0.0,100,has_upper_tail_color::white,baseline
56,Pine Grosbeak,30,1,0,29,0.03333333333333333,0,0.0,,0.0,0.0,0.0,0.0,100,has_upper_tail_color::white,baseline
55,Evening Grosbeak,30,5,0,25,0.16666666666666666,0,0.0,,0.0,0.0,0.0,0.0,100,has_upper_tail_color::white,baseline
54,Blue Grosbeak,30,0,0,30,0.0,0,,,,,,,100,has_upper_tail_color::white,baseline
53,Western Grebe,30,2,8,28,0.06666666666666667,0,0.0,0.0,0.0,0.0,0.0,0.0,100,has_upper_tail_color::white,baseline
52,Pied billed Grebe,30,3,0,27,0.1,0,0.0,,0.0,0.0,0.0,0.0,100,has_upper_tail_color::white,baseline
51,Horned Grebe,30,2,0,28,0.06666666666666667,0,0.0,,0.0,0.0,0.0,0.0,100,has_upper_tail_color::white,baseline
50,Eared Grebe,30,4,3,26,0.13333333333333333,1,0.25,0.3333333333333333,0.2940912698412698,0.0,0.8812499999999979,0.8812499999999979,100,has_upper_tail_color::white,baseline
49,Boat tailed Grackle,30,0,0,30,0.0,0,,,,,,,100,has_upper_tail_color::white,baseline
48,European Goldfinch,30,13,5,17,0.43333333333333335,5,0.38461538461538464,1.0,0.3829077638048226,0.13348214285714285,0.7225961538461534,0.5891140109890105,100,has_upper_tail_color::white,baseline
47,American Goldfinch,30,12,2,18,0.4,1,0.08333333333333333,0.5,0.09138519383952821,0.0,0.261931818181818,0.261931818181818,100,has_upper_tail_color::white,baseline
63,Ivory Gull,30,26,22,4,0.8666666666666667,21,0.8076923076923077,0.9545454545454546,0.8097451331998557,0.6413571428571428,0.9574090909090909,0.31605194805194803,100,has_upper_tail_color::white,baseline
46,Gadwall,30,1,1,29,0.03333333333333333,0,0.0,0.0,0.0,0.0,0.0,0.0,100,has_upper_tail_color::white,baseline
45,Northern Fulmar,30,10,10,20,0.3333333333333333,3,0.3,0.3,0.28317764017028724,0.0,0.625,0.625,100,has_upper_tail_color::white,baseline
44,Frigatebird,30,0,1,30,0.0,0,,0.0,,,,,100,has_upper_tail_color::white,baseline
88,Western Meadowlark,30,5,5,25,0.16666666666666666,2,0.4,0.4,0.4288571428571429,0.0,1.0,1.0,100,has_upper_tail_color::white,baseline
42,Vermilion Flycatcher,30,0,0,30,0.0,0,,,,,,,100,has_upper_tail_color::white,baseline
41,Scissor tailed Flycatcher,30,6,4,24,0.2,2,0.3333333333333333,0.5,0.31583896658896654,0.0,0.75,0.75,100,has_upper_tail_color::white,baseline
27,Shiny Cowbird,30,0,0,30,0.0,0,,,,,,,100,has_upper_tail_color::white,baseline
40,Olive sided Flycatcher,30,2,0,28,0.06666666666666667,0,0.0,,0.0,0.0,0.0,0.0,100,has_upper_tail_color::white,baseline
38,Great Crested Flycatcher,30,1,0,29,0.03333333333333333,0,0.0,,0.0,0.0,0.0,0.0,100,has_upper_tail_color::white,baseline
36,Northern Flicker,30,4,4,26,0.13333333333333333,1,0.25,0.25,0.2619087702421036,0.0,0.7774999999999999,0.7774999999999999,100,has_upper_tail_color::white,baseline
29,American Crow,30,0,0,30,0.0,0,,,,,,,100,has_upper_tail_color::white,baseline
35,Purple Finch,30,6,0,24,0.2,0,0.0,,0.0,0.0,0.0,0.0,100,has_upper_tail_color::white,baseline
30,Fish Crow,30,0,0,30,0.0,0,,,,,,,100,has_upper_tail_color::white,baseline
21,Eastern Towhee,30,3,0,27,0.1,0,0.0,,0.0,0.0,0.0,0.0,100,has_upper_tail_color::white,baseline
62,Herring Gull,30,19,22,11,0.6333333333333333,15,0.7894736842105263,0.6818181818181818,0.7800897252898161,0.5794117647058823,0.9374509803921568,0.3580392156862745,100,has_upper_tail_color::white,baseline
64,Ring billed Gull,30,12,24,18,0.4,9,0.75,0.375,0.7692290846408494,0.5502525252525252,1.0,0.4497474747474748,100,has_upper_tail_color::white,baseline
73,Blue Jay,30,10,1,20,0.3333333333333333,1,0.1,1.0,0.09076429126429124,0.0,0.2932142857142856,0.2932142857142856,100,has_upper_tail_color::white,baseline
87,Mallard,30,4,4,26,0.13333333333333333,0,0.0,0.0,0.0,0.0,0.0,0.0,100,has_upper_tail_color::white,baseline
86,Pacific Loon,30,6,10,24,0.2,3,0.5,0.3,0.49973382173382175,0.06785714285714287,0.8458333333333331,0.7779761904761903,100,has_upper_tail_color::white,baseline
85,Horned Lark,30,3,0,27,0.1,0,0.0,,0.0,0.0,0.0,0.0,100,has_upper_tail_color::white,baseline
4,Groove billed Ani,30,1,0,29,0.03333333333333333,0,0.0,,0.0,0.0,0.0,0.0,100,has_upper_tail_color::white,baseline
83,White breasted Kingfisher,30,1,0,29,0.03333333333333333,0,0.0,,0.0,0.0,0.0,0.0,100,has_upper_tail_color::white,baseline
82,Ringed Kingfisher,30,1,0,29,0.03333333333333333,0,0.0,,0.0,0.0,0.0,0.0,100,has_upper_tail_color::white,baseline
81,Pied Kingfisher,30,19,20,11,0.6333333333333333,12,0.631578947368421,0.6,0.6343744492256372,0.39975490196078434,0.8621428571428571,0.46238795518207276,100,has_upper_tail_color::white,baseline
80,Green Kingfisher,30,5,2,25,0.16666666666666666,1,0.2,0.5,0.1654285714285714,0.0,0.5874999999999986,0.5874999999999986,100,has_upper_tail_color::white,baseline
79,Belted Kingfisher,30,2,3,28,0.06666666666666667,0,0.0,0.0,0.0,0.0,0.0,0.0,100,has_upper_tail_color::white,baseline
10,Red winged Blackbird,30,0,0,30,0.0,0,,,,,,,100,has_upper_tail_color::white,baseline
77,Tropical Kingbird,30,1,0,29,0.03333333333333333,0,0.0,,0.0,0.0,0.0,0.0,100,has_upper_tail_color::white,baseline
11,Rusty Blackbird,30,1,0,29,0.03333333333333333,0,0.0,,0.0,0.0,0.0,0.0,100,has_upper_tail_color::white,baseline
74,Florida Jay,30,3,0,27,0.1,0,0.0,,0.0,0.0,0.0,0.0,100,has_upper_tail_color::white,baseline
76,Dark eyed Junco,30,1,0,29,0.03333333333333333,0,0.0,,0.0,0.0,0.0,0.0,100,has_upper_tail_color::white,baseline
72,Pomarine Jaeger,30,7,2,23,0.23333333333333334,1,0.14285714285714285,0.5,0.1324191919191919,0.0,0.44062499999999893,0.44062499999999893,100,has_upper_tail_color::white,baseline
14,Indigo Bunting,30,0,0,30,0.0,0,,,,,,,100,has_upper_tail_color::white,baseline
66,Western Gull,30,15,25,15,0.5,13,0.8666666666666667,0.52,0.8636045207973999,0.6303977272727272,1.0,0.36960227272727275,100,has_upper_tail_color::white,baseline
71,Long tailed Jaeger,30,5,1,25,0.16666666666666666,0,0.0,0.0,0.0,0.0,0.0,0.0,100,has_upper_tail_color::white,baseline
67,Anna Hummingbird,30,0,0,30,0.0,0,,,,,,,100,has_upper_tail_color::white,baseline
68,Ruby throated Hummingbird,30,3,0,27,0.1,0,0.0,,0.0,0.0,0.0,0.0,100,has_upper_tail_color::white,baseline
31,Black billed Cuckoo,30,1,0,29,0.03333333333333333,0,0.0,,0.0,0.0,0.0,0.0,100,has_upper_tail_color::white,baseline
69,Rufous Hummingbird,30,1,0,29,0.03333333333333333,0,0.0,,0.0,0.0,0.0,0.0,100,has_upper_tail_color::white,baseline
13,Bobolink,30,9,5,21,0.3,2,0.2222222222222222,0.4,0.23093556443556446,0.0,0.5864285714285712,0.5864285714285712,100,has_upper_tail_color::white,baseline
70,Green Violetear,30,0,0,30,0.0,0,,,,,,,100,has_upper_tail_color::white,baseline
181,Worm eating Warbler,29,1,0,28,0.034482758620689655,0,0.0,,0.0,0.0,0.0,0.0,100,has_upper_tail_color::white,baseline
20,Yellow breasted Chat,29,2,0,27,0.06896551724137931,0,0.0,,0.0,0.0,0.0,0.0,100,has_upper_tail_color::white,baseline
169,Magnolia Warbler,29,5,0,24,0.1724137931034483,0,0.0,,0.0,0.0,0.0,0.0,100,has_upper_tail_color::white,baseline
168,Kentucky Warbler,29,0,1,29,0.0,0,,0.0,,,,,100,has_upper_tail_color::white,baseline
28,Brown Creeper,29,6,7,23,0.20689655172413793,1,0.16666666666666666,0.14285714285714285,0.14448520923520922,0.0,0.5,0.5,100,has_upper_tail_color::white,baseline
9,Brewer Blackbird,29,0,0,29,0.0,0,,,,,,,100,has_upper_tail_color::white,baseline
166,Golden winged Warbler,29,6,0,23,0.20689655172413793,0,0.0,,0.0,0.0,0.0,0.0,100,has_upper_tail_color::white,baseline
23,Brandt Cormorant,29,0,0,29,0.0,0,,,,,,,100,has_upper_tail_color::white,baseline
190,Red cockaded Woodpecker,29,10,15,19,0.3448275862068966,6,0.6,0.4,0.5807907925407926,0.2669642857142857,0.8994949494949492,0.6325306637806636,100,has_upper_tail_color::white,baseline
33,Yellow billed Cuckoo,29,2,0,27,0.06896551724137931,0,0.0,,0.0,0.0,0.0,0.0,100,has_upper_tail_color::white,baseline
179,Tennessee Warbler,29,0,0,29,0.0,0,,,,,,,100,has_upper_tail_color::white,baseline
19,Gray Catbird,29,1,0,28,0.034482758620689655,0,0.0,,0.0,0.0,0.0,0.0,100,has_upper_tail_color::white,baseline
43,Yellow bellied Flycatcher,29,0,0,29,0.0,0,,,,,,,100,has_upper_tail_color::white,baseline
117,Clay colored Sparrow,29,5,2,24,0.1724137931034483,0,0.0,0.0,0.0,0.0,0.0,0.0,100,has_upper_tail_color::white,baseline
141,Artic Tern,29,15,22,14,0.5172413793103449,13,0.8666666666666667,0.5909090909090909,0.870826115791673,0.6541666666666667,1.0,0.3458333333333333,100,has_upper_tail_color::white,baseline
160,Black throated Blue Warbler,29,1,0,28,0.034482758620689655,0,0.0,,0.0,0.0,0.0,0.0,100,has_upper_tail_color::white,baseline
119,Field Sparrow,29,6,1,23,0.20689655172413793,0,0.0,0.0,0.0,0.0,0.0,0.0,100,has_upper_tail_color::white,baseline
124,Le Conte Sparrow,29,1,1,28,0.034482758620689655,0,0.0,0.0,0.0,0.0,0.0,0.0,100,has_upper_tail_color::white,baseline
125,Lincoln Sparrow,29,2,1,27,0.06896551724137931,0,0.0,0.0,0.0,0.0,0.0,0.0,100,has_upper_tail_color::white,baseline
115,Brewer Sparrow,29,2,1,27,0.06896551724137931,0,0.0,0.0,0.0,0.0,0.0,0.0,100,has_upper_tail_color::white,baseline
60,Glaucous winged Gull,29,15,25,14,0.5172413793103449,12,0.8,0.48,0.7936623461248076,0.5714285714285714,1.0,0.4285714285714286,100,has_upper_tail_color::white,baseline
78,Gray Kingbird,29,1,0,28,0.034482758620689655,0,0.0,,0.0,0.0,0.0,0.0,100,has_upper_tail_color::white,baseline
97,Orchard Oriole,29,0,0,29,0.0,0,,,,,,,100,has_upper_tail_color::white,baseline
149,Brown Thrasher,29,1,0,28,0.034482758620689655,0,0.0,,0.0,0.0,0.0,0.0,100,has_upper_tail_color::white,baseline
39,Least Flycatcher,29,2,0,27,0.06896551724137931,0,0.0,,0.0,0.0,0.0,0.0,100,has_upper_tail_color::white,baseline
153,Philadelphia Vireo,29,0,0,29,0.0,0,,,,,,,100,has_upper_tail_color::white,baseline
37,Acadian Flycatcher,29,1,0,28,0.034482758620689655,0,0.0,,0.0,0.0,0.0,0.0,100,has_upper_tail_color::white,baseline
157,Yellow throated Vireo,29,4,0,25,0.13793103448275862,0,0.0,,0.0,0.0,0.0,0.0,100,has_upper_tail_color::white,baseline
34,Gray crowned Rosy Finch,29,6,1,23,0.20689655172413793,0,0.0,0.0,0.0,0.0,0.0,0.0,100,has_upper_tail_color::white,baseline
3,Sooty Albatross,28,1,1,27,0.03571428571428571,1,1.0,1.0,1.0,1.0,1.0,0.0,100,has_upper_tail_color::white,baseline
15,Lazuli Bunting,28,1,0,27,0.03571428571428571,0,0.0,,0.0,0.0,0.0,0.0,100,has_upper_tail_color::white,baseline
16,Painted Bunting,28,0,0,28,0.0,0,,,,,,,100,has_upper_tail_color::white,baseline
58,Pigeon Guillemot,28,4,1,24,0.14285714285714285,0,0.0,0.0,0.0,0.0,0.0,0.0,100,has_upper_tail_color::white,baseline
17,Cardinal,27,0,0,27,0.0,0,,,,,,,100,has_upper_tail_color::white,baseline
75,Green Jay,27,0,0,27,0.0,0,,,,,,,100,has_upper_tail_color::white,baseline
178,Swainson Warbler,26,0,0,26,0.0,0,,,,,,,100,has_upper_tail_color::white,baseline
12,Yellow headed Blackbird,26,0,0,26,0.0,0,,,,,,,100,has_upper_tail_color::white,baseline
22,Chuck will Widow,26,2,0,24,0.07692307692307693,0,0.0,,0.0,0.0,0.0,0.0,100,has_upper_tail_color::white,baseline
7,Parakeet Auklet,23,1,1,22,0.043478260869565216,0,0.0,0.0,0.0,0.0,0.0,0.0,100,has_upper_tail_color::white,baseline
84,Red legged Kittiwake,23,11,18,12,0.4782608695652174,10,0.9090909090909091,0.5555555555555556,0.9077671495171493,0.7142857142857143,1.0,0.2857142857142857,100,has_upper_tail_color::white,baseline
32,Mangrove Cuckoo,23,1,0,22,0.043478260869565216,0,0.0,,0.0,0.0,0.0,0.0,100,has_upper_tail_color::white,baseline
24,Red faced Cormorant,22,0,0,22,0.0,0,,,,,,,100,has_upper_tail_color::white,baseline
151,Black capped Vireo,21,2,0,19,0.09523809523809523,0,0.0,,0.0,0.0,0.0,0.0,100,has_upper_tail_color::white,baseline
113,Baird Sparrow,20,2,0,18,0.1,0,0.0,,0.0,0.0,0.0,0.0,100,has_upper_tail_color::white,baseline
187,American Three toed Woodpecker,20,4,3,16,0.2,1,0.25,0.3333333333333333,0.22407677356656952,0.0,0.6666666666666666,0.6666666666666666,100,has_upper_tail_color::white,baseline
65,Slaty backed Gull,20,14,13,6,0.7,12,0.8571428571428571,0.9230769230769231,0.8456065866967569,0.6172727272727273,1.0,0.3827272727272727,100,has_upper_tail_color::white,baseline
101,White Pelican,20,12,17,8,0.6,10,0.8333333333333334,0.5882352941176471,0.8401883826957356,0.6507575757575758,1.0,0.34924242424242424,100,has_upper_tail_color::white,baseline
105,Whip poor Will,19,5,1,14,0.2631578947368421,1,0.2,1.0,0.1850082972582973,0.0,0.6124999999999982,0.6124999999999982,100,has_upper_tail_color::white,baseline
8,Rhinoceros Auklet,18,0,0,18,0.0,0,,,,,,,100,has_upper_tail_color::white,baseline
18,Spotted Catbird,15,0,0,15,0.0,0,,,,,,,100,has_upper_tail_color::white,baseline
5,Crested Auklet,14,0,0,14,0.0,0,,,,,,,100,has_upper_tail_color::white,baseline
6,Least Auklet,11,4,0,7,0.36363636363636365,0,0.0,,0.0,0.0,0.0,0.0,100,has_upper_tail_color::white,baseline
1,Black footed Albatross,30,3,0,27,0.1,0,0.0,,0.0,0.0,0.0,0.0,100,has_bill_shape::all-purpose,baseline
143,Caspian Tern,30,6,1,24,0.2,0,0.0,0.0,0.0,0.0,0.0,0.0,100,has_bill_shape::all-purpose,baseline
120,Fox Sparrow,30,6,12,24,0.2,3,0.5,0.25,0.48185101010101006,0.0,0.920833333333332,0.920833333333332,100,has_bill_shape::all-purpose,baseline
121,Grasshopper Sparrow,30,7,4,23,0.23333333333333334,0,0.0,0.0,0.0,0.0,0.0,0.0,100,has_bill_shape::all-purpose,baseline
122,Harris Sparrow,30,2,2,28,0.06666666666666667,0,0.0,0.0,0.0,0.0,0.0,0.0,100,has_bill_shape::all-purpose,baseline
123,Henslow Sparrow,30,5,3,25,0.16666666666666666,1,0.2,0.3333333333333333,0.22111507936507938,0.0,0.6666666666666666,0.6666666666666666,100,has_bill_shape::all-purpose,baseline
126,Nelson Sharp tailed Sparrow,30,13,15,17,0.43333333333333335,8,0.6153846153846154,0.5333333333333333,0.6066748782263488,0.3333333333333333,0.8929166666666662,0.5595833333333329,100,has_bill_shape::all-purpose,baseline
127,Savannah Sparrow,30,4,9,26,0.13333333333333333,0,0.0,0.0,0.0,0.0,0.0,0.0,100,has_bill_shape::all-purpose,baseline
128,Seaside Sparrow,30,14,8,16,0.4666666666666667,4,0.2857142857142857,0.5,0.2884387262204599,0.07403846153846154,0.5396969696969696,0.465658508158508,100,has_bill_shape::all-purpose,baseline
129,Song Sparrow,30,3,6,27,0.1,1,0.3333333333333333,0.16666666666666666,0.30578947368421056,0.0,1.0,1.0,100,has_bill_shape::all-purpose,baseline
130,Tree Sparrow,30,0,4,30,0.0,0,,0.0,,,,,100,has_bill_shape::all-purpose,baseline
131,Vesper Sparrow,30,8,15,22,0.26666666666666666,2,0.25,0.13333333333333333,0.26290773115773114,0.0,0.6916666666666662,0.6916666666666662,100,has_bill_shape::all-purpose,baseline
132,White crowned Sparrow,30,0,2,30,0.0,0,,0.0,,,,,100,has_bill_shape::all-purpose,baseline
133,White throated Sparrow,30,4,0,26,0.13333333333333333,0,0.0,,0.0,0.0,0.0,0.0,100,has_bill_shape::all-purpose,baseline
134,Cape Glossy Starling,30,24,14,6,0.8,9,0.375,0.6428571428571429,0.3809700492307491,0.20422240802675587,0.596428571428571,0.39220616340181513,100,has_bill_shape::all-purpose,baseline
135,Bank Swallow,30,11,12,19,0.36666666666666664,6,0.5454545454545454,0.5,0.5431838994338994,0.17,0.7894444444444443,0.6194444444444442,100,has_bill_shape::all-purpose,baseline
136,Barn Swallow,30,12,14,18,0.4,7,0.5833333333333334,0.5,0.5828400765900765,0.3198717948717949,0.8822916666666665,0.5624198717948716,100,has_bill_shape::all-purpose,baseline
137,Cliff Swallow,30,11,5,19,0.36666666666666664,2,0.18181818181818182,0.4,0.19356925264278202,0.0,0.47361111111111065,0.47361111111111065,100,has_bill_shape::all-purpose,baseline
138,Tree Swallow,30,11,13,19,0.36666666666666664,5,0.45454545454545453,0.38461538461538464,0.4642605311355311,0.16666666666666666,0.7038461538461537,0.537179487179487,100,has_bill_shape::all-purpose,baseline
139,Scarlet Tanager,30,11,16,19,0.36666666666666664,6,0.5454545454545454,0.375,0.5530431284401873,0.22628205128205128,0.8881249999999998,0.6618429487179486,100,has_bill_shape::all-purpose,baseline
140,Summer Tanager,30,14,9,16,0.4666666666666667,5,0.35714285714285715,0.5555555555555556,0.3393764312313074,0.13348214285714285,0.5920833333333332,0.4586011904761903,100,has_bill_shape::all-purpose,baseline
118,House Sparrow,30,4,6,26,0.13333333333333333,1,0.25,0.16666666666666666,0.22732142857142856,0.0,1.0,1.0,100,has_bill_shape::all-purpose,baseline
116,Chipping Sparrow,30,6,3,24,0.2,0,0.0,0.0,0.0,0.0,0.0,0.0,100,has_bill_shape::all-purpose,baseline
114,Black throated Sparrow,30,4,27,26,0.13333333333333333,4,1.0,0.14814814814814814,1.0,1.0,1.0,0.0,100,has_bill_shape::all-purpose,baseline
2,Laysan Albatross,30,0,1,30,0.0,0,,0.0,,,,,100,has_bill_shape::all-purpose,baseline
92,Nighthawk,30,7,3,23,0.23333333333333334,1,0.14285714285714285,0.3333333333333333,0.1717312132312132,0.0,0.42857142857142855,0.42857142857142855,100,has_bill_shape::all-purpose,baseline
93,Clark Nutcracker,30,11,24,19,0.36666666666666664,9,0.8181818181818182,0.375,0.8084119352869353,0.585,1.0,0.41500000000000004,100,has_bill_shape::all-purpose,baseline
94,White breasted Nuthatch,30,22,28,8,0.7333333333333333,20,0.9090909090909091,0.7142857142857143,0.9199644898928314,0.8161764705882353,1.0,0.18382352941176472,100,has_bill_shape::all-purpose,baseline
95,Baltimore Oriole,30,16,25,14,0.5333333333333333,14,0.875,0.56,0.8719151128369396,0.6959615384615384,1.0,0.3040384615384616,100,has_bill_shape::all-purpose,baseline
96,Hooded Oriole,30,16,27,14,0.5333333333333333,13,0.8125,0.48148148148148145,0.8075776237006886,0.6563725490196078,0.9375,0.28112745098039216,100,has_bill_shape::all-purpose,baseline
98,Scott Oriole,30,20,28,10,0.6666666666666666,19,0.95,0.6785714285714286,0.9469422033542207,0.85,1.0,0.15000000000000002,100,has_bill_shape::all-purpose,baseline
99,Ovenbird,30,24,26,6,0.8,20,0.8333333333333334,0.7692307692307693,0.8378319989855223,0.7111607142857144,0.9582167832167832,0.2470560689310688,100,has_bill_shape::all-purpose,baseline
100,Brown Pelican,30,2,1,28,0.06666666666666667,0,0.0,0.0,0.0,0.0,0.0,0.0,100,has_bill_shape::all-purpose,baseline
102,Western Wood Pewee,30,24,21,6,0.8,17,0.7083333333333334,0.8095238095238095,0.7097668311903271,0.5113095238095238,0.8947222222222221,0.3834126984126983,100,has_bill_shape::all-purpose,baseline
112,Great Grey Shrike,30,6,14,24,0.2,3,0.5,0.21428571428571427,0.47951695526695526,0.0,0.9321428571428559,0.9321428571428559,100,has_bill_shape::all-purpose,baseline
103,Sayornis,30,20,29,10,0.6666666666666666,20,1.0,0.6896551724137931,1.0,1.0,1.0,0.0,100,has_bill_shape::all-purpose,baseline
104,American Pipit,30,24,26,6,0.8,20,0.8333333333333334,0.7692307692307693,0.8195612761030145,0.6938963210702341,0.9565217391304348,0.2626254180602007,100,has_bill_shape::all-purpose,baseline
106,Horned Puffin,30,4,0,26,0.13333333333333333,0,0.0,,0.0,0.0,0.0,0.0,100,has_bill_shape::all-purpose,baseline
107,Common Raven,30,14,13,16,0.4666666666666667,7,0.5,0.5384615384615384,0.5062535246027808,0.2857142857142857,0.7645833333333331,0.47886904761904736,100,has_bill_shape::all-purpose,baseline
108,White necked Raven,30,3,5,27,0.1,0,0.0,0.0,0.0,0.0,0.0,0.0,100,has_bill_shape::all-purpose,baseline
109,American Redstart,30,18,24,12,0.6,15,0.8333333333333334,0.625,0.8416618055547151,0.6857730263157895,1.0,0.3142269736842105,100,has_bill_shape::all-purpose,baseline
110,Geococcyx,30,11,8,19,0.36666666666666664,3,0.2727272727272727,0.375,0.2690656035141329,0.0,0.5638888888888888,0.5638888888888888,100,has_bill_shape::all-purpose,baseline
111,Loggerhead Shrike,30,7,11,23,0.23333333333333334,1,0.14285714285714285,0.09090909090909091,0.1603398268398268,0.0,0.5524999999999991,0.5524999999999991,100,has_bill_shape::all-purpose,baseline
142,Black Tern,30,18,9,12,0.6,7,0.3888888888888889,0.7777777777777778,0.3762061428165917,0.17647058823529413,0.607536764705882,0.43106617647058787,100,has_bill_shape::all-purpose,baseline
144,Common Tern,30,9,2,21,0.3,1,0.1111111111111111,0.5,0.10500203962703962,0.0,0.4,0.4,100,has_bill_shape::all-purpose,baseline
90,Red breasted Merganser,30,3,1,27,0.1,0,0.0,0.0,0.0,0.0,0.0,0.0,100,has_bill_shape::all-purpose,baseline
145,Elegant Tern,30,2,3,28,0.06666666666666667,0,0.0,0.0,0.0,0.0,0.0,0.0,100,has_bill_shape::all-purpose,baseline
176,Prairie Warbler,30,25,30,5,0.8333333333333334,25,1.0,0.8333333333333334,1.0,1.0,1.0,0.0,100,has_bill_shape::all-purpose,baseline
177,Prothonotary Warbler,30,25,30,5,0.8333333333333334,25,1.0,0.8333333333333334,1.0,1.0,1.0,0.0,100,has_bill_shape::all-purpose,baseline
180,Wilson Warbler,30,23,29,7,0.7666666666666667,22,0.9565217391304348,0.7586206896551724,0.9632333522566932,0.875,1.0,0.125,100,has_bill_shape::all-purpose,baseline
182,Yellow Warbler,30,24,30,6,0.8,24,1.0,0.8,1.0,1.0,1.0,0.0,100,has_bill_shape::all-purpose,baseline
183,Northern Waterthrush,30,25,29,5,0.8333333333333334,24,0.96,0.8275862068965517,0.9609613980416826,0.8866452991452991,1.0,0.1133547008547009,100,has_bill_shape::all-purpose,baseline
184,Louisiana Waterthrush,30,27,28,3,0.9,25,0.9259259259259259,0.8928571428571429,0.9271613953706909,0.8429230769230769,1.0,0.15707692307692311,100,has_bill_shape::all-purpose,baseline
185,Bohemian Waxwing,30,12,4,18,0.4,1,0.08333333333333333,0.25,0.09208106027958969,0.0,0.24961538461538432,0.24961538461538432,100,has_bill_shape::all-purpose,baseline
186,Cedar Waxwing,30,12,24,18,0.4,9,0.75,0.375,0.7534032413664766,0.4708333333333333,1.0,0.5291666666666667,100,has_bill_shape::all-purpose,baseline
188,Pileated Woodpecker,30,2,9,28,0.06666666666666667,0,0.0,0.0,0.0,0.0,0.0,0.0,100,has_bill_shape::all-purpose,baseline
189,Red bellied Woodpecker,30,7,4,23,0.23333333333333334,0,0.0,0.0,0.0,0.0,0.0,0.0,100,has_bill_shape::all-purpose,baseline
191,Red headed Woodpecker,30,11,8,19,0.36666666666666664,3,0.2727272727272727,0.375,0.26632944098385275,0.0,0.5507575757575757,0.5507575757575757,100,has_bill_shape::all-purpose,baseline
192,Downy Woodpecker,30,14,12,16,0.4666666666666667,6,0.42857142857142855,0.5,0.4285078935082805,0.2,0.6718749999999992,0.4718749999999992,100,has_bill_shape::all-purpose,baseline
193,Bewick Wren,30,20,23,10,0.6666666666666666,16,0.8,0.6956521739130435,0.7874891614159014,0.6071022727272728,0.9355208333333334,0.32841856060606056,100,has_bill_shape::all-purpose,baseline
194,Cactus Wren,30,13,15,17,0.43333333333333335,5,0.38461538461538464,0.3333333333333333,0.3776561809363668,0.13870192307692308,0.6224999999999996,0.4837980769230765,100,has_bill_shape::all-purpose,baseline
195,Carolina Wren,30,20,27,10,0.6666666666666666,19,0.95,0.7037037037037037,0.9580280158888788,0.8458552631578947,1.0,0.15414473684210528,100,has_bill_shape::all-purpose,baseline
196,House Wren,30,23,25,7,0.7666666666666667,19,0.8260869565217391,0.76,0.822265819086414,0.6488636363636363,0.959903381642512,0.3110397452788757,100,has_bill_shape::all-purpose,baseline
197,Marsh Wren,30,15,20,15,0.5,8,0.5333333333333333,0.4,0.5294409398650884,0.21461538461538462,0.787687969924812,0.5730725853094274,100,has_bill_shape::all-purpose,baseline
198,Rock Wren,30,14,22,16,0.4666666666666667,11,0.7857142857142857,0.5,0.7930055602722013,0.5634469696969697,1.0,0.4365530303030303,100,has_bill_shape::all-purpose,baseline
199,Winter Wren,30,26,29,4,0.8666666666666667,25,0.9615384615384616,0.8620689655172413,0.9624141139137392,0.9166666666666666,1.0,0.08333333333333337,100,has_bill_shape::all-purpose,baseline
175,Pine Warbler,30,25,30,5,0.8333333333333334,25,1.0,0.8333333333333334,1.0,1.0,1.0,0.0,100,has_bill_shape::all-purpose,baseline
174,Palm Warbler,30,26,29,4,0.8666666666666667,25,0.9615384615384616,0.8620689655172413,0.9601551776614745,0.8518518518518519,1.0,0.14814814814814814,100,has_bill_shape::all-purpose,baseline
173,Orange crowned Warbler,30,23,29,7,0.7666666666666667,22,0.9565217391304348,0.7586206896551724,0.9576684995424901,0.8695652173913043,1.0,0.13043478260869568,100,has_bill_shape::all-purpose,baseline
158,Bay breasted Warbler,30,21,28,9,0.7,19,0.9047619047619048,0.6785714285714286,0.9145049153363799,0.756985294117647,1.0,0.24301470588235297,100,has_bill_shape::all-purpose,baseline
146,Forsters Tern,30,5,0,25,0.16666666666666666,0,0.0,,0.0,0.0,0.0,0.0,100,has_bill_shape::all-purpose,baseline
147,Least Tern,30,4,4,26,0.13333333333333333,0,0.0,0.0,0.0,0.0,0.0,0.0,100,has_bill_shape::all-purpose,baseline
148,Green tailed Towhee,30,6,14,24,0.2,2,0.3333333333333333,0.14285714285714285,0.3615238095238096,0.0,0.8,0.8,100,has_bill_shape::all-purpose,baseline
150,Sage Thrasher,30,29,26,1,0.9666666666666667,26,0.896551724137931,1.0,0.9022630696251387,0.8,1.0,0.19999999999999996,100,has_bill_shape::all-purpose,baseline
152,Blue headed Vireo,30,18,27,12,0.6,15,0.8333333333333334,0.5555555555555556,0.8492315181034995,0.717,1.0,0.28300000000000003,100,has_bill_shape::all-purpose,baseline
154,Red eyed Vireo,30,26,27,4,0.8666666666666667,24,0.9230769230769231,0.8888888888888888,0.9195957008203635,0.781547619047619,1.0,0.21845238095238095,100,has_bill_shape::all-purpose,baseline
155,Warbling Vireo,30,24,29,6,0.8,23,0.9583333333333334,0.7931034482758621,0.9606561683360784,0.8842222222222222,1.0,0.11577777777777776,100,has_bill_shape::all-purpose,baseline
156,White eyed Vireo,30,21,29,9,0.7,20,0.9523809523809523,0.6896551724137931,0.9512895699037307,0.85,1.0,0.15000000000000002,100,has_bill_shape::all-purpose,baseline
159,Black and white Warbler,30,26,29,4,0.8666666666666667,25,0.9615384615384616,0.8620689655172413,0.9606229571527922,0.8846153846153846,1.0,0.11538461538461542,100,has_bill_shape::all-purpose,baseline
172,Nashville Warbler,30,23,29,7,0.7666666666666667,22,0.9565217391304348,0.7586206896551724,0.951922991916127,0.854458041958042,1.0,0.14554195804195802,100,has_bill_shape::all-purpose,baseline
161,Blue winged Warbler,30,21,29,9,0.7,20,0.9523809523809523,0.6896551724137931,0.9484344066606282,0.84475,1.0,0.15525,100,has_bill_shape::all-purpose,baseline
162,Canada Warbler,30,18,30,12,0.6,18,1.0,0.6,1.0,1.0,1.0,0.0,100,has_bill_shape::all-purpose,baseline
163,Cape May Warbler,30,27,27,3,0.9,24,0.8888888888888888,0.8888888888888888,0.8991180224600764,0.7451388888888889,0.9841666666666664,0.2390277777777775,100,has_bill_shape::all-purpose,baseline
164,Cerulean Warbler,30,23,28,7,0.7666666666666667,21,0.9130434782608695,0.75,0.9157454222913235,0.8,1.0,0.19999999999999996,100,has_bill_shape::all-purpose,baseline
165,Chestnut sided Warbler,30,19,18,11,0.6333333333333333,8,0.42105263157894735,0.4444444444444444,0.4317547064738106,0.17375000000000002,0.6682904411764703,0.4945404411764703,100,has_bill_shape::all-purpose,baseline
167,Hooded Warbler,30,23,28,7,0.7666666666666667,22,0.9565217391304348,0.7857142857142857,0.95116080196008,0.8695652173913043,1.0,0.13043478260869568,100,has_bill_shape::all-purpose,baseline
170,Mourning Warbler,30,18,29,12,0.6,17,0.9444444444444444,0.5862068965517241,0.9438612409236415,0.8281862745098039,1.0,0.17181372549019613,100,has_bill_shape::all-purpose,baseline
171,Myrtle Warbler,30,19,27,11,0.6333333333333333,18,0.9473684210526315,0.6666666666666666,0.9452789334414856,0.8045238095238095,1.0,0.19547619047619047,100,has_bill_shape::all-purpose,baseline
91,Mockingbird,30,19,26,11,0.6333333333333333,17,0.8947368421052632,0.6538461538461539,0.8997560084682072,0.75,1.0,0.25,100,has_bill_shape::all-purpose,baseline
200,Common Yellowthroat,30,25,24,5,0.8333333333333334,19,0.76,0.7916666666666666,0.7655984443315027,0.5843660968660969,0.92,0.3356339031339032,100,has_bill_shape::all-purpose,baseline
89,Hooded Merganser,30,3,3,27,0.1,0,0.0,0.0,0.0,0.0,0.0,0.0,100,has_bill_shape::all-purpose,baseline
26,Bronzed Cowbird,30,15,19,15,0.5,9,0.6,0.47368421052631576,0.594493927555073,0.3198717948717949,0.878860294117647,0.558988499245852,100,has_bill_shape::all-purpose,baseline
61,Heermann Gull,30,4,3,26,0.13333333333333333,0,0.0,0.0,0.0,0.0,0.0,0.0,100,has_bill_shape::all-purpose,baseline
59,California Gull,30,2,3,28,0.06666666666666667,0,0.0,0.0,0.0,0.0,0.0,0.0,100,has_bill_shape::all-purpose,baseline
25,Pelagic Cormorant,30,0,2,30,0.0,0,,0.0,,,,,100,has_bill_shape::all-purpose,baseline
57,Rose breasted Grosbeak,30,1,8,29,0.03333333333333333,0,0.0,0.0,0.0,0.0,0.0,0.0,100,has_bill_shape::all-purpose,baseline
56,Pine Grosbeak,30,4,11,26,0.13333333333333333,1,0.25,0.09090909090909091,0.28854761904761905,0.0,1.0,1.0,100,has_bill_shape::all-purpose,baseline
55,Evening Grosbeak,30,2,22,28,0.06666666666666667,1,0.5,0.045454545454545456,0.5202255639097745,0.0,1.0,1.0,100,has_bill_shape::all-purpose,baseline
54,Blue Grosbeak,30,2,16,28,0.06666666666666667,1,0.5,0.0625,0.43532212885154065,0.0,1.0,1.0,100,has_bill_shape::all-purpose,baseline
53,Western Grebe,30,0,0,30,0.0,0,,,,,,,100,has_bill_shape::all-purpose,baseline
52,Pied billed Grebe,30,6,3,24,0.2,1,0.16666666666666666,0.3333333333333333,0.15177716727716728,0.0,0.5,0.5,100,has_bill_shape::all-purpose,baseline
51,Horned Grebe,30,12,0,18,0.4,0,0.0,,0.0,0.0,0.0,0.0,100,has_bill_shape::all-purpose,baseline
50,Eared Grebe,30,10,0,20,0.3333333333333333,0,0.0,,0.0,0.0,0.0,0.0,100,has_bill_shape::all-purpose,baseline
49,Boat tailed Grackle,30,16,26,14,0.5333333333333333,15,0.9375,0.5769230769230769,0.9307313556195977,0.7897836538461539,1.0,0.2102163461538461,100,has_bill_shape::all-purpose,baseline
48,European Goldfinch,30,6,2,24,0.2,0,0.0,0.0,0.0,0.0,0.0,0.0,100,has_bill_shape::all-purpose,baseline
47,American Goldfinch,30,1,18,29,0.03333333333333333,0,0.0,0.0,0.0,0.0,0.0,0.0,100,has_bill_shape::all-purpose,baseline
63,Ivory Gull,30,12,14,18,0.4,7,0.5833333333333334,0.5,0.5882515901710947,0.34464285714285714,0.8553030303030297,0.5106601731601725,100,has_bill_shape::all-purpose,baseline
46,Gadwall,30,0,1,30,0.0,0,,0.0,,,,,100,has_bill_shape::all-purpose,baseline
45,Northern Fulmar,30,7,4,23,0.23333333333333334,1,0.14285714285714285,0.25,0.14738347763347762,0.0,0.5,0.5,100,has_bill_shape::all-purpose,baseline
44,Frigatebird,30,1,0,29,0.03333333333333333,0,0.0,,0.0,0.0,0.0,0.0,100,has_bill_shape::all-purpose,baseline
88,Western Meadowlark,30,13,21,17,0.43333333333333335,8,0.6153846153846154,0.38095238095238093,0.6100445460542209,0.3333333333333333,0.8612980769230767,0.5279647435897434,100,has_bill_shape::all-purpose,baseline
42,Vermilion Flycatcher,30,24,13,6,0.8,11,0.4583333333333333,0.8461538461538461,0.47089143928310084,0.22891304347826089,0.6597826086956521,0.43086956521739117,100,has_bill_shape::all-purpose,baseline
41,Scissor tailed Flycatcher,30,20,7,10,0.6666666666666666,4,0.2,0.5714285714285714,0.19315894814268753,0.022619047619047622,0.36764705882352916,0.34502801120448157,100,has_bill_shape::all-purpose,baseline
27,Shiny Cowbird,30,17,23,13,0.5666666666666667,14,0.8235294117647058,0.6086956521739131,0.820704896403308,0.6088235294117647,0.9773809523809519,0.36855742296918725,100,has_bill_shape::all-purpose,baseline
40,Olive sided Flycatcher,30,24,25,6,0.8,19,0.7916666666666666,0.76,0.8005750965289157,0.673,0.939173913043478,0.2661739130434779,100,has_bill_shape::all-purpose,baseline
38,Great Crested Flycatcher,30,26,29,4,0.8666666666666667,25,0.9615384615384616,0.8620689655172413,0.9597256750246258,0.8821923076923077,1.0,0.11780769230769228,100,has_bill_shape::all-purpose,baseline
36,Northern Flicker,30,10,15,20,0.3333333333333333,6,0.6,0.4,0.5852989502327738,0.26079545454545455,0.9604166666666659,0.6996212121212113,100,has_bill_shape::all-purpose,baseline
29,American Crow,30,11,14,19,0.36666666666666664,4,0.36363636363636365,0.2857142857142857,0.35767376169582044,0.09522727272727273,0.6397727272727273,0.5445454545454546,100,has_bill_shape::all-purpose,baseline
35,Purple Finch,30,2,4,28,0.06666666666666667,0,0.0,0.0,0.0,0.0,0.0,0.0,100,has_bill_shape::all-purpose,baseline
30,Fish Crow,30,14,17,16,0.4666666666666667,7,0.5,0.4117647058823529,0.5018860940830755,0.25,0.8,0.55,100,has_bill_shape::all-purpose,baseline
21,Eastern Towhee,30,4,10,26,0.13333333333333333,0,0.0,0.0,0.0,0.0,0.0,0.0,100,has_bill_shape::all-purpose,baseline
62,Herring Gull,30,6,3,24,0.2,0,0.0,0.0,0.0,0.0,0.0,0.0,100,has_bill_shape::all-purpose,baseline
64,Ring billed Gull,30,3,9,27,0.1,1,0.3333333333333333,0.1111111111111111,0.32744495647721455,0.0,1.0,1.0,100,has_bill_shape::all-purpose,baseline
73,Blue Jay,30,15,20,15,0.5,11,0.7333333333333333,0.55,0.7367558885472971,0.5,0.9087499999999998,0.40874999999999984,100,has_bill_shape::all-purpose,baseline
87,Mallard,30,0,2,30,0.0,0,,0.0,,,,,100,has_bill_shape::all-purpose,baseline
86,Pacific Loon,30,5,3,25,0.16666666666666666,0,0.0,0.0,0.0,0.0,0.0,0.0,100,has_bill_shape::all-purpose,baseline
85,Horned Lark,30,15,15,15,0.5,6,0.4,0.4,0.3995800412607688,0.14807692307692308,0.6666666666666666,0.5185897435897435,100,has_bill_shape::all-purpose,baseline
4,Groove billed Ani,30,4,15,26,0.13333333333333333,0,0.0,0.0,0.0,0.0,0.0,0.0,100,has_bill_shape::all-purpose,baseline
83,White breasted Kingfisher,30,1,7,29,0.03333333333333333,0,0.0,0.0,0.0,0.0,0.0,0.0,100,has_bill_shape::all-purpose,baseline
82,Ringed Kingfisher,30,7,4,23,0.23333333333333334,1,0.14285714285714285,0.25,0.14276368076368076,0.0,0.4524999999999992,0.4524999999999992,100,has_bill_shape::all-purpose,baseline
81,Pied Kingfisher,30,1,1,29,0.03333333333333333,0,0.0,0.0,0.0,0.0,0.0,0.0,100,has_bill_shape::all-purpose,baseline
80,Green Kingfisher,30,3,8,27,0.1,1,0.3333333333333333,0.125,0.3242424242424243,0.0,1.0,1.0,100,has_bill_shape::all-purpose,baseline
79,Belted Kingfisher,30,5,6,25,0.16666666666666666,3,0.6,0.5,0.5947362914862915,0.0,1.0,1.0,100,has_bill_shape::all-purpose,baseline
10,Red winged Blackbird,30,15,17,15,0.5,7,0.4666666666666667,0.4117647058823529,0.4880862943909115,0.2631578947368421,0.7932142857142856,0.5300563909774436,100,has_bill_shape::all-purpose,baseline
77,Tropical Kingbird,30,22,29,8,0.7333333333333333,21,0.9545454545454546,0.7241379310344828,0.9523970537911167,0.8512272727272727,1.0,0.14877272727272728,100,has_bill_shape::all-purpose,baseline
11,Rusty Blackbird,30,16,21,14,0.5333333333333333,12,0.75,0.5714285714285714,0.7582272527524075,0.5294117647058824,0.9391666666666666,0.40975490196078423,100,has_bill_shape::all-purpose,baseline
74,Florida Jay,30,20,28,10,0.6666666666666666,19,0.95,0.6785714285714286,0.9475403864423516,0.8333333333333334,1.0,0.16666666666666663,100,has_bill_shape::all-purpose,baseline
76,Dark eyed Junco,30,1,18,29,0.03333333333333333,0,0.0,0.0,0.0,0.0,0.0,0.0,100,has_bill_shape::all-purpose,baseline
72,Pomarine Jaeger,30,7,3,23,0.23333333333333334,1,0.14285714285714285,0.3333333333333333,0.14237950937950936,0.0,0.4,0.4,100,has_bill_shape::all-purpose,baseline
14,Indigo Bunting,30,5,20,25,0.16666666666666666,3,0.6,0.15,0.6422893217893219,0.05937500000000001,1.0,0.940625,100,has_bill_shape::all-purpose,baseline
66,Western Gull,30,2,2,28,0.06666666666666667,1,0.5,0.5,0.5521317829457364,0.0,1.0,1.0,100,has_bill_shape::all-purpose,baseline
71,Long tailed Jaeger,30,14,1,16,0.4666666666666667,0,0.0,0.0,0.0,0.0,0.0,0.0,100,has_bill_shape::all-purpose,baseline
67,Anna Hummingbird,30,3,9,27,0.1,1,0.3333333333333333,0.1111111111111111,0.3409067882472138,0.0,1.0,1.0,100,has_bill_shape::all-purpose,baseline
68,Ruby throated Hummingbird,30,2,9,28,0.06666666666666667,2,1.0,0.2222222222222222,1.0,1.0,1.0,0.0,100,has_bill_shape::all-purpose,baseline
31,Black billed Cuckoo,30,22,25,8,0.7333333333333333,19,0.8636363636363636,0.76,0.8577208924523972,0.6666666666666666,0.9574728260869565,0.29080615942028987,100,has_bill_shape::all-purpose,baseline
69,Rufous Hummingbird,30,1,4,29,0.03333333333333333,0,0.0,0.0,0.0,0.0,0.0,0.0,100,has_bill_shape::all-purpose,baseline
13,Bobolink,30,6,9,24,0.2,2,0.3333333333333333,0.2222222222222222,0.3086543647149708,0.0,0.7774999999999999,0.7774999999999999,100,has_bill_shape::all-purpose,baseline
70,Green Violetear,30,1,11,29,0.03333333333333333,0,0.0,0.0,0.0,0.0,0.0,0.0,100,has_bill_shape::all-purpose,baseline
181,Worm eating Warbler,29,19,29,10,0.6551724137931034,19,1.0,0.6551724137931034,1.0,1.0,1.0,0.0,100,has_bill_shape::all-purpose,baseline
20,Yellow breasted Chat,29,17,27,12,0.5862068965517241,17,1.0,0.6296296296296297,1.0,1.0,1.0,0.0,100,has_bill_shape::all-purpose,baseline
169,Magnolia Warbler,29,21,27,8,0.7241379310344828,20,0.9523809523809523,0.7407407407407407,0.9487863046168471,0.8125,1.0,0.1875,100,has_bill_shape::all-purpose,baseline
168,Kentucky Warbler,29,22,29,7,0.7586206896551724,22,1.0,0.7586206896551724,1.0,1.0,1.0,0.0,100,has_bill_shape::all-purpose,baseline
28,Brown Creeper,29,11,13,18,0.3793103448275862,4,0.36363636363636365,0.3076923076923077,0.37041471518677405,0.11770833333333333,0.7074999999999999,0.5897916666666666,100,has_bill_shape::all-purpose,baseline
9,Brewer Blackbird,29,20,25,9,0.6896551724137931,16,0.8,0.64,0.7835785600416844,0.6190476190476191,0.9511363636363636,0.3320887445887445,100,has_bill_shape::all-purpose,baseline
166,Golden winged Warbler,29,18,25,11,0.6206896551724138,16,0.8888888888888888,0.64,0.8966679121789803,0.75,1.0,0.25,100,has_bill_shape::all-purpose,baseline
23,Brandt Cormorant,29,0,3,29,0.0,0,,0.0,,,,,100,has_bill_shape::all-purpose,baseline
190,Red cockaded Woodpecker,29,12,16,17,0.41379310344827586,6,0.5,0.375,0.4960562536878326,0.16666666666666666,0.8,0.6333333333333334,100,has_bill_shape::all-purpose,baseline
33,Yellow billed Cuckoo,29,12,23,17,0.41379310344827586,9,0.75,0.391304347826087,0.747073979941627,0.5,1.0,0.5,100,has_bill_shape::all-purpose,baseline
179,Tennessee Warbler,29,22,29,7,0.7586206896551724,22,1.0,0.7586206896551724,1.0,1.0,1.0,0.0,100,has_bill_shape::all-purpose,baseline
19,Gray Catbird,29,28,27,1,0.9655172413793104,26,0.9285714285714286,0.9629629629629629,0.9341902628661249,0.8518518518518519,1.0,0.14814814814814814,100,has_bill_shape::all-purpose,baseline
43,Yellow bellied Flycatcher,29,20,27,9,0.6896551724137931,18,0.9,0.6666666666666666,0.8933126521871809,0.75,1.0,0.25,100,has_bill_shape::all-purpose,baseline
117,Clay colored Sparrow,29,6,3,23,0.20689655172413793,0,0.0,0.0,0.0,0.0,0.0,0.0,100,has_bill_shape::all-purpose,baseline
141,Artic Tern,29,9,0,20,0.3103448275862069,0,0.0,,0.0,0.0,0.0,0.0,100,has_bill_shape::all-purpose,baseline
160,Black throated Blue Warbler,29,25,22,4,0.8620689655172413,20,0.8,0.9090909090909091,0.8024200201652977,0.6590579710144927,0.9398214285714284,0.28076345755693566,100,has_bill_shape::all-purpose,baseline
119,Field Sparrow,29,4,6,25,0.13793103448275862,1,0.25,0.16666666666666666,0.24111192095885972,0.0,1.0,1.0,100,has_bill_shape::all-purpose,baseline
124,Le Conte Sparrow,29,6,11,23,0.20689655172413793,3,0.5,0.2727272727272727,0.5002810245310245,0.0,1.0,1.0,100,has_bill_shape::all-purpose,baseline
125,Lincoln Sparrow,29,3,8,26,0.10344827586206896,1,0.3333333333333333,0.125,0.3589605734767024,0.0,1.0,1.0,100,has_bill_shape::all-purpose,baseline
115,Brewer Sparrow,29,3,8,26,0.10344827586206896,1,0.3333333333333333,0.125,0.3308890577507599,0.0,1.0,1.0,100,has_bill_shape::all-purpose,baseline
60,Glaucous winged Gull,29,4,7,25,0.13793103448275862,1,0.25,0.14285714285714285,0.20774447213841152,0.0,0.6666666666666666,0.6666666666666666,100,has_bill_shape::all-purpose,baseline
78,Gray Kingbird,29,21,18,8,0.7241379310344828,14,0.6666666666666666,0.7777777777777778,0.6556258736862216,0.47585812356979407,0.8261363636363636,0.3502782400665695,100,has_bill_shape::all-purpose,baseline
97,Orchard Oriole,29,20,22,9,0.6896551724137931,16,0.8,0.7272727272727273,0.7921944637641265,0.6102272727272727,0.9459795321637426,0.3357522594364699,100,has_bill_shape::all-purpose,baseline
149,Brown Thrasher,29,19,21,10,0.6551724137931034,16,0.8421052631578947,0.7619047619047619,0.8480281827884804,0.7,1.0,0.30000000000000004,100,has_bill_shape::all-purpose,baseline
39,Least Flycatcher,29,22,25,7,0.7586206896551724,19,0.8636363636363636,0.76,0.8707823680134952,0.709873949579832,1.0,0.29012605042016804,100,has_bill_shape::all-purpose,baseline
153,Philadelphia Vireo,29,18,29,11,0.6206896551724138,18,1.0,0.6206896551724138,1.0,1.0,1.0,0.0,100,has_bill_shape::all-purpose,baseline
37,Acadian Flycatcher,29,23,28,6,0.7931034482758621,23,1.0,0.8214285714285714,1.0,1.0,1.0,0.0,100,has_bill_shape::all-purpose,baseline
157,Yellow throated Vireo,29,21,29,8,0.7241379310344828,21,1.0,0.7241379310344828,1.0,1.0,1.0,0.0,100,has_bill_shape::all-purpose,baseline
34,Gray crowned Rosy Finch,29,4,9,25,0.13793103448275862,1,0.25,0.1111111111111111,0.249825882734046,0.0,0.6666666666666666,0.6666666666666666,100,has_bill_shape::all-purpose,baseline
3,Sooty Albatross,28,2,5,26,0.07142857142857142,0,0.0,0.0,0.0,0.0,0.0,0.0,100,has_bill_shape::all-purpose,baseline
15,Lazuli Bunting,28,7,18,21,0.25,3,0.42857142857142855,0.16666666666666666,0.4303796932584812,0.125,0.9357142857142853,0.8107142857142853,100,has_bill_shape::all-purpose,baseline
16,Painted Bunting,28,7,12,21,0.25,2,0.2857142857142857,0.16666666666666666,0.26961033411033414,0.0,0.6666666666666666,0.6666666666666666,100,has_bill_shape::all-purpose,baseline
58,Pigeon Guillemot,28,11,0,17,0.39285714285714285,0,0.0,,0.0,0.0,0.0,0.0,100,has_bill_shape::all-purpose,baseline
17,Cardinal,27,0,3,27,0.0,0,,0.0,,,,,100,has_bill_shape::all-purpose,baseline
75,Green Jay,27,13,24,14,0.48148148148148145,11,0.8461538461538461,0.4583333333333333,0.861358691961633,0.639448051948052,1.0,0.360551948051948,100,has_bill_shape::all-purpose,baseline
178,Swainson Warbler,26,17,23,9,0.6538461538461539,15,0.8823529411764706,0.6521739130434783,0.8773752535603221,0.6765625,1.0,0.32343750000000004,100,has_bill_shape::all-purpose,baseline
12,Yellow headed Blackbird,26,10,18,16,0.38461538461538464,6,0.6,0.3333333333333333,0.5778569208569209,0.27889610389610386,0.866517857142857,0.5876217532467531,100,has_bill_shape::all-purpose,baseline
22,Chuck will Widow,26,5,8,21,0.19230769230769232,2,0.4,0.25,0.42134523809523805,0.0,1.0,1.0,100,has_bill_shape::all-purpose,baseline
7,Parakeet Auklet,23,1,1,22,0.043478260869565216,0,0.0,0.0,0.0,0.0,0.0,0.0,100,has_bill_shape::all-purpose,baseline
84,Red legged Kittiwake,23,11,1,12,0.4782608695652174,1,0.09090909090909091,1.0,0.07434268917357152,0.0,0.25,0.25,100,has_bill_shape::all-purpose,baseline
32,Mangrove Cuckoo,23,9,19,14,0.391304347826087,8,0.8888888888888888,0.42105263157894735,0.8973018925518926,0.7142857142857143,1.0,0.2857142857142857,100,has_bill_shape::all-purpose,baseline
24,Red faced Cormorant,22,1,2,21,0.045454545454545456,0,0.0,0.0,0.0,0.0,0.0,0.0,100,has_bill_shape::all-purpose,baseline
151,Black capped Vireo,21,15,20,6,0.7142857142857143,15,1.0,0.75,1.0,1.0,1.0,0.0,100,has_bill_shape::all-purpose,baseline
113,Baird Sparrow,20,5,3,15,0.25,2,0.4,0.6666666666666666,0.42508333333333326,0.0,1.0,1.0,100,has_bill_shape::all-purpose,baseline
187,American Three toed Woodpecker,20,10,7,10,0.5,3,0.3,0.42857142857142855,0.29732992007992004,0.0,0.6190909090909088,0.6190909090909088,100,has_bill_shape::all-purpose,baseline
65,Slaty backed Gull,20,1,1,19,0.05,0,0.0,0.0,0.0,0.0,0.0,0.0,100,has_bill_shape::all-purpose,baseline
101,White Pelican,20,0,0,20,0.0,0,,,,,,,100,has_bill_shape::all-purpose,baseline
105,Whip poor Will,19,7,11,12,0.3684210526315789,6,0.8571428571428571,0.5454545454545454,0.8708851703851705,0.6666666666666666,1.0,0.33333333333333337,100,has_bill_shape::all-purpose,baseline
8,Rhinoceros Auklet,18,5,1,13,0.2777777777777778,0,0.0,0.0,0.0,0.0,0.0,0.0,100,has_bill_shape::all-purpose,baseline
18,Spotted Catbird,15,6,11,9,0.4,4,0.6666666666666666,0.36363636363636365,0.678090428090428,0.315,1.0,0.685,100,has_bill_shape::all-purpose,baseline
5,Crested Auklet,14,0,0,14,0.0,0,,,,,,,100,has_bill_shape::all-purpose,baseline
6,Least Auklet,11,2,0,9,0.18181818181818182,0,0.0,,0.0,0.0,0.0,0.0,100,has_bill_shape::all-purpose,baseline
1,Black footed Albatross,30,17,24,13,0.5666666666666667,16,0.9411764705882353,0.6666666666666666,0.948294146642831,0.8284855769230769,1.0,0.1715144230769231,100,has_breast_pattern::solid,baseline
143,Caspian Tern,30,27,30,3,0.9,27,1.0,0.9,1.0,1.0,1.0,0.0,100,has_breast_pattern::solid,baseline
120,Fox Sparrow,30,2,1,28,0.06666666666666667,1,0.5,1.0,0.4881823461091753,0.0,1.0,1.0,100,has_breast_pattern::solid,baseline
121,Grasshopper Sparrow,30,15,13,15,0.5,7,0.4666666666666667,0.5384615384615384,0.47857577961254427,0.27194444444444443,0.7333333333333333,0.46138888888888885,100,has_breast_pattern::solid,baseline
122,Harris Sparrow,30,7,3,23,0.23333333333333334,2,0.2857142857142857,0.6666666666666666,0.27844136419136417,0.0,0.5714285714285714,0.5714285714285714,100,has_breast_pattern::solid,baseline
123,Henslow Sparrow,30,6,2,24,0.2,2,0.3333333333333333,1.0,0.32352777777777775,0.0,0.8,0.8,100,has_breast_pattern::solid,baseline
126,Nelson Sharp tailed Sparrow,30,5,3,25,0.16666666666666666,0,0.0,0.0,0.0,0.0,0.0,0.0,100,has_breast_pattern::solid,baseline
127,Savannah Sparrow,30,0,0,30,0.0,0,,,,,,,100,has_breast_pattern::solid,baseline
128,Seaside Sparrow,30,6,3,24,0.2,2,0.3333333333333333,0.6666666666666666,0.3557265512265512,0.0,0.7762499999999996,0.7762499999999996,100,has_breast_pattern::solid,baseline
129,Song Sparrow,30,3,1,27,0.1,0,0.0,0.0,0.0,0.0,0.0,0.0,100,has_breast_pattern::solid,baseline
130,Tree Sparrow,30,17,21,13,0.5666666666666667,13,0.7647058823529411,0.6190476190476191,0.7624077186143748,0.5555555555555556,0.9444444444444444,0.38888888888888884,100,has_breast_pattern::solid,baseline
131,Vesper Sparrow,30,3,1,27,0.1,0,0.0,0.0,0.0,0.0,0.0,0.0,100,has_breast_pattern::solid,baseline
132,White crowned Sparrow,30,22,24,8,0.7333333333333333,18,0.8181818181818182,0.75,0.808700614751954,0.635578947368421,0.9622863247863248,0.3267073774179038,100,has_breast_pattern::solid,baseline
133,White throated Sparrow,30,11,11,19,0.36666666666666664,5,0.45454545454545453,0.45454545454545453,0.4300712065712065,0.10527777777777778,0.7074999999999999,0.6022222222222221,100,has_breast_pattern::solid,baseline
134,Cape Glossy Starling,30,18,25,12,0.6,16,0.8888888888888888,0.64,0.8895973845182352,0.7058823529411765,1.0,0.2941176470588235,100,has_breast_pattern::solid,baseline
135,Bank Swallow,30,18,16,12,0.6,9,0.5,0.5625,0.5012648883119842,0.2709558823529412,0.7290441176470585,0.45808823529411724,100,has_breast_pattern::solid,baseline
136,Barn Swallow,30,15,24,15,0.5,11,0.7333333333333333,0.4583333333333333,0.7445699839805877,0.5158333333333334,0.9703124999999995,0.4544791666666661,100,has_breast_pattern::solid,baseline
137,Cliff Swallow,30,11,9,19,0.36666666666666664,4,0.36363636363636365,0.4444444444444444,0.35302515540015533,0.08356643356643358,0.6,0.5164335664335664,100,has_breast_pattern::solid,baseline
138,Tree Swallow,30,26,22,4,0.8666666666666667,20,0.7692307692307693,0.9090909090909091,0.7808472178856735,0.596111111111111,0.9184166666666667,0.3223055555555556,100,has_breast_pattern::solid,baseline
139,Scarlet Tanager,30,26,30,4,0.8666666666666667,26,1.0,0.8666666666666667,1.0,1.0,1.0,0.0,100,has_breast_pattern::solid,baseline
140,Summer Tanager,30,28,30,2,0.9333333333333333,28,1.0,0.9333333333333333,1.0,1.0,1.0,0.0,100,has_breast_pattern::solid,baseline
118,House Sparrow,30,15,18,15,0.5,10,0.6666666666666666,0.5555555555555556,0.6805785205936136,0.42232142857142857,0.9130681818181817,0.49074675324675315,100,has_breast_pattern::solid,baseline
116,Chipping Sparrow,30,24,26,6,0.8,22,0.9166666666666666,0.8461538461538461,0.9144245742222857,0.8076923076923077,1.0,0.1923076923076923,100,has_breast_pattern::solid,baseline
114,Black throated Sparrow,30,11,17,19,0.36666666666666664,6,0.5454545454545454,0.35294117647058826,0.5534928992576051,0.2895833333333333,0.8333333333333334,0.5437500000000001,100,has_breast_pattern::solid,baseline
2,Laysan Albatross,30,26,29,4,0.8666666666666667,25,0.9615384615384616,0.8620689655172413,0.9610296336680146,0.8588888888888889,1.0,0.14111111111111108,100,has_breast_pattern::solid,baseline
92,Nighthawk,30,2,0,28,0.06666666666666667,0,0.0,,0.0,0.0,0.0,0.0,100,has_breast_pattern::solid,baseline
93,Clark Nutcracker,30,24,30,6,0.8,24,1.0,0.8,1.0,1.0,1.0,0.0,100,has_breast_pattern::solid,baseline
94,White breasted Nuthatch,30,22,29,8,0.7333333333333333,21,0.9545454545454546,0.7241379310344828,0.955226133431188,0.8602272727272727,1.0,0.13977272727272727,100,has_breast_pattern::solid,baseline
95,Baltimore Oriole,30,23,25,7,0.7666666666666667,19,0.8260869565217391,0.76,0.8328034992763825,0.7039583333333334,0.981730769230769,0.2777724358974356,100,has_breast_pattern::solid,baseline
96,Hooded Oriole,30,16,27,14,0.5333333333333333,14,0.875,0.5185185185185185,0.88490246651727,0.7333333333333333,1.0,0.2666666666666667,100,has_breast_pattern::solid,baseline
98,Scott Oriole,30,13,19,17,0.43333333333333335,8,0.6153846153846154,0.42105263157894735,0.6262036697822301,0.3333333333333333,0.8519230769230768,0.5185897435897435,100,has_breast_pattern::solid,baseline
99,Ovenbird,30,2,4,28,0.06666666666666667,0,0.0,0.0,0.0,0.0,0.0,0.0,100,has_breast_pattern::solid,baseline
100,Brown Pelican,30,11,19,19,0.36666666666666664,6,0.5454545454545454,0.3157894736842105,0.5512213897213897,0.23541666666666666,0.7857142857142857,0.550297619047619,100,has_breast_pattern::solid,baseline
102,Western Wood Pewee,30,16,24,14,0.5333333333333333,13,0.8125,0.5416666666666666,0.8053630209584913,0.6153846153846154,1.0,0.3846153846153846,100,has_breast_pattern::solid,baseline
112,Great Grey Shrike,30,22,26,8,0.7333333333333333,18,0.8181818181818182,0.6923076923076923,0.8132566017894998,0.6428409090909091,0.9583478260869565,0.3155069169960474,100,has_breast_pattern::solid,baseline
103,Sayornis,30,19,20,11,0.6333333333333333,14,0.7368421052631579,0.7,0.7247810938108422,0.5125,0.8888888888888888,0.3763888888888889,100,has_breast_pattern::solid,baseline
104,American Pipit,30,9,6,21,0.3,4,0.4444444444444444,0.6666666666666666,0.43895118770118763,0.125,0.806944444444444,0.681944444444444,100,has_breast_pattern::solid,baseline
106,Horned Puffin,30,17,21,13,0.5666666666666667,14,0.8235294117647058,0.6666666666666666,0.8116589590507007,0.6073076923076923,0.9523863636363636,0.3450786713286713,100,has_breast_pattern::solid,baseline
107,Common Raven,30,22,24,8,0.7333333333333333,19,0.8636363636363636,0.7916666666666666,0.8683051750568171,0.713875,1.0,0.28612499999999996,100,has_breast_pattern::solid,baseline
108,White necked Raven,30,20,23,10,0.6666666666666666,16,0.8,0.6956521739130435,0.8118502664564214,0.625,0.9793478260869561,0.35434782608695614,100,has_breast_pattern::solid,baseline
109,American Redstart,30,10,18,20,0.3333333333333333,7,0.7,0.3888888888888889,0.6669302919302919,0.4,1.0,0.6,100,has_breast_pattern::solid,baseline
110,Geococcyx,30,10,2,20,0.3333333333333333,1,0.1,0.5,0.09379534354534354,0.0,0.3040384615384615,0.3040384615384615,100,has_breast_pattern::solid,baseline
111,Loggerhead Shrike,30,23,29,7,0.7666666666666667,23,1.0,0.7931034482758621,1.0,1.0,1.0,0.0,100,has_breast_pattern::solid,baseline
142,Black Tern,30,22,29,8,0.7333333333333333,21,0.9545454545454546,0.7241379310344828,0.9491727076593207,0.8333333333333334,1.0,0.16666666666666663,100,has_breast_pattern::solid,baseline
144,Common Tern,30,24,29,6,0.8,23,0.9583333333333334,0.7931034482758621,0.9610454280866181,0.8736013986013986,1.0,0.12639860139860137,100,has_breast_pattern::solid,baseline
90,Red breasted Merganser,30,6,10,24,0.2,2,0.3333333333333333,0.2,0.34359740259740257,0.0,0.7104166666666659,0.7104166666666659,100,has_breast_pattern::solid,baseline
145,Elegant Tern,30,27,30,3,0.9,27,1.0,0.9,1.0,1.0,1.0,0.0,100,has_breast_pattern::solid,baseline
176,Prairie Warbler,30,14,2,16,0.4666666666666667,2,0.14285714285714285,1.0,0.1330208805642242,0.0,0.3234374999999998,0.3234374999999998,100,has_breast_pattern::solid,baseline
177,Prothonotary Warbler,30,30,30,0,1.0,30,1.0,1.0,1.0,1.0,1.0,0.0,100,has_breast_pattern::solid,baseline
180,Wilson Warbler,30,26,28,4,0.8666666666666667,25,0.9615384615384616,0.8928571428571429,0.9677704058741144,0.8842222222222222,1.0,0.11577777777777776,100,has_breast_pattern::solid,baseline
182,Yellow Warbler,30,11,15,19,0.36666666666666664,8,0.7272727272727273,0.5333333333333333,0.7430988635977025,0.4708333333333333,1.0,0.5291666666666667,100,has_breast_pattern::solid,baseline
183,Northern Waterthrush,30,0,3,30,0.0,0,,0.0,,,,,100,has_breast_pattern::solid,baseline
184,Louisiana Waterthrush,30,0,0,30,0.0,0,,,,,,,100,has_breast_pattern::solid,baseline
185,Bohemian Waxwing,30,27,29,3,0.9,26,0.9629629629629629,0.896551724137931,0.9567662763994846,0.8620689655172413,1.0,0.13793103448275867,100,has_breast_pattern::solid,baseline
186,Cedar Waxwing,30,28,30,2,0.9333333333333333,28,1.0,0.9333333333333333,1.0,1.0,1.0,0.0,100,has_breast_pattern::solid,baseline
188,Pileated Woodpecker,30,20,24,10,0.6666666666666666,16,0.8,0.6666666666666666,0.8020913362650272,0.6111111111111112,0.953517316017316,0.3424062049062049,100,has_breast_pattern::solid,baseline
189,Red bellied Woodpecker,30,24,16,6,0.8,13,0.5416666666666666,0.8125,0.5315347347249897,0.3477272727272727,0.7552499999999999,0.40752272727272715,100,has_breast_pattern::solid,baseline
191,Red headed Woodpecker,30,18,27,12,0.6,17,0.9444444444444444,0.6296296296296297,0.9444852128435721,0.8394230769230769,1.0,0.16057692307692306,100,has_breast_pattern::solid,baseline
192,Downy Woodpecker,30,27,11,3,0.9,10,0.37037037037037035,0.9090909090909091,0.38211258900464296,0.21968599033816424,0.5649535809018565,0.3452675905636923,100,has_breast_pattern::solid,baseline
193,Bewick Wren,30,24,25,6,0.8,20,0.8333333333333334,0.8,0.8471252019652991,0.6934583333333334,0.9615384615384616,0.26808012820512817,100,has_breast_pattern::solid,baseline
194,Cactus Wren,30,1,0,29,0.03333333333333333,0,0.0,,0.0,0.0,0.0,0.0,100,has_breast_pattern::solid,baseline
195,Carolina Wren,30,21,19,9,0.7,15,0.7142857142857143,0.7894736842105263,0.7217318161759271,0.5601449275362319,0.9,0.3398550724637681,100,has_breast_pattern::solid,baseline
196,House Wren,30,19,16,11,0.6333333333333333,13,0.6842105263157895,0.8125,0.6947189664415938,0.478125,0.8571428571428571,0.3790178571428571,100,has_breast_pattern::solid,baseline
197,Marsh Wren,30,24,17,6,0.8,13,0.5416666666666666,0.7647058823529411,0.5263976374968365,0.33942307692307694,0.7392045454545453,0.39978146853146834,100,has_breast_pattern::solid,baseline
198,Rock Wren,30,19,19,11,0.6333333333333333,14,0.7368421052631579,0.7368421052631579,0.7336643988928617,0.5572282608695652,0.9394301470588234,0.3822018861892582,100,has_breast_pattern::solid,baseline
199,Winter Wren,30,15,8,15,0.5,5,0.3333333333333333,0.625,0.3310895838767356,0.12895833333333334,0.5592013888888888,0.4302430555555555,100,has_breast_pattern::solid,baseline
175,Pine Warbler,30,20,23,10,0.6666666666666666,15,0.75,0.6521739130434783,0.7331440030606237,0.5339285714285714,0.885361842105263,0.3514332706766916,100,has_breast_pattern::solid,baseline
174,Palm Warbler,30,11,8,19,0.36666666666666664,3,0.2727272727272727,0.375,0.2916666097060834,0.08356643356643358,0.5714285714285714,0.48786213786213783,100,has_breast_pattern::solid,baseline
173,Orange crowned Warbler,30,18,26,12,0.6,15,0.8333333333333334,0.5769230769230769,0.8170898635248481,0.6563725490196078,1.0,0.34362745098039216,100,has_breast_pattern::solid,baseline
158,Bay breasted Warbler,30,13,13,17,0.43333333333333335,9,0.6923076923076923,0.6923076923076923,0.6722099705849707,0.4578671328671329,0.8738095238095235,0.4159423909423906,100,has_breast_pattern::solid,baseline
146,Forsters Tern,30,28,30,2,0.9333333333333333,28,1.0,0.9333333333333333,1.0,1.0,1.0,0.0,100,has_breast_pattern::solid,baseline
147,Least Tern,30,26,30,4,0.8666666666666667,26,1.0,0.8666666666666667,1.0,1.0,1.0,0.0,100,has_breast_pattern::solid,baseline
148,Green tailed Towhee,30,24,25,6,0.8,20,0.8333333333333334,0.8,0.8320024774146568,0.688389328063241,0.9583478260869565,0.2699584980237154,100,has_breast_pattern::solid,baseline
150,Sage Thrasher,30,1,3,29,0.03333333333333333,0,0.0,0.0,0.0,0.0,0.0,0.0,100,has_breast_pattern::solid,baseline
152,Blue headed Vireo,30,18,25,12,0.6,16,0.8888888888888888,0.64,0.8881694714403019,0.709873949579832,1.0,0.29012605042016804,100,has_breast_pattern::solid,baseline
154,Red eyed Vireo,30,24,29,6,0.8,23,0.9583333333333334,0.7931034482758621,0.9558103304145638,0.8555,1.0,0.14449999999999996,100,has_breast_pattern::solid,baseline
155,Warbling Vireo,30,27,30,3,0.9,27,1.0,0.9,1.0,1.0,1.0,0.0,100,has_breast_pattern::solid,baseline
156,White eyed Vireo,30,19,22,11,0.6333333333333333,16,0.8421052631578947,0.7272727272727273,0.8539630320700822,0.6945046439628483,1.0,0.3054953560371517,100,has_breast_pattern::solid,baseline
159,Black and white Warbler,30,6,0,24,0.2,0,0.0,,0.0,0.0,0.0,0.0,100,has_breast_pattern::solid,baseline
172,Nashville Warbler,30,21,26,9,0.7,18,0.8571428571428571,0.6923076923076923,0.8565945459778951,0.7173295454545455,1.0,0.2826704545454545,100,has_breast_pattern::solid,baseline
161,Blue winged Warbler,30,25,29,5,0.8333333333333334,25,1.0,0.8620689655172413,1.0,1.0,1.0,0.0,100,has_breast_pattern::solid,baseline
162,Canada Warbler,30,11,11,19,0.36666666666666664,6,0.5454545454545454,0.5454545454545454,0.5643792873792874,0.26079545454545455,0.8181818181818182,0.5573863636363636,100,has_breast_pattern::solid,baseline
163,Cape May Warbler,30,1,1,29,0.03333333333333333,0,0.0,0.0,0.0,0.0,0.0,0.0,100,has_breast_pattern::solid,baseline
164,Cerulean Warbler,30,8,11,22,0.26666666666666666,5,0.625,0.45454545454545453,0.5968305305805306,0.25,0.9524999999999991,0.7024999999999991,100,has_breast_pattern::solid,baseline
165,Chestnut sided Warbler,30,17,10,13,0.5666666666666667,8,0.47058823529411764,0.8,0.45809512050407525,0.21676470588235294,0.6587499999999998,0.44198529411764687,100,has_breast_pattern::solid,baseline
167,Hooded Warbler,30,15,24,15,0.5,11,0.7333333333333333,0.4583333333333333,0.7554289288283097,0.5158333333333334,0.9749999999999995,0.45916666666666617,100,has_breast_pattern::solid,baseline
170,Mourning Warbler,30,12,25,18,0.4,11,0.9166666666666666,0.44,0.920648341038047,0.75,1.0,0.25,100,has_breast_pattern::solid,baseline
171,Myrtle Warbler,30,6,4,24,0.2,2,0.3333333333333333,0.5,0.35768850593850593,0.0,0.733035714285714,0.733035714285714,100,has_breast_pattern::solid,baseline
91,Mockingbird,30,24,24,6,0.8,20,0.8333333333333334,0.8333333333333334,0.8330697592616082,0.6801136363636363,0.9592083333333333,0.279094696969697,100,has_breast_pattern::solid,baseline
200,Common Yellowthroat,30,25,28,5,0.8333333333333334,23,0.92,0.8214285714285714,0.919475019022845,0.8076923076923077,1.0,0.1923076923076923,100,has_breast_pattern::solid,baseline
89,Hooded Merganser,30,7,8,23,0.23333333333333334,2,0.2857142857142857,0.25,0.31911235986235986,0.0,0.6666666666666666,0.6666666666666666,100,has_breast_pattern::solid,baseline
26,Bronzed Cowbird,30,25,29,5,0.8333333333333334,24,0.96,0.8275862068965517,0.9704960673786759,0.8941666666666667,1.0,0.10583333333333333,100,has_breast_pattern::solid,baseline
61,Heermann Gull,30,24,30,6,0.8,24,1.0,0.8,1.0,1.0,1.0,0.0,100,has_breast_pattern::solid,baseline
59,California Gull,30,22,28,8,0.7333333333333333,21,0.9545454545454546,0.75,0.9465609340231765,0.8260869565217391,1.0,0.17391304347826086,100,has_breast_pattern::solid,baseline
25,Pelagic Cormorant,30,21,21,9,0.7,16,0.7619047619047619,0.7619047619047619,0.7582266530540994,0.581030701754386,0.9025,0.321469298245614,100,has_breast_pattern::solid,baseline
57,Rose breasted Grosbeak,30,5,20,25,0.16666666666666666,4,0.8,0.2,0.796091871091871,0.36250000000000004,1.0,0.6375,100,has_breast_pattern::solid,baseline
56,Pine Grosbeak,30,13,27,17,0.43333333333333335,12,0.9230769230769231,0.4444444444444444,0.9240604281769141,0.7838461538461539,1.0,0.21615384615384614,100,has_breast_pattern::solid,baseline
55,Evening Grosbeak,30,12,22,18,0.4,8,0.6666666666666666,0.36363636363636365,0.6725611088258145,0.4135714285714286,0.9068376068376065,0.4932661782661779,100,has_breast_pattern::solid,baseline
54,Blue Grosbeak,30,20,21,10,0.6666666666666666,15,0.75,0.7142857142857143,0.7437803541035773,0.5471875,0.8919590643274853,0.34477156432748524,100,has_breast_pattern::solid,baseline
53,Western Grebe,30,14,8,16,0.4666666666666667,3,0.21428571428571427,0.375,0.19591748576500895,0.0,0.42857142857142855,0.42857142857142855,100,has_breast_pattern::solid,baseline
52,Pied billed Grebe,30,6,3,24,0.2,0,0.0,0.0,0.0,0.0,0.0,0.0,100,has_breast_pattern::solid,baseline
51,Horned Grebe,30,10,3,20,0.3333333333333333,0,0.0,0.0,0.0,0.0,0.0,0.0,100,has_breast_pattern::solid,baseline
50,Eared Grebe,30,10,5,20,0.3333333333333333,0,0.0,0.0,0.0,0.0,0.0,0.0,100,has_breast_pattern::solid,baseline
49,Boat tailed Grackle,30,25,29,5,0.8333333333333334,24,0.96,0.8275862068965517,0.9605618763683981,0.877375,1.0,0.12262499999999998,100,has_breast_pattern::solid,baseline
48,European Goldfinch,30,9,21,21,0.3,6,0.6666666666666666,0.2857142857142857,0.6669476634476633,0.3690340909090909,1.0,0.6309659090909091,100,has_breast_pattern::solid,baseline
47,American Goldfinch,30,25,27,5,0.8333333333333334,22,0.88,0.8148148148148148,0.8855818744198014,0.7643846153846154,1.0,0.23561538461538456,100,has_breast_pattern::solid,baseline
63,Ivory Gull,30,27,29,3,0.9,26,0.9629629629629629,0.896551724137931,0.9678853651623518,0.8907738095238095,1.0,0.10922619047619053,100,has_breast_pattern::solid,baseline
46,Gadwall,30,9,7,21,0.3,4,0.4444444444444444,0.5714285714285714,0.4373269785769785,0.125,0.806944444444444,0.681944444444444,100,has_breast_pattern::solid,baseline
45,Northern Fulmar,30,25,29,5,0.8333333333333334,24,0.96,0.8275862068965517,0.9646530729723384,0.8571428571428571,1.0,0.1428571428571429,100,has_breast_pattern::solid,baseline
44,Frigatebird,30,22,26,8,0.7333333333333333,18,0.8181818181818182,0.6923076923076923,0.8118517746934021,0.6125,0.9512499999999999,0.3387499999999999,100,has_breast_pattern::solid,baseline
88,Western Meadowlark,30,4,4,26,0.13333333333333333,1,0.25,0.25,0.24611765668466698,0.0,0.6666666666666666,0.6666666666666666,100,has_breast_pattern::solid,baseline
42,Vermilion Flycatcher,30,26,30,4,0.8666666666666667,26,1.0,0.8666666666666667,1.0,1.0,1.0,0.0,100,has_breast_pattern::solid,baseline
41,Scissor tailed Flycatcher,30,20,28,10,0.6666666666666666,19,0.95,0.6785714285714286,0.9488749595060268,0.8458552631578947,1.0,0.15414473684210528,100,has_breast_pattern::solid,baseline
27,Shiny Cowbird,30,21,25,9,0.7,20,0.9523809523809523,0.8,0.948405299489924,0.8636363636363636,1.0,0.13636363636363635,100,has_breast_pattern::solid,baseline
40,Olive sided Flycatcher,30,10,16,20,0.3333333333333333,7,0.7,0.4375,0.6930500765574296,0.40044642857142854,1.0,0.5995535714285715,100,has_breast_pattern::solid,baseline
38,Great Crested Flycatcher,30,11,23,19,0.36666666666666664,8,0.7272727272727273,0.34782608695652173,0.7353915128988657,0.4798076923076923,1.0,0.5201923076923076,100,has_breast_pattern::solid,baseline
36,Northern Flicker,30,6,4,24,0.2,2,0.3333333333333333,0.5,0.3515909645909645,0.0,0.6666666666666666,0.6666666666666666,100,has_breast_pattern::solid,baseline
29,American Crow,30,30,28,0,1.0,28,0.9333333333333333,1.0,0.9333333333333335,0.8333333333333334,1.0,0.16666666666666663,100,has_breast_pattern::solid,baseline
35,Purple Finch,30,10,16,20,0.3333333333333333,6,0.6,0.375,0.5719234123719418,0.3,0.875,0.575,100,has_breast_pattern::solid,baseline
30,Fish Crow,30,26,28,4,0.8666666666666667,24,0.9230769230769231,0.8571428571428571,0.9277678531252743,0.8036538461538462,1.0,0.19634615384615384,100,has_breast_pattern::solid,baseline
21,Eastern Towhee,30,15,21,15,0.5,10,0.6666666666666666,0.47619047619047616,0.6700433974779952,0.4825,0.9369047619047618,0.4544047619047618,100,has_breast_pattern::solid,baseline
62,Herring Gull,30,27,27,3,0.9,24,0.8888888888888888,0.8888888888888888,0.8819814003365727,0.7592758620689655,0.9836206896551721,0.22434482758620666,100,has_breast_pattern::solid,baseline
64,Ring billed Gull,30,26,27,4,0.8666666666666667,25,0.9615384615384616,0.9259259259259259,0.9671506181890739,0.8866452991452991,1.0,0.1133547008547009,100,has_breast_pattern::solid,baseline
73,Blue Jay,30,14,14,16,0.4666666666666667,6,0.42857142857142855,0.42857142857142855,0.42284932366395217,0.1678125,0.6666666666666666,0.4988541666666666,100,has_breast_pattern::solid,baseline
87,Mallard,30,12,16,18,0.4,8,0.6666666666666666,0.5,0.6786297861495231,0.4,0.9149999999999998,0.5149999999999998,100,has_breast_pattern::solid,baseline
86,Pacific Loon,30,15,13,15,0.5,7,0.4666666666666667,0.5384615384615384,0.4760377089370897,0.21805555555555556,0.7142857142857143,0.49623015873015874,100,has_breast_pattern::solid,baseline
85,Horned Lark,30,10,9,20,0.3333333333333333,3,0.3,0.3333333333333333,0.32448289210789205,0.08333333333333333,0.6190909090909088,0.5357575757575754,100,has_breast_pattern::solid,baseline
4,Groove billed Ani,30,22,24,8,0.7333333333333333,17,0.7727272727272727,0.7083333333333334,0.763993081290416,0.5717391304347826,0.907034632034632,0.33529550159984933,100,has_breast_pattern::solid,baseline
83,White breasted Kingfisher,30,13,25,17,0.43333333333333335,10,0.7692307692307693,0.4,0.7934436214370425,0.5555555555555556,1.0,0.4444444444444444,100,has_breast_pattern::solid,baseline
82,Ringed Kingfisher,30,8,16,22,0.26666666666666666,4,0.5,0.25,0.5440728576978577,0.23541666666666666,0.8458333333333331,0.6104166666666664,100,has_breast_pattern::solid,baseline
81,Pied Kingfisher,30,4,4,26,0.13333333333333333,1,0.25,0.25,0.24224570780693233,0.0,0.75,0.75,100,has_breast_pattern::solid,baseline
80,Green Kingfisher,30,15,5,15,0.5,1,0.06666666666666667,0.2,0.0713413328587477,0.0,0.1940624999999999,0.1940624999999999,100,has_breast_pattern::solid,baseline
79,Belted Kingfisher,30,6,15,24,0.2,2,0.3333333333333333,0.13333333333333333,0.35399983349983344,0.0,0.7142857142857143,0.7142857142857143,100,has_breast_pattern::solid,baseline
10,Red winged Blackbird,30,28,29,2,0.9333333333333333,28,1.0,0.9655172413793104,1.0,1.0,1.0,0.0,100,has_breast_pattern::solid,baseline
77,Tropical Kingbird,30,17,25,13,0.5666666666666667,14,0.8235294117647058,0.56,0.8269395551921197,0.6052777777777778,1.0,0.3947222222222222,100,has_breast_pattern::solid,baseline
11,Rusty Blackbird,30,16,25,14,0.5333333333333333,12,0.75,0.48,0.7301527106364566,0.5139705882352941,0.9310714285714285,0.4171008403361345,100,has_breast_pattern::solid,baseline
74,Florida Jay,30,9,26,21,0.3,7,0.7777777777777778,0.2692307692307692,0.7910731768231767,0.5215909090909091,1.0,0.4784090909090909,100,has_breast_pattern::solid,baseline
76,Dark eyed Junco,30,11,23,19,0.36666666666666664,7,0.6363636363636364,0.30434782608695654,0.6583151839990075,0.4079166666666667,0.9087499999999998,0.5008333333333331,100,has_breast_pattern::solid,baseline
72,Pomarine Jaeger,30,9,18,21,0.3,7,0.7777777777777778,0.3888888888888889,0.7847169774669774,0.4708333333333333,1.0,0.5291666666666667,100,has_breast_pattern::solid,baseline
14,Indigo Bunting,30,23,25,7,0.7666666666666667,20,0.8695652173913043,0.8,0.8701738974821787,0.7307692307692307,1.0,0.2692307692307693,100,has_breast_pattern::solid,baseline
66,Western Gull,30,28,29,2,0.9333333333333333,28,1.0,0.9655172413793104,1.0,1.0,1.0,0.0,100,has_breast_pattern::solid,baseline
71,Long tailed Jaeger,30,16,23,14,0.5333333333333333,16,1.0,0.6956521739130435,1.0,1.0,1.0,0.0,100,has_breast_pattern::solid,baseline
67,Anna Hummingbird,30,11,16,19,0.36666666666666664,7,0.6363636363636364,0.4375,0.6309661800617682,0.3477272727272727,0.8822916666666665,0.5345643939393938,100,has_breast_pattern::solid,baseline
68,Ruby throated Hummingbird,30,17,15,13,0.5666666666666667,8,0.47058823529411764,0.5333333333333333,0.4475819647328935,0.21805555555555556,0.6958333333333329,0.4777777777777773,100,has_breast_pattern::solid,baseline
31,Black billed Cuckoo,30,25,29,5,0.8333333333333334,24,0.96,0.8275862068965517,0.9571696023561089,0.8795673076923077,1.0,0.12043269230769227,100,has_breast_pattern::solid,baseline
69,Rufous Hummingbird,30,14,22,16,0.4666666666666667,12,0.8571428571428571,0.5454545454545454,0.848617700153304,0.6897836538461538,1.0,0.3102163461538462,100,has_breast_pattern::solid,baseline
13,Bobolink,30,20,16,10,0.6666666666666666,11,0.55,0.6875,0.5548998674281552,0.2751262626262626,0.7437499999999999,0.4686237373737373,100,has_breast_pattern::solid,baseline
70,Green Violetear,30,5,8,25,0.16666666666666666,1,0.2,0.125,0.19912691124812334,0.0,0.5,0.5,100,has_breast_pattern::solid,baseline
181,Worm eating Warbler,29,25,23,4,0.8620689655172413,21,0.84,0.9130434782608695,0.8481981592566261,0.7034090909090909,0.9582167832167832,0.2548076923076923,100,has_breast_pattern::solid,baseline
20,Yellow breasted Chat,29,26,24,3,0.896551724137931,22,0.8461538461538461,0.9166666666666666,0.8584170179995791,0.7386939571150097,0.9622863247863248,0.22359236767131507,100,has_breast_pattern::solid,baseline
169,Magnolia Warbler,29,5,5,24,0.1724137931034483,2,0.4,0.4,0.42242063492063486,0.0,1.0,1.0,100,has_breast_pattern::solid,baseline
168,Kentucky Warbler,29,23,22,6,0.7931034482758621,19,0.8260869565217391,0.8636363636363636,0.8157159131299592,0.6521739130434783,0.9565217391304348,0.30434782608695654,100,has_breast_pattern::solid,baseline
28,Brown Creeper,29,27,3,2,0.9310344827586207,3,0.1111111111111111,1.0,0.10651758494989377,0.0,0.2222222222222222,0.2222222222222222,100,has_breast_pattern::solid,baseline
9,Brewer Blackbird,29,19,25,10,0.6551724137931034,18,0.9473684210526315,0.72,0.9450369644564017,0.7856818181818181,1.0,0.21431818181818185,100,has_breast_pattern::solid,baseline
166,Golden winged Warbler,29,13,24,16,0.4482758620689655,10,0.7692307692307693,0.4166666666666667,0.7558555886837621,0.5,1.0,0.5,100,has_breast_pattern::solid,baseline
23,Brandt Cormorant,29,18,17,11,0.6206896551724138,11,0.6111111111111112,0.6470588235294118,0.6163090977556418,0.41617647058823526,0.8286764705882352,0.4125,100,has_breast_pattern::solid,baseline
190,Red cockaded Woodpecker,29,4,0,25,0.13793103448275862,0,0.0,,0.0,0.0,0.0,0.0,100,has_breast_pattern::solid,baseline
33,Yellow billed Cuckoo,29,26,26,3,0.896551724137931,23,0.8846153846153846,0.8846153846153846,0.8915703139411535,0.795625,0.9824074074074071,0.18678240740740704,100,has_breast_pattern::solid,baseline
179,Tennessee Warbler,29,23,28,6,0.7931034482758621,23,1.0,0.8214285714285714,1.0,1.0,1.0,0.0,100,has_breast_pattern::solid,baseline
19,Gray Catbird,29,25,28,4,0.8620689655172413,25,1.0,0.8928571428571429,1.0,1.0,1.0,0.0,100,has_breast_pattern::solid,baseline
43,Yellow bellied Flycatcher,29,15,20,14,0.5172413793103449,11,0.7333333333333333,0.55,0.7373570459505646,0.5,0.9333333333333333,0.43333333333333335,100,has_breast_pattern::solid,baseline
117,Clay colored Sparrow,29,20,21,9,0.6896551724137931,13,0.65,0.6190476190476191,0.6355117060408519,0.41617647058823526,0.837938596491228,0.4217621259029928,100,has_breast_pattern::solid,baseline
141,Artic Tern,29,25,29,4,0.8620689655172413,25,1.0,0.8620689655172413,1.0,1.0,1.0,0.0,100,has_breast_pattern::solid,baseline
160,Black throated Blue Warbler,29,16,21,13,0.5517241379310345,13,0.8125,0.6190476190476191,0.7951933549336799,0.5833333333333334,0.9459795321637426,0.36264619883040927,100,has_breast_pattern::solid,baseline
119,Field Sparrow,29,11,24,18,0.3793103448275862,11,1.0,0.4583333333333333,1.0,1.0,1.0,0.0,100,has_breast_pattern::solid,baseline
124,Le Conte Sparrow,29,11,6,18,0.3793103448275862,3,0.2727272727272727,0.5,0.2810232406482406,0.03392857142857143,0.5714285714285714,0.5375,100,has_breast_pattern::solid,baseline
125,Lincoln Sparrow,29,1,1,28,0.034482758620689655,0,0.0,0.0,0.0,0.0,0.0,0.0,100,has_breast_pattern::solid,baseline
115,Brewer Sparrow,29,17,18,12,0.5862068965517241,11,0.6470588235294118,0.6111111111111112,0.6349966668981846,0.39416666666666667,0.8420833333333332,0.4479166666666665,100,has_breast_pattern::solid,baseline
60,Glaucous winged Gull,29,21,27,8,0.7241379310344828,20,0.9523809523809523,0.7407407407407407,0.9470663569212231,0.8361029411764705,1.0,0.16389705882352945,100,has_breast_pattern::solid,baseline
78,Gray Kingbird,29,25,24,4,0.8620689655172413,20,0.8,0.8333333333333334,0.8006485662485663,0.6086956521739131,0.9419887278582928,0.3332930756843797,100,has_breast_pattern::solid,baseline
97,Orchard Oriole,29,19,19,10,0.6551724137931034,13,0.6842105263157895,0.6842105263157895,0.6679271539927149,0.5,0.8298913043478261,0.3298913043478261,100,has_breast_pattern::solid,baseline
149,Brown Thrasher,29,1,2,28,0.034482758620689655,1,1.0,0.5,1.0,1.0,1.0,0.0,100,has_breast_pattern::solid,baseline
39,Least Flycatcher,29,15,18,14,0.5172413793103449,9,0.6,0.5,0.5924356363955066,0.34464285714285714,0.7932142857142856,0.4485714285714285,100,has_breast_pattern::solid,baseline
153,Philadelphia Vireo,29,25,28,4,0.8620689655172413,24,0.96,0.8571428571428571,0.9554445913074098,0.8518518518518519,1.0,0.14814814814814814,100,has_breast_pattern::solid,baseline
37,Acadian Flycatcher,29,12,19,17,0.41379310344827586,8,0.6666666666666666,0.42105263157894735,0.6792872340078223,0.329185520361991,1.0,0.670814479638009,100,has_breast_pattern::solid,baseline
157,Yellow throated Vireo,29,19,25,10,0.6551724137931034,16,0.8421052631578947,0.64,0.8436665031854222,0.6666666666666666,0.953517316017316,0.2868506493506494,100,has_breast_pattern::solid,baseline
34,Gray crowned Rosy Finch,29,12,5,17,0.41379310344827586,2,0.16666666666666666,0.4,0.16911232412238605,0.0,0.42291666666666655,0.42291666666666655,100,has_breast_pattern::solid,baseline
3,Sooty Albatross,28,17,23,11,0.6071428571428571,15,0.8823529411764706,0.6521739130434783,0.8751136427996703,0.7058823529411765,1.0,0.2941176470588235,100,has_breast_pattern::solid,baseline
15,Lazuli Bunting,28,14,22,14,0.5,10,0.7142857142857143,0.45454545454545453,0.7013122970940309,0.4,0.8881249999999998,0.4881249999999998,100,has_breast_pattern::solid,baseline
16,Painted Bunting,28,19,28,9,0.6785714285714286,19,1.0,0.6785714285714286,1.0,1.0,1.0,0.0,100,has_breast_pattern::solid,baseline
58,Pigeon Guillemot,28,20,20,8,0.7142857142857143,14,0.7,0.7,0.6867855117672892,0.4568627450980392,0.8999999999999999,0.4431372549019607,100,has_breast_pattern::solid,baseline
17,Cardinal,27,20,26,7,0.7407407407407407,19,0.95,0.7307692307692307,0.9478269297497793,0.8333333333333334,1.0,0.16666666666666663,100,has_breast_pattern::solid,baseline
75,Green Jay,27,5,20,22,0.18518518518518517,4,0.8,0.2,0.8265753968253968,0.5,1.0,0.5,100,has_breast_pattern::solid,baseline
178,Swainson Warbler,26,14,24,12,0.5384615384615384,12,0.8571428571428571,0.5,0.8685415581150876,0.6923076923076923,1.0,0.3076923076923077,100,has_breast_pattern::solid,baseline
12,Yellow headed Blackbird,26,15,24,11,0.5769230769230769,14,0.9333333333333333,0.5833333333333334,0.9335238948787711,0.8059375,1.0,0.19406250000000003,100,has_breast_pattern::solid,baseline
22,Chuck will Widow,26,0,2,26,0.0,0,,0.0,,,,,100,has_breast_pattern::solid,baseline
7,Parakeet Auklet,23,7,6,16,0.30434782608695654,3,0.42857142857142855,0.5,0.4501136363636363,0.0,1.0,1.0,100,has_breast_pattern::solid,baseline
84,Red legged Kittiwake,23,19,23,4,0.8260869565217391,19,1.0,0.8260869565217391,1.0,1.0,1.0,0.0,100,has_breast_pattern::solid,baseline
32,Mangrove Cuckoo,23,15,21,8,0.6521739130434783,15,1.0,0.7142857142857143,1.0,1.0,1.0,0.0,100,has_breast_pattern::solid,baseline
24,Red faced Cormorant,22,15,19,7,0.6818181818181818,12,0.8,0.631578947368421,0.7803447260513825,0.5714285714285714,0.9411764705882353,0.3697478991596639,100,has_breast_pattern::solid,baseline
151,Black capped Vireo,21,14,13,7,0.6666666666666666,9,0.6428571428571429,0.6923076923076923,0.6484807464207618,0.39192307692307693,0.8968749999999996,0.5049519230769227,100,has_breast_pattern::solid,baseline
113,Baird Sparrow,20,4,0,16,0.2,0,0.0,,0.0,0.0,0.0,0.0,100,has_breast_pattern::solid,baseline
187,American Three toed Woodpecker,20,8,1,12,0.4,0,0.0,0.0,0.0,0.0,0.0,0.0,100,has_breast_pattern::solid,baseline
65,Slaty backed Gull,20,10,18,10,0.5,9,0.9,0.5,0.8982861305361305,0.6959615384615384,1.0,0.3040384615384616,100,has_breast_pattern::solid,baseline
101,White Pelican,20,17,17,3,0.85,14,0.8235294117647058,0.8235294117647058,0.8275975109341981,0.625,1.0,0.375,100,has_breast_pattern::solid,baseline
105,Whip poor Will,19,2,1,17,0.10526315789473684,0,0.0,0.0,0.0,0.0,0.0,0.0,100,has_breast_pattern::solid,baseline
8,Rhinoceros Auklet,18,10,7,8,0.5555555555555556,5,0.5,0.7142857142857143,0.5025875790875791,0.2222222222222222,0.8288194444444437,0.6065972222222215,100,has_breast_pattern::solid,baseline
18,Spotted Catbird,15,2,1,13,0.13333333333333333,0,0.0,0.0,0.0,0.0,0.0,0.0,100,has_breast_pattern::solid,baseline
5,Crested Auklet,14,9,11,5,0.6428571428571429,6,0.6666666666666666,0.5454545454545454,0.6678658008658007,0.2,0.956818181818181,0.756818181818181,100,has_breast_pattern::solid,baseline
6,Least Auklet,11,1,2,10,0.09090909090909091,1,1.0,0.5,1.0,1.0,1.0,0.0,100,has_breast_pattern::solid,baseline
1,Black footed Albatross,30,8,8,22,0.26666666666666666,3,0.375,0.375,0.3437215007215007,0.0,0.7762499999999996,0.7762499999999996,100,has_upperparts_color::black,baseline
143,Caspian Tern,30,3,0,27,0.1,0,0.0,,0.0,0.0,0.0,0.0,100,has_upperparts_color::black,baseline
120,Fox Sparrow,30,2,2,28,0.06666666666666667,0,0.0,0.0,0.0,0.0,0.0,0.0,100,has_upperparts_color::black,baseline
121,Grasshopper Sparrow,30,12,10,18,0.4,4,0.3333333333333333,0.4,0.32071117908579205,0.1,0.5328124999999995,0.4328124999999995,100,has_upperparts_color::black,baseline
122,Harris Sparrow,30,20,15,10,0.6666666666666666,13,0.65,0.8666666666666667,0.6660739909705417,0.46125,0.8681884057971014,0.40693840579710144,100,has_upperparts_color::black,baseline
123,Henslow Sparrow,30,15,9,15,0.5,4,0.26666666666666666,0.4444444444444444,0.2753856685110555,0.0625,0.515441176470588,0.45294117647058796,100,has_upperparts_color::black,baseline
126,Nelson Sharp tailed Sparrow,30,6,5,24,0.2,1,0.16666666666666666,0.2,0.15464935064935062,0.0,0.5,0.5,100,has_upperparts_color::black,baseline
127,Savannah Sparrow,30,11,7,19,0.36666666666666664,4,0.36363636363636365,0.5714285714285714,0.36160846704035554,0.09090909090909091,0.6363636363636364,0.5454545454545454,100,has_upperparts_color::black,baseline
128,Seaside Sparrow,30,2,6,28,0.06666666666666667,1,0.5,0.16666666666666666,0.5622093023255813,0.0,1.0,1.0,100,has_upperparts_color::black,baseline
129,Song Sparrow,30,4,1,26,0.13333333333333333,1,0.25,1.0,0.25270489148040165,0.0,0.75,0.75,100,has_upperparts_color::black,baseline
130,Tree Sparrow,30,12,7,18,0.4,4,0.3333333333333333,0.5714285714285714,0.3438683185149902,0.07708333333333334,0.6001602564102562,0.5230769230769228,100,has_upperparts_color::black,baseline
131,Vesper Sparrow,30,7,5,23,0.23333333333333334,3,0.42857142857142855,0.6,0.41388528138528136,0.0,0.920833333333332,0.920833333333332,100,has_upperparts_color::black,baseline
132,White crowned Sparrow,30,3,15,27,0.1,1,0.3333333333333333,0.06666666666666667,0.35390977443609034,0.0,1.0,1.0,100,has_upperparts_color::black,baseline
133,White throated Sparrow,30,14,10,16,0.4666666666666667,4,0.2857142857142857,0.4,0.28665639258402414,0.03392857142857143,0.5291666666666662,0.4952380952380948,100,has_upperparts_color::black,baseline
134,Cape Glossy Starling,30,17,18,13,0.5666666666666667,11,0.6470588235294118,0.6111111111111112,0.6400943953165483,0.4046875,0.8941176470588234,0.4894301470588234,100,has_upperparts_color::black,baseline
135,Bank Swallow,30,8,4,22,0.26666666666666666,1,0.125,0.25,0.1257343212343212,0.0,0.35520833333333296,0.35520833333333296,100,has_upperparts_color::black,baseline
136,Barn Swallow,30,13,23,17,0.43333333333333335,10,0.7692307692307693,0.43478260869565216,0.7568005948300066,0.5263888888888889,0.9230769230769231,0.3966880341880342,100,has_upperparts_color::black,baseline
137,Cliff Swallow,30,13,14,17,0.43333333333333335,6,0.46153846153846156,0.42857142857142855,0.47956634967199974,0.21461538461538462,0.7420833333333332,0.5274679487179486,100,has_upperparts_color::black,baseline
138,Tree Swallow,30,9,11,21,0.3,4,0.4444444444444444,0.36363636363636365,0.4535710678210678,0.15416666666666667,0.7654545454545448,0.6112878787878782,100,has_upperparts_color::black,baseline
139,Scarlet Tanager,30,22,21,8,0.7333333333333333,16,0.7272727272727273,0.7619047619047619,0.7463799044570044,0.5601785714285714,0.9043478260869563,0.3441692546583849,100,has_upperparts_color::black,baseline
140,Summer Tanager,30,7,2,23,0.23333333333333334,1,0.14285714285714285,0.5,0.14175036075036077,0.0,0.4444444444444444,0.4444444444444444,100,has_upperparts_color::black,baseline
118,House Sparrow,30,11,4,19,0.36666666666666664,2,0.18181818181818182,0.5,0.1656261540746835,0.0,0.375,0.375,100,has_upperparts_color::black,baseline
116,Chipping Sparrow,30,14,3,16,0.4666666666666667,3,0.21428571428571427,1.0,0.22597588286326672,0.06674107142857143,0.5,0.43325892857142856,100,has_upperparts_color::black,baseline
114,Black throated Sparrow,30,5,15,25,0.16666666666666666,2,0.4,0.13333333333333333,0.405623697290364,0.0,0.9357142857142853,0.9357142857142853,100,has_upperparts_color::black,baseline
2,Laysan Albatross,30,10,6,20,0.3333333333333333,4,0.4,0.6666666666666666,0.39636402486402483,0.08693181818181818,0.652272727272727,0.5653409090909088,100,has_upperparts_color::black,baseline
92,Nighthawk,30,15,15,15,0.5,10,0.6666666666666666,0.6666666666666666,0.6576207603026488,0.45256410256410257,0.9121153846153844,0.4595512820512819,100,has_upperparts_color::black,baseline
93,Clark Nutcracker,30,24,24,6,0.8,20,0.8333333333333334,0.8333333333333334,0.8419072542988428,0.6904545454545454,0.9809999999999997,0.2905454545454542,100,has_upperparts_color::black,baseline
94,White breasted Nuthatch,30,20,26,10,0.6666666666666666,17,0.85,0.6538461538461539,0.8591101802032042,0.6765625,1.0,0.32343750000000004,100,has_upperparts_color::black,baseline
95,Baltimore Oriole,30,26,29,4,0.8666666666666667,25,0.9615384615384616,0.8620689655172413,0.9658480643211527,0.9020833333333333,1.0,0.09791666666666665,100,has_upperparts_color::black,baseline
96,Hooded Oriole,30,21,20,9,0.7,14,0.6666666666666666,0.7,0.6641608070674535,0.46125,0.849242424242424,0.387992424242424,100,has_upperparts_color::black,baseline
98,Scott Oriole,30,21,28,9,0.7,20,0.9523809523809523,0.7142857142857143,0.9510271761445506,0.8295454545454546,1.0,0.17045454545454541,100,has_upperparts_color::black,baseline
99,Ovenbird,30,3,3,27,0.1,0,0.0,0.0,0.0,0.0,0.0,0.0,100,has_upperparts_color::black,baseline
100,Brown Pelican,30,8,10,22,0.26666666666666666,4,0.5,0.4,0.5009786879786879,0.13348214285714285,0.8,0.6665178571428572,100,has_upperparts_color::black,baseline
102,Western Wood Pewee,30,8,7,22,0.26666666666666666,1,0.125,0.14285714285714285,0.13241200466200465,0.0,0.3827272727272724,0.3827272727272724,100,has_upperparts_color::black,baseline
112,Great Grey Shrike,30,17,11,13,0.5666666666666667,7,0.4117647058823529,0.6363636363636364,0.4348686664679901,0.1944327731092437,0.6722115384615381,0.47777876535229447,100,has_upperparts_color::black,baseline
103,Sayornis,30,5,9,25,0.16666666666666666,4,0.8,0.4444444444444444,0.789875541125541,0.4625,1.0,0.5375,100,has_upperparts_color::black,baseline
104,American Pipit,30,10,6,20,0.3333333333333333,2,0.2,0.3333333333333333,0.17741144966144964,0.0,0.39269230769230756,0.39269230769230756,100,has_upperparts_color::black,baseline
106,Horned Puffin,30,26,26,4,0.8666666666666667,23,0.8846153846153846,0.8846153846153846,0.8840357595844103,0.7289335664335664,0.9836206896551721,0.2546871232216057,100,has_upperparts_color::black,baseline
107,Common Raven,30,28,30,2,0.9333333333333333,28,1.0,0.9333333333333333,1.0,1.0,1.0,0.0,100,has_upperparts_color::black,baseline
108,White necked Raven,30,24,28,6,0.8,22,0.9166666666666666,0.7857142857142857,0.9146897589307595,0.8036538461538462,1.0,0.19634615384615384,100,has_upperparts_color::black,baseline
109,American Redstart,30,21,25,9,0.7,18,0.8571428571428571,0.72,0.8471389424088274,0.7067857142857142,0.9574728260869565,0.25068711180124226,100,has_upperparts_color::black,baseline
110,Geococcyx,30,13,21,17,0.43333333333333335,8,0.6153846153846154,0.38095238095238093,0.5926889385983813,0.23541666666666666,0.8519230769230768,0.6165064102564102,100,has_upperparts_color::black,baseline
111,Loggerhead Shrike,30,19,18,11,0.6333333333333333,14,0.7368421052631579,0.7777777777777778,0.7430619382322705,0.55,0.9121153846153844,0.3621153846153844,100,has_upperparts_color::black,baseline
142,Black Tern,30,8,6,22,0.26666666666666666,2,0.25,0.3333333333333333,0.2219176934176934,0.0,0.5291666666666662,0.5291666666666662,100,has_upperparts_color::black,baseline
144,Common Tern,30,3,4,27,0.1,1,0.3333333333333333,0.25,0.3843014128728415,0.0,1.0,1.0,100,has_upperparts_color::black,baseline
90,Red breasted Merganser,30,16,16,14,0.5333333333333333,13,0.8125,0.8125,0.809403260181511,0.6,1.0,0.4,100,has_upperparts_color::black,baseline
145,Elegant Tern,30,4,1,26,0.13333333333333333,0,0.0,0.0,0.0,0.0,0.0,0.0,100,has_upperparts_color::black,baseline
176,Prairie Warbler,30,13,10,17,0.43333333333333335,3,0.23076923076923078,0.3,0.2386213492389963,0.06666666666666667,0.5,0.43333333333333335,100,has_upperparts_color::black,baseline
177,Prothonotary Warbler,30,11,10,19,0.36666666666666664,6,0.5454545454545454,0.6,0.5714321144541733,0.2727272727272727,0.8,0.5272727272727273,100,has_upperparts_color::black,baseline
180,Wilson Warbler,30,7,6,23,0.23333333333333334,2,0.2857142857142857,0.3333333333333333,0.31125119325119327,0.0,0.75,0.75,100,has_upperparts_color::black,baseline
182,Yellow Warbler,30,15,2,15,0.5,1,0.06666666666666667,0.5,0.060327274548636775,0.0,0.1913636363636362,0.1913636363636362,100,has_upperparts_color::black,baseline
183,Northern Waterthrush,30,3,6,27,0.1,1,0.3333333333333333,0.16666666666666666,0.38892339544513455,0.0,1.0,1.0,100,has_upperparts_color::black,baseline
184,Louisiana Waterthrush,30,7,2,23,0.23333333333333334,1,0.14285714285714285,0.5,0.12373232323232322,0.0,0.4524999999999992,0.4524999999999992,100,has_upperparts_color::black,baseline
185,Bohemian Waxwing,30,13,16,17,0.43333333333333335,10,0.7692307692307693,0.625,0.7759519699856388,0.5182692307692307,1.0,0.4817307692307693,100,has_upperparts_color::black,baseline
186,Cedar Waxwing,30,5,1,25,0.16666666666666666,1,0.2,1.0,0.1991547619047619,0.0,0.5524999999999991,0.5524999999999991,100,has_upperparts_color::black,baseline
188,Pileated Woodpecker,30,29,26,1,0.9666666666666667,26,0.896551724137931,1.0,0.8961318190111294,0.7857142857142857,1.0,0.2142857142857143,100,has_upperparts_color::black,baseline
189,Red bellied Woodpecker,30,27,22,3,0.9,20,0.7407407407407407,0.9090909090909091,0.7334233481854922,0.53544061302682,0.8909722222222222,0.35553160919540217,100,has_upperparts_color::black,baseline
191,Red headed Woodpecker,30,22,25,8,0.7333333333333333,19,0.8636363636363636,0.76,0.866420706213067,0.7070465686274511,1.0,0.2929534313725489,100,has_upperparts_color::black,baseline
192,Downy Woodpecker,30,29,29,1,0.9666666666666667,29,1.0,1.0,1.0,1.0,1.0,0.0,100,has_upperparts_color::black,baseline
193,Bewick Wren,30,9,3,21,0.3,0,0.0,0.0,0.0,0.0,0.0,0.0,100,has_upperparts_color::black,baseline
194,Cactus Wren,30,11,9,19,0.36666666666666664,4,0.36363636363636365,0.4444444444444444,0.366256748153807,0.09652777777777777,0.6666666666666666,0.5701388888888889,100,has_upperparts_color::black,baseline
195,Carolina Wren,30,3,0,27,0.1,0,0.0,,0.0,0.0,0.0,0.0,100,has_upperparts_color::black,baseline
196,House Wren,30,4,3,26,0.13333333333333333,1,0.25,0.3333333333333333,0.22404761904761905,0.0,0.6,0.6,100,has_upperparts_color::black,baseline
197,Marsh Wren,30,14,2,16,0.4666666666666667,1,0.07142857142857142,0.5,0.06971493865611512,0.0,0.25,0.25,100,has_upperparts_color::black,baseline
198,Rock Wren,30,8,4,22,0.26666666666666666,2,0.25,0.5,0.2478300033300033,0.0,0.6787499999999987,0.6787499999999987,100,has_upperparts_color::black,baseline
199,Winter Wren,30,8,0,22,0.26666666666666666,0,0.0,,0.0,0.0,0.0,0.0,100,has_upperparts_color::black,baseline
175,Pine Warbler,30,3,11,27,0.1,2,0.6666666666666666,0.18181818181818182,0.6275522138680033,0.0,1.0,1.0,100,has_upperparts_color::black,baseline
174,Palm Warbler,30,8,2,22,0.26666666666666666,1,0.125,0.5,0.15010964035964036,0.0,0.42291666666666655,0.42291666666666655,100,has_upperparts_color::black,baseline
173,Orange crowned Warbler,30,4,0,26,0.13333333333333333,0,0.0,,0.0,0.0,0.0,0.0,100,has_upperparts_color::black,baseline
158,Bay breasted Warbler,30,14,22,16,0.4666666666666667,11,0.7857142857142857,0.5,0.7717598028476513,0.5215909090909091,0.9736111111111106,0.45202020202020154,100,has_upperparts_color::black,baseline
146,Forsters Tern,30,3,3,27,0.1,0,0.0,0.0,0.0,0.0,0.0,0.0,100,has_upperparts_color::black,baseline
147,Least Tern,30,8,4,22,0.26666666666666666,2,0.25,0.5,0.2542766677766678,0.0,0.6916666666666662,0.6916666666666662,100,has_upperparts_color::black,baseline
148,Green tailed Towhee,30,2,1,28,0.06666666666666667,0,0.0,0.0,0.0,0.0,0.0,0.0,100,has_upperparts_color::black,baseline
150,Sage Thrasher,30,4,3,26,0.13333333333333333,1,0.25,0.3333333333333333,0.2518518518518519,0.0,0.6666666666666666,0.6666666666666666,100,has_upperparts_color::black,baseline
152,Blue headed Vireo,30,12,11,18,0.4,5,0.4166666666666667,0.45454545454545453,0.4010932866153454,0.052777777777777785,0.6666666666666666,0.6138888888888888,100,has_upperparts_color::black,baseline
154,Red eyed Vireo,30,4,0,26,0.13333333333333333,0,0.0,,0.0,0.0,0.0,0.0,100,has_upperparts_color::black,baseline
155,Warbling Vireo,30,3,1,27,0.1,0,0.0,0.0,0.0,0.0,0.0,0.0,100,has_upperparts_color::black,baseline
156,White eyed Vireo,30,12,8,18,0.4,4,0.3333333333333333,0.5,0.37202920608802953,0.10527777777777778,0.6553571428571426,0.5500793650793648,100,has_upperparts_color::black,baseline
159,Black and white Warbler,30,26,25,4,0.8666666666666667,22,0.8461538461538461,0.88,0.8654975525141191,0.7117948717948718,0.9622863247863248,0.25049145299145303,100,has_upperparts_color::black,baseline
172,Nashville Warbler,30,3,2,27,0.1,0,0.0,0.0,0.0,0.0,0.0,0.0,100,has_upperparts_color::black,baseline
161,Blue winged Warbler,30,3,3,27,0.1,1,0.3333333333333333,0.3333333333333333,0.333100147275405,0.0,1.0,1.0,100,has_upperparts_color::black,baseline
162,Canada Warbler,30,10,4,20,0.3333333333333333,4,0.4,1.0,0.40270827783327784,0.111875,0.721103896103896,0.6092288961038961,100,has_upperparts_color::black,baseline
163,Cape May Warbler,30,12,12,18,0.4,4,0.3333333333333333,0.3333333333333333,0.3394104793555258,0.08333333333333333,0.6145833333333328,0.5312499999999994,100,has_upperparts_color::black,baseline
164,Cerulean Warbler,30,12,12,18,0.4,5,0.4166666666666667,0.4166666666666667,0.4126625955743603,0.14307692307692307,0.7074999999999999,0.5644230769230768,100,has_upperparts_color::black,baseline
165,Chestnut sided Warbler,30,12,20,18,0.4,10,0.8333333333333334,0.5,0.8371399297297131,0.6303977272727272,1.0,0.36960227272727275,100,has_upperparts_color::black,baseline
167,Hooded Warbler,30,7,12,23,0.23333333333333334,3,0.42857142857142855,0.25,0.44210164835164834,0.052777777777777785,0.75,0.6972222222222222,100,has_upperparts_color::black,baseline
170,Mourning Warbler,30,1,1,29,0.03333333333333333,0,0.0,0.0,0.0,0.0,0.0,0.0,100,has_upperparts_color::black,baseline
171,Myrtle Warbler,30,12,18,18,0.4,8,0.6666666666666666,0.4444444444444444,0.663761122864064,0.39192307692307693,0.8822916666666665,0.49036858974358954,100,has_upperparts_color::black,baseline
91,Mockingbird,30,13,7,17,0.43333333333333335,4,0.3076923076923077,0.5714285714285714,0.3104475936000704,0.03166666666666667,0.6153846153846154,0.5837179487179488,100,has_upperparts_color::black,baseline
200,Common Yellowthroat,30,4,2,26,0.13333333333333333,1,0.25,0.5,0.22406204906204902,0.0,0.6824999999999996,0.6824999999999996,100,has_upperparts_color::black,baseline
89,Hooded Merganser,30,23,26,7,0.7666666666666667,21,0.9130434782608695,0.8076923076923077,0.9095456565218782,0.746,1.0,0.254,100,has_upperparts_color::black,baseline
26,Bronzed Cowbird,30,24,29,6,0.8,23,0.9583333333333334,0.7931034482758621,0.9493296605213486,0.8365,1.0,0.16349999999999998,100,has_upperparts_color::black,baseline
61,Heermann Gull,30,21,13,9,0.7,12,0.5714285714285714,0.9230769230769231,0.5645836754941513,0.34782608695652173,0.7552499999999999,0.40742391304347814,100,has_upperparts_color::black,baseline
59,California Gull,30,14,12,16,0.4666666666666667,6,0.42857142857142855,0.5,0.43881003224501675,0.1984375,0.6573529411764705,0.4589154411764705,100,has_upperparts_color::black,baseline
25,Pelagic Cormorant,30,21,27,9,0.7,19,0.9047619047619048,0.7037037037037037,0.9073262352452889,0.76875,1.0,0.23124999999999996,100,has_upperparts_color::black,baseline
57,Rose breasted Grosbeak,30,20,26,10,0.6666666666666666,19,0.95,0.7307692307692307,0.9494708043067445,0.8616666666666667,1.0,0.1383333333333333,100,has_upperparts_color::black,baseline
56,Pine Grosbeak,30,14,16,16,0.4666666666666667,9,0.6428571428571429,0.5625,0.6611000260918992,0.3775,0.9218181818181816,0.5443181818181817,100,has_upperparts_color::black,baseline
55,Evening Grosbeak,30,13,22,17,0.43333333333333335,11,0.8461538461538461,0.5,0.8475912453989081,0.6507575757575758,1.0,0.34924242424242424,100,has_upperparts_color::black,baseline
54,Blue Grosbeak,30,13,13,17,0.43333333333333335,6,0.46153846153846156,0.46153846153846156,0.4758050941146916,0.23990384615384616,0.721103896103896,0.48120004995004984,100,has_upperparts_color::black,baseline
53,Western Grebe,30,14,14,16,0.4666666666666667,8,0.5714285714285714,0.5714285714285714,0.5612818236545016,0.2669642857142857,0.8174999999999998,0.5505357142857141,100,has_upperparts_color::black,baseline
52,Pied billed Grebe,30,9,5,21,0.3,2,0.2222222222222222,0.4,0.23133566433566433,0.0,0.6666666666666666,0.6666666666666666,100,has_upperparts_color::black,baseline
51,Horned Grebe,30,16,12,14,0.5333333333333333,9,0.5625,0.75,0.5609411634117517,0.34464285714285714,0.7894736842105263,0.4448308270676692,100,has_upperparts_color::black,baseline
50,Eared Grebe,30,14,13,16,0.4666666666666667,7,0.5,0.5384615384615384,0.514305536783478,0.23990384615384616,0.8,0.5600961538461539,100,has_upperparts_color::black,baseline
49,Boat tailed Grackle,30,19,26,11,0.6333333333333333,17,0.8947368421052632,0.6538461538461539,0.8895247085556044,0.7233333333333333,1.0,0.2766666666666667,100,has_upperparts_color::black,baseline
48,European Goldfinch,30,21,21,9,0.7,15,0.7142857142857143,0.7142857142857143,0.7029873236152482,0.5210317460317461,0.8949728260869562,0.3739410800552101,100,has_upperparts_color::black,baseline
47,American Goldfinch,30,22,22,8,0.7333333333333333,17,0.7727272727272727,0.7727272727272727,0.7575272590789954,0.6136128364389234,0.9,0.28638716356107663,100,has_upperparts_color::black,baseline
63,Ivory Gull,30,4,1,26,0.13333333333333333,1,0.25,1.0,0.29291979949874686,0.0,0.75,0.75,100,has_upperparts_color::black,baseline
46,Gadwall,30,6,5,24,0.2,0,0.0,0.0,0.0,0.0,0.0,0.0,100,has_upperparts_color::black,baseline
45,Northern Fulmar,30,6,1,24,0.2,0,0.0,0.0,0.0,0.0,0.0,0.0,100,has_upperparts_color::black,baseline
44,Frigatebird,30,15,26,15,0.5,14,0.9333333333333333,0.5384615384615384,0.9392117641989934,0.8125,1.0,0.1875,100,has_upperparts_color::black,baseline
88,Western Meadowlark,30,7,9,23,0.23333333333333334,2,0.2857142857142857,0.2222222222222222,0.29430844155844155,0.0,0.6666666666666666,0.6666666666666666,100,has_upperparts_color::black,baseline
42,Vermilion Flycatcher,30,14,11,16,0.4666666666666667,6,0.42857142857142855,0.5454545454545454,0.42385152592505543,0.15993589743589745,0.6553571428571426,0.4954212454212452,100,has_upperparts_color::black,baseline
41,Scissor tailed Flycatcher,30,16,9,14,0.5333333333333333,4,0.25,0.4444444444444444,0.2654573407571624,0.07239583333333333,0.5341628959276017,0.46176706259426836,100,has_upperparts_color::black,baseline
27,Shiny Cowbird,30,23,22,7,0.7666666666666667,19,0.8260869565217391,0.8636363636363636,0.8223344707355622,0.6599358974358974,0.9592083333333333,0.2992724358974359,100,has_upperparts_color::black,baseline
40,Olive sided Flycatcher,30,9,1,21,0.3,0,0.0,0.0,0.0,0.0,0.0,0.0,100,has_upperparts_color::black,baseline
38,Great Crested Flycatcher,30,10,1,20,0.3333333333333333,1,0.1,1.0,0.11408334149510621,0.0,0.3333333333333333,0.3333333333333333,100,has_upperparts_color::black,baseline
36,Northern Flicker,30,17,14,13,0.5666666666666667,10,0.5882352941176471,0.7142857142857143,0.5941173217906964,0.40558823529411764,0.8049999999999999,0.3994117647058823,100,has_upperparts_color::black,baseline
29,American Crow,30,30,30,0,1.0,30,1.0,1.0,1.0,1.0,1.0,0.0,100,has_upperparts_color::black,baseline
35,Purple Finch,30,6,0,24,0.2,0,0.0,,0.0,0.0,0.0,0.0,100,has_upperparts_color::black,baseline
30,Fish Crow,30,25,28,5,0.8333333333333334,24,0.96,0.8571428571428571,0.9675437611891133,0.88,1.0,0.12,100,has_upperparts_color::black,baseline
21,Eastern Towhee,30,22,23,8,0.7333333333333333,19,0.8636363636363636,0.8260869565217391,0.8602550549035674,0.7106719367588933,0.9574728260869565,0.2468008893280632,100,has_upperparts_color::black,baseline
62,Herring Gull,30,6,3,24,0.2,1,0.16666666666666666,0.3333333333333333,0.18328607503607505,0.0,0.5,0.5,100,has_upperparts_color::black,baseline
64,Ring billed Gull,30,5,3,25,0.16666666666666666,0,0.0,0.0,0.0,0.0,0.0,0.0,100,has_upperparts_color::black,baseline
73,Blue Jay,30,16,8,14,0.5333333333333333,6,0.375,0.75,0.3935184304429661,0.13785714285714284,0.6718749999999992,0.5340178571428564,100,has_upperparts_color::black,baseline
87,Mallard,30,10,10,20,0.3333333333333333,3,0.3,0.3,0.28719512432012434,0.0,0.5,0.5,100,has_upperparts_color::black,baseline
86,Pacific Loon,30,19,14,11,0.6333333333333333,11,0.5789473684210527,0.7857142857142857,0.5722896477914482,0.390036231884058,0.7437499999999999,0.3537137681159419,100,has_upperparts_color::black,baseline
85,Horned Lark,30,9,8,21,0.3,0,0.0,0.0,0.0,0.0,0.0,0.0,100,has_upperparts_color::black,baseline
4,Groove billed Ani,30,24,24,6,0.8,20,0.8333333333333334,0.8333333333333334,0.836797641306909,0.6880566801619433,0.9565340909090909,0.2684774107471476,100,has_upperparts_color::black,baseline
83,White breasted Kingfisher,30,4,2,26,0.13333333333333333,0,0.0,0.0,0.0,0.0,0.0,0.0,100,has_upperparts_color::black,baseline
82,Ringed Kingfisher,30,8,14,22,0.26666666666666666,4,0.5,0.2857142857142857,0.49115782828282833,0.19045454545454546,0.8553030303030297,0.6648484848484842,100,has_upperparts_color::black,baseline
81,Pied Kingfisher,30,20,30,10,0.6666666666666666,20,1.0,0.6666666666666666,1.0,1.0,1.0,0.0,100,has_upperparts_color::black,baseline
80,Green Kingfisher,30,17,16,13,0.5666666666666667,9,0.5294117647058824,0.5625,0.5236732641283726,0.29411764705882354,0.757720588235294,0.46360294117647044,100,has_upperparts_color::black,baseline
79,Belted Kingfisher,30,6,20,24,0.2,4,0.6666666666666666,0.2,0.6625689033189033,0.25,1.0,0.75,100,has_upperparts_color::black,baseline
10,Red winged Blackbird,30,27,29,3,0.9,26,0.9629629629629629,0.896551724137931,0.965458614862288,0.8518518518518519,1.0,0.14814814814814814,100,has_upperparts_color::black,baseline
77,Tropical Kingbird,30,3,2,27,0.1,1,0.3333333333333333,0.5,0.37000000000000005,0.0,1.0,1.0,100,has_upperparts_color::black,baseline
11,Rusty Blackbird,30,21,21,9,0.7,14,0.6666666666666666,0.6666666666666666,0.6606521489658921,0.46229166666666666,0.8223320158102766,0.36004034914360994,100,has_upperparts_color::black,baseline
74,Florida Jay,30,2,0,28,0.06666666666666667,0,0.0,,0.0,0.0,0.0,0.0,100,has_upperparts_color::black,baseline
76,Dark eyed Junco,30,6,10,24,0.2,2,0.3333333333333333,0.2,0.3662579365079365,0.0,1.0,1.0,100,has_upperparts_color::black,baseline
72,Pomarine Jaeger,30,11,4,19,0.36666666666666664,2,0.18181818181818182,0.5,0.18392114829614825,0.0,0.4444444444444444,0.4444444444444444,100,has_upperparts_color::black,baseline
14,Indigo Bunting,30,10,3,20,0.3333333333333333,1,0.1,0.3333333333333333,0.09907548007548009,0.0,0.31749999999999967,0.31749999999999967,100,has_upperparts_color::black,baseline
66,Western Gull,30,13,11,17,0.43333333333333335,7,0.5384615384615384,0.6363636363636364,0.5623920291001829,0.2506993006993007,0.8065625,0.5558631993006993,100,has_upperparts_color::black,baseline
71,Long tailed Jaeger,30,5,8,25,0.16666666666666666,4,0.8,0.5,0.8168944131065343,0.445,1.0,0.5549999999999999,100,has_upperparts_color::black,baseline
67,Anna Hummingbird,30,6,1,24,0.2,0,0.0,0.0,0.0,0.0,0.0,0.0,100,has_upperparts_color::black,baseline
68,Ruby throated Hummingbird,30,1,2,29,0.03333333333333333,0,0.0,0.0,0.0,0.0,0.0,0.0,100,has_upperparts_color::black,baseline
31,Black billed Cuckoo,30,3,0,27,0.1,0,0.0,,0.0,0.0,0.0,0.0,100,has_upperparts_color::black,baseline
69,Rufous Hummingbird,30,1,2,29,0.03333333333333333,0,0.0,0.0,0.0,0.0,0.0,0.0,100,has_upperparts_color::black,baseline
13,Bobolink,30,21,29,9,0.7,20,0.9523809523809523,0.6896551724137931,0.9484198314828108,0.8458552631578947,1.0,0.15414473684210528,100,has_upperparts_color::black,baseline
70,Green Violetear,30,2,1,28,0.06666666666666667,0,0.0,0.0,0.0,0.0,0.0,0.0,100,has_upperparts_color::black,baseline
181,Worm eating Warbler,29,5,1,24,0.1724137931034483,0,0.0,0.0,0.0,0.0,0.0,0.0,100,has_upperparts_color::black,baseline
20,Yellow breasted Chat,29,7,5,22,0.2413793103448276,3,0.42857142857142855,0.6,0.4230621323121323,0.11770833333333333,0.7894444444444443,0.671736111111111,100,has_upperparts_color::black,baseline
169,Magnolia Warbler,29,21,21,8,0.7241379310344828,18,0.8571428571428571,0.8571428571428571,0.8501160837550895,0.6829545454545455,0.9809999999999997,0.29804545454545417,100,has_upperparts_color::black,baseline
168,Kentucky Warbler,29,6,1,23,0.20689655172413793,0,0.0,0.0,0.0,0.0,0.0,0.0,100,has_upperparts_color::black,baseline
28,Brown Creeper,29,9,22,20,0.3103448275862069,6,0.6666666666666666,0.2727272727272727,0.6643198745698746,0.3333333333333333,0.9047727272727272,0.5714393939393938,100,has_upperparts_color::black,baseline
9,Brewer Blackbird,29,18,26,11,0.6206896551724138,17,0.9444444444444444,0.6538461538461539,0.9459005164381393,0.8421052631578947,1.0,0.1578947368421053,100,has_upperparts_color::black,baseline
166,Golden winged Warbler,29,10,8,19,0.3448275862068966,3,0.3,0.375,0.28998112998112996,0.0,0.5920833333333332,0.5920833333333332,100,has_upperparts_color::black,baseline
23,Brandt Cormorant,29,16,21,13,0.5517241379310345,14,0.875,0.6666666666666666,0.8962201880077266,0.74125,1.0,0.25875000000000004,100,has_upperparts_color::black,baseline
190,Red cockaded Woodpecker,29,25,28,4,0.8620689655172413,24,0.96,0.8571428571428571,0.9575462316003902,0.877375,1.0,0.12262499999999998,100,has_upperparts_color::black,baseline
33,Yellow billed Cuckoo,29,2,0,27,0.06896551724137931,0,0.0,,0.0,0.0,0.0,0.0,100,has_upperparts_color::black,baseline
179,Tennessee Warbler,29,11,3,18,0.3793103448275862,2,0.18181818181818182,0.6666666666666666,0.19652143689643686,0.0,0.47361111111111065,0.47361111111111065,100,has_upperparts_color::black,baseline
19,Gray Catbird,29,7,2,22,0.2413793103448276,0,0.0,0.0,0.0,0.0,0.0,0.0,100,has_upperparts_color::black,baseline
43,Yellow bellied Flycatcher,29,9,8,20,0.3103448275862069,2,0.2222222222222222,0.25,0.21744977244977243,0.0,0.4817307692307689,0.4817307692307689,100,has_upperparts_color::black,baseline
117,Clay colored Sparrow,29,16,3,13,0.5517241379310345,1,0.0625,0.3333333333333333,0.0592909661848449,0.0,0.21249999999999997,0.21249999999999997,100,has_upperparts_color::black,baseline
141,Artic Tern,29,3,0,26,0.10344827586206896,0,0.0,,0.0,0.0,0.0,0.0,100,has_upperparts_color::black,baseline
160,Black throated Blue Warbler,29,14,23,15,0.4827586206896552,10,0.7142857142857143,0.43478260869565216,0.7126399737603297,0.5,0.9284615384615384,0.42846153846153845,100,has_upperparts_color::black,baseline
119,Field Sparrow,29,12,2,17,0.41379310344827586,1,0.08333333333333333,0.5,0.07389770768447239,0.0,0.29108391608391576,0.29108391608391576,100,has_upperparts_color::black,baseline
124,Le Conte Sparrow,29,15,8,14,0.5172413793103449,8,0.5333333333333333,1.0,0.528341437243527,0.3076923076923077,0.7670814479638008,0.45938914027149313,100,has_upperparts_color::black,baseline
125,Lincoln Sparrow,29,18,2,11,0.6206896551724138,1,0.05555555555555555,0.5,0.05916994509020689,0.0,0.1822610294117646,0.1822610294117646,100,has_upperparts_color::black,baseline
115,Brewer Sparrow,29,9,6,20,0.3103448275862069,3,0.3333333333333333,0.5,0.3209436396936397,0.03653846153846155,0.630965909090909,0.5944274475524475,100,has_upperparts_color::black,baseline
60,Glaucous winged Gull,29,0,2,29,0.0,0,,0.0,,,,,100,has_upperparts_color::black,baseline
78,Gray Kingbird,29,5,2,24,0.1724137931034483,1,0.2,0.5,0.22419047619047616,0.0,0.5374999999999994,0.5374999999999994,100,has_upperparts_color::black,baseline
97,Orchard Oriole,29,21,22,8,0.7241379310344828,16,0.7619047619047619,0.7272727272727273,0.7505810687357094,0.5806818181818182,0.9428921568627451,0.3622103386809269,100,has_upperparts_color::black,baseline
149,Brown Thrasher,29,3,2,26,0.10344827586206896,0,0.0,0.0,0.0,0.0,0.0,0.0,100,has_upperparts_color::black,baseline
39,Least Flycatcher,29,7,5,22,0.2413793103448276,2,0.2857142857142857,0.4,0.24515831390831389,0.0,0.6214285714285706,0.6214285714285706,100,has_upperparts_color::black,baseline
153,Philadelphia Vireo,29,6,0,23,0.20689655172413793,0,0.0,,0.0,0.0,0.0,0.0,100,has_upperparts_color::black,baseline
37,Acadian Flycatcher,29,4,7,25,0.13793103448275862,0,0.0,0.0,0.0,0.0,0.0,0.0,100,has_upperparts_color::black,baseline
157,Yellow throated Vireo,29,8,4,21,0.27586206896551724,2,0.25,0.5,0.2681684704184704,0.0,0.5864285714285712,0.5864285714285712,100,has_upperparts_color::black,baseline
34,Gray crowned Rosy Finch,29,13,8,16,0.4482758620689655,4,0.3076923076923077,0.5,0.32051125547139475,0.09125,0.6666666666666666,0.5754166666666667,100,has_upperparts_color::black,baseline
3,Sooty Albatross,28,2,5,26,0.07142857142857142,1,0.5,0.2,0.4968164794007491,0.0,1.0,1.0,100,has_upperparts_color::black,baseline
15,Lazuli Bunting,28,17,9,11,0.6071428571428571,6,0.35294117647058826,0.6666666666666666,0.3607755037789868,0.1625735294117647,0.580252100840336,0.41767857142857123,100,has_upperparts_color::black,baseline
16,Painted Bunting,28,2,1,26,0.07142857142857142,0,0.0,0.0,0.0,0.0,0.0,0.0,100,has_upperparts_color::black,baseline
58,Pigeon Guillemot,28,18,22,10,0.6428571428571429,15,0.8333333333333334,0.6818181818181818,0.8336241119131985,0.6507575757575758,1.0,0.34924242424242424,100,has_upperparts_color::black,baseline
17,Cardinal,27,5,1,22,0.18518518518518517,0,0.0,0.0,0.0,0.0,0.0,0.0,100,has_upperparts_color::black,baseline
75,Green Jay,27,1,5,26,0.037037037037037035,0,0.0,0.0,0.0,0.0,0.0,0.0,100,has_upperparts_color::black,baseline
178,Swainson Warbler,26,3,0,23,0.11538461538461539,0,0.0,,0.0,0.0,0.0,0.0,100,has_upperparts_color::black,baseline
12,Yellow headed Blackbird,26,20,24,6,0.7692307692307693,18,0.9,0.75,0.9096226733829877,0.7670454545454545,1.0,0.23295454545454553,100,has_upperparts_color::black,baseline
22,Chuck will Widow,26,6,1,20,0.23076923076923078,1,0.16666666666666666,1.0,0.13030627705627704,0.0,0.46607142857142797,0.46607142857142797,100,has_upperparts_color::black,baseline
7,Parakeet Auklet,23,15,19,8,0.6521739130434783,13,0.8666666666666667,0.6842105263157895,0.8773138470146984,0.6934374999999999,1.0,0.30656250000000007,100,has_upperparts_color::black,baseline
84,Red legged Kittiwake,23,5,4,18,0.21739130434782608,0,0.0,0.0,0.0,0.0,0.0,0.0,100,has_upperparts_color::black,baseline
32,Mangrove Cuckoo,23,3,6,20,0.13043478260869565,1,0.3333333333333333,0.16666666666666666,0.2901603498542274,0.0,1.0,1.0,100,has_upperparts_color::black,baseline
24,Red faced Cormorant,22,16,20,6,0.7272727272727273,14,0.875,0.7,0.8696376275513272,0.7246212121212121,1.0,0.2753787878787879,100,has_upperparts_color::black,baseline
151,Black capped Vireo,21,7,13,14,0.3333333333333333,5,0.7142857142857143,0.38461538461538464,0.7013618326118326,0.275,1.0,0.725,100,has_upperparts_color::black,baseline
113,Baird Sparrow,20,5,5,15,0.25,1,0.2,0.2,0.19114285714285714,0.0,0.7366666666666656,0.7366666666666656,100,has_upperparts_color::black,baseline
187,American Three toed Woodpecker,20,17,20,3,0.85,17,1.0,0.85,1.0,1.0,1.0,0.0,100,has_upperparts_color::black,baseline
65,Slaty backed Gull,20,11,9,9,0.55,6,0.5454545454545454,0.6666666666666666,0.5589059363838775,0.23541666666666666,0.8181818181818182,0.5827651515151515,100,has_upperparts_color::black,baseline
101,White Pelican,20,2,0,18,0.1,0,0.0,,0.0,0.0,0.0,0.0,100,has_upperparts_color::black,baseline
105,Whip poor Will,19,6,3,13,0.3157894736842105,1,0.16666666666666666,0.3333333333333333,0.15759992784992782,0.0,0.5524999999999991,0.5524999999999991,100,has_upperparts_color::black,baseline
8,Rhinoceros Auklet,18,11,12,7,0.6111111111111112,7,0.6363636363636364,0.5833333333333334,0.6625748695748698,0.4166666666666667,0.9254166666666666,0.5087499999999998,100,has_upperparts_color::black,baseline
18,Spotted Catbird,15,3,1,12,0.2,0,0.0,0.0,0.0,0.0,0.0,0.0,100,has_upperparts_color::black,baseline
5,Crested Auklet,14,10,13,4,0.7142857142857143,9,0.9,0.6923076923076923,0.8923211233211232,0.6892857142857143,1.0,0.3107142857142857,100,has_upperparts_color::black,baseline
6,Least Auklet,11,6,9,5,0.5454545454545454,5,0.8333333333333334,0.5555555555555556,0.8170833333333333,0.4475,1.0,0.5525,100,has_upperparts_color::black,baseline
1,Black footed Albatross,30,1,0,29,0.03333333333333333,0,0.0,,0.0,0.0,0.0,0.0,100,has_bill_length::shorter_than_head,baseline
143,Caspian Tern,30,2,0,28,0.06666666666666667,0,0.0,,0.0,0.0,0.0,0.0,100,has_bill_length::shorter_than_head,baseline
120,Fox Sparrow,30,28,28,2,0.9333333333333333,26,0.9285714285714286,0.9285714285714286,0.9388098290598292,0.8571428571428571,1.0,0.1428571428571429,100,has_bill_length::shorter_than_head,baseline
121,Grasshopper Sparrow,30,28,28,2,0.9333333333333333,27,0.9642857142857143,0.9642857142857143,0.961192528735632,0.868,1.0,0.132,100,has_bill_length::shorter_than_head,baseline
122,Harris Sparrow,30,30,28,0,1.0,28,0.9333333333333333,1.0,0.9346666666666669,0.8333333333333334,1.0,0.16666666666666663,100,has_bill_length::shorter_than_head,baseline
123,Henslow Sparrow,30,27,30,3,0.9,27,1.0,0.9,1.0,1.0,1.0,0.0,100,has_bill_length::shorter_than_head,baseline
126,Nelson Sharp tailed Sparrow,30,29,29,1,0.9666666666666667,28,0.9655172413793104,0.9655172413793104,0.9723111658456485,0.896551724137931,1.0,0.10344827586206895,100,has_bill_length::shorter_than_head,baseline
127,Savannah Sparrow,30,28,29,2,0.9333333333333333,27,0.9642857142857143,0.9310344827586207,0.9640716622458001,0.8888888888888888,1.0,0.11111111111111116,100,has_bill_length::shorter_than_head,baseline
128,Seaside Sparrow,30,19,28,11,0.6333333333333333,17,0.8947368421052632,0.6071428571428571,0.9030557615168665,0.75,1.0,0.25,100,has_bill_length::shorter_than_head,baseline
129,Song Sparrow,30,29,29,1,0.9666666666666667,28,0.9655172413793104,0.9655172413793104,0.9638947272395548,0.8946120689655173,1.0,0.10538793103448274,100,has_bill_length::shorter_than_head,baseline
130,Tree Sparrow,30,29,29,1,0.9666666666666667,28,0.9655172413793104,0.9655172413793104,0.9634205015929155,0.8666666666666667,1.0,0.1333333333333333,100,has_bill_length::shorter_than_head,baseline
131,Vesper Sparrow,30,30,30,0,1.0,30,1.0,1.0,1.0,1.0,1.0,0.0,100,has_bill_length::shorter_than_head,baseline
132,White crowned Sparrow,30,30,27,0,1.0,27,0.9,1.0,0.8873333333333335,0.7825000000000001,0.9841666666666664,0.20166666666666633,100,has_bill_length::shorter_than_head,baseline
133,White throated Sparrow,30,28,27,2,0.9333333333333333,25,0.8928571428571429,0.9259259259259259,0.8966265289821511,0.7892241379310345,1.0,0.21077586206896548,100,has_bill_length::shorter_than_head,baseline
134,Cape Glossy Starling,30,20,10,10,0.6666666666666666,7,0.35,0.7,0.3395192868486414,0.12651315789473683,0.5,0.3734868421052632,100,has_bill_length::shorter_than_head,baseline
135,Bank Swallow,30,27,25,3,0.9,23,0.8518518518518519,0.92,0.8408049636187568,0.7083333333333334,0.9433777429467083,0.23504440961337492,100,has_bill_length::shorter_than_head,baseline
136,Barn Swallow,30,27,25,3,0.9,24,0.8888888888888888,0.96,0.9030598035370149,0.781547619047619,1.0,0.21845238095238095,100,has_bill_length::shorter_than_head,baseline
137,Cliff Swallow,30,21,26,9,0.7,20,0.9523809523809523,0.7692307692307693,0.9572863561245444,0.865625,1.0,0.13437500000000002,100,has_bill_length::shorter_than_head,baseline
138,Tree Swallow,30,26,21,4,0.8666666666666667,19,0.7307692307692307,0.9047619047619048,0.7217948450156096,0.5680384615384615,0.8868589743589743,0.3188205128205128,100,has_bill_length::shorter_than_head,baseline
139,Scarlet Tanager,30,29,24,1,0.9666666666666667,23,0.7931034482758621,0.9583333333333334,0.7873086185844806,0.6,0.9310714285714285,0.33107142857142857,100,has_bill_length::shorter_than_head,baseline
140,Summer Tanager,30,23,26,7,0.7666666666666667,19,0.8260869565217391,0.7307692307692307,0.8240983022317117,0.6842105263157895,0.9565217391304348,0.2723112128146453,100,has_bill_length::shorter_than_head,baseline
118,House Sparrow,30,27,26,3,0.9,23,0.8518518518518519,0.8846153846153846,0.8415553528791161,0.6977207977207978,0.9583333333333334,0.2606125356125356,100,has_bill_length::shorter_than_head,baseline
116,Chipping Sparrow,30,30,28,0,1.0,28,0.9333333333333333,1.0,0.9276666666666666,0.8333333333333334,1.0,0.16666666666666663,100,has_bill_length::shorter_than_head,baseline
114,Black throated Sparrow,30,28,28,2,0.9333333333333333,26,0.9285714285714286,0.9285714285714286,0.9285413280844316,0.807037037037037,1.0,0.192962962962963,100,has_bill_length::shorter_than_head,baseline
2,Laysan Albatross,30,3,3,27,0.1,1,0.3333333333333333,0.3333333333333333,0.2846588119783996,0.0,0.8,0.8,100,has_bill_length::shorter_than_head,baseline
92,Nighthawk,30,27,10,3,0.9,9,0.3333333333333333,0.9,0.33618166329200805,0.18856837606837606,0.5,0.31143162393162394,100,has_bill_length::shorter_than_head,baseline
93,Clark Nutcracker,30,3,10,27,0.1,2,0.6666666666666666,0.2,0.6536573392243494,0.0,1.0,1.0,100,has_bill_length::shorter_than_head,baseline
94,White breasted Nuthatch,30,8,19,22,0.26666666666666666,6,0.75,0.3157894736842105,0.7340833333333332,0.3333333333333333,1.0,0.6666666666666667,100,has_bill_length::shorter_than_head,baseline
95,Baltimore Oriole,30,19,26,11,0.6333333333333333,16,0.8421052631578947,0.6153846153846154,0.8329587660832309,0.6541666666666667,0.9555830039525692,0.30141633728590256,100,has_bill_length::shorter_than_head,baseline
96,Hooded Oriole,30,7,24,23,0.23333333333333334,6,0.8571428571428571,0.25,0.8506064491064491,0.585,1.0,0.41500000000000004,100,has_bill_length::shorter_than_head,baseline
98,Scott Oriole,30,10,24,20,0.3333333333333333,5,0.5,0.20833333333333334,0.5107797251767839,0.16062500000000002,0.8,0.639375,100,has_bill_length::shorter_than_head,baseline
99,Ovenbird,30,25,27,5,0.8333333333333334,22,0.88,0.8148148148148148,0.8801017911873233,0.7219655172413793,1.0,0.27803448275862075,100,has_bill_length::shorter_than_head,baseline
100,Brown Pelican,30,0,1,30,0.0,0,,0.0,,,,,100,has_bill_length::shorter_than_head,baseline
102,Western Wood Pewee,30,21,24,9,0.7,16,0.7619047619047619,0.6666666666666666,0.7699661150372786,0.5535511363636364,0.9784090909090906,0.42485795454545416,100,has_bill_length::shorter_than_head,baseline
112,Great Grey Shrike,30,25,23,5,0.8333333333333334,18,0.72,0.782608695652174,0.7119808581107091,0.5193778110944528,0.8667490118577075,0.3473712007632547,100,has_bill_length::shorter_than_head,baseline
103,Sayornis,30,20,28,10,0.6666666666666666,19,0.95,0.6785714285714286,0.944371301383739,0.8333333333333334,1.0,0.16666666666666663,100,has_bill_length::shorter_than_head,baseline
104,American Pipit,30,21,26,9,0.7,19,0.9047619047619048,0.7307692307692307,0.898896542576392,0.7774209486166008,1.0,0.22257905138339917,100,has_bill_length::shorter_than_head,baseline
106,Horned Puffin,30,14,2,16,0.4666666666666667,1,0.07142857142857142,0.5,0.07623594254902305,0.0,0.2262499999999996,0.2262499999999996,100,has_bill_length::shorter_than_head,baseline
107,Common Raven,30,7,4,23,0.23333333333333334,0,0.0,0.0,0.0,0.0,0.0,0.0,100,has_bill_length::shorter_than_head,baseline
108,White necked Raven,30,11,3,19,0.36666666666666664,1,0.09090909090909091,0.3333333333333333,0.11693303183744361,0.0,0.35520833333333296,0.35520833333333296,100,has_bill_length::shorter_than_head,baseline
109,American Redstart,30,24,29,6,0.8,23,0.9583333333333334,0.7931034482758621,0.9623212231450218,0.8842222222222222,1.0,0.11577777777777776,100,has_bill_length::shorter_than_head,baseline
110,Geococcyx,30,7,6,23,0.23333333333333334,0,0.0,0.0,0.0,0.0,0.0,0.0,100,has_bill_length::shorter_than_head,baseline
111,Loggerhead Shrike,30,29,23,1,0.9666666666666667,22,0.7586206896551724,0.9565217391304348,0.7642392811530742,0.6059386973180076,0.9285714285714286,0.32263273125342096,100,has_bill_length::shorter_than_head,baseline
142,Black Tern,30,4,1,26,0.13333333333333333,0,0.0,0.0,0.0,0.0,0.0,0.0,100,has_bill_length::shorter_than_head,baseline
144,Common Tern,30,2,0,28,0.06666666666666667,0,0.0,,0.0,0.0,0.0,0.0,100,has_bill_length::shorter_than_head,baseline
90,Red breasted Merganser,30,1,0,29,0.03333333333333333,0,0.0,,0.0,0.0,0.0,0.0,100,has_bill_length::shorter_than_head,baseline
145,Elegant Tern,30,0,0,30,0.0,0,,,,,,,100,has_bill_length::shorter_than_head,baseline
176,Prairie Warbler,30,26,29,4,0.8666666666666667,25,0.9615384615384616,0.8620689655172413,0.9631377321454887,0.8866452991452991,1.0,0.1133547008547009,100,has_bill_length::shorter_than_head,baseline
177,Prothonotary Warbler,30,19,26,11,0.6333333333333333,17,0.8947368421052632,0.6538461538461539,0.8819503435702959,0.6414438502673797,1.0,0.3585561497326203,100,has_bill_length::shorter_than_head,baseline
180,Wilson Warbler,30,30,30,0,1.0,30,1.0,1.0,1.0,1.0,1.0,0.0,100,has_bill_length::shorter_than_head,baseline
182,Yellow Warbler,30,26,30,4,0.8666666666666667,26,1.0,0.8666666666666667,1.0,1.0,1.0,0.0,100,has_bill_length::shorter_than_head,baseline
183,Northern Waterthrush,30,21,21,9,0.7,15,0.7142857142857143,0.7142857142857143,0.7181975175779186,0.5238095238095238,0.8888544891640866,0.36504496535456277,100,has_bill_length::shorter_than_head,baseline
184,Louisiana Waterthrush,30,20,22,10,0.6666666666666666,16,0.8,0.7272727272727273,0.7976592730670368,0.5942251461988305,0.9523863636363636,0.35816121743753315,100,has_bill_length::shorter_than_head,baseline
185,Bohemian Waxwing,30,24,29,6,0.8,23,0.9583333333333334,0.7931034482758621,0.9552347567171366,0.8664525691699605,1.0,0.1335474308300395,100,has_bill_length::shorter_than_head,baseline
186,Cedar Waxwing,30,29,29,1,0.9666666666666667,28,0.9655172413793104,0.9655172413793104,0.968922705008912,0.8791071428571429,1.0,0.12089285714285714,100,has_bill_length::shorter_than_head,baseline
188,Pileated Woodpecker,30,2,5,28,0.06666666666666667,0,0.0,0.0,0.0,0.0,0.0,0.0,100,has_bill_length::shorter_than_head,baseline
189,Red bellied Woodpecker,30,3,5,27,0.1,0,0.0,0.0,0.0,0.0,0.0,0.0,100,has_bill_length::shorter_than_head,baseline
191,Red headed Woodpecker,30,3,5,27,0.1,0,0.0,0.0,0.0,0.0,0.0,0.0,100,has_bill_length::shorter_than_head,baseline
192,Downy Woodpecker,30,24,20,6,0.8,14,0.5833333333333334,0.7,0.5892072218806733,0.39192307692307693,0.8095454545454545,0.4176223776223775,100,has_bill_length::shorter_than_head,baseline
193,Bewick Wren,30,15,20,15,0.5,13,0.8666666666666667,0.65,0.8652117266118815,0.6917105263157894,1.0,0.30828947368421056,100,has_bill_length::shorter_than_head,baseline
194,Cactus Wren,30,8,6,22,0.26666666666666666,1,0.125,0.16666666666666666,0.14907862970362967,0.0,0.43690476190476174,0.43690476190476174,100,has_bill_length::shorter_than_head,baseline
195,Carolina Wren,30,14,20,16,0.4666666666666667,9,0.6428571428571429,0.45,0.6628109142319667,0.4,0.8916176470588234,0.4916176470588234,100,has_bill_length::shorter_than_head,baseline
196,House Wren,30,13,15,17,0.43333333333333335,6,0.46153846153846156,0.4,0.46561286924290024,0.2,0.7304545454545454,0.5304545454545453,100,has_bill_length::shorter_than_head,baseline
197,Marsh Wren,30,15,25,15,0.5,14,0.9333333333333333,0.56,0.9423977888726343,0.8323529411764705,1.0,0.16764705882352948,100,has_bill_length::shorter_than_head,baseline
198,Rock Wren,30,7,10,23,0.23333333333333334,5,0.7142857142857143,0.5,0.7320637695637696,0.25,1.0,0.75,100,has_bill_length::shorter_than_head,baseline
199,Winter Wren,30,20,22,10,0.6666666666666666,14,0.7,0.6363636363636364,0.6882502657794487,0.5113095238095238,0.8621428571428571,0.35083333333333333,100,has_bill_length::shorter_than_head,baseline
175,Pine Warbler,30,26,29,4,0.8666666666666667,25,0.9615384615384616,0.8620689655172413,0.9641884358464569,0.8795673076923077,1.0,0.12043269230769227,100,has_bill_length::shorter_than_head,baseline
174,Palm Warbler,30,27,29,3,0.9,26,0.9629629629629629,0.896551724137931,0.9655589055899401,0.91825,1.0,0.08174999999999999,100,has_bill_length::shorter_than_head,baseline
173,Orange crowned Warbler,30,22,29,8,0.7333333333333333,21,0.9545454545454546,0.7241379310344828,0.9582366282704206,0.8458552631578947,1.0,0.15414473684210528,100,has_bill_length::shorter_than_head,baseline
158,Bay breasted Warbler,30,21,28,9,0.7,20,0.9523809523809523,0.7142857142857143,0.9565581960059951,0.8421052631578947,1.0,0.1578947368421053,100,has_bill_length::shorter_than_head,baseline
146,Forsters Tern,30,0,0,30,0.0,0,,,,,,,100,has_bill_length::shorter_than_head,baseline
147,Least Tern,30,4,0,26,0.13333333333333333,0,0.0,,0.0,0.0,0.0,0.0,100,has_bill_length::shorter_than_head,baseline
148,Green tailed Towhee,30,29,30,1,0.9666666666666667,29,1.0,0.9666666666666667,1.0,1.0,1.0,0.0,100,has_bill_length::shorter_than_head,baseline
150,Sage Thrasher,30,19,21,11,0.6333333333333333,12,0.631578947368421,0.5714285714285714,0.6390381108889017,0.4165217391304348,0.8499999999999999,0.4334782608695651,100,has_bill_length::shorter_than_head,baseline
152,Blue headed Vireo,30,20,30,10,0.6666666666666666,20,1.0,0.6666666666666666,1.0,1.0,1.0,0.0,100,has_bill_length::shorter_than_head,baseline
154,Red eyed Vireo,30,20,25,10,0.6666666666666666,18,0.9,0.72,0.9026878207922258,0.7684444444444445,1.0,0.23155555555555551,100,has_bill_length::shorter_than_head,baseline
155,Warbling Vireo,30,23,23,7,0.7666666666666667,18,0.782608695652174,0.782608695652174,0.775147954604934,0.625,0.914945652173913,0.289945652173913,100,has_bill_length::shorter_than_head,baseline
156,White eyed Vireo,30,23,29,7,0.7666666666666667,23,1.0,0.7931034482758621,1.0,1.0,1.0,0.0,100,has_bill_length::shorter_than_head,baseline
159,Black and white Warbler,30,17,21,13,0.5666666666666667,13,0.7647058823529411,0.6190476190476191,0.7805425696613103,0.5766666666666667,0.9444444444444444,0.36777777777777776,100,has_bill_length::shorter_than_head,baseline
172,Nashville Warbler,30,25,29,5,0.8333333333333334,25,1.0,0.8620689655172413,1.0,1.0,1.0,0.0,100,has_bill_length::shorter_than_head,baseline
161,Blue winged Warbler,30,20,28,10,0.6666666666666666,18,0.9,0.6428571428571429,0.8983369128665266,0.75,1.0,0.25,100,has_bill_length::shorter_than_head,baseline
162,Canada Warbler,30,24,29,6,0.8,23,0.9583333333333334,0.7931034482758621,0.953948262450322,0.8533928571428571,1.0,0.14660714285714294,100,has_bill_length::shorter_than_head,baseline
163,Cape May Warbler,30,26,29,4,0.8666666666666667,26,1.0,0.896551724137931,1.0,1.0,1.0,0.0,100,has_bill_length::shorter_than_head,baseline
164,Cerulean Warbler,30,18,27,12,0.6,15,0.8333333333333334,0.5555555555555556,0.8371920848620875,0.631578947368421,1.0,0.368421052631579,100,has_bill_length::shorter_than_head,baseline
165,Chestnut sided Warbler,30,25,29,5,0.8333333333333334,24,0.96,0.8275862068965517,0.9602808552960725,0.895695652173913,1.0,0.104304347826087,100,has_bill_length::shorter_than_head,baseline
167,Hooded Warbler,30,20,28,10,0.6666666666666666,19,0.95,0.6785714285714286,0.9519534146657549,0.8336956521739131,1.0,0.16630434782608694,100,has_bill_length::shorter_than_head,baseline
170,Mourning Warbler,30,21,29,9,0.7,20,0.9523809523809523,0.6896551724137931,0.9565388534447561,0.8479807692307693,1.0,0.15201923076923074,100,has_bill_length::shorter_than_head,baseline
171,Myrtle Warbler,30,25,28,5,0.8333333333333334,23,0.92,0.8214285714285714,0.9189783397539769,0.8164297658862877,1.0,0.18357023411371232,100,has_bill_length::shorter_than_head,baseline
91,Mockingbird,30,19,21,11,0.6333333333333333,15,0.7894736842105263,0.7142857142857143,0.7887895083278544,0.6,0.9473684210526315,0.34736842105263155,100,has_bill_length::shorter_than_head,baseline
200,Common Yellowthroat,30,20,30,10,0.6666666666666666,20,1.0,0.6666666666666666,1.0,1.0,1.0,0.0,100,has_bill_length::shorter_than_head,baseline
89,Hooded Merganser,30,4,4,26,0.13333333333333333,1,0.25,0.25,0.25236070618723677,0.0,0.8191666666666668,0.8191666666666668,100,has_bill_length::shorter_than_head,baseline
26,Bronzed Cowbird,30,21,20,9,0.7,13,0.6190476190476191,0.65,0.6035283840182043,0.39416666666666667,0.7894736842105263,0.39530701754385966,100,has_bill_length::shorter_than_head,baseline
61,Heermann Gull,30,7,1,23,0.23333333333333334,0,0.0,0.0,0.0,0.0,0.0,0.0,100,has_bill_length::shorter_than_head,baseline
59,California Gull,30,4,0,26,0.13333333333333333,0,0.0,,0.0,0.0,0.0,0.0,100,has_bill_length::shorter_than_head,baseline
25,Pelagic Cormorant,30,3,1,27,0.1,1,0.3333333333333333,1.0,0.3846643518518518,0.0,1.0,1.0,100,has_bill_length::shorter_than_head,baseline
57,Rose breasted Grosbeak,30,26,27,4,0.8666666666666667,24,0.9230769230769231,0.8888888888888888,0.9160231077961964,0.8036538461538462,1.0,0.19634615384615384,100,has_bill_length::shorter_than_head,baseline
56,Pine Grosbeak,30,26,29,4,0.8666666666666667,26,1.0,0.896551724137931,1.0,1.0,1.0,0.0,100,has_bill_length::shorter_than_head,baseline
55,Evening Grosbeak,30,23,27,7,0.7666666666666667,20,0.8695652173913043,0.7407407407407407,0.8747498131514191,0.75475,1.0,0.24524999999999997,100,has_bill_length::shorter_than_head,baseline
54,Blue Grosbeak,30,23,30,7,0.7666666666666667,23,1.0,0.7666666666666667,1.0,1.0,1.0,0.0,100,has_bill_length::shorter_than_head,baseline
53,Western Grebe,30,1,0,29,0.03333333333333333,0,0.0,,0.0,0.0,0.0,0.0,100,has_bill_length::shorter_than_head,baseline
52,Pied billed Grebe,30,17,9,13,0.5666666666666667,6,0.35294117647058826,0.6666666666666666,0.3507115189319288,0.14479166666666665,0.6153846153846154,0.47059294871794877,100,has_bill_length::shorter_than_head,baseline
51,Horned Grebe,30,12,11,18,0.4,5,0.4166666666666667,0.45454545454545453,0.38219513737896094,0.125,0.6801282051282049,0.5551282051282049,100,has_bill_length::shorter_than_head,baseline
50,Eared Grebe,30,9,7,21,0.3,2,0.2222222222222222,0.2857142857142857,0.23604736031941911,0.0,0.48602941176470565,0.48602941176470565,100,has_bill_length::shorter_than_head,baseline
49,Boat tailed Grackle,30,10,11,20,0.3333333333333333,3,0.3,0.2727272727272727,0.2872892385392385,0.03958333333333334,0.6131249999999998,0.5735416666666665,100,has_bill_length::shorter_than_head,baseline
48,European Goldfinch,30,28,28,2,0.9333333333333333,26,0.9285714285714286,0.9285714285714286,0.9326595441595444,0.8214285714285714,1.0,0.1785714285714286,100,has_bill_length::shorter_than_head,baseline
47,American Goldfinch,30,25,29,5,0.8333333333333334,24,0.96,0.8275862068965517,0.9645850265454463,0.8795673076923077,1.0,0.12043269230769227,100,has_bill_length::shorter_than_head,baseline
63,Ivory Gull,30,14,4,16,0.4666666666666667,2,0.14285714285714285,0.5,0.13996772315232067,0.0,0.3683333333333328,0.3683333333333328,100,has_bill_length::shorter_than_head,baseline
46,Gadwall,30,3,0,27,0.1,0,0.0,,0.0,0.0,0.0,0.0,100,has_bill_length::shorter_than_head,baseline
45,Northern Fulmar,30,15,3,15,0.5,2,0.13333333333333333,0.6666666666666666,0.13693912992752,0.0,0.3333333333333333,0.3333333333333333,100,has_bill_length::shorter_than_head,baseline
44,Frigatebird,30,0,0,30,0.0,0,,,,,,,100,has_bill_length::shorter_than_head,baseline
88,Western Meadowlark,30,5,14,25,0.16666666666666666,5,1.0,0.35714285714285715,1.0,1.0,1.0,0.0,100,has_bill_length::shorter_than_head,baseline
42,Vermilion Flycatcher,30,28,23,2,0.9333333333333333,21,0.75,0.9130434782608695,0.7583195465454086,0.6110576923076922,0.8888888888888888,0.2778311965811966,100,has_bill_length::shorter_than_head,baseline
41,Scissor tailed Flycatcher,30,20,13,10,0.6666666666666666,10,0.5,0.7692307692307693,0.49368952021042484,0.30863636363636365,0.7054347826086955,0.39679841897233187,100,has_bill_length::shorter_than_head,baseline
27,Shiny Cowbird,30,20,14,10,0.6666666666666666,9,0.45,0.6428571428571429,0.4484530576112889,0.25,0.6511413043478261,0.40114130434782613,100,has_bill_length::shorter_than_head,baseline
40,Olive sided Flycatcher,30,17,22,13,0.5666666666666667,11,0.6470588235294118,0.5,0.6478908971145814,0.4328125,0.8975,0.4646875,100,has_bill_length::shorter_than_head,baseline
38,Great Crested Flycatcher,30,14,23,16,0.4666666666666667,10,0.7142857142857143,0.43478260869565216,0.6905303964181674,0.5,0.9130681818181817,0.4130681818181817,100,has_bill_length::shorter_than_head,baseline
36,Northern Flicker,30,1,7,29,0.03333333333333333,1,1.0,0.14285714285714285,1.0,1.0,1.0,0.0,100,has_bill_length::shorter_than_head,baseline
29,American Crow,30,5,3,25,0.16666666666666666,1,0.2,0.3333333333333333,0.1862142857142857,0.0,0.5864285714285712,0.5864285714285712,100,has_bill_length::shorter_than_head,baseline
35,Purple Finch,30,28,29,2,0.9333333333333333,27,0.9642857142857143,0.9310344827586207,0.9733240256550603,0.9079166666666667,1.0,0.0920833333333333,100,has_bill_length::shorter_than_head,baseline
30,Fish Crow,30,8,6,22,0.26666666666666666,2,0.25,0.3333333333333333,0.2565599400599401,0.0,0.6468749999999996,0.6468749999999996,100,has_bill_length::shorter_than_head,baseline
21,Eastern Towhee,30,30,25,0,1.0,25,0.8333333333333334,1.0,0.8376666666666667,0.7,0.9666666666666667,0.2666666666666667,100,has_bill_length::shorter_than_head,baseline
62,Herring Gull,30,4,3,26,0.13333333333333333,1,0.25,0.3333333333333333,0.23102052268718937,0.0,0.849999999999999,0.849999999999999,100,has_bill_length::shorter_than_head,baseline
64,Ring billed Gull,30,3,3,27,0.1,0,0.0,0.0,0.0,0.0,0.0,0.0,100,has_bill_length::shorter_than_head,baseline
73,Blue Jay,30,15,20,15,0.5,11,0.7333333333333333,0.55,0.7246201321897915,0.4394230769230769,0.9411764705882353,0.5017533936651584,100,has_bill_length::shorter_than_head,baseline
87,Mallard,30,3,2,27,0.1,0,0.0,0.0,0.0,0.0,0.0,0.0,100,has_bill_length::shorter_than_head,baseline
86,Pacific Loon,30,4,0,26,0.13333333333333333,0,0.0,,0.0,0.0,0.0,0.0,100,has_bill_length::shorter_than_head,baseline
85,Horned Lark,30,26,28,4,0.8666666666666667,24,0.9230769230769231,0.8571428571428571,0.9199371530601665,0.802662037037037,1.0,0.19733796296296302,100,has_bill_length::shorter_than_head,baseline
4,Groove billed Ani,30,22,18,8,0.7333333333333333,14,0.6363636363636364,0.7777777777777778,0.6252216566733223,0.3954347826086957,0.8298913043478261,0.4344565217391304,100,has_bill_length::shorter_than_head,baseline
83,White breasted Kingfisher,30,0,9,30,0.0,0,,0.0,,,,,100,has_bill_length::shorter_than_head,baseline
82,Ringed Kingfisher,30,0,6,30,0.0,0,,0.0,,,,,100,has_bill_length::shorter_than_head,baseline
81,Pied Kingfisher,30,0,2,30,0.0,0,,0.0,,,,,100,has_bill_length::shorter_than_head,baseline
80,Green Kingfisher,30,1,7,29,0.03333333333333333,0,0.0,0.0,0.0,0.0,0.0,0.0,100,has_bill_length::shorter_than_head,baseline
79,Belted Kingfisher,30,3,7,27,0.1,0,0.0,0.0,0.0,0.0,0.0,0.0,100,has_bill_length::shorter_than_head,baseline
10,Red winged Blackbird,30,18,16,12,0.6,10,0.5555555555555556,0.625,0.5598311612573424,0.35,0.776378446115288,0.42637844611528797,100,has_bill_length::shorter_than_head,baseline
77,Tropical Kingbird,30,16,21,14,0.5333333333333333,13,0.8125,0.6190476190476191,0.822132478460652,0.5953125,1.0,0.4046875,100,has_bill_length::shorter_than_head,baseline
11,Rusty Blackbird,30,21,16,9,0.7,12,0.5714285714285714,0.75,0.5971576788150553,0.3488586956521739,0.8182194616977224,0.4693607660455485,100,has_bill_length::shorter_than_head,baseline
74,Florida Jay,30,23,22,7,0.7666666666666667,18,0.782608695652174,0.8181818181818182,0.7696262231676084,0.5817391304347825,0.9184166666666667,0.3366775362318841,100,has_bill_length::shorter_than_head,baseline
76,Dark eyed Junco,30,25,25,5,0.8333333333333334,21,0.84,0.84,0.8382251394755852,0.6662692307692308,0.9583333333333334,0.29206410256410253,100,has_bill_length::shorter_than_head,baseline
72,Pomarine Jaeger,30,8,3,22,0.26666666666666666,1,0.125,0.3333333333333333,0.13026221001221,0.0,0.3881249999999998,0.3881249999999998,100,has_bill_length::shorter_than_head,baseline
14,Indigo Bunting,30,24,26,6,0.8,21,0.875,0.8076923076923077,0.8803077063327005,0.7289335664335664,1.0,0.27106643356643356,100,has_bill_length::shorter_than_head,baseline
66,Western Gull,30,5,1,25,0.16666666666666666,0,0.0,0.0,0.0,0.0,0.0,0.0,100,has_bill_length::shorter_than_head,baseline
71,Long tailed Jaeger,30,15,0,15,0.5,0,0.0,,0.0,0.0,0.0,0.0,100,has_bill_length::shorter_than_head,baseline
67,Anna Hummingbird,30,0,8,30,0.0,0,,0.0,,,,,100,has_bill_length::shorter_than_head,baseline
68,Ruby throated Hummingbird,30,0,5,30,0.0,0,,0.0,,,,,100,has_bill_length::shorter_than_head,baseline
31,Black billed Cuckoo,30,11,18,19,0.36666666666666664,6,0.5454545454545454,0.3333333333333333,0.5263157814407814,0.1825,0.8181818181818182,0.6356818181818182,100,has_bill_length::shorter_than_head,baseline
69,Rufous Hummingbird,30,1,5,29,0.03333333333333333,0,0.0,0.0,0.0,0.0,0.0,0.0,100,has_bill_length::shorter_than_head,baseline
13,Bobolink,30,29,21,1,0.9666666666666667,20,0.6896551724137931,0.9523809523809523,0.6881816695437386,0.5336206896551724,0.8621428571428571,0.3285221674876847,100,has_bill_length::shorter_than_head,baseline
70,Green Violetear,30,1,1,29,0.03333333333333333,0,0.0,0.0,0.0,0.0,0.0,0.0,100,has_bill_length::shorter_than_head,baseline
181,Worm eating Warbler,29,22,27,7,0.7586206896551724,20,0.9090909090909091,0.7407407407407407,0.9104370222372711,0.732905138339921,1.0,0.267094861660079,100,has_bill_length::shorter_than_head,baseline
20,Yellow breasted Chat,29,24,26,5,0.8275862068965517,23,0.9583333333333334,0.8846153846153846,0.9563277298512997,0.8636363636363636,1.0,0.13636363636363635,100,has_bill_length::shorter_than_head,baseline
169,Magnolia Warbler,29,25,27,4,0.8620689655172413,23,0.92,0.8518518518518519,0.9156113692265865,0.7916666666666666,1.0,0.20833333333333337,100,has_bill_length::shorter_than_head,baseline
168,Kentucky Warbler,29,23,27,6,0.7931034482758621,22,0.9565217391304348,0.8148148148148148,0.9569485736528072,0.8690340909090909,1.0,0.1309659090909091,100,has_bill_length::shorter_than_head,baseline
28,Brown Creeper,29,5,10,24,0.1724137931034483,1,0.2,0.1,0.21832280531260126,0.0,0.8583333333333343,0.8583333333333343,100,has_bill_length::shorter_than_head,baseline
9,Brewer Blackbird,29,16,16,13,0.5517241379310345,8,0.5,0.5,0.5132793971164714,0.28154761904761905,0.7960069444444442,0.5144593253968252,100,has_bill_length::shorter_than_head,baseline
166,Golden winged Warbler,29,17,27,12,0.5862068965517241,16,0.9411764705882353,0.5925925925925926,0.9394879697503703,0.8111764705882353,1.0,0.18882352941176472,100,has_bill_length::shorter_than_head,baseline
23,Brandt Cormorant,29,0,1,29,0.0,0,,0.0,,,,,100,has_bill_length::shorter_than_head,baseline
190,Red cockaded Woodpecker,29,4,1,25,0.13793103448275862,0,0.0,0.0,0.0,0.0,0.0,0.0,100,has_bill_length::shorter_than_head,baseline
33,Yellow billed Cuckoo,29,10,8,19,0.3448275862068966,2,0.2,0.25,0.22815689865689864,0.0,0.5,0.5,100,has_bill_length::shorter_than_head,baseline
179,Tennessee Warbler,29,23,27,6,0.7931034482758621,21,0.9130434782608695,0.7777777777777778,0.9139709010965303,0.795625,1.0,0.20437499999999997,100,has_bill_length::shorter_than_head,baseline
19,Gray Catbird,29,14,16,15,0.4827586206896552,8,0.5714285714285714,0.5,0.5870725932993736,0.3736013986013986,0.8065625,0.43296110139860133,100,has_bill_length::shorter_than_head,baseline
43,Yellow bellied Flycatcher,29,23,29,6,0.7931034482758621,23,1.0,0.7931034482758621,1.0,1.0,1.0,0.0,100,has_bill_length::shorter_than_head,baseline
117,Clay colored Sparrow,29,29,29,0,1.0,29,1.0,1.0,1.0,1.0,1.0,0.0,100,has_bill_length::shorter_than_head,baseline
141,Artic Tern,29,4,1,25,0.13793103448275862,0,0.0,0.0,0.0,0.0,0.0,0.0,100,has_bill_length::shorter_than_head,baseline
160,Black throated Blue Warbler,29,23,26,6,0.7931034482758621,20,0.8695652173913043,0.7692307692307693,0.8773084186419504,0.75,1.0,0.25,100,has_bill_length::shorter_than_head,baseline
119,Field Sparrow,29,26,28,3,0.896551724137931,25,0.9615384615384616,0.8928571428571429,0.9631148942123454,0.865625,1.0,0.13437500000000002,100,has_bill_length::shorter_than_head,baseline
124,Le Conte Sparrow,29,28,29,1,0.9655172413793104,28,1.0,0.9655172413793104,1.0,1.0,1.0,0.0,100,has_bill_length::shorter_than_head,baseline
125,Lincoln Sparrow,29,26,28,3,0.896551724137931,26,1.0,0.9285714285714286,1.0,1.0,1.0,0.0,100,has_bill_length::shorter_than_head,baseline
115,Brewer Sparrow,29,27,28,2,0.9310344827586207,26,0.9629629629629629,0.9285714285714286,0.9602674715450579,0.88,1.0,0.12,100,has_bill_length::shorter_than_head,baseline
60,Glaucous winged Gull,29,3,0,26,0.10344827586206896,0,0.0,,0.0,0.0,0.0,0.0,100,has_bill_length::shorter_than_head,baseline
78,Gray Kingbird,29,11,14,18,0.3793103448275862,9,0.8181818181818182,0.6428571428571429,0.8277918411997359,0.5923076923076923,1.0,0.4076923076923077,100,has_bill_length::shorter_than_head,baseline
97,Orchard Oriole,29,13,25,16,0.4482758620689655,10,0.7692307692307693,0.4,0.7755688943409531,0.5541208791208792,1.0,0.44587912087912085,100,has_bill_length::shorter_than_head,baseline
149,Brown Thrasher,29,7,22,22,0.2413793103448276,5,0.7142857142857143,0.22727272727272727,0.7136270673770673,0.4,1.0,0.6,100,has_bill_length::shorter_than_head,baseline
39,Least Flycatcher,29,20,27,9,0.6896551724137931,19,0.95,0.7037037037037037,0.947913549757701,0.8111764705882353,1.0,0.18882352941176472,100,has_bill_length::shorter_than_head,baseline
153,Philadelphia Vireo,29,26,28,3,0.896551724137931,25,0.9615384615384616,0.8928571428571429,0.9653884782883283,0.8695652173913043,1.0,0.13043478260869568,100,has_bill_length::shorter_than_head,baseline
37,Acadian Flycatcher,29,24,29,5,0.8275862068965517,24,1.0,0.8275862068965517,1.0,1.0,1.0,0.0,100,has_bill_length::shorter_than_head,baseline
157,Yellow throated Vireo,29,25,27,4,0.8620689655172413,25,1.0,0.9259259259259259,1.0,1.0,1.0,0.0,100,has_bill_length::shorter_than_head,baseline
34,Gray crowned Rosy Finch,29,28,26,1,0.9655172413793104,26,0.9285714285714286,1.0,0.919662770690357,0.8358796296296296,1.0,0.16412037037037042,100,has_bill_length::shorter_than_head,baseline
3,Sooty Albatross,28,1,3,27,0.03571428571428571,1,1.0,0.3333333333333333,1.0,1.0,1.0,0.0,100,has_bill_length::shorter_than_head,baseline
15,Lazuli Bunting,28,26,28,2,0.9285714285714286,26,1.0,0.9285714285714286,1.0,1.0,1.0,0.0,100,has_bill_length::shorter_than_head,baseline
16,Painted Bunting,28,24,28,4,0.8571428571428571,24,1.0,0.8571428571428571,1.0,1.0,1.0,0.0,100,has_bill_length::shorter_than_head,baseline
58,Pigeon Guillemot,28,1,0,27,0.03571428571428571,0,0.0,,0.0,0.0,0.0,0.0,100,has_bill_length::shorter_than_head,baseline
17,Cardinal,27,25,26,2,0.9259259259259259,24,0.96,0.9230769230769231,0.9602568663220837,0.8745217391304347,1.0,0.12547826086956526,100,has_bill_length::shorter_than_head,baseline
75,Green Jay,27,18,17,9,0.6666666666666666,12,0.6666666666666666,0.7058823529411765,0.6846523665047356,0.5,0.8888888888888888,0.38888888888888884,100,has_bill_length::shorter_than_head,baseline
178,Swainson Warbler,26,5,22,21,0.19230769230769232,5,1.0,0.22727272727272727,1.0,1.0,1.0,0.0,100,has_bill_length::shorter_than_head,baseline
12,Yellow headed Blackbird,26,18,20,8,0.6923076923076923,12,0.6666666666666666,0.6,0.6700538052381504,0.4708333333333333,0.8666666666666663,0.3958333333333329,100,has_bill_length::shorter_than_head,baseline
22,Chuck will Widow,26,22,19,4,0.8461538461538461,17,0.7727272727272727,0.8947368421052632,0.7915269189209557,0.5979539641943734,0.9555830039525692,0.3576290397581958,100,has_bill_length::shorter_than_head,baseline
7,Parakeet Auklet,23,21,11,2,0.9130434782608695,9,0.42857142857142855,0.8181818181818182,0.44590620490620486,0.22208498023715414,0.628138528138528,0.4060535479013738,100,has_bill_length::shorter_than_head,baseline
84,Red legged Kittiwake,23,14,4,9,0.6086956521739131,2,0.14285714285714285,0.5,0.1435233556433247,0.0,0.3333333333333333,0.3333333333333333,100,has_bill_length::shorter_than_head,baseline
32,Mangrove Cuckoo,23,9,13,14,0.391304347826087,6,0.6666666666666666,0.46153846153846156,0.6653721001221001,0.365,0.8888888888888888,0.5238888888888888,100,has_bill_length::shorter_than_head,baseline
24,Red faced Cormorant,22,1,3,21,0.045454545454545456,0,0.0,0.0,0.0,0.0,0.0,0.0,100,has_bill_length::shorter_than_head,baseline
151,Black capped Vireo,21,18,20,3,0.8571428571428571,17,0.9444444444444444,0.85,0.9446608432846823,0.8458552631578947,1.0,0.15414473684210528,100,has_bill_length::shorter_than_head,baseline
113,Baird Sparrow,20,20,20,0,1.0,20,1.0,1.0,1.0,1.0,1.0,0.0,100,has_bill_length::shorter_than_head,baseline
187,American Three toed Woodpecker,20,7,4,13,0.35,2,0.2857142857142857,0.5,0.2948614718614719,0.0,0.6666666666666666,0.6666666666666666,100,has_bill_length::shorter_than_head,baseline
65,Slaty backed Gull,20,7,2,13,0.35,2,0.2857142857142857,1.0,0.2768238983238983,0.0,0.7104166666666659,0.7104166666666659,100,has_bill_length::shorter_than_head,baseline
101,White Pelican,20,0,0,20,0.0,0,,,,,,,100,has_bill_length::shorter_than_head,baseline
105,Whip poor Will,19,17,16,2,0.8947368421052632,15,0.8823529411764706,0.9375,0.8899985526599303,0.7274999999999999,1.0,0.2725000000000001,100,has_bill_length::shorter_than_head,baseline
8,Rhinoceros Auklet,18,10,4,8,0.5555555555555556,1,0.1,0.25,0.10990473415473413,0.0,0.35520833333333296,0.35520833333333296,100,has_bill_length::shorter_than_head,baseline
18,Spotted Catbird,15,11,15,4,0.7333333333333333,11,1.0,0.7333333333333333,1.0,1.0,1.0,0.0,100,has_bill_length::shorter_than_head,baseline
5,Crested Auklet,14,13,9,1,0.9285714285714286,9,0.6923076923076923,1.0,0.6954403374403374,0.5,0.8571428571428571,0.3571428571428571,100,has_bill_length::shorter_than_head,baseline
6,Least Auklet,11,11,10,0,1.0,10,0.9090909090909091,1.0,0.9036363636363636,0.7272727272727273,1.0,0.2727272727272727,100,has_bill_length::shorter_than_head,baseline
1,Black footed Albatross,30,13,16,17,0.43333333333333335,9,0.6923076923076923,0.5625,0.6975573111528993,0.4407986111111111,0.9332589285714286,0.49246031746031743,100,has_upperparts_color::brown,baseline
143,Caspian Tern,30,2,0,28,0.06666666666666667,0,0.0,,0.0,0.0,0.0,0.0,100,has_upperparts_color::brown,baseline
120,Fox Sparrow,30,21,27,9,0.7,20,0.9523809523809523,0.7407407407407407,0.9585078919558626,0.8636363636363636,1.0,0.13636363636363635,100,has_upperparts_color::brown,baseline
121,Grasshopper Sparrow,30,19,26,11,0.6333333333333333,17,0.8947368421052632,0.6538461538461539,0.8948957312971649,0.7732097186700767,1.0,0.2267902813299233,100,has_upperparts_color::brown,baseline
122,Harris Sparrow,30,14,18,16,0.4666666666666667,9,0.6428571428571429,0.5,0.6274271960409732,0.4,0.8359374999999996,0.43593749999999953,100,has_upperparts_color::brown,baseline
123,Henslow Sparrow,30,13,25,17,0.43333333333333335,12,0.9230769230769231,0.48,0.9174270898949692,0.7777777777777778,1.0,0.2222222222222222,100,has_upperparts_color::brown,baseline
126,Nelson Sharp tailed Sparrow,30,12,26,18,0.4,11,0.9166666666666666,0.4230769230769231,0.9178217893217894,0.7692307692307693,1.0,0.23076923076923073,100,has_upperparts_color::brown,baseline
127,Savannah Sparrow,30,22,27,8,0.7333333333333333,20,0.9090909090909091,0.7407407407407407,0.9044267288167679,0.7817234848484849,1.0,0.21827651515151514,100,has_upperparts_color::brown,baseline
128,Seaside Sparrow,30,15,23,15,0.5,11,0.7333333333333333,0.4782608695652174,0.7468600981491847,0.4798076923076923,0.9391666666666666,0.45935897435897427,100,has_upperparts_color::brown,baseline
129,Song Sparrow,30,25,29,5,0.8333333333333334,24,0.96,0.8275862068965517,0.9576032658094481,0.8721467391304347,1.0,0.12785326086956528,100,has_upperparts_color::brown,baseline
130,Tree Sparrow,30,21,26,9,0.7,18,0.8571428571428571,0.6923076923076923,0.8542673557152827,0.6666666666666666,1.0,0.33333333333333337,100,has_upperparts_color::brown,baseline
131,Vesper Sparrow,30,14,27,16,0.4666666666666667,12,0.8571428571428571,0.4444444444444444,0.8545542548267008,0.611875,1.0,0.38812500000000005,100,has_upperparts_color::brown,baseline
132,White crowned Sparrow,30,15,17,15,0.5,12,0.8,0.7058823529411765,0.7967391999555313,0.5667410714285714,1.0,0.43325892857142856,100,has_upperparts_color::brown,baseline
133,White throated Sparrow,30,19,28,11,0.6333333333333333,18,0.9473684210526315,0.6428571428571429,0.9504816846462493,0.8136363636363637,1.0,0.1863636363636363,100,has_upperparts_color::brown,baseline
134,Cape Glossy Starling,30,1,2,29,0.03333333333333333,0,0.0,0.0,0.0,0.0,0.0,0.0,100,has_upperparts_color::brown,baseline
135,Bank Swallow,30,10,15,20,0.3333333333333333,7,0.7,0.4666666666666667,0.6998690035454742,0.36363636363636365,1.0,0.6363636363636364,100,has_upperparts_color::brown,baseline
136,Barn Swallow,30,4,2,26,0.13333333333333333,0,0.0,0.0,0.0,0.0,0.0,0.0,100,has_upperparts_color::brown,baseline
137,Cliff Swallow,30,8,20,22,0.26666666666666666,5,0.625,0.25,0.6108145188145189,0.2857142857142857,1.0,0.7142857142857143,100,has_upperparts_color::brown,baseline
138,Tree Swallow,30,2,2,28,0.06666666666666667,2,1.0,1.0,1.0,1.0,1.0,0.0,100,has_upperparts_color::brown,baseline
139,Scarlet Tanager,30,0,0,30,0.0,0,,,,,,,100,has_upperparts_color::brown,baseline
140,Summer Tanager,30,2,2,28,0.06666666666666667,0,0.0,0.0,0.0,0.0,0.0,0.0,100,has_upperparts_color::brown,baseline
118,House Sparrow,30,19,24,11,0.6333333333333333,16,0.8421052631578947,0.6666666666666666,0.846532860928052,0.6934374999999999,1.0,0.30656250000000007,100,has_upperparts_color::brown,baseline
116,Chipping Sparrow,30,17,24,13,0.5666666666666667,15,0.8823529411764706,0.625,0.883116450860427,0.7430921052631578,1.0,0.25690789473684217,100,has_upperparts_color::brown,baseline
114,Black throated Sparrow,30,12,10,18,0.4,5,0.4166666666666667,0.5,0.44589405541998434,0.15416666666666667,0.7272727272727273,0.5731060606060606,100,has_upperparts_color::brown,baseline
2,Laysan Albatross,30,7,5,23,0.23333333333333334,2,0.2857142857142857,0.4,0.29184343434343435,0.0,0.6349999999999993,0.6349999999999993,100,has_upperparts_color::brown,baseline
92,Nighthawk,30,16,25,14,0.5333333333333333,13,0.8125,0.52,0.8340296391363831,0.6563725490196078,1.0,0.34362745098039216,100,has_upperparts_color::brown,baseline
93,Clark Nutcracker,30,0,3,30,0.0,0,,0.0,,,,,100,has_upperparts_color::brown,baseline
94,White breasted Nuthatch,30,3,0,27,0.1,0,0.0,,0.0,0.0,0.0,0.0,100,has_upperparts_color::brown,baseline
95,Baltimore Oriole,30,1,2,29,0.03333333333333333,0,0.0,0.0,0.0,0.0,0.0,0.0,100,has_upperparts_color::brown,baseline
96,Hooded Oriole,30,1,3,29,0.03333333333333333,1,1.0,0.3333333333333333,1.0,1.0,1.0,0.0,100,has_upperparts_color::brown,baseline
98,Scott Oriole,30,1,1,29,0.03333333333333333,0,0.0,0.0,0.0,0.0,0.0,0.0,100,has_upperparts_color::brown,baseline
99,Ovenbird,30,9,24,21,0.3,9,1.0,0.375,1.0,1.0,1.0,0.0,100,has_upperparts_color::brown,baseline
100,Brown Pelican,30,9,12,21,0.3,4,0.4444444444444444,0.3333333333333333,0.4404811066126856,0.13166666666666665,0.7645833333333331,0.6329166666666663,100,has_upperparts_color::brown,baseline
102,Western Wood Pewee,30,9,17,21,0.3,4,0.4444444444444444,0.23529411764705882,0.4458890137640138,0.16666666666666666,0.7392045454545453,0.5725378787878787,100,has_upperparts_color::brown,baseline
112,Great Grey Shrike,30,2,2,28,0.06666666666666667,0,0.0,0.0,0.0,0.0,0.0,0.0,100,has_upperparts_color::brown,baseline
103,Sayornis,30,14,24,16,0.4666666666666667,12,0.8571428571428571,0.5,0.8594452751840522,0.6563725490196078,1.0,0.34362745098039216,100,has_upperparts_color::brown,baseline
104,American Pipit,30,11,25,19,0.36666666666666664,10,0.9090909090909091,0.4,0.9041248951426971,0.7067857142857142,1.0,0.29321428571428576,100,has_upperparts_color::brown,baseline
106,Horned Puffin,30,0,3,30,0.0,0,,0.0,,,,,100,has_upperparts_color::brown,baseline
107,Common Raven,30,0,0,30,0.0,0,,,,,,,100,has_upperparts_color::brown,baseline
108,White necked Raven,30,3,1,27,0.1,0,0.0,0.0,0.0,0.0,0.0,0.0,100,has_upperparts_color::brown,baseline
109,American Redstart,30,3,7,27,0.1,2,0.6666666666666666,0.2857142857142857,0.6723710317460316,0.0,1.0,1.0,100,has_upperparts_color::brown,baseline
110,Geococcyx,30,16,23,14,0.5333333333333333,12,0.75,0.5217391304347826,0.7607505523372398,0.5391911764705882,0.9355208333333334,0.3963296568627451,100,has_upperparts_color::brown,baseline
111,Loggerhead Shrike,30,0,3,30,0.0,0,,0.0,,,,,100,has_upperparts_color::brown,baseline
142,Black Tern,30,3,2,27,0.1,1,0.3333333333333333,0.5,0.35256016385048633,0.0,1.0,1.0,100,has_upperparts_color::brown,baseline
144,Common Tern,30,1,0,29,0.03333333333333333,0,0.0,,0.0,0.0,0.0,0.0,100,has_upperparts_color::brown,baseline
90,Red breasted Merganser,30,6,10,24,0.2,3,0.5,0.3,0.48922943722943724,0.0,1.0,1.0,100,has_upperparts_color::brown,baseline
145,Elegant Tern,30,0,0,30,0.0,0,,,,,,,100,has_upperparts_color::brown,baseline
176,Prairie Warbler,30,2,8,28,0.06666666666666667,1,0.5,0.125,0.5639917695473251,0.0,1.0,1.0,100,has_upperparts_color::brown,baseline
177,Prothonotary Warbler,30,0,1,30,0.0,0,,0.0,,,,,100,has_upperparts_color::brown,baseline
180,Wilson Warbler,30,2,3,28,0.06666666666666667,0,0.0,0.0,0.0,0.0,0.0,0.0,100,has_upperparts_color::brown,baseline
182,Yellow Warbler,30,6,5,24,0.2,1,0.16666666666666666,0.2,0.15086580086580084,0.0,0.5,0.5,100,has_upperparts_color::brown,baseline
183,Northern Waterthrush,30,20,25,10,0.6666666666666666,19,0.95,0.76,0.9462917849193627,0.8446428571428571,1.0,0.15535714285714286,100,has_upperparts_color::brown,baseline
184,Louisiana Waterthrush,30,13,28,17,0.43333333333333335,13,1.0,0.4642857142857143,1.0,1.0,1.0,0.0,100,has_upperparts_color::brown,baseline
185,Bohemian Waxwing,30,5,8,25,0.16666666666666666,1,0.2,0.125,0.19893013832407772,0.0,0.6366666666666665,0.6366666666666665,100,has_upperparts_color::brown,baseline
186,Cedar Waxwing,30,9,19,21,0.3,5,0.5555555555555556,0.2631578947368421,0.5417359862359862,0.21055555555555555,0.8994949494949492,0.6889393939393937,100,has_upperparts_color::brown,baseline
188,Pileated Woodpecker,30,0,6,30,0.0,0,,0.0,,,,,100,has_upperparts_color::brown,baseline
189,Red bellied Woodpecker,30,0,3,30,0.0,0,,0.0,,,,,100,has_upperparts_color::brown,baseline
191,Red headed Woodpecker,30,0,0,30,0.0,0,,,,,,,100,has_upperparts_color::brown,baseline
192,Downy Woodpecker,30,0,1,30,0.0,0,,0.0,,,,,100,has_upperparts_color::brown,baseline
193,Bewick Wren,30,24,27,6,0.8,21,0.875,0.7777777777777778,0.8877861375339635,0.75,1.0,0.25,100,has_upperparts_color::brown,baseline
194,Cactus Wren,30,15,25,15,0.5,14,0.9333333333333333,0.56,0.9413338129616902,0.8281862745098039,1.0,0.17181372549019613,100,has_upperparts_color::brown,baseline
195,Carolina Wren,30,24,27,6,0.8,21,0.875,0.7777777777777778,0.8723098525331041,0.75475,0.9824074074074071,0.22765740740740703,100,has_upperparts_color::brown,baseline
196,House Wren,30,24,28,6,0.8,22,0.9166666666666666,0.7857142857142857,0.9150688635204338,0.7992788461538461,1.0,0.20072115384615385,100,has_upperparts_color::brown,baseline
197,Marsh Wren,30,19,30,11,0.6333333333333333,19,1.0,0.6333333333333333,1.0,1.0,1.0,0.0,100,has_upperparts_color::brown,baseline
198,Rock Wren,30,17,25,13,0.5666666666666667,17,1.0,0.68,1.0,1.0,1.0,0.0,100,has_upperparts_color::brown,baseline
199,Winter Wren,30,25,30,5,0.8333333333333334,25,1.0,0.8333333333333334,1.0,1.0,1.0,0.0,100,has_upperparts_color::brown,baseline
175,Pine Warbler,30,8,7,22,0.26666666666666666,2,0.25,0.2857142857142857,0.24884443334443332,0.0,0.6131249999999998,0.6131249999999998,100,has_upperparts_color::brown,baseline
174,Palm Warbler,30,16,24,14,0.5333333333333333,15,0.9375,0.625,0.9274525883473252,0.7925,1.0,0.20750000000000002,100,has_upperparts_color::brown,baseline
173,Orange crowned Warbler,30,7,8,23,0.23333333333333334,5,0.7142857142857143,0.625,0.7138545066045066,0.3333333333333333,1.0,0.6666666666666667,100,has_upperparts_color::brown,baseline
158,Bay breasted Warbler,30,6,10,24,0.2,5,0.8333333333333334,0.5,0.8267211399711398,0.5339285714285714,1.0,0.4660714285714286,100,has_upperparts_color::brown,baseline
146,Forsters Tern,30,0,0,30,0.0,0,,,,,,,100,has_upperparts_color::brown,baseline
147,Least Tern,30,0,0,30,0.0,0,,,,,,,100,has_upperparts_color::brown,baseline
148,Green tailed Towhee,30,6,7,24,0.2,3,0.5,0.42857142857142855,0.5195544733044734,0.0,1.0,1.0,100,has_upperparts_color::brown,baseline
150,Sage Thrasher,30,13,25,17,0.43333333333333335,13,1.0,0.52,1.0,1.0,1.0,0.0,100,has_upperparts_color::brown,baseline
152,Blue headed Vireo,30,6,8,24,0.2,4,0.6666666666666666,0.5,0.6589321789321788,0.2925,1.0,0.7075,100,has_upperparts_color::brown,baseline
154,Red eyed Vireo,30,4,16,26,0.13333333333333333,3,0.75,0.1875,0.7419672919672918,0.0,1.0,1.0,100,has_upperparts_color::brown,baseline
155,Warbling Vireo,30,7,15,23,0.23333333333333334,4,0.5714285714285714,0.26666666666666666,0.5958116605616605,0.2895833333333333,1.0,0.7104166666666667,100,has_upperparts_color::brown,baseline
156,White eyed Vireo,30,11,10,19,0.36666666666666664,6,0.5454545454545454,0.6,0.5384148823742477,0.2727272727272727,0.8095454545454545,0.5368181818181817,100,has_upperparts_color::brown,baseline
159,Black and white Warbler,30,0,1,30,0.0,0,,0.0,,,,,100,has_upperparts_color::brown,baseline
172,Nashville Warbler,30,4,6,26,0.13333333333333333,1,0.25,0.16666666666666666,0.24151898448773454,0.0,0.90625,0.90625,100,has_upperparts_color::brown,baseline
161,Blue winged Warbler,30,0,3,30,0.0,0,,0.0,,,,,100,has_upperparts_color::brown,baseline
162,Canada Warbler,30,1,4,29,0.03333333333333333,0,0.0,0.0,0.0,0.0,0.0,0.0,100,has_upperparts_color::brown,baseline
163,Cape May Warbler,30,5,17,25,0.16666666666666666,3,0.6,0.17647058823529413,0.6290097949188859,0.0,1.0,1.0,100,has_upperparts_color::brown,baseline
164,Cerulean Warbler,30,2,0,28,0.06666666666666667,0,0.0,,0.0,0.0,0.0,0.0,100,has_upperparts_color::brown,baseline
165,Chestnut sided Warbler,30,1,4,29,0.03333333333333333,0,0.0,0.0,0.0,0.0,0.0,0.0,100,has_upperparts_color::brown,baseline
167,Hooded Warbler,30,3,2,27,0.1,0,0.0,0.0,0.0,0.0,0.0,0.0,100,has_upperparts_color::brown,baseline
170,Mourning Warbler,30,3,5,27,0.1,0,0.0,0.0,0.0,0.0,0.0,0.0,100,has_upperparts_color::brown,baseline
171,Myrtle Warbler,30,3,12,27,0.1,2,0.6666666666666666,0.16666666666666666,0.6831222559945963,0.0,1.0,1.0,100,has_upperparts_color::brown,baseline
91,Mockingbird,30,9,14,21,0.3,8,0.8888888888888888,0.5714285714285714,0.8716347263847263,0.5339285714285714,1.0,0.4660714285714286,100,has_upperparts_color::brown,baseline
200,Common Yellowthroat,30,13,10,17,0.43333333333333335,6,0.46153846153846156,0.6,0.43971214019898225,0.2067857142857143,0.7143181818181816,0.5075324675324673,100,has_upperparts_color::brown,baseline
89,Hooded Merganser,30,9,11,21,0.3,4,0.4444444444444444,0.36363636363636365,0.47210427072927075,0.1375,0.8,0.6625000000000001,100,has_upperparts_color::brown,baseline
26,Bronzed Cowbird,30,4,2,26,0.13333333333333333,2,0.5,1.0,0.5203492063492063,0.0,1.0,1.0,100,has_upperparts_color::brown,baseline
61,Heermann Gull,30,7,4,23,0.23333333333333334,2,0.2857142857142857,0.5,0.2777584915084915,0.0,0.5788888888888886,0.5788888888888886,100,has_upperparts_color::brown,baseline
59,California Gull,30,0,1,30,0.0,0,,0.0,,,,,100,has_upperparts_color::brown,baseline
25,Pelagic Cormorant,30,1,1,29,0.03333333333333333,0,0.0,0.0,0.0,0.0,0.0,0.0,100,has_upperparts_color::brown,baseline
57,Rose breasted Grosbeak,30,3,1,27,0.1,0,0.0,0.0,0.0,0.0,0.0,0.0,100,has_upperparts_color::brown,baseline
56,Pine Grosbeak,30,3,5,27,0.1,1,0.3333333333333333,0.2,0.3521885521885522,0.0,1.0,1.0,100,has_upperparts_color::brown,baseline
55,Evening Grosbeak,30,7,9,23,0.23333333333333334,4,0.5714285714285714,0.4444444444444444,0.5475987623487624,0.2,1.0,0.8,100,has_upperparts_color::brown,baseline
54,Blue Grosbeak,30,4,7,26,0.13333333333333333,0,0.0,0.0,0.0,0.0,0.0,0.0,100,has_upperparts_color::brown,baseline
53,Western Grebe,30,7,12,23,0.23333333333333334,5,0.7142857142857143,0.4166666666666667,0.6828484848484848,0.30833333333333335,1.0,0.6916666666666667,100,has_upperparts_color::brown,baseline
52,Pied billed Grebe,30,18,27,12,0.6,17,0.9444444444444444,0.6296296296296297,0.9499525895239654,0.8375,1.0,0.16249999999999998,100,has_upperparts_color::brown,baseline
51,Horned Grebe,30,9,14,21,0.3,5,0.5555555555555556,0.35714285714285715,0.552290071040071,0.1825,0.875,0.6925,100,has_upperparts_color::brown,baseline
50,Eared Grebe,30,14,14,16,0.4666666666666667,7,0.5,0.5,0.48603148064525775,0.21055555555555555,0.7819444444444443,0.5713888888888887,100,has_upperparts_color::brown,baseline
49,Boat tailed Grackle,30,3,7,27,0.1,3,1.0,0.42857142857142855,1.0,1.0,1.0,0.0,100,has_upperparts_color::brown,baseline
48,European Goldfinch,30,4,6,26,0.13333333333333333,0,0.0,0.0,0.0,0.0,0.0,0.0,100,has_upperparts_color::brown,baseline
47,American Goldfinch,30,3,2,27,0.1,1,0.3333333333333333,0.5,0.34830633284241536,0.0,1.0,1.0,100,has_upperparts_color::brown,baseline
63,Ivory Gull,30,0,0,30,0.0,0,,,,,,,100,has_upperparts_color::brown,baseline
46,Gadwall,30,21,29,9,0.7,20,0.9523809523809523,0.6896551724137931,0.9578488979623151,0.8330434782608696,1.0,0.16695652173913045,100,has_upperparts_color::brown,baseline
45,Northern Fulmar,30,2,4,28,0.06666666666666667,1,0.5,0.25,0.5009243697478991,0.0,1.0,1.0,100,has_upperparts_color::brown,baseline
44,Frigatebird,30,5,1,25,0.16666666666666666,0,0.0,0.0,0.0,0.0,0.0,0.0,100,has_upperparts_color::brown,baseline
88,Western Meadowlark,30,10,21,20,0.3333333333333333,7,0.7,0.3333333333333333,0.7131594239094238,0.4079166666666667,1.0,0.5920833333333333,100,has_upperparts_color::brown,baseline
42,Vermilion Flycatcher,30,8,1,22,0.26666666666666666,1,0.125,1.0,0.1404098124098124,0.0,0.4497474747474746,0.4497474747474746,100,has_upperparts_color::brown,baseline
41,Scissor tailed Flycatcher,30,6,6,24,0.2,2,0.3333333333333333,0.3333333333333333,0.33292676767676765,0.0,0.75,0.75,100,has_upperparts_color::brown,baseline
27,Shiny Cowbird,30,1,6,29,0.03333333333333333,1,1.0,0.16666666666666666,1.0,1.0,1.0,0.0,100,has_upperparts_color::brown,baseline
40,Olive sided Flycatcher,30,9,12,21,0.3,6,0.6666666666666666,0.5,0.6624537823287824,0.3333333333333333,0.9604166666666659,0.6270833333333325,100,has_upperparts_color::brown,baseline
38,Great Crested Flycatcher,30,12,24,18,0.4,11,0.9166666666666666,0.4583333333333333,0.9346590688723042,0.7925,1.0,0.20750000000000002,100,has_upperparts_color::brown,baseline
36,Northern Flicker,30,7,20,23,0.23333333333333334,6,0.8571428571428571,0.3,0.8794011544011543,0.6316666666666666,1.0,0.3683333333333334,100,has_upperparts_color::brown,baseline
29,American Crow,30,1,0,29,0.03333333333333333,0,0.0,,0.0,0.0,0.0,0.0,100,has_upperparts_color::brown,baseline
35,Purple Finch,30,11,19,19,0.36666666666666664,8,0.7272727272727273,0.42105263157894735,0.7254789116112644,0.42986111111111114,1.0,0.5701388888888889,100,has_upperparts_color::brown,baseline
30,Fish Crow,30,0,2,30,0.0,0,,0.0,,,,,100,has_upperparts_color::brown,baseline
21,Eastern Towhee,30,8,7,22,0.26666666666666666,5,0.625,0.7142857142857143,0.6149008214008215,0.2669642857142857,0.9524999999999991,0.6855357142857135,100,has_upperparts_color::brown,baseline
62,Herring Gull,30,5,3,25,0.16666666666666666,2,0.4,0.6666666666666666,0.4141406926406927,0.0,0.8812499999999979,0.8812499999999979,100,has_upperparts_color::brown,baseline
64,Ring billed Gull,30,0,2,30,0.0,0,,0.0,,,,,100,has_upperparts_color::brown,baseline
73,Blue Jay,30,0,1,30,0.0,0,,0.0,,,,,100,has_upperparts_color::brown,baseline
87,Mallard,30,16,10,14,0.5333333333333333,7,0.4375,0.7,0.4338531577267948,0.24227941176470588,0.6841666666666664,0.44188725490196046,100,has_upperparts_color::brown,baseline
86,Pacific Loon,30,7,13,23,0.23333333333333334,5,0.7142857142857143,0.38461538461538464,0.7120487012987013,0.4,1.0,0.6,100,has_upperparts_color::brown,baseline
85,Horned Lark,30,10,25,20,0.3333333333333333,9,0.9,0.36,0.8830503663003663,0.603125,1.0,0.396875,100,has_upperparts_color::brown,baseline
4,Groove billed Ani,30,1,3,29,0.03333333333333333,1,1.0,0.3333333333333333,1.0,1.0,1.0,0.0,100,has_upperparts_color::brown,baseline
83,White breasted Kingfisher,30,6,7,24,0.2,1,0.16666666666666666,0.14285714285714285,0.12865961199294532,0.0,0.41571428571428565,0.41571428571428565,100,has_upperparts_color::brown,baseline
82,Ringed Kingfisher,30,1,0,29,0.03333333333333333,0,0.0,,0.0,0.0,0.0,0.0,100,has_upperparts_color::brown,baseline
81,Pied Kingfisher,30,0,1,30,0.0,0,,0.0,,,,,100,has_upperparts_color::brown,baseline
80,Green Kingfisher,30,2,3,28,0.06666666666666667,2,1.0,0.6666666666666666,1.0,1.0,1.0,0.0,100,has_upperparts_color::brown,baseline
79,Belted Kingfisher,30,0,1,30,0.0,0,,0.0,,,,,100,has_upperparts_color::brown,baseline
10,Red winged Blackbird,30,1,2,29,0.03333333333333333,0,0.0,0.0,0.0,0.0,0.0,0.0,100,has_upperparts_color::brown,baseline
77,Tropical Kingbird,30,11,7,19,0.36666666666666664,3,0.2727272727272727,0.42857142857142855,0.28039973914973915,0.07692307692307693,0.5740909090909085,0.4971678321678316,100,has_upperparts_color::brown,baseline
11,Rusty Blackbird,30,12,10,18,0.4,6,0.5,0.6,0.4975979306641072,0.23990384615384616,0.7853846153846151,0.5454807692307689,100,has_upperparts_color::brown,baseline
74,Florida Jay,30,1,0,29,0.03333333333333333,0,0.0,,0.0,0.0,0.0,0.0,100,has_upperparts_color::brown,baseline
76,Dark eyed Junco,30,4,9,26,0.13333333333333333,4,1.0,0.4444444444444444,1.0,1.0,1.0,0.0,100,has_upperparts_color::brown,baseline
72,Pomarine Jaeger,30,12,8,18,0.4,4,0.3333333333333333,0.5,0.32141807130777716,0.09090909090909091,0.630965909090909,0.540056818181818,100,has_upperparts_color::brown,baseline
14,Indigo Bunting,30,3,0,27,0.1,0,0.0,,0.0,0.0,0.0,0.0,100,has_upperparts_color::brown,baseline
66,Western Gull,30,3,2,27,0.1,1,0.3333333333333333,0.5,0.328951367781155,0.0,1.0,1.0,100,has_upperparts_color::brown,baseline
71,Long tailed Jaeger,30,8,6,22,0.26666666666666666,4,0.5,0.6666666666666666,0.5347212787212787,0.25,0.8571428571428571,0.6071428571428571,100,has_upperparts_color::brown,baseline
67,Anna Hummingbird,30,5,10,25,0.16666666666666666,5,1.0,0.5,1.0,1.0,1.0,0.0,100,has_upperparts_color::brown,baseline
68,Ruby throated Hummingbird,30,5,5,25,0.16666666666666666,2,0.4,0.4,0.43163888888888885,0.0,1.0,1.0,100,has_upperparts_color::brown,baseline
31,Black billed Cuckoo,30,13,21,17,0.43333333333333335,10,0.7692307692307693,0.47619047619047616,0.7745047760117418,0.5613636363636364,1.0,0.4386363636363636,100,has_upperparts_color::brown,baseline
69,Rufous Hummingbird,30,8,15,22,0.26666666666666666,6,0.75,0.4,0.7334324564324564,0.5,1.0,0.5,100,has_upperparts_color::brown,baseline
13,Bobolink,30,2,5,28,0.06666666666666667,1,0.5,0.2,0.5835317460317461,0.0,1.0,1.0,100,has_upperparts_color::brown,baseline
70,Green Violetear,30,2,4,28,0.06666666666666667,0,0.0,0.0,0.0,0.0,0.0,0.0,100,has_upperparts_color::brown,baseline
181,Worm eating Warbler,29,8,18,21,0.27586206896551724,7,0.875,0.3888888888888889,0.876563159063159,0.6172727272727273,1.0,0.3827272727272727,100,has_upperparts_color::brown,baseline
20,Yellow breasted Chat,29,6,4,23,0.20689655172413793,2,0.3333333333333333,0.5,0.32489430014430015,0.0,0.75,0.75,100,has_upperparts_color::brown,baseline
169,Magnolia Warbler,29,4,3,25,0.13793103448275862,2,0.5,0.6666666666666666,0.4967579365079366,0.0,1.0,1.0,100,has_upperparts_color::brown,baseline
168,Kentucky Warbler,29,0,3,29,0.0,0,,0.0,,,,,100,has_upperparts_color::brown,baseline
28,Brown Creeper,29,20,26,9,0.6896551724137931,17,0.85,0.6538461538461539,0.8382031705484357,0.6829545454545455,0.9793478260869561,0.29639328063241066,100,has_upperparts_color::brown,baseline
9,Brewer Blackbird,29,3,5,26,0.10344827586206896,2,0.6666666666666666,0.4,0.6753584229390681,0.0,1.0,1.0,100,has_upperparts_color::brown,baseline
166,Golden winged Warbler,29,1,1,28,0.034482758620689655,0,0.0,0.0,0.0,0.0,0.0,0.0,100,has_upperparts_color::brown,baseline
23,Brandt Cormorant,29,2,5,27,0.06896551724137931,1,0.5,0.2,0.47458471760797344,0.0,1.0,1.0,100,has_upperparts_color::brown,baseline
190,Red cockaded Woodpecker,29,6,8,23,0.20689655172413793,4,0.6666666666666666,0.5,0.6460386002886003,0.22375,1.0,0.77625,100,has_upperparts_color::brown,baseline
33,Yellow billed Cuckoo,29,14,10,15,0.4827586206896552,4,0.2857142857142857,0.4,0.29040415716034906,0.08333333333333333,0.5437499999999993,0.460416666666666,100,has_upperparts_color::brown,baseline
179,Tennessee Warbler,29,3,7,26,0.10344827586206896,1,0.3333333333333333,0.14285714285714285,0.32326388888888885,0.0,1.0,1.0,100,has_upperparts_color::brown,baseline
19,Gray Catbird,29,1,0,28,0.034482758620689655,0,0.0,,0.0,0.0,0.0,0.0,100,has_upperparts_color::brown,baseline
43,Yellow bellied Flycatcher,29,4,16,25,0.13793103448275862,4,1.0,0.25,1.0,1.0,1.0,0.0,100,has_upperparts_color::brown,baseline
117,Clay colored Sparrow,29,16,28,13,0.5517241379310345,16,1.0,0.5714285714285714,1.0,1.0,1.0,0.0,100,has_upperparts_color::brown,baseline
141,Artic Tern,29,0,0,29,0.0,0,,,,,,,100,has_upperparts_color::brown,baseline
160,Black throated Blue Warbler,29,2,0,27,0.06896551724137931,0,0.0,,0.0,0.0,0.0,0.0,100,has_upperparts_color::brown,baseline
119,Field Sparrow,29,15,27,14,0.5172413793103449,14,0.9333333333333333,0.5185185185185185,0.927511708578659,0.7591346153846154,1.0,0.24086538461538465,100,has_upperparts_color::brown,baseline
124,Le Conte Sparrow,29,9,23,20,0.3103448275862069,6,0.6666666666666666,0.2608695652173913,0.6685265567765566,0.26079545454545455,1.0,0.7392045454545455,100,has_upperparts_color::brown,baseline
125,Lincoln Sparrow,29,16,25,13,0.5517241379310345,14,0.875,0.56,0.8775747996712461,0.6765625,1.0,0.32343750000000004,100,has_upperparts_color::brown,baseline
115,Brewer Sparrow,29,14,27,15,0.4827586206896552,14,1.0,0.5185185185185185,1.0,1.0,1.0,0.0,100,has_upperparts_color::brown,baseline
60,Glaucous winged Gull,29,0,1,29,0.0,0,,0.0,,,,,100,has_upperparts_color::brown,baseline
78,Gray Kingbird,29,10,14,19,0.3448275862068966,5,0.5,0.35714285714285715,0.49956751581751574,0.18632478632478633,0.7777777777777778,0.5914529914529915,100,has_upperparts_color::brown,baseline
97,Orchard Oriole,29,3,11,26,0.10344827586206896,3,1.0,0.2727272727272727,1.0,1.0,1.0,0.0,100,has_upperparts_color::brown,baseline
149,Brown Thrasher,29,20,29,9,0.6896551724137931,20,1.0,0.6896551724137931,1.0,1.0,1.0,0.0,100,has_upperparts_color::brown,baseline
39,Least Flycatcher,29,9,16,20,0.3103448275862069,4,0.4444444444444444,0.25,0.44376767676767676,0.05937500000000001,0.75,0.690625,100,has_upperparts_color::brown,baseline
153,Philadelphia Vireo,29,1,6,28,0.034482758620689655,0,0.0,0.0,0.0,0.0,0.0,0.0,100,has_upperparts_color::brown,baseline
37,Acadian Flycatcher,29,10,24,19,0.3448275862068966,9,0.9,0.375,0.9041300921300922,0.6666666666666666,1.0,0.33333333333333337,100,has_upperparts_color::brown,baseline
157,Yellow throated Vireo,29,1,5,28,0.034482758620689655,0,0.0,0.0,0.0,0.0,0.0,0.0,100,has_upperparts_color::brown,baseline
34,Gray crowned Rosy Finch,29,18,25,11,0.6206896551724138,16,0.8888888888888888,0.64,0.8952468241443574,0.75,1.0,0.25,100,has_upperparts_color::brown,baseline
3,Sooty Albatross,28,2,6,26,0.07142857142857142,0,0.0,0.0,0.0,0.0,0.0,0.0,100,has_upperparts_color::brown,baseline
15,Lazuli Bunting,28,0,2,28,0.0,0,,0.0,,,,,100,has_upperparts_color::brown,baseline
16,Painted Bunting,28,3,0,25,0.10714285714285714,0,0.0,,0.0,0.0,0.0,0.0,100,has_upperparts_color::brown,baseline
58,Pigeon Guillemot,28,6,3,22,0.21428571428571427,1,0.16666666666666666,0.3333333333333333,0.15367063492063493,0.0,0.5374999999999994,0.5374999999999994,100,has_upperparts_color::brown,baseline
17,Cardinal,27,3,7,24,0.1111111111111111,2,0.6666666666666666,0.2857142857142857,0.746969696969697,0.0,1.0,1.0,100,has_upperparts_color::brown,baseline
75,Green Jay,27,0,1,27,0.0,0,,0.0,,,,,100,has_upperparts_color::brown,baseline
178,Swainson Warbler,26,18,21,8,0.6923076923076923,17,0.9444444444444444,0.8095238095238095,0.9473239901223647,0.8281862745098039,1.0,0.17181372549019613,100,has_upperparts_color::brown,baseline
12,Yellow headed Blackbird,26,1,2,25,0.038461538461538464,0,0.0,0.0,0.0,0.0,0.0,0.0,100,has_upperparts_color::brown,baseline
22,Chuck will Widow,26,13,25,13,0.5,13,1.0,0.52,1.0,1.0,1.0,0.0,100,has_upperparts_color::brown,baseline
7,Parakeet Auklet,23,1,1,22,0.043478260869565216,1,1.0,1.0,1.0,1.0,1.0,0.0,100,has_upperparts_color::brown,baseline
84,Red legged Kittiwake,23,1,0,22,0.043478260869565216,0,0.0,,0.0,0.0,0.0,0.0,100,has_upperparts_color::brown,baseline
32,Mangrove Cuckoo,23,4,5,19,0.17391304347826086,1,0.25,0.2,0.23101311953352768,0.0,0.8583333333333343,0.8583333333333343,100,has_upperparts_color::brown,baseline
24,Red faced Cormorant,22,0,0,22,0.0,0,,,,,,,100,has_upperparts_color::brown,baseline
151,Black capped Vireo,21,1,2,20,0.047619047619047616,0,0.0,0.0,0.0,0.0,0.0,0.0,100,has_upperparts_color::brown,baseline
113,Baird Sparrow,20,8,13,12,0.4,6,0.75,0.46153846153846156,0.7438593073593073,0.4135714285714286,1.0,0.5864285714285714,100,has_upperparts_color::brown,baseline
187,American Three toed Woodpecker,20,1,0,19,0.05,0,0.0,,0.0,0.0,0.0,0.0,100,has_upperparts_color::brown,baseline
65,Slaty backed Gull,20,2,1,18,0.1,0,0.0,0.0,0.0,0.0,0.0,0.0,100,has_upperparts_color::brown,baseline
101,White Pelican,20,1,3,19,0.05,0,0.0,0.0,0.0,0.0,0.0,0.0,100,has_upperparts_color::brown,baseline
105,Whip poor Will,19,11,16,8,0.5789473684210527,10,0.9090909090909091,0.625,0.919897852147852,0.75,1.0,0.25,100,has_upperparts_color::brown,baseline
8,Rhinoceros Auklet,18,6,4,12,0.3333333333333333,1,0.16666666666666666,0.25,0.1543697691197691,0.0,0.5,0.5,100,has_upperparts_color::brown,baseline
18,Spotted Catbird,15,1,9,14,0.06666666666666667,1,1.0,0.1111111111111111,1.0,1.0,1.0,0.0,100,has_upperparts_color::brown,baseline
5,Crested Auklet,14,1,3,13,0.07142857142857142,1,1.0,0.3333333333333333,1.0,1.0,1.0,0.0,100,has_upperparts_color::brown,baseline
6,Least Auklet,11,0,2,11,0.0,0,,0.0,,,,,100,has_upperparts_color::brown,baseline
1,Black footed Albatross,30,8,15,22,0.26666666666666666,5,0.625,0.3333333333333333,0.6225411255411255,0.2857142857142857,0.9087499999999998,0.6230357142857141,100,has_wing_color::black,baseline
143,Caspian Tern,30,6,4,24,0.2,1,0.16666666666666666,0.25,0.17454960317460316,0.0,0.5,0.5,100,has_wing_color::black,baseline
120,Fox Sparrow,30,3,10,27,0.1,2,0.6666666666666666,0.2,0.6578125,0.0,1.0,1.0,100,has_wing_color::black,baseline
121,Grasshopper Sparrow,30,13,20,17,0.43333333333333335,8,0.6153846153846154,0.4,0.6059547752728869,0.27375,0.8994949494949492,0.6257449494949492,100,has_wing_color::black,baseline
122,Harris Sparrow,30,20,21,10,0.6666666666666666,18,0.9,0.8571428571428571,0.9004812087764167,0.737929061784897,1.0,0.26207093821510297,100,has_wing_color::black,baseline
123,Henslow Sparrow,30,14,22,16,0.4666666666666667,10,0.7142857142857143,0.45454545454545453,0.7286434087927897,0.5139705882352941,0.9254166666666666,0.4114460784313725,100,has_wing_color::black,baseline
126,Nelson Sharp tailed Sparrow,30,8,14,22,0.26666666666666666,5,0.625,0.35714285714285715,0.6428616383616383,0.3158333333333333,0.9406249999999989,0.6247916666666656,100,has_wing_color::black,baseline
127,Savannah Sparrow,30,11,16,19,0.36666666666666664,8,0.7272727272727273,0.5,0.7096942452971864,0.40044642857142854,0.9200320512820512,0.5195856227106227,100,has_wing_color::black,baseline
128,Seaside Sparrow,30,5,17,25,0.16666666666666666,4,0.8,0.23529411764705882,0.8471650123165274,0.445,1.0,0.5549999999999999,100,has_wing_color::black,baseline
129,Song Sparrow,30,5,11,25,0.16666666666666666,2,0.4,0.18181818181818182,0.41961471861471855,0.0,0.9321428571428559,0.9321428571428559,100,has_wing_color::black,baseline
130,Tree Sparrow,30,14,17,16,0.4666666666666667,8,0.5714285714285714,0.47058823529411764,0.5981243988209932,0.3076923076923077,0.8461538461538461,0.5384615384615384,100,has_wing_color::black,baseline
131,Vesper Sparrow,30,9,17,21,0.3,7,0.7777777777777778,0.4117647058823529,0.7752534132534131,0.5,1.0,0.5,100,has_wing_color::black,baseline
132,White crowned Sparrow,30,7,24,23,0.23333333333333334,5,0.7142857142857143,0.20833333333333334,0.7193247585747587,0.25,1.0,0.75,100,has_wing_color::black,baseline
133,White throated Sparrow,30,15,20,15,0.5,11,0.7333333333333333,0.55,0.7283620799303595,0.5,0.9259615384615385,0.4259615384615385,100,has_wing_color::black,baseline
134,Cape Glossy Starling,30,15,25,15,0.5,15,1.0,0.6,1.0,1.0,1.0,0.0,100,has_wing_color::black,baseline
135,Bank Swallow,30,9,16,21,0.3,6,0.6666666666666666,0.375,0.6642753357753357,0.3690340909090909,1.0,0.6309659090909091,100,has_wing_color::black,baseline
136,Barn Swallow,30,15,27,15,0.5,14,0.9333333333333333,0.5185185185185185,0.9247107893396594,0.7925,1.0,0.20750000000000002,100,has_wing_color::black,baseline
137,Cliff Swallow,30,12,22,18,0.4,10,0.8333333333333334,0.45454545454545453,0.8208752414596069,0.5577922077922077,1.0,0.44220779220779227,100,has_wing_color::black,baseline
138,Tree Swallow,30,13,21,17,0.43333333333333335,9,0.6923076923076923,0.42857142857142855,0.7108850894547492,0.4409090909090909,1.0,0.5590909090909091,100,has_wing_color::black,baseline
139,Scarlet Tanager,30,25,30,5,0.8333333333333334,25,1.0,0.8333333333333334,1.0,1.0,1.0,0.0,100,has_wing_color::black,baseline
140,Summer Tanager,30,8,16,22,0.26666666666666666,6,0.75,0.375,0.7054527417027416,0.3333333333333333,0.9604166666666659,0.6270833333333325,100,has_wing_color::black,baseline
118,House Sparrow,30,13,13,17,0.43333333333333335,7,0.5384615384615384,0.5384615384615384,0.5407528622048745,0.2727272727272727,0.7778846153846153,0.5051573426573426,100,has_wing_color::black,baseline
116,Chipping Sparrow,30,13,17,17,0.43333333333333335,7,0.5384615384615384,0.4117647058823529,0.5333887695981349,0.2530748663101604,0.8182904411764704,0.56521557486631,100,has_wing_color::black,baseline
114,Black throated Sparrow,30,7,30,23,0.23333333333333334,7,1.0,0.23333333333333334,1.0,1.0,1.0,0.0,100,has_wing_color::black,baseline
2,Laysan Albatross,30,14,13,16,0.4666666666666667,8,0.5714285714285714,0.6153846153846154,0.5708510995798147,0.2757142857142857,0.8095454545454545,0.5338311688311688,100,has_wing_color::black,baseline
92,Nighthawk,30,14,26,16,0.4666666666666667,13,0.9285714285714286,0.5,0.9281258170793777,0.8059375,1.0,0.19406250000000003,100,has_wing_color::black,baseline
93,Clark Nutcracker,30,29,30,1,0.9666666666666667,29,1.0,0.9666666666666667,1.0,1.0,1.0,0.0,100,has_wing_color::black,baseline
94,White breasted Nuthatch,30,21,28,9,0.7,20,0.9523809523809523,0.7142857142857143,0.950610970269915,0.8523325358851674,1.0,0.14766746411483256,100,has_wing_color::black,baseline
95,Baltimore Oriole,30,27,30,3,0.9,27,1.0,0.9,1.0,1.0,1.0,0.0,100,has_wing_color::black,baseline
96,Hooded Oriole,30,25,29,5,0.8333333333333334,24,0.96,0.8275862068965517,0.9593722158567735,0.877375,1.0,0.12262499999999998,100,has_wing_color::black,baseline
98,Scott Oriole,30,24,30,6,0.8,24,1.0,0.8,1.0,1.0,1.0,0.0,100,has_wing_color::black,baseline
99,Ovenbird,30,1,10,29,0.03333333333333333,1,1.0,0.1,1.0,1.0,1.0,0.0,100,has_wing_color::black,baseline
100,Brown Pelican,30,11,19,19,0.36666666666666664,9,0.8181818181818182,0.47368421052631576,0.8181707508178095,0.5985576923076923,1.0,0.4014423076923077,100,has_wing_color::black,baseline
102,Western Wood Pewee,30,10,14,20,0.3333333333333333,5,0.5,0.35714285714285715,0.5153433739463151,0.11770833333333333,0.8333333333333334,0.7156250000000001,100,has_wing_color::black,baseline
112,Great Grey Shrike,30,21,22,9,0.7,19,0.9047619047619048,0.8636363636363636,0.90943198421357,0.7894736842105263,1.0,0.21052631578947367,100,has_wing_color::black,baseline
103,Sayornis,30,6,17,24,0.2,5,0.8333333333333334,0.29411764705882354,0.8108392857142855,0.5,1.0,0.5,100,has_wing_color::black,baseline
104,American Pipit,30,10,12,20,0.3333333333333333,5,0.5,0.4166666666666667,0.468657412032412,0.13348214285714285,0.7074999999999999,0.574017857142857,100,has_wing_color::black,baseline
106,Horned Puffin,30,20,30,10,0.6666666666666666,20,1.0,0.6666666666666666,1.0,1.0,1.0,0.0,100,has_wing_color::black,baseline
107,Common Raven,30,27,30,3,0.9,27,1.0,0.9,1.0,1.0,1.0,0.0,100,has_wing_color::black,baseline
108,White necked Raven,30,25,29,5,0.8333333333333334,24,0.96,0.8275862068965517,0.9577508587309188,0.8664525691699605,1.0,0.1335474308300395,100,has_wing_color::black,baseline
109,American Redstart,30,23,28,7,0.7666666666666667,21,0.9130434782608695,0.75,0.920290707457641,0.8123913043478261,1.0,0.18760869565217386,100,has_wing_color::black,baseline
110,Geococcyx,30,15,25,15,0.5,14,0.9333333333333333,0.56,0.9358832263367867,0.8111764705882353,1.0,0.18882352941176472,100,has_wing_color::black,baseline
111,Loggerhead Shrike,30,22,25,8,0.7333333333333333,20,0.9090909090909091,0.8,0.9063181808741304,0.780072463768116,1.0,0.219927536231884,100,has_wing_color::black,baseline
142,Black Tern,30,8,13,22,0.26666666666666666,4,0.5,0.3076923076923077,0.49709299034299037,0.11770833333333333,0.9406249999999989,0.8229166666666656,100,has_wing_color::black,baseline
144,Common Tern,30,4,7,26,0.13333333333333333,0,0.0,0.0,0.0,0.0,0.0,0.0,100,has_wing_color::black,baseline
90,Red breasted Merganser,30,12,22,18,0.4,10,0.8333333333333334,0.45454545454545453,0.8109212503183092,0.6541666666666667,1.0,0.3458333333333333,100,has_wing_color::black,baseline
145,Elegant Tern,30,3,7,27,0.1,1,0.3333333333333333,0.14285714285714285,0.3095496894409938,0.0,1.0,1.0,100,has_wing_color::black,baseline
176,Prairie Warbler,30,13,18,17,0.43333333333333335,7,0.5384615384615384,0.3888888888888889,0.5582496777388419,0.3198717948717949,0.787687969924812,0.46781617505301715,100,has_wing_color::black,baseline
177,Prothonotary Warbler,30,14,25,16,0.4666666666666667,13,0.9285714285714286,0.52,0.9211896826084134,0.7568181818181818,1.0,0.24318181818181817,100,has_wing_color::black,baseline
180,Wilson Warbler,30,8,19,22,0.26666666666666666,5,0.625,0.2631578947368421,0.6112790265290264,0.2,0.9406249999999989,0.740624999999999,100,has_wing_color::black,baseline
182,Yellow Warbler,30,14,16,16,0.4666666666666667,6,0.42857142857142855,0.375,0.43785803034255055,0.14285714285714285,0.6776041666666665,0.5347470238095235,100,has_wing_color::black,baseline
183,Northern Waterthrush,30,2,7,28,0.06666666666666667,1,0.5,0.14285714285714285,0.41741718426501034,0.0,1.0,1.0,100,has_wing_color::black,baseline
184,Louisiana Waterthrush,30,8,7,22,0.26666666666666666,3,0.375,0.42857142857142855,0.35057262182262183,0.0,0.75,0.75,100,has_wing_color::black,baseline
185,Bohemian Waxwing,30,13,27,17,0.43333333333333335,13,1.0,0.48148148148148145,1.0,1.0,1.0,0.0,100,has_wing_color::black,baseline
186,Cedar Waxwing,30,6,14,24,0.2,3,0.5,0.21428571428571427,0.5104459706959708,0.15416666666666667,0.9406249999999989,0.7864583333333323,100,has_wing_color::black,baseline
188,Pileated Woodpecker,30,29,28,1,0.9666666666666667,27,0.9310344827586207,0.9642857142857143,0.934233169129721,0.8446428571428571,1.0,0.15535714285714286,100,has_wing_color::black,baseline
189,Red bellied Woodpecker,30,29,29,1,0.9666666666666667,28,0.9655172413793104,0.9655172413793104,0.9661377485860245,0.89625,1.0,0.10375000000000001,100,has_wing_color::black,baseline
191,Red headed Woodpecker,30,25,28,5,0.8333333333333334,24,0.96,0.8571428571428571,0.9528522050912605,0.8630434782608696,1.0,0.13695652173913042,100,has_wing_color::black,baseline
192,Downy Woodpecker,30,30,30,0,1.0,30,1.0,1.0,1.0,1.0,1.0,0.0,100,has_wing_color::black,baseline
193,Bewick Wren,30,11,17,19,0.36666666666666664,6,0.5454545454545454,0.35294117647058826,0.556713236110295,0.2857142857142857,0.875,0.5892857142857143,100,has_wing_color::black,baseline
194,Cactus Wren,30,16,23,14,0.5333333333333333,12,0.75,0.5217391304347826,0.7545459035288756,0.5357692307692308,0.9306490384615383,0.39487980769230757,100,has_wing_color::black,baseline
195,Carolina Wren,30,11,13,19,0.36666666666666664,4,0.36363636363636365,0.3076923076923077,0.3626084054834054,0.10527777777777778,0.6666666666666666,0.5613888888888888,100,has_wing_color::black,baseline
196,House Wren,30,8,10,22,0.26666666666666666,4,0.5,0.4,0.5070673215673216,0.16666666666666666,0.8571428571428571,0.6904761904761905,100,has_wing_color::black,baseline
197,Marsh Wren,30,15,11,15,0.5,6,0.4,0.5454545454545454,0.40111620873966075,0.1713235294117647,0.6776041666666665,0.5062806372549018,100,has_wing_color::black,baseline
198,Rock Wren,30,7,8,23,0.23333333333333334,1,0.14285714285714285,0.125,0.16212590187590187,0.0,0.42291666666666655,0.42291666666666655,100,has_wing_color::black,baseline
199,Winter Wren,30,10,10,20,0.3333333333333333,4,0.4,0.4,0.39723877511377503,0.0,0.733035714285714,0.733035714285714,100,has_wing_color::black,baseline
175,Pine Warbler,30,9,22,21,0.3,9,1.0,0.4090909090909091,1.0,1.0,1.0,0.0,100,has_wing_color::black,baseline
174,Palm Warbler,30,10,9,20,0.3333333333333333,4,0.4,0.4444444444444444,0.4202065573315574,0.1111111111111111,0.75,0.6388888888888888,100,has_wing_color::black,baseline
173,Orange crowned Warbler,30,2,3,28,0.06666666666666667,1,0.5,0.3333333333333333,0.4729629629629629,0.0,1.0,1.0,100,has_wing_color::black,baseline
158,Bay breasted Warbler,30,17,28,13,0.5666666666666667,15,0.8823529411764706,0.5357142857142857,0.8826117319291735,0.7268382352941176,1.0,0.2731617647058824,100,has_wing_color::black,baseline
146,Forsters Tern,30,2,7,28,0.06666666666666667,0,0.0,0.0,0.0,0.0,0.0,0.0,100,has_wing_color::black,baseline
147,Least Tern,30,6,9,24,0.2,2,0.3333333333333333,0.2222222222222222,0.3257316017316017,0.0,0.75,0.75,100,has_wing_color::black,baseline
148,Green tailed Towhee,30,2,9,28,0.06666666666666667,0,0.0,0.0,0.0,0.0,0.0,0.0,100,has_wing_color::black,baseline
150,Sage Thrasher,30,6,13,24,0.2,3,0.5,0.23076923076923078,0.47073323898323904,0.15416666666666667,0.9406249999999989,0.7864583333333323,100,has_wing_color::black,baseline
152,Blue headed Vireo,30,16,19,14,0.5333333333333333,12,0.75,0.631578947368421,0.7498381518908843,0.5498798076923077,0.9444272445820433,0.3945474368897356,100,has_wing_color::black,baseline
154,Red eyed Vireo,30,5,4,25,0.16666666666666666,2,0.4,0.5,0.43641017316017316,0.0,0.9049999999999984,0.9049999999999984,100,has_wing_color::black,baseline
155,Warbling Vireo,30,2,4,28,0.06666666666666667,0,0.0,0.0,0.0,0.0,0.0,0.0,100,has_wing_color::black,baseline
156,White eyed Vireo,30,12,19,18,0.4,8,0.6666666666666666,0.42105263157894735,0.68842226074579,0.42986111111111114,0.935189075630252,0.5053279645191409,100,has_wing_color::black,baseline
159,Black and white Warbler,30,28,29,2,0.9333333333333333,27,0.9642857142857143,0.9310344827586207,0.9611001684139616,0.8907738095238095,1.0,0.10922619047619053,100,has_wing_color::black,baseline
172,Nashville Warbler,30,2,2,28,0.06666666666666667,0,0.0,0.0,0.0,0.0,0.0,0.0,100,has_wing_color::black,baseline
161,Blue winged Warbler,30,5,20,25,0.16666666666666666,4,0.8,0.2,0.7744642857142857,0.0,1.0,1.0,100,has_wing_color::black,baseline
162,Canada Warbler,30,9,11,21,0.3,4,0.4444444444444444,0.36363636363636365,0.47086595276068954,0.17386363636363636,0.721103896103896,0.5472402597402597,100,has_wing_color::black,baseline
163,Cape May Warbler,30,19,22,11,0.6333333333333333,15,0.7894736842105263,0.6818181818181818,0.798092739072447,0.594047619047619,0.9444444444444444,0.3503968253968254,100,has_wing_color::black,baseline
164,Cerulean Warbler,30,18,25,12,0.6,14,0.7777777777777778,0.56,0.7763276810385439,0.5789473684210527,0.9444444444444444,0.36549707602339176,100,has_wing_color::black,baseline
165,Chestnut sided Warbler,30,11,28,19,0.36666666666666664,11,1.0,0.39285714285714285,1.0,1.0,1.0,0.0,100,has_wing_color::black,baseline
167,Hooded Warbler,30,6,18,24,0.2,2,0.3333333333333333,0.1111111111111111,0.31611616161616163,0.0,0.7104166666666659,0.7104166666666659,100,has_wing_color::black,baseline
170,Mourning Warbler,30,3,8,27,0.1,0,0.0,0.0,0.0,0.0,0.0,0.0,100,has_wing_color::black,baseline
171,Myrtle Warbler,30,13,27,17,0.43333333333333335,13,1.0,0.48148148148148145,1.0,1.0,1.0,0.0,100,has_wing_color::black,baseline
91,Mockingbird,30,16,18,14,0.5333333333333333,11,0.6875,0.6111111111111112,0.6914882309383081,0.5,0.8823529411764706,0.38235294117647056,100,has_wing_color::black,baseline
200,Common Yellowthroat,30,2,14,28,0.06666666666666667,1,0.5,0.07142857142857142,0.4799999999999999,0.0,1.0,1.0,100,has_wing_color::black,baseline
89,Hooded Merganser,30,18,28,12,0.6,18,1.0,0.6428571428571429,1.0,1.0,1.0,0.0,100,has_wing_color::black,baseline
26,Bronzed Cowbird,30,24,30,6,0.8,24,1.0,0.8,1.0,1.0,1.0,0.0,100,has_wing_color::black,baseline
61,Heermann Gull,30,14,17,16,0.4666666666666667,8,0.5714285714285714,0.47058823529411764,0.57178976261097,0.2984375,0.8007352941176464,0.5022977941176464,100,has_wing_color::black,baseline
59,California Gull,30,9,15,21,0.3,6,0.6666666666666666,0.4,0.6477823973412208,0.3158333333333333,0.9047727272727272,0.5889393939393939,100,has_wing_color::black,baseline
25,Pelagic Cormorant,30,25,30,5,0.8333333333333334,25,1.0,0.8333333333333334,1.0,1.0,1.0,0.0,100,has_wing_color::black,baseline
57,Rose breasted Grosbeak,30,25,29,5,0.8333333333333334,25,1.0,0.8620689655172413,1.0,1.0,1.0,0.0,100,has_wing_color::black,baseline
56,Pine Grosbeak,30,16,29,14,0.5333333333333333,15,0.9375,0.5172413793103449,0.9435104941068563,0.8295454545454546,1.0,0.17045454545454541,100,has_wing_color::black,baseline
55,Evening Grosbeak,30,17,28,13,0.5666666666666667,15,0.8823529411764706,0.5357142857142857,0.881302187063023,0.6959615384615384,1.0,0.3040384615384616,100,has_wing_color::black,baseline
54,Blue Grosbeak,30,19,25,11,0.6333333333333333,15,0.7894736842105263,0.6,0.793277109862737,0.6028711484593838,0.9459795321637426,0.3431083837043588,100,has_wing_color::black,baseline
53,Western Grebe,30,13,23,17,0.43333333333333335,10,0.7692307692307693,0.43478260869565216,0.7657541845839059,0.5687500000000001,1.0,0.4312499999999999,100,has_wing_color::black,baseline
52,Pied billed Grebe,30,6,10,24,0.2,2,0.3333333333333333,0.2,0.3435248917748918,0.0,0.7937499999999993,0.7937499999999993,100,has_wing_color::black,baseline
51,Horned Grebe,30,13,18,17,0.43333333333333335,9,0.6923076923076923,0.5,0.6895328584813879,0.42986111111111114,0.9130681818181817,0.4832070707070706,100,has_wing_color::black,baseline
50,Eared Grebe,30,12,20,18,0.4,10,0.8333333333333334,0.5,0.8341600462660833,0.611875,1.0,0.38812500000000005,100,has_wing_color::black,baseline
49,Boat tailed Grackle,30,17,30,13,0.5666666666666667,17,1.0,0.5666666666666667,1.0,1.0,1.0,0.0,100,has_wing_color::black,baseline
48,European Goldfinch,30,27,28,3,0.9,25,0.9259259259259259,0.8928571428571429,0.9215444506074191,0.8076923076923077,1.0,0.1923076923076923,100,has_wing_color::black,baseline
47,American Goldfinch,30,23,28,7,0.7666666666666667,22,0.9565217391304348,0.7857142857142857,0.9623287081415622,0.8664525691699605,1.0,0.1335474308300395,100,has_wing_color::black,baseline
63,Ivory Gull,30,4,3,26,0.13333333333333333,1,0.25,0.3333333333333333,0.303265873015873,0.0,0.9049999999999984,0.9049999999999984,100,has_wing_color::black,baseline
46,Gadwall,30,6,11,24,0.2,2,0.3333333333333333,0.18181818181818182,0.3190573593073593,0.0,0.7762499999999996,0.7762499999999996,100,has_wing_color::black,baseline
45,Northern Fulmar,30,6,4,24,0.2,0,0.0,0.0,0.0,0.0,0.0,0.0,100,has_wing_color::black,baseline
44,Frigatebird,30,24,30,6,0.8,24,1.0,0.8,1.0,1.0,1.0,0.0,100,has_wing_color::black,baseline
88,Western Meadowlark,30,7,21,23,0.23333333333333334,4,0.5714285714285714,0.19047619047619047,0.5633686868686869,0.1261904761904762,0.9472222222222213,0.8210317460317451,100,has_wing_color::black,baseline
42,Vermilion Flycatcher,30,15,27,15,0.5,14,0.9333333333333333,0.5185185185185185,0.9266936436456561,0.7591346153846154,1.0,0.24086538461538465,100,has_wing_color::black,baseline
41,Scissor tailed Flycatcher,30,18,23,12,0.6,16,0.8888888888888888,0.6956521739130435,0.897078665292321,0.75,1.0,0.25,100,has_wing_color::black,baseline
27,Shiny Cowbird,30,24,27,6,0.8,23,0.9583333333333334,0.8518518518518519,0.9596739239064184,0.8602272727272727,1.0,0.13977272727272727,100,has_wing_color::black,baseline
40,Olive sided Flycatcher,30,12,15,18,0.4,7,0.5833333333333334,0.4666666666666667,0.5993519432923458,0.3198717948717949,0.8519230769230768,0.5320512820512819,100,has_wing_color::black,baseline
38,Great Crested Flycatcher,30,8,6,22,0.26666666666666666,3,0.375,0.5,0.3567642357642357,0.0,0.6666666666666666,0.6666666666666666,100,has_wing_color::black,baseline
36,Northern Flicker,30,16,28,14,0.5333333333333333,16,1.0,0.5714285714285714,1.0,1.0,1.0,0.0,100,has_wing_color::black,baseline
29,American Crow,30,29,30,1,0.9666666666666667,29,1.0,0.9666666666666667,1.0,1.0,1.0,0.0,100,has_wing_color::black,baseline
35,Purple Finch,30,5,7,25,0.16666666666666666,0,0.0,0.0,0.0,0.0,0.0,0.0,100,has_wing_color::black,baseline
30,Fish Crow,30,27,30,3,0.9,27,1.0,0.9,1.0,1.0,1.0,0.0,100,has_wing_color::black,baseline
21,Eastern Towhee,30,18,28,12,0.6,18,1.0,0.6428571428571429,1.0,1.0,1.0,0.0,100,has_wing_color::black,baseline
62,Herring Gull,30,5,5,25,0.16666666666666666,2,0.4,0.4,0.39704365079365084,0.0,1.0,1.0,100,has_wing_color::black,baseline
64,Ring billed Gull,30,7,4,23,0.23333333333333334,0,0.0,0.0,0.0,0.0,0.0,0.0,100,has_wing_color::black,baseline
73,Blue Jay,30,17,27,13,0.5666666666666667,16,0.9411764705882353,0.5925925925925926,0.9464680296054135,0.8333333333333334,1.0,0.16666666666666663,100,has_wing_color::black,baseline
87,Mallard,30,4,15,26,0.13333333333333333,3,0.75,0.2,0.7437520246193715,0.0,1.0,1.0,100,has_wing_color::black,baseline
86,Pacific Loon,30,21,16,9,0.7,13,0.6190476190476191,0.8125,0.6191265928701452,0.42105263157894735,0.8248721227621483,0.40381949118320093,100,has_wing_color::black,baseline
85,Horned Lark,30,9,16,21,0.3,3,0.3333333333333333,0.1875,0.3290076312576313,0.0,0.5638888888888888,0.5638888888888888,100,has_wing_color::black,baseline
4,Groove billed Ani,30,25,28,5,0.8333333333333334,23,0.92,0.8214285714285714,0.9187440671938424,0.8,1.0,0.19999999999999996,100,has_wing_color::black,baseline
83,White breasted Kingfisher,30,6,16,24,0.2,3,0.5,0.1875,0.48468578643578647,0.052777777777777785,0.8174999999999998,0.764722222222222,100,has_wing_color::black,baseline
82,Ringed Kingfisher,30,8,24,22,0.26666666666666666,8,1.0,0.3333333333333333,1.0,1.0,1.0,0.0,100,has_wing_color::black,baseline
81,Pied Kingfisher,30,24,30,6,0.8,24,1.0,0.8,1.0,1.0,1.0,0.0,100,has_wing_color::black,baseline
80,Green Kingfisher,30,19,25,11,0.6333333333333333,18,0.9473684210526315,0.72,0.943145991965887,0.8158333333333334,1.0,0.1841666666666666,100,has_wing_color::black,baseline
79,Belted Kingfisher,30,5,29,25,0.16666666666666666,5,1.0,0.1724137931034483,1.0,1.0,1.0,0.0,100,has_wing_color::black,baseline
10,Red winged Blackbird,30,26,30,4,0.8666666666666667,26,1.0,0.8666666666666667,1.0,1.0,1.0,0.0,100,has_wing_color::black,baseline
77,Tropical Kingbird,30,3,8,27,0.1,2,0.6666666666666666,0.25,0.6943859649122808,0.0,1.0,1.0,100,has_wing_color::black,baseline
11,Rusty Blackbird,30,22,29,8,0.7333333333333333,21,0.9545454545454546,0.7241379310344828,0.9511236988204109,0.8421052631578947,1.0,0.1578947368421053,100,has_wing_color::black,baseline
74,Florida Jay,30,3,1,27,0.1,1,0.3333333333333333,1.0,0.31882670594010803,0.0,1.0,1.0,100,has_wing_color::black,baseline
76,Dark eyed Junco,30,11,22,19,0.36666666666666664,10,0.9090909090909091,0.45454545454545453,0.919887543012543,0.72375,1.0,0.27625,100,has_wing_color::black,baseline
72,Pomarine Jaeger,30,14,21,16,0.4666666666666667,12,0.8571428571428571,0.5714285714285714,0.869333494206172,0.6852941176470588,1.0,0.31470588235294117,100,has_wing_color::black,baseline
14,Indigo Bunting,30,10,17,20,0.3333333333333333,6,0.6,0.35294117647058826,0.5901615884115883,0.27889610389610386,0.8947222222222221,0.6158261183261182,100,has_wing_color::black,baseline
66,Western Gull,30,6,16,24,0.2,4,0.6666666666666666,0.25,0.6578593073593073,0.0,1.0,1.0,100,has_wing_color::black,baseline
71,Long tailed Jaeger,30,10,18,20,0.3333333333333333,7,0.7,0.3888888888888889,0.7023957986457987,0.4,1.0,0.6,100,has_wing_color::black,baseline
67,Anna Hummingbird,30,8,15,22,0.26666666666666666,6,0.75,0.4,0.7496170218670218,0.4211111111111111,1.0,0.5788888888888889,100,has_wing_color::black,baseline
68,Ruby throated Hummingbird,30,3,12,27,0.1,0,0.0,0.0,0.0,0.0,0.0,0.0,100,has_wing_color::black,baseline
31,Black billed Cuckoo,30,2,3,28,0.06666666666666667,0,0.0,0.0,0.0,0.0,0.0,0.0,100,has_wing_color::black,baseline
69,Rufous Hummingbird,30,5,8,25,0.16666666666666666,0,0.0,0.0,0.0,0.0,0.0,0.0,100,has_wing_color::black,baseline
13,Bobolink,30,25,30,5,0.8333333333333334,25,1.0,0.8333333333333334,1.0,1.0,1.0,0.0,100,has_wing_color::black,baseline
70,Green Violetear,30,7,10,23,0.23333333333333334,2,0.2857142857142857,0.2,0.2944076479076479,0.0,0.6666666666666666,0.6666666666666666,100,has_wing_color::black,baseline
181,Worm eating Warbler,29,4,4,25,0.13793103448275862,0,0.0,0.0,0.0,0.0,0.0,0.0,100,has_wing_color::black,baseline
20,Yellow breasted Chat,29,9,14,20,0.3103448275862069,7,0.7777777777777778,0.5,0.7727092629592629,0.5,1.0,0.5,100,has_wing_color::black,baseline
169,Magnolia Warbler,29,23,26,6,0.7931034482758621,22,0.9565217391304348,0.8461538461538461,0.960094758299288,0.8636363636363636,1.0,0.13636363636363635,100,has_wing_color::black,baseline
168,Kentucky Warbler,29,7,7,22,0.2413793103448276,3,0.42857142857142855,0.42857142857142855,0.4091875901875902,0.0,0.8,0.8,100,has_wing_color::black,baseline
28,Brown Creeper,29,10,27,19,0.3448275862068966,10,1.0,0.37037037037037035,1.0,1.0,1.0,0.0,100,has_wing_color::black,baseline
9,Brewer Blackbird,29,22,28,7,0.7586206896551724,21,0.9545454545454546,0.75,0.9542371916370773,0.8571428571428571,1.0,0.1428571428571429,100,has_wing_color::black,baseline
166,Golden winged Warbler,29,13,22,16,0.4482758620689655,11,0.8461538461538461,0.5,0.8476300389067418,0.6666666666666666,1.0,0.33333333333333337,100,has_wing_color::black,baseline
23,Brandt Cormorant,29,16,24,13,0.5517241379310345,16,1.0,0.6666666666666666,1.0,1.0,1.0,0.0,100,has_wing_color::black,baseline
190,Red cockaded Woodpecker,29,25,29,4,0.8620689655172413,25,1.0,0.8620689655172413,1.0,1.0,1.0,0.0,100,has_wing_color::black,baseline
33,Yellow billed Cuckoo,29,3,6,26,0.10344827586206896,0,0.0,0.0,0.0,0.0,0.0,0.0,100,has_wing_color::black,baseline
179,Tennessee Warbler,29,13,6,16,0.4482758620689655,2,0.15384615384615385,0.3333333333333333,0.16172340417580355,0.0,0.46607142857142797,0.46607142857142797,100,has_wing_color::black,baseline
19,Gray Catbird,29,6,15,23,0.20689655172413793,4,0.6666666666666666,0.26666666666666666,0.6574346764346763,0.2,1.0,0.8,100,has_wing_color::black,baseline
43,Yellow bellied Flycatcher,29,12,19,17,0.41379310344827586,7,0.5833333333333334,0.3684210526315789,0.585444033778399,0.3158333333333333,0.8174999999999998,0.5016666666666665,100,has_wing_color::black,baseline
117,Clay colored Sparrow,29,11,14,18,0.3793103448275862,6,0.5454545454545454,0.42857142857142855,0.5509262616468499,0.2669642857142857,0.8400641025641025,0.5730998168498167,100,has_wing_color::black,baseline
141,Artic Tern,29,0,3,29,0.0,0,,0.0,,,,,100,has_wing_color::black,baseline
160,Black throated Blue Warbler,29,17,27,12,0.5862068965517241,16,0.9411764705882353,0.5925925925925926,0.9381865496474631,0.8253787878787879,1.0,0.17462121212121207,100,has_wing_color::black,baseline
119,Field Sparrow,29,13,10,16,0.4482758620689655,5,0.38461538461538464,0.5,0.3694671923363873,0.1005050505050505,0.6397727272727273,0.5392676767676767,100,has_wing_color::black,baseline
124,Le Conte Sparrow,29,19,18,10,0.6551724137931034,14,0.7368421052631579,0.7777777777777778,0.7378978619651391,0.5283333333333333,0.9411458333333332,0.4128124999999999,100,has_wing_color::black,baseline
125,Lincoln Sparrow,29,18,8,11,0.6206896551724138,5,0.2777777777777778,0.625,0.2784144174893771,0.06254901960784313,0.5124999999999998,0.4499509803921567,100,has_wing_color::black,baseline
115,Brewer Sparrow,29,7,15,22,0.2413793103448276,4,0.5714285714285714,0.26666666666666666,0.5493113275613276,0.1825,1.0,0.8175,100,has_wing_color::black,baseline
60,Glaucous winged Gull,29,1,3,28,0.034482758620689655,1,1.0,0.3333333333333333,1.0,1.0,1.0,0.0,100,has_wing_color::black,baseline
78,Gray Kingbird,29,7,12,22,0.2413793103448276,6,0.8571428571428571,0.5,0.8613517593517593,0.5339285714285714,1.0,0.4660714285714286,100,has_wing_color::black,baseline
97,Orchard Oriole,29,23,29,6,0.7931034482758621,23,1.0,0.7931034482758621,1.0,1.0,1.0,0.0,100,has_wing_color::black,baseline
149,Brown Thrasher,29,3,9,26,0.10344827586206896,2,0.6666666666666666,0.2222222222222222,0.6858646616541352,0.0,1.0,1.0,100,has_wing_color::black,baseline
39,Least Flycatcher,29,10,18,19,0.3448275862068966,7,0.7,0.3888888888888889,0.6960866943514001,0.3809090909090909,1.0,0.6190909090909091,100,has_wing_color::black,baseline
153,Philadelphia Vireo,29,9,5,20,0.3103448275862069,1,0.1111111111111111,0.2,0.11497091633856343,0.0,0.35520833333333296,0.35520833333333296,100,has_wing_color::black,baseline
37,Acadian Flycatcher,29,6,16,23,0.20689655172413793,3,0.5,0.1875,0.5002521645021645,0.06785714285714287,1.0,0.9321428571428572,100,has_wing_color::black,baseline
157,Yellow throated Vireo,29,10,20,19,0.3448275862068966,8,0.8,0.4,0.8200861360861361,0.5,1.0,0.5,100,has_wing_color::black,baseline
34,Gray crowned Rosy Finch,29,11,17,18,0.3793103448275862,6,0.5454545454545454,0.35294117647058826,0.5311439116439117,0.2067857142857143,0.7777777777777778,0.5709920634920636,100,has_wing_color::black,baseline
3,Sooty Albatross,28,4,16,24,0.14285714285714285,4,1.0,0.25,1.0,1.0,1.0,0.0,100,has_wing_color::black,baseline
15,Lazuli Bunting,28,17,26,11,0.6071428571428571,17,1.0,0.6538461538461539,1.0,1.0,1.0,0.0,100,has_wing_color::black,baseline
16,Painted Bunting,28,2,12,26,0.07142857142857142,0,0.0,0.0,0.0,0.0,0.0,0.0,100,has_wing_color::black,baseline
58,Pigeon Guillemot,28,16,25,12,0.5714285714285714,16,1.0,0.64,1.0,1.0,1.0,0.0,100,has_wing_color::black,baseline
17,Cardinal,27,8,10,19,0.2962962962962963,3,0.375,0.3,0.3867022144522144,0.0,0.6916666666666662,0.6916666666666662,100,has_wing_color::black,baseline
75,Green Jay,27,0,13,27,0.0,0,,0.0,,,,,100,has_wing_color::black,baseline
178,Swainson Warbler,26,3,3,23,0.11538461538461539,0,0.0,0.0,0.0,0.0,0.0,0.0,100,has_wing_color::black,baseline
12,Yellow headed Blackbird,26,21,26,5,0.8076923076923077,21,1.0,0.8076923076923077,1.0,1.0,1.0,0.0,100,has_wing_color::black,baseline
22,Chuck will Widow,26,7,10,19,0.2692307692307692,4,0.5714285714285714,0.4,0.542839466089466,0.2,0.866517857142857,0.6665178571428569,100,has_wing_color::black,baseline
7,Parakeet Auklet,23,14,23,9,0.6086956521739131,14,1.0,0.6086956521739131,1.0,1.0,1.0,0.0,100,has_wing_color::black,baseline
84,Red legged Kittiwake,23,7,6,16,0.30434782608695654,0,0.0,0.0,0.0,0.0,0.0,0.0,100,has_wing_color::black,baseline
32,Mangrove Cuckoo,23,5,14,18,0.21739130434782608,3,0.6,0.21428571428571427,0.5873910533910534,0.0,1.0,1.0,100,has_wing_color::black,baseline
24,Red faced Cormorant,22,15,22,7,0.6818181818181818,15,1.0,0.6818181818181818,1.0,1.0,1.0,0.0,100,has_wing_color::black,baseline
151,Black capped Vireo,21,10,20,11,0.47619047619047616,9,0.9,0.45,0.9114424464424463,0.6666666666666666,1.0,0.33333333333333337,100,has_wing_color::black,baseline
113,Baird Sparrow,20,4,7,16,0.2,1,0.25,0.14285714285714285,0.24952876984126984,0.0,0.9375,0.9375,100,has_wing_color::black,baseline
187,American Three toed Woodpecker,20,17,20,3,0.85,17,1.0,0.85,1.0,1.0,1.0,0.0,100,has_wing_color::black,baseline
65,Slaty backed Gull,20,12,9,8,0.6,6,0.5,0.6666666666666666,0.5005905760905761,0.20506993006993007,0.7853846153846151,0.580314685314685,100,has_wing_color::black,baseline
101,White Pelican,20,5,1,15,0.25,1,0.2,1.0,0.21688961038961035,0.0,0.7049999999999983,0.7049999999999983,100,has_wing_color::black,baseline
105,Whip poor Will,19,6,11,13,0.3157894736842105,4,0.6666666666666666,0.36363636363636365,0.6908892496392496,0.2633333333333333,1.0,0.7366666666666667,100,has_wing_color::black,baseline
8,Rhinoceros Auklet,18,10,17,8,0.5555555555555556,10,1.0,0.5882352941176471,1.0,1.0,1.0,0.0,100,has_wing_color::black,baseline
18,Spotted Catbird,15,3,3,12,0.2,0,0.0,0.0,0.0,0.0,0.0,0.0,100,has_wing_color::black,baseline
5,Crested Auklet,14,9,14,5,0.6428571428571429,9,1.0,0.6428571428571429,1.0,1.0,1.0,0.0,100,has_wing_color::black,baseline
6,Least Auklet,11,6,10,5,0.5454545454545454,6,1.0,0.6,1.0,1.0,1.0,0.0,100,has_wing_color::black,baseline
1,Black footed Albatross,30,0,7,30,0.0,0,,0.0,,,,,100,has_breast_color::white,baseline
143,Caspian Tern,30,26,30,4,0.8666666666666667,26,1.0,0.8666666666666667,1.0,1.0,1.0,0.0,100,has_breast_color::white,baseline
120,Fox Sparrow,30,19,20,11,0.6333333333333333,15,0.7894736842105263,0.75,0.784225714267934,0.5938235294117648,0.94875,0.35492647058823523,100,has_breast_color::white,baseline
121,Grasshopper Sparrow,30,5,19,25,0.16666666666666666,4,0.8,0.21052631578947367,0.8062970979637646,0.42,1.0,0.5800000000000001,100,has_breast_color::white,baseline
122,Harris Sparrow,30,23,22,7,0.7666666666666667,17,0.7391304347826086,0.7727272727272727,0.7298237508359935,0.5476136363636364,0.8947222222222221,0.3471085858585857,100,has_breast_color::white,baseline
123,Henslow Sparrow,30,10,10,20,0.3333333333333333,6,0.6,0.6,0.6224065925904161,0.38461538461538464,0.8947222222222221,0.5101068376068374,100,has_breast_color::white,baseline
126,Nelson Sharp tailed Sparrow,30,11,4,19,0.36666666666666664,2,0.18181818181818182,0.5,0.18017025226235756,0.0,0.39999999999999947,0.39999999999999947,100,has_breast_color::white,baseline
127,Savannah Sparrow,30,14,23,16,0.4666666666666667,12,0.8571428571428571,0.5217391304347826,0.8585541131555064,0.6397435897435898,1.0,0.3602564102564102,100,has_breast_color::white,baseline
128,Seaside Sparrow,30,6,2,24,0.2,0,0.0,0.0,0.0,0.0,0.0,0.0,100,has_breast_color::white,baseline
129,Song Sparrow,30,16,21,14,0.5333333333333333,10,0.625,0.47619047619047616,0.6198007781430516,0.3847222222222222,0.8344965675057207,0.44977434528349847,100,has_breast_color::white,baseline
130,Tree Sparrow,30,10,20,20,0.3333333333333333,6,0.6,0.3,0.591798474916896,0.26079545454545455,0.8888888888888888,0.6280934343434343,100,has_breast_color::white,baseline
131,Vesper Sparrow,30,16,19,14,0.5333333333333333,9,0.5625,0.47368421052631576,0.5670587115842534,0.29615384615384616,0.8110863095238096,0.5149324633699635,100,has_breast_color::white,baseline
132,White crowned Sparrow,30,8,25,22,0.26666666666666666,7,0.875,0.28,0.874029637029637,0.6316666666666666,1.0,0.3683333333333334,100,has_breast_color::white,baseline
133,White throated Sparrow,30,10,18,20,0.3333333333333333,5,0.5,0.2777777777777778,0.4916519314019315,0.2067857142857143,0.7142857142857143,0.5075000000000001,100,has_breast_color::white,baseline
134,Cape Glossy Starling,30,0,0,30,0.0,0,,,,,,,100,has_breast_color::white,baseline
135,Bank Swallow,30,13,19,17,0.43333333333333335,7,0.5384615384615384,0.3684210526315789,0.5534415037576802,0.3333333333333333,0.8,0.46666666666666673,100,has_breast_color::white,baseline
136,Barn Swallow,30,9,1,21,0.3,1,0.1111111111111111,1.0,0.1115821384497855,0.0,0.31749999999999967,0.31749999999999967,100,has_breast_color::white,baseline
137,Cliff Swallow,30,8,9,22,0.26666666666666666,3,0.375,0.3333333333333333,0.37051481851481843,0.0,0.6916666666666662,0.6916666666666662,100,has_breast_color::white,baseline
138,Tree Swallow,30,27,24,3,0.9,22,0.8148148148148148,0.9166666666666666,0.8227604355913951,0.6850961538461539,0.9184166666666667,0.2333205128205128,100,has_breast_color::white,baseline
139,Scarlet Tanager,30,0,0,30,0.0,0,,,,,,,100,has_breast_color::white,baseline
140,Summer Tanager,30,0,0,30,0.0,0,,,,,,,100,has_breast_color::white,baseline
118,House Sparrow,30,7,17,23,0.23333333333333334,4,0.5714285714285714,0.23529411764705882,0.601098124098124,0.1825,1.0,0.8175,100,has_breast_color::white,baseline
116,Chipping Sparrow,30,14,25,16,0.4666666666666667,11,0.7857142857142857,0.44,0.7936164460324675,0.59125,1.0,0.40874999999999995,100,has_breast_color::white,baseline
114,Black throated Sparrow,30,17,18,13,0.5666666666666667,10,0.5882352941176471,0.5555555555555556,0.6047531478333067,0.39246323529411764,0.8333333333333334,0.44087009803921573,100,has_breast_color::white,baseline
2,Laysan Albatross,30,24,24,6,0.8,21,0.875,0.875,0.8711712601345998,0.7451388888888889,0.983035714285714,0.2378968253968251,100,has_breast_color::white,baseline
92,Nighthawk,30,15,13,15,0.5,7,0.4666666666666667,0.5384615384615384,0.4677526421377041,0.2329185520361991,0.6955882352941175,0.4626696832579184,100,has_breast_color::white,baseline
93,Clark Nutcracker,30,7,19,23,0.23333333333333334,5,0.7142857142857143,0.2631578947368421,0.7444945054945055,0.42857142857142855,1.0,0.5714285714285714,100,has_breast_color::white,baseline
94,White breasted Nuthatch,30,20,28,10,0.6666666666666666,18,0.9,0.6428571428571429,0.8937996226907656,0.7354166666666666,1.0,0.2645833333333334,100,has_breast_color::white,baseline
95,Baltimore Oriole,30,1,0,29,0.03333333333333333,0,0.0,,0.0,0.0,0.0,0.0,100,has_breast_color::white,baseline
96,Hooded Oriole,30,0,0,30,0.0,0,,,,,,,100,has_breast_color::white,baseline
98,Scott Oriole,30,0,0,30,0.0,0,,,,,,,100,has_breast_color::white,baseline
99,Ovenbird,30,20,21,10,0.6666666666666666,16,0.8,0.7619047619047619,0.8032391001684883,0.6098429951690821,0.9523809523809523,0.3425379572118702,100,has_breast_color::white,baseline
100,Brown Pelican,30,8,15,22,0.26666666666666666,5,0.625,0.3333333333333333,0.6360205072705074,0.2669642857142857,1.0,0.7330357142857142,100,has_breast_color::white,baseline
102,Western Wood Pewee,30,14,14,16,0.4666666666666667,8,0.5714285714285714,0.5714285714285714,0.5629263269410328,0.3198717948717949,0.7857142857142857,0.4658424908424908,100,has_breast_color::white,baseline
112,Great Grey Shrike,30,18,21,12,0.6,14,0.7777777777777778,0.6666666666666666,0.784694355893878,0.6056985294117647,0.9459795321637426,0.3402810027519779,100,has_breast_color::white,baseline
103,Sayornis,30,7,13,23,0.23333333333333334,5,0.7142857142857143,0.38461538461538464,0.7045505050505051,0.353125,1.0,0.646875,100,has_breast_color::white,baseline
104,American Pipit,30,2,9,28,0.06666666666666667,2,1.0,0.2222222222222222,1.0,1.0,1.0,0.0,100,has_breast_color::white,baseline
106,Horned Puffin,30,19,21,11,0.6333333333333333,16,0.8421052631578947,0.7619047619047619,0.8425310596752077,0.6738636363636363,1.0,0.32613636363636367,100,has_breast_color::white,baseline
107,Common Raven,30,0,0,30,0.0,0,,,,,,,100,has_breast_color::white,baseline
108,White necked Raven,30,0,3,30,0.0,0,,0.0,,,,,100,has_breast_color::white,baseline
109,American Redstart,30,4,6,26,0.13333333333333333,2,0.5,0.3333333333333333,0.5298661215327882,0.0,1.0,1.0,100,has_breast_color::white,baseline
110,Geococcyx,30,6,19,24,0.2,5,0.8333333333333334,0.2631578947368421,0.845674603174603,0.5,1.0,0.5,100,has_breast_color::white,baseline
111,Loggerhead Shrike,30,22,25,8,0.7333333333333333,18,0.8181818181818182,0.72,0.8299701001709885,0.6666666666666666,1.0,0.33333333333333337,100,has_breast_color::white,baseline
142,Black Tern,30,11,22,19,0.36666666666666664,10,0.9090909090909091,0.45454545454545453,0.8985877292641997,0.6666666666666666,1.0,0.33333333333333337,100,has_breast_color::white,baseline
144,Common Tern,30,25,29,5,0.8333333333333334,24,0.96,0.8275862068965517,0.966021285125558,0.8721467391304347,1.0,0.12785326086956528,100,has_breast_color::white,baseline
90,Red breasted Merganser,30,8,11,22,0.26666666666666666,3,0.375,0.2727272727272727,0.3445414862914863,0.0,0.6916666666666662,0.6916666666666662,100,has_breast_color::white,baseline
145,Elegant Tern,30,29,30,1,0.9666666666666667,29,1.0,0.9666666666666667,1.0,1.0,1.0,0.0,100,has_breast_color::white,baseline
176,Prairie Warbler,30,0,0,30,0.0,0,,,,,,,100,has_breast_color::white,baseline
177,Prothonotary Warbler,30,0,2,30,0.0,0,,0.0,,,,,100,has_breast_color::white,baseline
180,Wilson Warbler,30,0,0,30,0.0,0,,,,,,,100,has_breast_color::white,baseline
182,Yellow Warbler,30,1,0,29,0.03333333333333333,0,0.0,,0.0,0.0,0.0,0.0,100,has_breast_color::white,baseline
183,Northern Waterthrush,30,16,14,14,0.5333333333333333,8,0.5,0.5714285714285714,0.5052598608821518,0.2171875,0.7819444444444443,0.5647569444444444,100,has_breast_color::white,baseline
184,Louisiana Waterthrush,30,22,28,8,0.7333333333333333,21,0.9545454545454546,0.75,0.9522935250254001,0.8375,1.0,0.16249999999999998,100,has_breast_color::white,baseline
185,Bohemian Waxwing,30,6,10,24,0.2,4,0.6666666666666666,0.4,0.6136190476190477,0.07916666666666668,1.0,0.9208333333333333,100,has_breast_color::white,baseline
186,Cedar Waxwing,30,0,2,30,0.0,0,,0.0,,,,,100,has_breast_color::white,baseline
188,Pileated Woodpecker,30,1,6,29,0.03333333333333333,1,1.0,0.16666666666666666,1.0,1.0,1.0,0.0,100,has_breast_color::white,baseline
189,Red bellied Woodpecker,30,22,27,8,0.7333333333333333,19,0.8636363636363636,0.7037037037037037,0.8693407993311884,0.7380681818181818,1.0,0.2619318181818182,100,has_breast_color::white,baseline
191,Red headed Woodpecker,30,22,13,8,0.7333333333333333,10,0.45454545454545453,0.7692307692307693,0.4580409507988758,0.2727272727272727,0.628138528138528,0.3554112554112553,100,has_breast_color::white,baseline
192,Downy Woodpecker,30,27,25,3,0.9,22,0.8148148148148148,0.88,0.8198078866854728,0.6666666666666666,0.9298645320197044,0.2631978653530378,100,has_breast_color::white,baseline
193,Bewick Wren,30,16,15,14,0.5333333333333333,11,0.6875,0.7333333333333333,0.6969667444175454,0.5,0.9332589285714286,0.43325892857142856,100,has_breast_color::white,baseline
194,Cactus Wren,30,9,14,21,0.3,6,0.6666666666666666,0.42857142857142855,0.6652980214230216,0.40044642857142854,0.956818181818181,0.5563717532467525,100,has_breast_color::white,baseline
195,Carolina Wren,30,5,14,25,0.16666666666666666,4,0.8,0.2857142857142857,0.8181297097963763,0.5,1.0,0.5,100,has_breast_color::white,baseline
196,House Wren,30,10,6,20,0.3333333333333333,6,0.6,1.0,0.6037202519702519,0.2925,0.8888888888888888,0.5963888888888889,100,has_breast_color::white,baseline
197,Marsh Wren,30,17,15,13,0.5666666666666667,10,0.5882352941176471,0.6666666666666666,0.5892903388773324,0.34464285714285714,0.7757352941176469,0.4310924369747897,100,has_breast_color::white,baseline
198,Rock Wren,30,10,16,20,0.3333333333333333,5,0.5,0.3125,0.5323963511978218,0.23541666666666666,0.855208333333333,0.6197916666666663,100,has_breast_color::white,baseline
199,Winter Wren,30,8,2,22,0.26666666666666666,2,0.25,1.0,0.26435037185037186,0.0,0.6841666666666664,0.6841666666666664,100,has_breast_color::white,baseline
175,Pine Warbler,30,1,3,29,0.03333333333333333,0,0.0,0.0,0.0,0.0,0.0,0.0,100,has_breast_color::white,baseline
174,Palm Warbler,30,7,5,23,0.23333333333333334,2,0.2857142857142857,0.4,0.29883658008658004,0.0,0.75,0.75,100,has_breast_color::white,baseline
173,Orange crowned Warbler,30,2,3,28,0.06666666666666667,1,0.5,0.3333333333333333,0.4571428571428571,0.0,1.0,1.0,100,has_breast_color::white,baseline
158,Bay breasted Warbler,30,11,19,19,0.36666666666666664,10,0.9090909090909091,0.5263157894736842,0.9134011364452541,0.7301515151515151,1.0,0.2698484848484849,100,has_breast_color::white,baseline
146,Forsters Tern,30,29,30,1,0.9666666666666667,29,1.0,0.9666666666666667,1.0,1.0,1.0,0.0,100,has_breast_color::white,baseline
147,Least Tern,30,27,29,3,0.9,27,1.0,0.9310344827586207,1.0,1.0,1.0,0.0,100,has_breast_color::white,baseline
148,Green tailed Towhee,30,7,7,23,0.23333333333333334,1,0.14285714285714285,0.14285714285714285,0.13812323787323788,0.0,0.4031249999999995,0.4031249999999995,100,has_breast_color::white,baseline
150,Sage Thrasher,30,18,14,12,0.6,9,0.5,0.6428571428571429,0.5026557636886079,0.25625,0.7174999999999997,0.4612499999999997,100,has_breast_color::white,baseline
152,Blue headed Vireo,30,21,24,9,0.7,18,0.8571428571428571,0.75,0.8568492038924564,0.7095,0.9592083333333333,0.2497083333333333,100,has_breast_color::white,baseline
154,Red eyed Vireo,30,26,28,4,0.8666666666666667,25,0.9615384615384616,0.8928571428571429,0.9637927495792563,0.8907738095238095,1.0,0.10922619047619053,100,has_breast_color::white,baseline
155,Warbling Vireo,30,21,23,9,0.7,16,0.7619047619047619,0.6956521739130435,0.7566309045985347,0.5547500000000001,0.9236956521739128,0.36894565217391273,100,has_breast_color::white,baseline
156,White eyed Vireo,30,9,10,21,0.3,5,0.5555555555555556,0.5,0.5520157897657897,0.2669642857142857,0.8796428571428567,0.612678571428571,100,has_breast_color::white,baseline
159,Black and white Warbler,30,24,28,6,0.8,24,1.0,0.8571428571428571,1.0,1.0,1.0,0.0,100,has_breast_color::white,baseline
172,Nashville Warbler,30,2,2,28,0.06666666666666667,0,0.0,0.0,0.0,0.0,0.0,0.0,100,has_breast_color::white,baseline
161,Blue winged Warbler,30,0,0,30,0.0,0,,,,,,,100,has_breast_color::white,baseline
162,Canada Warbler,30,1,1,29,0.03333333333333333,1,1.0,1.0,1.0,1.0,1.0,0.0,100,has_breast_color::white,baseline
163,Cape May Warbler,30,0,2,30,0.0,0,,0.0,,,,,100,has_breast_color::white,baseline
164,Cerulean Warbler,30,21,24,9,0.7,17,0.8095238095238095,0.7083333333333334,0.7998691559256897,0.625,0.9523809523809523,0.32738095238095233,100,has_breast_color::white,baseline
165,Chestnut sided Warbler,30,18,25,12,0.6,17,0.9444444444444444,0.68,0.9453470862209385,0.8,1.0,0.19999999999999996,100,has_breast_color::white,baseline
167,Hooded Warbler,30,0,0,30,0.0,0,,,,,,,100,has_breast_color::white,baseline
170,Mourning Warbler,30,1,2,29,0.03333333333333333,0,0.0,0.0,0.0,0.0,0.0,0.0,100,has_breast_color::white,baseline
171,Myrtle Warbler,30,13,14,17,0.43333333333333335,7,0.5384615384615384,0.5,0.5409894049019437,0.21461538461538462,0.7737179487179486,0.559102564102564,100,has_breast_color::white,baseline
91,Mockingbird,30,12,20,18,0.4,9,0.75,0.45,0.7574079048746231,0.5454545454545454,0.9720588235294113,0.4266042780748659,100,has_breast_color::white,baseline
200,Common Yellowthroat,30,0,1,30,0.0,0,,0.0,,,,,100,has_breast_color::white,baseline
89,Hooded Merganser,30,18,4,12,0.6,3,0.16666666666666666,0.75,0.17596363336376458,0.022619047619047622,0.3684210526315789,0.34580200501253133,100,has_breast_color::white,baseline
26,Bronzed Cowbird,30,0,0,30,0.0,0,,,,,,,100,has_breast_color::white,baseline
61,Heermann Gull,30,8,19,22,0.26666666666666666,5,0.625,0.2631578947368421,0.6465012487512489,0.21055555555555555,0.9097222222222219,0.6991666666666663,100,has_breast_color::white,baseline
59,California Gull,30,28,29,2,0.9333333333333333,28,1.0,0.9655172413793104,1.0,1.0,1.0,0.0,100,has_breast_color::white,baseline
25,Pelagic Cormorant,30,0,2,30,0.0,0,,0.0,,,,,100,has_breast_color::white,baseline
57,Rose breasted Grosbeak,30,14,21,16,0.4666666666666667,9,0.6428571428571429,0.42857142857142855,0.6473903928029315,0.353125,0.9149999999999998,0.5618749999999998,100,has_breast_color::white,baseline
56,Pine Grosbeak,30,0,5,30,0.0,0,,0.0,,,,,100,has_breast_color::white,baseline
55,Evening Grosbeak,30,2,2,28,0.06666666666666667,0,0.0,0.0,0.0,0.0,0.0,0.0,100,has_breast_color::white,baseline
54,Blue Grosbeak,30,2,0,28,0.06666666666666667,0,0.0,,0.0,0.0,0.0,0.0,100,has_breast_color::white,baseline
53,Western Grebe,30,19,23,11,0.6333333333333333,16,0.8421052631578947,0.6956521739130435,0.8528319522212878,0.6590579710144927,0.9784090909090906,0.31935111989459786,100,has_breast_color::white,baseline
52,Pied billed Grebe,30,2,3,28,0.06666666666666667,1,0.5,0.3333333333333333,0.5188852813852814,0.0,1.0,1.0,100,has_breast_color::white,baseline
51,Horned Grebe,30,10,10,20,0.3333333333333333,6,0.6,0.6,0.5652196969696969,0.2857142857142857,0.8883928571428565,0.6026785714285708,100,has_breast_color::white,baseline
50,Eared Grebe,30,4,7,26,0.13333333333333333,2,0.5,0.2857142857142857,0.46962261094914154,0.0,1.0,1.0,100,has_breast_color::white,baseline
49,Boat tailed Grackle,30,1,0,29,0.03333333333333333,0,0.0,,0.0,0.0,0.0,0.0,100,has_breast_color::white,baseline
48,European Goldfinch,30,23,18,7,0.7666666666666667,16,0.6956521739130435,0.8888888888888888,0.7066267752712888,0.5215909090909091,0.8722272727272726,0.3506363636363635,100,has_breast_color::white,baseline
47,American Goldfinch,30,2,1,28,0.06666666666666667,1,0.5,1.0,0.5749019607843138,0.0,1.0,1.0,100,has_breast_color::white,baseline
63,Ivory Gull,30,28,30,2,0.9333333333333333,28,1.0,0.9333333333333333,1.0,1.0,1.0,0.0,100,has_breast_color::white,baseline
46,Gadwall,30,6,7,24,0.2,0,0.0,0.0,0.0,0.0,0.0,0.0,100,has_breast_color::white,baseline
45,Northern Fulmar,30,22,24,8,0.7333333333333333,21,0.9545454545454546,0.875,0.9529664699597141,0.84475,1.0,0.15525,100,has_breast_color::white,baseline
44,Frigatebird,30,13,11,17,0.43333333333333335,7,0.5384615384615384,0.6363636363636364,0.5389006927884636,0.28970588235294115,0.8261363636363636,0.5364304812834224,100,has_breast_color::white,baseline
88,Western Meadowlark,30,3,7,27,0.1,2,0.6666666666666666,0.2857142857142857,0.6664930555555556,0.0,1.0,1.0,100,has_breast_color::white,baseline
42,Vermilion Flycatcher,30,0,1,30,0.0,0,,0.0,,,,,100,has_breast_color::white,baseline
41,Scissor tailed Flycatcher,30,17,23,13,0.5666666666666667,16,0.9411764705882353,0.6956521739130435,0.9379903341730136,0.8181818181818182,1.0,0.18181818181818177,100,has_breast_color::white,baseline
27,Shiny Cowbird,30,2,0,28,0.06666666666666667,0,0.0,,0.0,0.0,0.0,0.0,100,has_breast_color::white,baseline
40,Olive sided Flycatcher,30,19,14,11,0.6333333333333333,10,0.5263157894736842,0.7142857142857143,0.5236153794045503,0.2969117647058824,0.7116666666666664,0.4147549019607841,100,has_breast_color::white,baseline
38,Great Crested Flycatcher,30,4,9,26,0.13333333333333333,1,0.25,0.1111111111111111,0.21917588584255251,0.0,0.6666666666666666,0.6666666666666666,100,has_breast_color::white,baseline
36,Northern Flicker,30,5,12,25,0.16666666666666666,3,0.6,0.25,0.6600079365079364,0.25,1.0,0.75,100,has_breast_color::white,baseline
29,American Crow,30,0,0,30,0.0,0,,,,,,,100,has_breast_color::white,baseline
35,Purple Finch,30,10,3,20,0.3333333333333333,1,0.1,0.3333333333333333,0.08680264017028723,0.0,0.2857142857142857,0.2857142857142857,100,has_breast_color::white,baseline
30,Fish Crow,30,0,0,30,0.0,0,,,,,,,100,has_breast_color::white,baseline
21,Eastern Towhee,30,15,10,15,0.5,5,0.3333333333333333,0.5,0.3262417843164747,0.07708333333333334,0.5714285714285714,0.49434523809523806,100,has_breast_color::white,baseline
62,Herring Gull,30,26,29,4,0.8666666666666667,25,0.9615384615384616,0.8620689655172413,0.9592721004079285,0.8842222222222222,1.0,0.11577777777777776,100,has_breast_color::white,baseline
64,Ring billed Gull,30,29,29,1,0.9666666666666667,28,0.9655172413793104,0.9655172413793104,0.9652236818098888,0.8928571428571429,1.0,0.1071428571428571,100,has_breast_color::white,baseline
73,Blue Jay,30,13,19,17,0.43333333333333335,9,0.6923076923076923,0.47368421052631576,0.7049670979175624,0.38159722222222225,1.0,0.6184027777777777,100,has_breast_color::white,baseline
87,Mallard,30,1,10,29,0.03333333333333333,0,0.0,0.0,0.0,0.0,0.0,0.0,100,has_breast_color::white,baseline
86,Pacific Loon,30,15,17,15,0.5,12,0.8,0.7058823529411765,0.7961713930634208,0.5766666666666667,1.0,0.42333333333333334,100,has_breast_color::white,baseline
85,Horned Lark,30,17,14,13,0.5666666666666667,10,0.5882352941176471,0.7142857142857143,0.5851322123775179,0.3684722222222222,0.7819444444444443,0.41347222222222213,100,has_breast_color::white,baseline
4,Groove billed Ani,30,1,0,29,0.03333333333333333,0,0.0,,0.0,0.0,0.0,0.0,100,has_breast_color::white,baseline
83,White breasted Kingfisher,30,20,7,10,0.6666666666666666,6,0.3,0.8571428571428571,0.30070885152933546,0.11463815789473684,0.4645933014354065,0.34995514354066964,100,has_breast_color::white,baseline
82,Ringed Kingfisher,30,7,12,23,0.23333333333333334,2,0.2857142857142857,0.16666666666666666,0.30674383949383954,0.0,0.6666666666666666,0.6666666666666666,100,has_breast_color::white,baseline
81,Pied Kingfisher,30,24,28,6,0.8,22,0.9166666666666666,0.7857142857142857,0.9152726213331516,0.7856818181818181,1.0,0.21431818181818185,100,has_breast_color::white,baseline
80,Green Kingfisher,30,12,16,18,0.4,8,0.6666666666666666,0.5,0.6646058084072791,0.42857142857142855,0.9164335664335663,0.4878621378621378,100,has_breast_color::white,baseline
79,Belted Kingfisher,30,18,23,12,0.6,13,0.7222222222222222,0.5652173913043478,0.7277683001347526,0.4708333333333333,0.9219494047619045,0.45111607142857113,100,has_breast_color::white,baseline
10,Red winged Blackbird,30,0,1,30,0.0,0,,0.0,,,,,100,has_breast_color::white,baseline
77,Tropical Kingbird,30,5,1,25,0.16666666666666666,0,0.0,0.0,0.0,0.0,0.0,0.0,100,has_breast_color::white,baseline
11,Rusty Blackbird,30,2,1,28,0.06666666666666667,0,0.0,0.0,0.0,0.0,0.0,0.0,100,has_breast_color::white,baseline
74,Florida Jay,30,11,8,19,0.36666666666666664,4,0.36363636363636365,0.5,0.35821461089649953,0.04318181818181819,0.6131249999999998,0.5699431818181816,100,has_breast_color::white,baseline
76,Dark eyed Junco,30,7,16,23,0.23333333333333334,4,0.5714285714285714,0.25,0.5494071206571206,0.16666666666666666,0.866517857142857,0.6998511904761904,100,has_breast_color::white,baseline
72,Pomarine Jaeger,30,15,12,15,0.5,9,0.6,0.75,0.5848831286962092,0.3576923076923077,0.8612980769230767,0.5036057692307689,100,has_breast_color::white,baseline
14,Indigo Bunting,30,0,3,30,0.0,0,,0.0,,,,,100,has_breast_color::white,baseline
66,Western Gull,30,27,30,3,0.9,27,1.0,0.9,1.0,1.0,1.0,0.0,100,has_breast_color::white,baseline
71,Long tailed Jaeger,30,13,15,17,0.43333333333333335,9,0.6923076923076923,0.6,0.6785778151586974,0.42857142857142855,0.866517857142857,0.43794642857142846,100,has_breast_color::white,baseline
67,Anna Hummingbird,30,15,12,15,0.5,8,0.5333333333333333,0.6666666666666666,0.5738870825167265,0.30056561085972855,0.8738095238095235,0.5732439129497949,100,has_breast_color::white,baseline
68,Ruby throated Hummingbird,30,20,15,10,0.6666666666666666,13,0.65,0.8666666666666667,0.6548970368941966,0.43875,0.8768939393939391,0.43814393939393914,100,has_breast_color::white,baseline
31,Black billed Cuckoo,30,23,23,7,0.7666666666666667,18,0.782608695652174,0.782608695652174,0.7796840949547403,0.6071022727272728,0.9306490384615383,0.32354676573426555,100,has_breast_color::white,baseline
69,Rufous Hummingbird,30,14,11,16,0.4666666666666667,6,0.42857142857142855,0.5454545454545454,0.4283339410847151,0.1757692307692308,0.6776041666666665,0.5018349358974357,100,has_breast_color::white,baseline
13,Bobolink,30,1,1,29,0.03333333333333333,0,0.0,0.0,0.0,0.0,0.0,0.0,100,has_breast_color::white,baseline
70,Green Violetear,30,0,1,30,0.0,0,,0.0,,,,,100,has_breast_color::white,baseline
181,Worm eating Warbler,29,3,7,26,0.10344827586206896,2,0.6666666666666666,0.2857142857142857,0.709896584896585,0.0,1.0,1.0,100,has_breast_color::white,baseline
20,Yellow breasted Chat,29,3,2,26,0.10344827586206896,0,0.0,0.0,0.0,0.0,0.0,0.0,100,has_breast_color::white,baseline
169,Magnolia Warbler,29,2,1,27,0.06896551724137931,0,0.0,0.0,0.0,0.0,0.0,0.0,100,has_breast_color::white,baseline
168,Kentucky Warbler,29,1,1,28,0.034482758620689655,0,0.0,0.0,0.0,0.0,0.0,0.0,100,has_breast_color::white,baseline
28,Brown Creeper,29,22,26,7,0.7586206896551724,20,0.9090909090909091,0.7692307692307693,0.9039113105666613,0.7708916083916084,1.0,0.22910839160839158,100,has_breast_color::white,baseline
9,Brewer Blackbird,29,0,0,29,0.0,0,,,,,,,100,has_breast_color::white,baseline
166,Golden winged Warbler,29,11,13,18,0.3793103448275862,6,0.5454545454545454,0.46153846153846156,0.5468489851651617,0.26079545454545455,0.8505514705882349,0.5897560160427804,100,has_breast_color::white,baseline
23,Brandt Cormorant,29,0,1,29,0.0,0,,0.0,,,,,100,has_breast_color::white,baseline
190,Red cockaded Woodpecker,29,13,27,16,0.4482758620689655,11,0.8461538461538461,0.4074074074074074,0.8643680503363166,0.6606534090909091,1.0,0.3393465909090909,100,has_breast_color::white,baseline
33,Yellow billed Cuckoo,29,26,22,3,0.896551724137931,19,0.7307692307692307,0.8636363636363636,0.7339781511508648,0.5799679487179487,0.8822916666666665,0.3023237179487178,100,has_breast_color::white,baseline
179,Tennessee Warbler,29,13,8,16,0.4482758620689655,5,0.38461538461538464,0.625,0.3707668989507224,0.05937500000000001,0.6397727272727273,0.5803977272727272,100,has_breast_color::white,baseline
19,Gray Catbird,29,3,7,26,0.10344827586206896,2,0.6666666666666666,0.2857142857142857,0.6131559766763849,0.0,1.0,1.0,100,has_breast_color::white,baseline
43,Yellow bellied Flycatcher,29,9,5,20,0.3103448275862069,3,0.3333333333333333,0.6,0.35086013986013986,0.11770833333333333,0.6349999999999993,0.517291666666666,100,has_breast_color::white,baseline
117,Clay colored Sparrow,29,12,21,17,0.41379310344827586,10,0.8333333333333334,0.47619047619047616,0.8274937121701827,0.6153846153846154,1.0,0.3846153846153846,100,has_breast_color::white,baseline
141,Artic Tern,29,24,28,5,0.8275862068965517,24,1.0,0.8571428571428571,1.0,1.0,1.0,0.0,100,has_breast_color::white,baseline
160,Black throated Blue Warbler,29,24,16,5,0.8275862068965517,14,0.5833333333333334,0.875,0.5760703402070049,0.4,0.7779150197628458,0.3779150197628458,100,has_breast_color::white,baseline
119,Field Sparrow,29,14,17,15,0.4827586206896552,11,0.7857142857142857,0.6470588235294118,0.7710505794515082,0.5417832167832167,0.9285714285714286,0.3867882117882119,100,has_breast_color::white,baseline
124,Le Conte Sparrow,29,7,6,22,0.2413793103448276,3,0.42857142857142855,0.5,0.4199110889110889,0.0,0.9321428571428559,0.9321428571428559,100,has_breast_color::white,baseline
125,Lincoln Sparrow,29,11,14,18,0.3793103448275862,6,0.5454545454545454,0.42857142857142855,0.5396726187039654,0.23541666666666666,0.7737179487179486,0.538301282051282,100,has_breast_color::white,baseline
115,Brewer Sparrow,29,11,15,18,0.3793103448275862,7,0.6363636363636364,0.4666666666666667,0.6434787124640066,0.30365384615384616,1.0,0.6963461538461538,100,has_breast_color::white,baseline
60,Glaucous winged Gull,29,26,28,3,0.896551724137931,25,0.9615384615384616,0.8928571428571429,0.9670630336652075,0.8984848484848484,1.0,0.10151515151515156,100,has_breast_color::white,baseline
78,Gray Kingbird,29,22,25,7,0.7586206896551724,19,0.8636363636363636,0.76,0.8609548466564619,0.7318181818181818,0.9824074074074071,0.25058922558922525,100,has_breast_color::white,baseline
97,Orchard Oriole,29,0,1,29,0.0,0,,0.0,,,,,100,has_breast_color::white,baseline
149,Brown Thrasher,29,12,13,17,0.41379310344827586,7,0.5833333333333334,0.5384615384615384,0.5616805408643644,0.21055555555555555,0.806944444444444,0.5963888888888884,100,has_breast_color::white,baseline
39,Least Flycatcher,29,13,10,16,0.4482758620689655,7,0.5384615384615384,0.7,0.547808983800857,0.25686813186813184,0.7600961538461537,0.5032280219780219,100,has_breast_color::white,baseline
153,Philadelphia Vireo,29,8,9,21,0.27586206896551724,4,0.5,0.4444444444444444,0.4878693251193251,0.16666666666666666,0.8174999999999998,0.6508333333333332,100,has_breast_color::white,baseline
37,Acadian Flycatcher,29,11,16,18,0.3793103448275862,10,0.9090909090909091,0.625,0.9014806027306028,0.6666666666666666,1.0,0.33333333333333337,100,has_breast_color::white,baseline
157,Yellow throated Vireo,29,2,6,27,0.06896551724137931,2,1.0,0.3333333333333333,1.0,1.0,1.0,0.0,100,has_breast_color::white,baseline
34,Gray crowned Rosy Finch,29,1,6,28,0.034482758620689655,0,0.0,0.0,0.0,0.0,0.0,0.0,100,has_breast_color::white,baseline
3,Sooty Albatross,28,3,8,25,0.10714285714285714,2,0.6666666666666666,0.25,0.6484536082474226,0.0,1.0,1.0,100,has_breast_color::white,baseline
15,Lazuli Bunting,28,6,3,22,0.21428571428571427,2,0.3333333333333333,0.6666666666666666,0.359314935064935,0.0,0.8458333333333331,0.8458333333333331,100,has_breast_color::white,baseline
16,Painted Bunting,28,0,0,28,0.0,0,,,,,,,100,has_breast_color::white,baseline
58,Pigeon Guillemot,28,2,2,26,0.07142857142857142,2,1.0,1.0,1.0,1.0,1.0,0.0,100,has_breast_color::white,baseline
17,Cardinal,27,0,2,27,0.0,0,,0.0,,,,,100,has_breast_color::white,baseline
75,Green Jay,27,1,2,26,0.037037037037037035,0,0.0,0.0,0.0,0.0,0.0,0.0,100,has_breast_color::white,baseline
178,Swainson Warbler,26,17,14,9,0.6538461538461539,10,0.5882352941176471,0.7142857142857143,0.5750422220538319,0.3041666666666667,0.8,0.49583333333333335,100,has_breast_color::white,baseline
12,Yellow headed Blackbird,26,0,0,26,0.0,0,,,,,,,100,has_breast_color::white,baseline
22,Chuck will Widow,26,5,7,21,0.19230769230769232,2,0.4,0.2857142857142857,0.40832539682539687,0.0,0.8,0.8,100,has_breast_color::white,baseline
7,Parakeet Auklet,23,18,15,5,0.782608695652174,13,0.7222222222222222,0.8666666666666667,0.7216408024380159,0.5277863777089783,0.9174999999999998,0.38971362229102147,100,has_breast_color::white,baseline
84,Red legged Kittiwake,23,21,23,2,0.9130434782608695,21,1.0,0.9130434782608695,1.0,1.0,1.0,0.0,100,has_breast_color::white,baseline
32,Mangrove Cuckoo,23,8,2,15,0.34782608695652173,1,0.125,0.5,0.12023376623376622,0.0,0.43124999999999974,0.43124999999999974,100,has_breast_color::white,baseline
24,Red faced Cormorant,22,0,0,22,0.0,0,,,,,,,100,has_breast_color::white,baseline
151,Black capped Vireo,21,16,16,5,0.7619047619047619,12,0.75,0.75,0.7520323305865102,0.5438888888888889,0.9068376068376065,0.36294871794871764,100,has_breast_color::white,baseline
113,Baird Sparrow,20,8,14,12,0.4,6,0.75,0.42857142857142855,0.727389665889666,0.4,1.0,0.6,100,has_breast_color::white,baseline
187,American Three toed Woodpecker,20,13,13,7,0.65,10,0.7692307692307693,0.7692307692307693,0.7371113151554327,0.4825,0.9166666666666666,0.43416666666666665,100,has_breast_color::white,baseline
65,Slaty backed Gull,20,16,16,4,0.8,14,0.875,0.875,0.8748783138086544,0.7333333333333333,1.0,0.2666666666666667,100,has_breast_color::white,baseline
101,White Pelican,20,16,20,4,0.8,16,1.0,0.8,1.0,1.0,1.0,0.0,100,has_breast_color::white,baseline
105,Whip poor Will,19,4,8,15,0.21052631578947367,3,0.75,0.375,0.7364603174603174,0.3333333333333333,1.0,0.6666666666666667,100,has_breast_color::white,baseline
8,Rhinoceros Auklet,18,5,5,13,0.2777777777777778,2,0.4,0.4,0.3966089466089467,0.0,1.0,1.0,100,has_breast_color::white,baseline
18,Spotted Catbird,15,3,1,12,0.2,1,0.3333333333333333,1.0,0.3303842940685046,0.0,1.0,1.0,100,has_breast_color::white,baseline
5,Crested Auklet,14,2,2,12,0.14285714285714285,1,0.5,0.5,0.5129032258064516,0.0,1.0,1.0,100,has_breast_color::white,baseline
6,Least Auklet,11,7,10,4,0.6363636363636364,7,1.0,0.7,1.0,1.0,1.0,0.0,100,has_breast_color::white,baseline
1,Black footed Albatross,30,8,11,22,0.26666666666666666,6,0.75,0.5454545454545454,0.7846184093684093,0.5,1.0,0.5,100,has_wing_color::grey,baseline
143,Caspian Tern,30,9,25,21,0.3,6,0.6666666666666666,0.24,0.6952118992118992,0.3690340909090909,0.9604166666666659,0.591382575757575,100,has_wing_color::grey,baseline
120,Fox Sparrow,30,7,5,23,0.23333333333333334,1,0.14285714285714285,0.2,0.15083477633477632,0.0,0.5524999999999991,0.5524999999999991,100,has_wing_color::grey,baseline
121,Grasshopper Sparrow,30,6,15,24,0.2,3,0.5,0.2,0.5163008658008658,0.0,1.0,1.0,100,has_wing_color::grey,baseline
122,Harris Sparrow,30,7,9,23,0.23333333333333334,4,0.5714285714285714,0.4444444444444444,0.5858791486291487,0.2925,1.0,0.7075,100,has_wing_color::grey,baseline
123,Henslow Sparrow,30,5,3,25,0.16666666666666666,0,0.0,0.0,0.0,0.0,0.0,0.0,100,has_wing_color::grey,baseline
126,Nelson Sharp tailed Sparrow,30,10,3,20,0.3333333333333333,1,0.1,0.3333333333333333,0.08136703574203574,0.0,0.24873737373737329,0.24873737373737329,100,has_wing_color::grey,baseline
127,Savannah Sparrow,30,7,5,23,0.23333333333333334,0,0.0,0.0,0.0,0.0,0.0,0.0,100,has_wing_color::grey,baseline
128,Seaside Sparrow,30,12,11,18,0.4,3,0.25,0.2727272727272727,0.24114255760579287,0.06254901960784313,0.5524999999999991,0.48995098039215595,100,has_wing_color::grey,baseline
129,Song Sparrow,30,7,2,23,0.23333333333333334,1,0.14285714285714285,0.5,0.14570436507936507,0.0,0.5524999999999991,0.5524999999999991,100,has_wing_color::grey,baseline
130,Tree Sparrow,30,6,9,24,0.2,3,0.5,0.3333333333333333,0.4809007936507937,0.0,1.0,1.0,100,has_wing_color::grey,baseline
131,Vesper Sparrow,30,10,7,20,0.3333333333333333,1,0.1,0.14285714285714285,0.10058266733266732,0.0,0.31749999999999967,0.31749999999999967,100,has_wing_color::grey,baseline
132,White crowned Sparrow,30,10,13,20,0.3333333333333333,5,0.5,0.38461538461538464,0.4840287629037629,0.2,0.8107142857142853,0.6107142857142853,100,has_wing_color::grey,baseline
133,White throated Sparrow,30,5,8,25,0.16666666666666666,2,0.4,0.25,0.3875039682539683,0.0,0.8812499999999979,0.8812499999999979,100,has_wing_color::grey,baseline
134,Cape Glossy Starling,30,1,0,29,0.03333333333333333,0,0.0,,0.0,0.0,0.0,0.0,100,has_wing_color::grey,baseline
135,Bank Swallow,30,11,14,19,0.36666666666666664,9,0.8181818181818182,0.6428571428571429,0.8036880685533937,0.5384615384615384,1.0,0.46153846153846156,100,has_wing_color::grey,baseline
136,Barn Swallow,30,1,3,29,0.03333333333333333,0,0.0,0.0,0.0,0.0,0.0,0.0,100,has_wing_color::grey,baseline
137,Cliff Swallow,30,4,6,26,0.13333333333333333,1,0.25,0.16666666666666666,0.2326785714285714,0.0,0.7104166666666659,0.7104166666666659,100,has_wing_color::grey,baseline
138,Tree Swallow,30,6,4,24,0.2,0,0.0,0.0,0.0,0.0,0.0,0.0,100,has_wing_color::grey,baseline
139,Scarlet Tanager,30,2,1,28,0.06666666666666667,0,0.0,0.0,0.0,0.0,0.0,0.0,100,has_wing_color::grey,baseline
140,Summer Tanager,30,1,0,29,0.03333333333333333,0,0.0,,0.0,0.0,0.0,0.0,100,has_wing_color::grey,baseline
118,House Sparrow,30,8,9,22,0.26666666666666666,4,0.5,0.4444444444444444,0.4981522366522366,0.14285714285714285,0.8174999999999998,0.6746428571428569,100,has_wing_color::grey,baseline
116,Chipping Sparrow,30,6,6,24,0.2,1,0.16666666666666666,0.16666666666666666,0.13940018315018313,0.0,0.5,0.5,100,has_wing_color::grey,baseline
114,Black throated Sparrow,30,15,19,15,0.5,11,0.7333333333333333,0.5789473684210527,0.7209556868570026,0.5,0.9230769230769231,0.42307692307692313,100,has_wing_color::grey,baseline
2,Laysan Albatross,30,7,14,23,0.23333333333333334,3,0.42857142857142855,0.21428571428571427,0.39887695637695636,0.0,0.6666666666666666,0.6666666666666666,100,has_wing_color::grey,baseline
92,Nighthawk,30,12,2,18,0.4,2,0.16666666666666666,1.0,0.15619103119103117,0.0,0.39269230769230756,0.39269230769230756,100,has_wing_color::grey,baseline
93,Clark Nutcracker,30,12,22,18,0.4,8,0.6666666666666666,0.36363636363636365,0.6744141512082691,0.3795673076923077,0.9229166666666666,0.543349358974359,100,has_wing_color::grey,baseline
94,White breasted Nuthatch,30,21,26,9,0.7,19,0.9047619047619048,0.7307692307692307,0.9071588334501682,0.7670454545454545,1.0,0.23295454545454553,100,has_wing_color::grey,baseline
95,Baltimore Oriole,30,6,4,24,0.2,0,0.0,0.0,0.0,0.0,0.0,0.0,100,has_wing_color::grey,baseline
96,Hooded Oriole,30,6,1,24,0.2,0,0.0,0.0,0.0,0.0,0.0,0.0,100,has_wing_color::grey,baseline
98,Scott Oriole,30,7,3,23,0.23333333333333334,2,0.2857142857142857,0.6666666666666666,0.31279695304695304,0.0,0.733035714285714,0.733035714285714,100,has_wing_color::grey,baseline
99,Ovenbird,30,5,6,25,0.16666666666666666,2,0.4,0.3333333333333333,0.4055194805194805,0.0,0.9249999999999996,0.9249999999999996,100,has_wing_color::grey,baseline
100,Brown Pelican,30,11,4,19,0.36666666666666664,2,0.18181818181818182,0.5,0.18814897847250792,0.0,0.42857142857142855,0.42857142857142855,100,has_wing_color::grey,baseline
102,Western Wood Pewee,30,13,18,17,0.43333333333333335,12,0.9230769230769231,0.6666666666666666,0.9293940689943012,0.7692307692307693,1.0,0.23076923076923073,100,has_wing_color::grey,baseline
112,Great Grey Shrike,30,16,25,14,0.5333333333333333,14,0.875,0.56,0.8748580214075571,0.7233333333333333,1.0,0.2766666666666667,100,has_wing_color::grey,baseline
103,Sayornis,30,6,17,24,0.2,5,0.8333333333333334,0.29411764705882354,0.8362723665223666,0.4625,1.0,0.5375,100,has_wing_color::grey,baseline
104,American Pipit,30,14,16,16,0.4666666666666667,10,0.7142857142857143,0.625,0.7052826432683242,0.41781250000000003,0.9087499999999998,0.4909374999999998,100,has_wing_color::grey,baseline
106,Horned Puffin,30,2,6,28,0.06666666666666667,0,0.0,0.0,0.0,0.0,0.0,0.0,100,has_wing_color::grey,baseline
107,Common Raven,30,4,4,26,0.13333333333333333,2,0.5,0.5,0.49880142533203753,0.0,1.0,1.0,100,has_wing_color::grey,baseline
108,White necked Raven,30,6,3,24,0.2,1,0.16666666666666666,0.3333333333333333,0.18033766233766232,0.0,0.5,0.5,100,has_wing_color::grey,baseline
109,American Redstart,30,6,5,24,0.2,2,0.3333333333333333,0.4,0.323755772005772,0.0,0.7541666666666652,0.7541666666666652,100,has_wing_color::grey,baseline
110,Geococcyx,30,6,4,24,0.2,1,0.16666666666666666,0.25,0.1558217893217893,0.0,0.5,0.5,100,has_wing_color::grey,baseline
111,Loggerhead Shrike,30,14,25,16,0.4666666666666667,12,0.8571428571428571,0.48,0.8630063036378824,0.6507575757575758,1.0,0.34924242424242424,100,has_wing_color::grey,baseline
142,Black Tern,30,19,21,11,0.6333333333333333,16,0.8421052631578947,0.7619047619047619,0.8436044820695078,0.675,1.0,0.32499999999999996,100,has_wing_color::grey,baseline
144,Common Tern,30,15,25,15,0.5,10,0.6666666666666666,0.4,0.6740453541986048,0.43798076923076923,0.8888888888888888,0.4509081196581196,100,has_wing_color::grey,baseline
90,Red breasted Merganser,30,15,8,15,0.5,2,0.13333333333333333,0.25,0.12294080747254121,0.0,0.3333333333333333,0.3333333333333333,100,has_wing_color::grey,baseline
145,Elegant Tern,30,17,28,13,0.5666666666666667,15,0.8823529411764706,0.5357142857142857,0.8744219105067471,0.6563725490196078,1.0,0.34362745098039216,100,has_wing_color::grey,baseline
176,Prairie Warbler,30,8,18,22,0.26666666666666666,6,0.75,0.3333333333333333,0.7513749306249305,0.4361111111111111,1.0,0.5638888888888889,100,has_wing_color::grey,baseline
177,Prothonotary Warbler,30,15,21,15,0.5,12,0.8,0.5714285714285714,0.7977358889390623,0.581030701754386,0.9762499999999995,0.3952192982456135,100,has_wing_color::grey,baseline
180,Wilson Warbler,30,12,9,18,0.4,4,0.3333333333333333,0.4444444444444444,0.34482139974748327,0.08693181818181818,0.605208333333333,0.5182765151515148,100,has_wing_color::grey,baseline
182,Yellow Warbler,30,6,6,24,0.2,1,0.16666666666666666,0.16666666666666666,0.15939430014430012,0.0,0.5,0.5,100,has_wing_color::grey,baseline
183,Northern Waterthrush,30,10,13,20,0.3333333333333333,8,0.8,0.6153846153846154,0.8098021145521146,0.5502525252525252,1.0,0.4497474747474748,100,has_wing_color::grey,baseline
184,Louisiana Waterthrush,30,13,17,17,0.43333333333333335,10,0.7692307692307693,0.5882352941176471,0.782644215304819,0.5667410714285714,1.0,0.43325892857142856,100,has_wing_color::grey,baseline
185,Bohemian Waxwing,30,14,9,16,0.4666666666666667,4,0.2857142857142857,0.4444444444444444,0.295958001664658,0.1,0.5678362573099414,0.4678362573099414,100,has_wing_color::grey,baseline
186,Cedar Waxwing,30,13,8,17,0.43333333333333335,7,0.5384615384615384,0.875,0.5537211222729799,0.2825,0.8107142857142853,0.5282142857142853,100,has_wing_color::grey,baseline
188,Pileated Woodpecker,30,1,4,29,0.03333333333333333,0,0.0,0.0,0.0,0.0,0.0,0.0,100,has_wing_color::grey,baseline
189,Red bellied Woodpecker,30,3,2,27,0.1,0,0.0,0.0,0.0,0.0,0.0,0.0,100,has_wing_color::grey,baseline
191,Red headed Woodpecker,30,2,3,28,0.06666666666666667,1,0.5,0.3333333333333333,0.47215909090909086,0.0,1.0,1.0,100,has_wing_color::grey,baseline
192,Downy Woodpecker,30,2,0,28,0.06666666666666667,0,0.0,,0.0,0.0,0.0,0.0,100,has_wing_color::grey,baseline
193,Bewick Wren,30,6,6,24,0.2,3,0.5,0.5,0.49451731601731597,0.0,0.8458333333333331,0.8458333333333331,100,has_wing_color::grey,baseline
194,Cactus Wren,30,6,3,24,0.2,2,0.3333333333333333,0.6666666666666666,0.3249415584415584,0.0,0.75,0.75,100,has_wing_color::grey,baseline
195,Carolina Wren,30,4,3,26,0.13333333333333333,0,0.0,0.0,0.0,0.0,0.0,0.0,100,has_wing_color::grey,baseline
196,House Wren,30,4,7,26,0.13333333333333333,1,0.25,0.14285714285714285,0.2739557226399332,0.0,1.0,1.0,100,has_wing_color::grey,baseline
197,Marsh Wren,30,4,7,26,0.13333333333333333,1,0.25,0.14285714285714285,0.24179365079365073,0.0,1.0,1.0,100,has_wing_color::grey,baseline
198,Rock Wren,30,12,10,18,0.4,4,0.3333333333333333,0.4,0.32766803131509015,0.0,0.6190909090909088,0.6190909090909088,100,has_wing_color::grey,baseline
199,Winter Wren,30,2,4,28,0.06666666666666667,0,0.0,0.0,0.0,0.0,0.0,0.0,100,has_wing_color::grey,baseline
175,Pine Warbler,30,22,27,8,0.7333333333333333,22,1.0,0.8148148148148148,1.0,1.0,1.0,0.0,100,has_wing_color::grey,baseline
174,Palm Warbler,30,8,13,22,0.26666666666666666,5,0.625,0.38461538461538464,0.6621396103896102,0.353125,1.0,0.646875,100,has_wing_color::grey,baseline
173,Orange crowned Warbler,30,15,12,15,0.5,8,0.5333333333333333,0.6666666666666666,0.5402568896961312,0.3333333333333333,0.7670814479638008,0.43374811463046753,100,has_wing_color::grey,baseline
158,Bay breasted Warbler,30,14,15,16,0.4666666666666667,6,0.42857142857142855,0.4,0.4447169000160486,0.1713235294117647,0.721103896103896,0.5497803666921313,100,has_wing_color::grey,baseline
146,Forsters Tern,30,16,29,14,0.5333333333333333,16,1.0,0.5517241379310345,1.0,1.0,1.0,0.0,100,has_wing_color::grey,baseline
147,Least Tern,30,19,26,11,0.6333333333333333,17,0.8947368421052632,0.6538461538461539,0.8929372005927398,0.7222222222222222,1.0,0.2777777777777778,100,has_wing_color::grey,baseline
148,Green tailed Towhee,30,18,22,12,0.6,14,0.7777777777777778,0.6363636363636364,0.7800772025222054,0.6218750000000001,0.9473684210526315,0.32549342105263146,100,has_wing_color::grey,baseline
150,Sage Thrasher,30,14,16,16,0.4666666666666667,11,0.7857142857142857,0.6875,0.8014101143954084,0.6131410256410257,0.9683333333333328,0.35519230769230714,100,has_wing_color::grey,baseline
152,Blue headed Vireo,30,18,24,12,0.6,16,0.8888888888888888,0.6666666666666666,0.8878895834128032,0.735,1.0,0.265,100,has_wing_color::grey,baseline
154,Red eyed Vireo,30,11,14,19,0.36666666666666664,7,0.6363636363636364,0.5,0.6418536275815688,0.3795673076923077,0.8738095238095235,0.4942422161172158,100,has_wing_color::grey,baseline
155,Warbling Vireo,30,15,20,15,0.5,13,0.8666666666666667,0.65,0.8652334017461726,0.6892857142857143,1.0,0.3107142857142857,100,has_wing_color::grey,baseline
156,White eyed Vireo,30,13,26,17,0.43333333333333335,11,0.8461538461538461,0.4230769230769231,0.8419648603030957,0.59125,1.0,0.40874999999999995,100,has_wing_color::grey,baseline
159,Black and white Warbler,30,5,14,25,0.16666666666666666,3,0.6,0.21428571428571427,0.6675425685425685,0.30833333333333335,1.0,0.6916666666666667,100,has_wing_color::grey,baseline
172,Nashville Warbler,30,16,26,14,0.5333333333333333,14,0.875,0.5384615384615384,0.8769233696729828,0.7058823529411765,1.0,0.2941176470588235,100,has_wing_color::grey,baseline
161,Blue winged Warbler,30,20,18,10,0.6666666666666666,14,0.7,0.7777777777777778,0.7064266943855416,0.47487468671679195,0.8823529411764706,0.4074782544596786,100,has_wing_color::grey,baseline
162,Canada Warbler,30,16,21,14,0.5333333333333333,15,0.9375,0.7142857142857143,0.9447074399199014,0.7925,1.0,0.20750000000000002,100,has_wing_color::grey,baseline
163,Cape May Warbler,30,8,13,22,0.26666666666666666,6,0.75,0.46153846153846156,0.7606403171991407,0.4361111111111111,1.0,0.5638888888888889,100,has_wing_color::grey,baseline
164,Cerulean Warbler,30,10,23,20,0.3333333333333333,9,0.9,0.391304347826087,0.8891617271617271,0.6666666666666666,1.0,0.33333333333333337,100,has_wing_color::grey,baseline
165,Chestnut sided Warbler,30,15,13,15,0.5,8,0.5333333333333333,0.6153846153846154,0.5464317391414913,0.2796875,0.8065625,0.526875,100,has_wing_color::grey,baseline
167,Hooded Warbler,30,9,4,21,0.3,2,0.2222222222222222,0.5,0.2396633366633366,0.0,0.6214285714285706,0.6214285714285706,100,has_wing_color::grey,baseline
170,Mourning Warbler,30,6,22,24,0.2,4,0.6666666666666666,0.18181818181818182,0.6841524917282493,0.2225,1.0,0.7775,100,has_wing_color::grey,baseline
171,Myrtle Warbler,30,15,21,15,0.5,12,0.8,0.5714285714285714,0.7893349540466416,0.5438888888888889,1.0,0.45611111111111113,100,has_wing_color::grey,baseline
91,Mockingbird,30,13,23,17,0.43333333333333335,11,0.8461538461538461,0.4782608695652174,0.8459946026196026,0.639448051948052,1.0,0.360551948051948,100,has_wing_color::grey,baseline
200,Common Yellowthroat,30,3,9,27,0.1,3,1.0,0.3333333333333333,1.0,1.0,1.0,0.0,100,has_wing_color::grey,baseline
89,Hooded Merganser,30,7,3,23,0.23333333333333334,2,0.2857142857142857,0.6666666666666666,0.2696378066378066,0.0,0.6,0.6,100,has_wing_color::grey,baseline
26,Bronzed Cowbird,30,2,0,28,0.06666666666666667,0,0.0,,0.0,0.0,0.0,0.0,100,has_wing_color::grey,baseline
61,Heermann Gull,30,21,26,9,0.7,19,0.9047619047619048,0.7307692307692307,0.913769473215223,0.75,1.0,0.25,100,has_wing_color::grey,baseline
59,California Gull,30,21,26,9,0.7,20,0.9523809523809523,0.7692307692307693,0.9486655792826949,0.8636363636363636,1.0,0.13636363636363635,100,has_wing_color::grey,baseline
25,Pelagic Cormorant,30,3,3,27,0.1,1,0.3333333333333333,0.3333333333333333,0.33397152675503194,0.0,1.0,1.0,100,has_wing_color::grey,baseline
57,Rose breasted Grosbeak,30,0,5,30,0.0,0,,0.0,,,,,100,has_wing_color::grey,baseline
56,Pine Grosbeak,30,15,15,15,0.5,8,0.5333333333333333,0.5333333333333333,0.5271626558426094,0.3099759615384616,0.8174999999999998,0.5075240384615383,100,has_wing_color::grey,baseline
55,Evening Grosbeak,30,1,5,29,0.03333333333333333,1,1.0,0.2,1.0,1.0,1.0,0.0,100,has_wing_color::grey,baseline
54,Blue Grosbeak,30,2,2,28,0.06666666666666667,1,0.5,0.5,0.5582375478927204,0.0,1.0,1.0,100,has_wing_color::grey,baseline
53,Western Grebe,30,10,16,20,0.3333333333333333,5,0.5,0.3125,0.4903729326229327,0.16666666666666666,0.8095454545454545,0.6428787878787878,100,has_wing_color::grey,baseline
52,Pied billed Grebe,30,4,11,26,0.13333333333333333,3,0.75,0.2727272727272727,0.754879332685455,0.08500000000000006,1.0,0.9149999999999999,100,has_wing_color::grey,baseline
51,Horned Grebe,30,10,15,20,0.3333333333333333,5,0.5,0.3333333333333333,0.4822135421767774,0.26079545454545455,0.75,0.48920454545454545,100,has_wing_color::grey,baseline
50,Eared Grebe,30,9,16,21,0.3,5,0.5555555555555556,0.3125,0.561097554406378,0.22375,0.8822916666666665,0.6585416666666665,100,has_wing_color::grey,baseline
49,Boat tailed Grackle,30,4,1,26,0.13333333333333333,1,0.25,1.0,0.2627551020408163,0.0,1.0,1.0,100,has_wing_color::grey,baseline
48,European Goldfinch,30,3,5,27,0.1,1,0.3333333333333333,0.2,0.32178819444444445,0.0,1.0,1.0,100,has_wing_color::grey,baseline
47,American Goldfinch,30,4,4,26,0.13333333333333333,1,0.25,0.25,0.2821428571428571,0.0,1.0,1.0,100,has_wing_color::grey,baseline
63,Ivory Gull,30,3,24,27,0.1,3,1.0,0.125,1.0,1.0,1.0,0.0,100,has_wing_color::grey,baseline
46,Gadwall,30,11,23,19,0.36666666666666664,9,0.8181818181818182,0.391304347826087,0.8310101263115971,0.6153846153846154,1.0,0.3846153846153846,100,has_wing_color::grey,baseline
45,Northern Fulmar,30,25,28,5,0.8333333333333334,23,0.92,0.8214285714285714,0.9157335920590044,0.7916666666666666,1.0,0.20833333333333337,100,has_wing_color::grey,baseline
44,Frigatebird,30,3,1,27,0.1,0,0.0,0.0,0.0,0.0,0.0,0.0,100,has_wing_color::grey,baseline
88,Western Meadowlark,30,12,13,18,0.4,8,0.6666666666666666,0.6153846153846154,0.6757468504148072,0.39872159090909093,0.966071428571428,0.5673498376623372,100,has_wing_color::grey,baseline
42,Vermilion Flycatcher,30,9,7,21,0.3,1,0.1111111111111111,0.14285714285714285,0.13715893828393827,0.0,0.3333333333333333,0.3333333333333333,100,has_wing_color::grey,baseline
41,Scissor tailed Flycatcher,30,11,23,19,0.36666666666666664,9,0.8181818181818182,0.391304347826087,0.8133659951159948,0.5339285714285714,1.0,0.4660714285714286,100,has_wing_color::grey,baseline
27,Shiny Cowbird,30,3,2,27,0.1,1,0.3333333333333333,0.5,0.3109965635738831,0.0,1.0,1.0,100,has_wing_color::grey,baseline
40,Olive sided Flycatcher,30,12,10,18,0.4,5,0.4166666666666667,0.5,0.40556473591767705,0.052777777777777785,0.7600961538461537,0.7073183760683759,100,has_wing_color::grey,baseline
38,Great Crested Flycatcher,30,9,12,21,0.3,4,0.4444444444444444,0.3333333333333333,0.43468593987711635,0.10527777777777778,0.7767857142857133,0.6715079365079355,100,has_wing_color::grey,baseline
36,Northern Flicker,30,9,2,21,0.3,1,0.1111111111111111,0.5,0.12430813630813631,0.0,0.42333333333333295,0.42333333333333295,100,has_wing_color::grey,baseline
29,American Crow,30,2,3,28,0.06666666666666667,0,0.0,0.0,0.0,0.0,0.0,0.0,100,has_wing_color::grey,baseline
35,Purple Finch,30,7,4,23,0.23333333333333334,2,0.2857142857142857,0.5,0.24311285936285934,0.0,0.5864285714285712,0.5864285714285712,100,has_wing_color::grey,baseline
30,Fish Crow,30,1,0,29,0.03333333333333333,0,0.0,,0.0,0.0,0.0,0.0,100,has_wing_color::grey,baseline
21,Eastern Towhee,30,1,7,29,0.03333333333333333,0,0.0,0.0,0.0,0.0,0.0,0.0,100,has_wing_color::grey,baseline
62,Herring Gull,30,22,27,8,0.7333333333333333,20,0.9090909090909091,0.7407407407407407,0.9096674100506513,0.7953933747412009,1.0,0.20460662525879914,100,has_wing_color::grey,baseline
64,Ring billed Gull,30,21,29,9,0.7,21,1.0,0.7241379310344828,1.0,1.0,1.0,0.0,100,has_wing_color::grey,baseline
73,Blue Jay,30,10,10,20,0.3333333333333333,3,0.3,0.3,0.31513859751359746,0.0,0.5454545454545454,0.5454545454545454,100,has_wing_color::grey,baseline
87,Mallard,30,10,5,20,0.3333333333333333,2,0.2,0.4,0.20654342879342877,0.0,0.5864285714285712,0.5864285714285712,100,has_wing_color::grey,baseline
86,Pacific Loon,30,11,21,19,0.36666666666666664,8,0.7272727272727273,0.38095238095238093,0.7115052447552449,0.353125,0.9259615384615385,0.5728365384615385,100,has_wing_color::grey,baseline
85,Horned Lark,30,7,15,23,0.23333333333333334,3,0.42857142857142855,0.2,0.45292304917304915,0.15416666666666667,0.7894444444444443,0.6352777777777776,100,has_wing_color::grey,baseline
4,Groove billed Ani,30,1,1,29,0.03333333333333333,0,0.0,0.0,0.0,0.0,0.0,0.0,100,has_wing_color::grey,baseline
83,White breasted Kingfisher,30,1,2,29,0.03333333333333333,1,1.0,0.5,1.0,1.0,1.0,0.0,100,has_wing_color::grey,baseline
82,Ringed Kingfisher,30,14,11,16,0.4666666666666667,5,0.35714285714285715,0.45454545454545453,0.3670453350399171,0.12035714285714286,0.6165789473684208,0.49622180451127795,100,has_wing_color::grey,baseline
81,Pied Kingfisher,30,5,8,25,0.16666666666666666,1,0.2,0.125,0.1644047619047619,0.0,0.6,0.6,100,has_wing_color::grey,baseline
80,Green Kingfisher,30,3,7,27,0.1,1,0.3333333333333333,0.14285714285714285,0.3186215538847118,0.0,1.0,1.0,100,has_wing_color::grey,baseline
79,Belted Kingfisher,30,21,19,9,0.7,13,0.6190476190476191,0.6842105263157895,0.6214904830717658,0.41834415584415585,0.7917391304347825,0.37339497459062665,100,has_wing_color::grey,baseline
10,Red winged Blackbird,30,0,0,30,0.0,0,,,,,,,100,has_wing_color::grey,baseline
77,Tropical Kingbird,30,16,27,14,0.5333333333333333,16,1.0,0.5925925925925926,1.0,1.0,1.0,0.0,100,has_wing_color::grey,baseline
11,Rusty Blackbird,30,7,7,23,0.23333333333333334,3,0.42857142857142855,0.42857142857142855,0.38266919191919185,0.0,0.733035714285714,0.733035714285714,100,has_wing_color::grey,baseline
74,Florida Jay,30,8,22,22,0.26666666666666666,7,0.875,0.3181818181818182,0.8712900432900433,0.6166666666666667,1.0,0.3833333333333333,100,has_wing_color::grey,baseline
76,Dark eyed Junco,30,14,11,16,0.4666666666666667,6,0.42857142857142855,0.5454545454545454,0.42253322326967835,0.2,0.6916666666666662,0.4916666666666662,100,has_wing_color::grey,baseline
72,Pomarine Jaeger,30,5,17,25,0.16666666666666666,2,0.4,0.11764705882352941,0.4390887445887446,0.0,1.0,1.0,100,has_wing_color::grey,baseline
14,Indigo Bunting,30,7,7,23,0.23333333333333334,2,0.2857142857142857,0.2857142857142857,0.29902308802308797,0.0,0.6666666666666666,0.6666666666666666,100,has_wing_color::grey,baseline
66,Western Gull,30,22,28,8,0.7333333333333333,21,0.9545454545454546,0.75,0.959152848920422,0.8695652173913043,1.0,0.13043478260869568,100,has_wing_color::grey,baseline
71,Long tailed Jaeger,30,13,14,17,0.43333333333333335,9,0.6923076923076923,0.6428571428571429,0.68903689761391,0.4361111111111111,0.9166666666666666,0.4805555555555555,100,has_wing_color::grey,baseline
67,Anna Hummingbird,30,13,2,17,0.43333333333333335,2,0.15384615384615385,1.0,0.14715045167251048,0.0,0.36249999999999954,0.36249999999999954,100,has_wing_color::grey,baseline
68,Ruby throated Hummingbird,30,6,4,24,0.2,1,0.16666666666666666,0.25,0.1681083083583083,0.0,0.5374999999999994,0.5374999999999994,100,has_wing_color::grey,baseline
31,Black billed Cuckoo,30,2,8,28,0.06666666666666667,0,0.0,0.0,0.0,0.0,0.0,0.0,100,has_wing_color::grey,baseline
69,Rufous Hummingbird,30,5,2,25,0.16666666666666666,0,0.0,0.0,0.0,0.0,0.0,0.0,100,has_wing_color::grey,baseline
13,Bobolink,30,8,0,22,0.26666666666666666,0,0.0,,0.0,0.0,0.0,0.0,100,has_wing_color::grey,baseline
70,Green Violetear,30,6,0,24,0.2,0,0.0,,0.0,0.0,0.0,0.0,100,has_wing_color::grey,baseline
181,Worm eating Warbler,29,7,10,22,0.2413793103448276,4,0.5714285714285714,0.4,0.5820183982683982,0.22375,1.0,0.77625,100,has_wing_color::grey,baseline
20,Yellow breasted Chat,29,10,17,19,0.3448275862068966,7,0.7,0.4117647058823529,0.6735630741807213,0.365,0.9090909090909091,0.5440909090909091,100,has_wing_color::grey,baseline
169,Magnolia Warbler,29,13,21,16,0.4482758620689655,8,0.6153846153846154,0.38095238095238093,0.6128935466837944,0.386875,0.8174999999999998,0.43062499999999976,100,has_wing_color::grey,baseline
168,Kentucky Warbler,29,8,15,21,0.27586206896551724,5,0.625,0.3333333333333333,0.6638085248085248,0.3158333333333333,1.0,0.6841666666666667,100,has_wing_color::grey,baseline
28,Brown Creeper,29,5,5,24,0.1724137931034483,1,0.2,0.2,0.21647727272727268,0.0,0.5524999999999991,0.5524999999999991,100,has_wing_color::grey,baseline
9,Brewer Blackbird,29,0,1,29,0.0,0,,0.0,,,,,100,has_wing_color::grey,baseline
166,Golden winged Warbler,29,21,21,8,0.7241379310344828,16,0.7619047619047619,0.7619047619047619,0.762435442197981,0.6098429951690821,0.9,0.2901570048309179,100,has_wing_color::grey,baseline
23,Brandt Cormorant,29,6,4,23,0.20689655172413793,1,0.16666666666666666,0.25,0.1612207792207792,0.0,0.5,0.5,100,has_wing_color::grey,baseline
190,Red cockaded Woodpecker,29,2,2,27,0.06896551724137931,0,0.0,0.0,0.0,0.0,0.0,0.0,100,has_wing_color::grey,baseline
33,Yellow billed Cuckoo,29,7,13,22,0.2413793103448276,4,0.5714285714285714,0.3076923076923077,0.5898189033189033,0.21055555555555555,0.8822916666666665,0.6717361111111109,100,has_wing_color::grey,baseline
179,Tennessee Warbler,29,14,16,15,0.4827586206896552,11,0.7857142857142857,0.6875,0.7731082676353574,0.5370320855614973,0.9703124999999995,0.4332804144385022,100,has_wing_color::grey,baseline
19,Gray Catbird,29,25,23,4,0.8620689655172413,21,0.84,0.9130434782608695,0.8366206292680054,0.6599358974358974,0.96,0.30006410256410254,100,has_wing_color::grey,baseline
43,Yellow bellied Flycatcher,29,11,12,18,0.3793103448275862,7,0.6363636363636364,0.5833333333333334,0.6531400821400821,0.2857142857142857,0.9166666666666666,0.6309523809523809,100,has_wing_color::grey,baseline
117,Clay colored Sparrow,29,9,11,20,0.3103448275862069,4,0.4444444444444444,0.36363636363636365,0.43507588571559164,0.09316239316239316,0.733035714285714,0.6398733211233208,100,has_wing_color::grey,baseline
141,Artic Tern,29,7,21,22,0.2413793103448276,6,0.8571428571428571,0.2857142857142857,0.875895437895438,0.6,1.0,0.4,100,has_wing_color::grey,baseline
160,Black throated Blue Warbler,29,6,12,23,0.20689655172413793,1,0.16666666666666666,0.08333333333333333,0.1860616883116883,0.0,0.5590909090909089,0.5590909090909089,100,has_wing_color::grey,baseline
119,Field Sparrow,29,11,6,18,0.3793103448275862,1,0.09090909090909091,0.16666666666666666,0.0802831474081474,0.0,0.261931818181818,0.261931818181818,100,has_wing_color::grey,baseline
124,Le Conte Sparrow,29,4,5,25,0.13793103448275862,2,0.5,0.4,0.4844104308390022,0.0,1.0,1.0,100,has_wing_color::grey,baseline
125,Lincoln Sparrow,29,6,2,23,0.20689655172413793,1,0.16666666666666666,0.5,0.1664789377289377,0.0,0.5,0.5,100,has_wing_color::grey,baseline
115,Brewer Sparrow,29,9,11,20,0.3103448275862069,5,0.5555555555555556,0.45454545454545453,0.5679859307359307,0.21055555555555555,0.8738095238095235,0.663253968253968,100,has_wing_color::grey,baseline
60,Glaucous winged Gull,29,24,29,5,0.8275862068965517,24,1.0,0.8275862068965517,1.0,1.0,1.0,0.0,100,has_wing_color::grey,baseline
78,Gray Kingbird,29,16,15,13,0.5517241379310345,9,0.5625,0.6,0.5769409198472666,0.38664529914529916,0.7762499999999996,0.3896047008547004,100,has_wing_color::grey,baseline
97,Orchard Oriole,29,5,4,24,0.1724137931034483,1,0.2,0.25,0.2000281385281385,0.0,0.6666666666666666,0.6666666666666666,100,has_wing_color::grey,baseline
149,Brown Thrasher,29,2,1,27,0.06896551724137931,1,0.5,1.0,0.5033950617283951,0.0,1.0,1.0,100,has_wing_color::grey,baseline
39,Least Flycatcher,29,13,15,16,0.4482758620689655,9,0.6923076923076923,0.6,0.6871193868051452,0.4708333333333333,0.9,0.4291666666666667,100,has_wing_color::grey,baseline
153,Philadelphia Vireo,29,18,22,11,0.6206896551724138,14,0.7777777777777778,0.6363636363636364,0.7809803069255417,0.585,0.9523809523809523,0.36738095238095236,100,has_wing_color::grey,baseline
37,Acadian Flycatcher,29,11,17,18,0.3793103448275862,9,0.8181818181818182,0.5294117647058824,0.8036987179487178,0.5215909090909091,1.0,0.4784090909090909,100,has_wing_color::grey,baseline
157,Yellow throated Vireo,29,14,17,15,0.4827586206896552,10,0.7142857142857143,0.5882352941176471,0.7051384174820707,0.4409090909090909,0.9230769230769231,0.4821678321678322,100,has_wing_color::grey,baseline
34,Gray crowned Rosy Finch,29,12,15,17,0.41379310344827586,5,0.4166666666666667,0.3333333333333333,0.412507516992811,0.111875,0.7692307692307693,0.6573557692307692,100,has_wing_color::grey,baseline
3,Sooty Albatross,28,13,17,15,0.4642857142857143,8,0.6153846153846154,0.47058823529411764,0.5863739909041766,0.3426470588235294,0.8569230769230768,0.5142760180995474,100,has_wing_color::grey,baseline
15,Lazuli Bunting,28,8,10,20,0.2857142857142857,2,0.25,0.2,0.24192024642024643,0.0,0.6,0.6,100,has_wing_color::grey,baseline
16,Painted Bunting,28,2,4,26,0.07142857142857142,1,0.5,0.25,0.5325670498084291,0.0,1.0,1.0,100,has_wing_color::grey,baseline
58,Pigeon Guillemot,28,7,9,21,0.25,4,0.5714285714285714,0.4444444444444444,0.5730984848484849,0.21055555555555555,0.9524999999999991,0.7419444444444436,100,has_wing_color::grey,baseline
17,Cardinal,27,7,1,20,0.25925925925925924,1,0.14285714285714285,1.0,0.14930819180819177,0.0,0.5,0.5,100,has_wing_color::grey,baseline
75,Green Jay,27,0,4,27,0.0,0,,0.0,,,,,100,has_wing_color::grey,baseline
178,Swainson Warbler,26,1,7,25,0.038461538461538464,0,0.0,0.0,0.0,0.0,0.0,0.0,100,has_wing_color::grey,baseline
12,Yellow headed Blackbird,26,3,2,23,0.11538461538461539,0,0.0,0.0,0.0,0.0,0.0,0.0,100,has_wing_color::grey,baseline
22,Chuck will Widow,26,4,2,22,0.15384615384615385,0,0.0,0.0,0.0,0.0,0.0,0.0,100,has_wing_color::grey,baseline
7,Parakeet Auklet,23,10,10,13,0.43478260869565216,5,0.5,0.5,0.4801141081141081,0.21055555555555555,0.8174999999999998,0.6069444444444443,100,has_wing_color::grey,baseline
84,Red legged Kittiwake,23,14,20,9,0.6086956521739131,11,0.7857142857142857,0.55,0.7780015296021489,0.5417832167832167,0.966071428571428,0.4242882117882113,100,has_wing_color::grey,baseline
32,Mangrove Cuckoo,23,7,7,16,0.30434782608695654,1,0.14285714285714285,0.14285714285714285,0.12334163059163059,0.0,0.43690476190476174,0.43690476190476174,100,has_wing_color::grey,baseline
24,Red faced Cormorant,22,3,0,19,0.13636363636363635,0,0.0,,0.0,0.0,0.0,0.0,100,has_wing_color::grey,baseline
151,Black capped Vireo,21,5,8,16,0.23809523809523808,1,0.2,0.125,0.1883928571428571,0.0,0.5,0.5,100,has_wing_color::grey,baseline
113,Baird Sparrow,20,2,5,18,0.1,1,0.5,0.2,0.4752747252747252,0.0,1.0,1.0,100,has_wing_color::grey,baseline
187,American Three toed Woodpecker,20,3,1,17,0.15,0,0.0,0.0,0.0,0.0,0.0,0.0,100,has_wing_color::grey,baseline
65,Slaty backed Gull,20,10,14,10,0.5,8,0.8,0.5714285714285714,0.8013884448884447,0.5438888888888889,1.0,0.45611111111111113,100,has_wing_color::grey,baseline
101,White Pelican,20,3,11,17,0.15,3,1.0,0.2727272727272727,1.0,1.0,1.0,0.0,100,has_wing_color::grey,baseline
105,Whip poor Will,19,7,2,12,0.3684210526315789,2,0.2857142857142857,1.0,0.2922298257298257,0.0,0.6131249999999998,0.6131249999999998,100,has_wing_color::grey,baseline
8,Rhinoceros Auklet,18,2,6,16,0.1111111111111111,1,0.5,0.16666666666666666,0.5060606060606061,0.0,1.0,1.0,100,has_wing_color::grey,baseline
18,Spotted Catbird,15,1,0,14,0.06666666666666667,0,0.0,,0.0,0.0,0.0,0.0,100,has_wing_color::grey,baseline
5,Crested Auklet,14,4,3,10,0.2857142857142857,1,0.25,0.3333333333333333,0.2750714285714286,0.0,1.0,1.0,100,has_wing_color::grey,baseline
6,Least Auklet,11,4,3,7,0.36363636363636365,1,0.25,0.3333333333333333,0.2627261904761905,0.0,0.7762499999999996,0.7762499999999996,100,has_wing_color::grey,baseline
1,Black footed Albatross,30,1,0,29,0.03333333333333333,0,0.0,,0.0,0.0,0.0,0.0,100,has_wing_color::white,baseline
143,Caspian Tern,30,20,26,10,0.6666666666666666,19,0.95,0.7307692307692307,0.9511833704588786,0.8295289855072464,1.0,0.1704710144927536,100,has_wing_color::white,baseline
120,Fox Sparrow,30,8,6,22,0.26666666666666666,3,0.375,0.5,0.3880226995226995,0.047500000000000014,0.6666666666666666,0.6191666666666666,100,has_wing_color::white,baseline
121,Grasshopper Sparrow,30,6,13,24,0.2,3,0.5,0.23076923076923078,0.5316247445035323,0.1253968253968254,1.0,0.8746031746031746,100,has_wing_color::white,baseline
122,Harris Sparrow,30,15,11,15,0.5,8,0.5333333333333333,0.7272727272727273,0.5346036722565362,0.2919871794871795,0.7692307692307693,0.47724358974358977,100,has_wing_color::white,baseline
123,Henslow Sparrow,30,5,2,25,0.16666666666666666,0,0.0,0.0,0.0,0.0,0.0,0.0,100,has_wing_color::white,baseline
126,Nelson Sharp tailed Sparrow,30,6,1,24,0.2,0,0.0,0.0,0.0,0.0,0.0,0.0,100,has_wing_color::white,baseline
127,Savannah Sparrow,30,10,6,20,0.3333333333333333,2,0.2,0.3333333333333333,0.19911908353084823,0.0,0.4784090909090905,0.4784090909090905,100,has_wing_color::white,baseline
128,Seaside Sparrow,30,1,0,29,0.03333333333333333,0,0.0,,0.0,0.0,0.0,0.0,100,has_wing_color::white,baseline
129,Song Sparrow,30,4,2,26,0.13333333333333333,0,0.0,0.0,0.0,0.0,0.0,0.0,100,has_wing_color::white,baseline
130,Tree Sparrow,30,14,9,16,0.4666666666666667,5,0.35714285714285715,0.5555555555555556,0.3381527487390491,0.13785714285714284,0.55,0.4121428571428572,100,has_wing_color::white,baseline
131,Vesper Sparrow,30,9,10,21,0.3,4,0.4444444444444444,0.4,0.46131576756576753,0.1825,0.8095454545454545,0.6270454545454545,100,has_wing_color::white,baseline
132,White crowned Sparrow,30,10,16,20,0.3333333333333333,6,0.6,0.375,0.58573013424484,0.26954545454545453,0.8738095238095235,0.604264069264069,100,has_wing_color::white,baseline
133,White throated Sparrow,30,5,3,25,0.16666666666666666,1,0.2,0.3333333333333333,0.20528571428571424,0.0,0.5788888888888886,0.5788888888888886,100,has_wing_color::white,baseline
134,Cape Glossy Starling,30,0,0,30,0.0,0,,,,,,,100,has_wing_color::white,baseline
135,Bank Swallow,30,3,3,27,0.1,2,0.6666666666666666,0.6666666666666666,0.6647117794486216,0.0,1.0,1.0,100,has_wing_color::white,baseline
136,Barn Swallow,30,2,1,28,0.06666666666666667,0,0.0,0.0,0.0,0.0,0.0,0.0,100,has_wing_color::white,baseline
137,Cliff Swallow,30,1,4,29,0.03333333333333333,0,0.0,0.0,0.0,0.0,0.0,0.0,100,has_wing_color::white,baseline
138,Tree Swallow,30,1,4,29,0.03333333333333333,1,1.0,0.25,1.0,1.0,1.0,0.0,100,has_wing_color::white,baseline
139,Scarlet Tanager,30,0,4,30,0.0,0,,0.0,,,,,100,has_wing_color::white,baseline
140,Summer Tanager,30,0,0,30,0.0,0,,,,,,,100,has_wing_color::white,baseline
118,House Sparrow,30,5,3,25,0.16666666666666666,1,0.2,0.3333333333333333,0.20352733686067018,0.0,0.849999999999999,0.849999999999999,100,has_wing_color::white,baseline
116,Chipping Sparrow,30,11,11,19,0.36666666666666664,8,0.7272727272727273,0.7272727272727273,0.724201812076812,0.4361111111111111,1.0,0.5638888888888889,100,has_wing_color::white,baseline
114,Black throated Sparrow,30,3,4,27,0.1,1,0.3333333333333333,0.25,0.3130829651448208,0.0,1.0,1.0,100,has_wing_color::white,baseline
2,Laysan Albatross,30,3,6,27,0.1,1,0.3333333333333333,0.16666666666666666,0.37390977443609014,0.0,1.0,1.0,100,has_wing_color::white,baseline
92,Nighthawk,30,19,20,11,0.6333333333333333,15,0.7894736842105263,0.75,0.7965688076375248,0.5544117647058824,0.95,0.3955882352941176,100,has_wing_color::white,baseline
93,Clark Nutcracker,30,10,13,20,0.3333333333333333,7,0.7,0.5384615384615384,0.7059040404040404,0.42232142857142857,1.0,0.5776785714285715,100,has_wing_color::white,baseline
94,White breasted Nuthatch,30,11,20,19,0.36666666666666664,9,0.8181818181818182,0.45,0.8224369786989755,0.625,1.0,0.375,100,has_wing_color::white,baseline
95,Baltimore Oriole,30,17,17,13,0.5666666666666667,10,0.5882352941176471,0.5882352941176471,0.5960010114715157,0.3775,0.8095454545454545,0.43204545454545445,100,has_wing_color::white,baseline
96,Hooded Oriole,30,13,14,17,0.43333333333333335,8,0.6153846153846154,0.5714285714285714,0.6115301879493056,0.3854166666666667,0.8458333333333331,0.4604166666666664,100,has_wing_color::white,baseline
98,Scott Oriole,30,15,17,15,0.5,10,0.6666666666666666,0.5882352941176471,0.6612489195530991,0.42857142857142855,0.9229166666666666,0.49434523809523806,100,has_wing_color::white,baseline
99,Ovenbird,30,0,1,30,0.0,0,,0.0,,,,,100,has_wing_color::white,baseline
100,Brown Pelican,30,5,7,25,0.16666666666666666,2,0.4,0.2857142857142857,0.4232936507936508,0.0,1.0,1.0,100,has_wing_color::white,baseline
102,Western Wood Pewee,30,12,2,18,0.4,2,0.16666666666666666,1.0,0.17404607565636976,0.0,0.43124999999999974,0.43124999999999974,100,has_wing_color::white,baseline
112,Great Grey Shrike,30,10,13,20,0.3333333333333333,6,0.6,0.46153846153846156,0.5785209512709513,0.25,0.8822916666666665,0.6322916666666665,100,has_wing_color::white,baseline
103,Sayornis,30,5,5,25,0.16666666666666666,2,0.4,0.4,0.3997514830848164,0.0,0.75,0.75,100,has_wing_color::white,baseline
104,American Pipit,30,5,7,25,0.16666666666666666,3,0.6,0.42857142857142855,0.6072671156004489,0.0,1.0,1.0,100,has_wing_color::white,baseline
106,Horned Puffin,30,3,7,27,0.1,1,0.3333333333333333,0.14285714285714285,0.3056892230576441,0.0,1.0,1.0,100,has_wing_color::white,baseline
107,Common Raven,30,0,0,30,0.0,0,,,,,,,100,has_wing_color::white,baseline
108,White necked Raven,30,0,0,30,0.0,0,,,,,,,100,has_wing_color::white,baseline
109,American Redstart,30,0,2,30,0.0,0,,0.0,,,,,100,has_wing_color::white,baseline
110,Geococcyx,30,10,18,20,0.3333333333333333,7,0.7,0.3888888888888889,0.6968429764679763,0.3477272727272727,1.0,0.6522727272727273,100,has_wing_color::white,baseline
111,Loggerhead Shrike,30,15,20,15,0.5,12,0.8,0.6,0.8091361020730217,0.6448529411764706,1.0,0.35514705882352937,100,has_wing_color::white,baseline
142,Black Tern,30,10,8,20,0.3333333333333333,5,0.5,0.625,0.5364913142413142,0.19045454545454546,0.866517857142857,0.6760633116883116,100,has_wing_color::white,baseline
144,Common Tern,30,20,28,10,0.6666666666666666,19,0.95,0.6785714285714286,0.9514896421940034,0.8326956521739131,1.0,0.16730434782608694,100,has_wing_color::white,baseline
90,Red breasted Merganser,30,12,15,18,0.4,8,0.6666666666666666,0.5333333333333333,0.682597600112306,0.3795673076923077,0.9259615384615385,0.5463942307692309,100,has_wing_color::white,baseline
145,Elegant Tern,30,18,26,12,0.6,17,0.9444444444444444,0.6538461538461539,0.9547492940944281,0.8650757575757576,1.0,0.1349242424242424,100,has_wing_color::white,baseline
176,Prairie Warbler,30,2,2,28,0.06666666666666667,0,0.0,0.0,0.0,0.0,0.0,0.0,100,has_wing_color::white,baseline
177,Prothonotary Warbler,30,2,2,28,0.06666666666666667,0,0.0,0.0,0.0,0.0,0.0,0.0,100,has_wing_color::white,baseline
180,Wilson Warbler,30,0,1,30,0.0,0,,0.0,,,,,100,has_wing_color::white,baseline
182,Yellow Warbler,30,0,1,30,0.0,0,,0.0,,,,,100,has_wing_color::white,baseline
183,Northern Waterthrush,30,1,4,29,0.03333333333333333,0,0.0,0.0,0.0,0.0,0.0,0.0,100,has_wing_color::white,baseline
184,Louisiana Waterthrush,30,0,4,30,0.0,0,,0.0,,,,,100,has_wing_color::white,baseline
185,Bohemian Waxwing,30,19,17,11,0.6333333333333333,13,0.6842105263157895,0.7647058823529411,0.6862910846478419,0.5,0.8749019607843136,0.3749019607843136,100,has_wing_color::white,baseline
186,Cedar Waxwing,30,4,4,26,0.13333333333333333,1,0.25,0.25,0.2753968253968254,0.0,0.7774999999999999,0.7774999999999999,100,has_wing_color::white,baseline
188,Pileated Woodpecker,30,4,8,26,0.13333333333333333,0,0.0,0.0,0.0,0.0,0.0,0.0,100,has_wing_color::white,baseline
189,Red bellied Woodpecker,30,30,29,0,1.0,29,0.9666666666666667,1.0,0.9676666666666668,0.9158333333333334,1.0,0.08416666666666661,100,has_wing_color::white,baseline
191,Red headed Woodpecker,30,22,14,8,0.7333333333333333,10,0.45454545454545453,0.7142857142857143,0.45962011635918965,0.25,0.6499999999999997,0.3999999999999997,100,has_wing_color::white,baseline
192,Downy Woodpecker,30,28,29,2,0.9333333333333333,27,0.9642857142857143,0.9310344827586207,0.9632177690763898,0.8842222222222222,1.0,0.11577777777777776,100,has_wing_color::white,baseline
193,Bewick Wren,30,3,2,27,0.1,0,0.0,0.0,0.0,0.0,0.0,0.0,100,has_wing_color::white,baseline
194,Cactus Wren,30,14,12,16,0.4666666666666667,7,0.5,0.5833333333333334,0.491749371715316,0.19305555555555554,0.7498039215686272,0.5567483660130716,100,has_wing_color::white,baseline
195,Carolina Wren,30,5,7,25,0.16666666666666666,1,0.2,0.14285714285714285,0.2108917748917749,0.0,0.6349999999999993,0.6349999999999993,100,has_wing_color::white,baseline
196,House Wren,30,6,1,24,0.2,0,0.0,0.0,0.0,0.0,0.0,0.0,100,has_wing_color::white,baseline
197,Marsh Wren,30,6,3,24,0.2,1,0.16666666666666666,0.3333333333333333,0.1446518759018759,0.0,0.460416666666666,0.460416666666666,100,has_wing_color::white,baseline
198,Rock Wren,30,5,6,25,0.16666666666666666,0,0.0,0.0,0.0,0.0,0.0,0.0,100,has_wing_color::white,baseline
199,Winter Wren,30,9,3,21,0.3,1,0.1111111111111111,0.3333333333333333,0.129032412032412,0.0,0.40606060606060534,0.40606060606060534,100,has_wing_color::white,baseline
175,Pine Warbler,30,14,18,16,0.4666666666666667,10,0.7142857142857143,0.5555555555555556,0.7258917864471272,0.5,0.9720588235294113,0.4720588235294113,100,has_wing_color::white,baseline
174,Palm Warbler,30,3,1,27,0.1,0,0.0,0.0,0.0,0.0,0.0,0.0,100,has_wing_color::white,baseline
173,Orange crowned Warbler,30,0,0,30,0.0,0,,,,,,,100,has_wing_color::white,baseline
158,Bay breasted Warbler,30,21,19,9,0.7,15,0.7142857142857143,0.7894736842105263,0.7072334981921804,0.525383631713555,0.860551948051948,0.33516831633839306,100,has_wing_color::white,baseline
146,Forsters Tern,30,19,26,11,0.6333333333333333,16,0.8421052631578947,0.6153846153846154,0.8407163503346534,0.675,1.0,0.32499999999999996,100,has_wing_color::white,baseline
147,Least Tern,30,13,20,17,0.43333333333333335,10,0.7692307692307693,0.5,0.7754493766037883,0.5667410714285714,1.0,0.43325892857142856,100,has_wing_color::white,baseline
148,Green tailed Towhee,30,0,0,30,0.0,0,,,,,,,100,has_wing_color::white,baseline
150,Sage Thrasher,30,13,6,17,0.43333333333333335,2,0.15384615384615385,0.3333333333333333,0.14796728306093632,0.0,0.3333333333333333,0.3333333333333333,100,has_wing_color::white,baseline
152,Blue headed Vireo,30,20,11,10,0.6666666666666666,9,0.45,0.8181818181818182,0.45122636531070376,0.23541666666666666,0.7096014492753621,0.4741847826086954,100,has_wing_color::white,baseline
154,Red eyed Vireo,30,2,2,28,0.06666666666666667,0,0.0,0.0,0.0,0.0,0.0,0.0,100,has_wing_color::white,baseline
155,Warbling Vireo,30,2,0,28,0.06666666666666667,0,0.0,,0.0,0.0,0.0,0.0,100,has_wing_color::white,baseline
156,White eyed Vireo,30,11,11,19,0.36666666666666664,5,0.45454545454545453,0.45454545454545453,0.44303138528138525,0.15384615384615385,0.7645833333333331,0.6107371794871792,100,has_wing_color::white,baseline
159,Black and white Warbler,30,28,28,2,0.9333333333333333,26,0.9285714285714286,0.9285714285714286,0.9378868258178603,0.8270833333333333,1.0,0.17291666666666672,100,has_wing_color::white,baseline
172,Nashville Warbler,30,0,2,30,0.0,0,,0.0,,,,,100,has_wing_color::white,baseline
161,Blue winged Warbler,30,8,6,22,0.26666666666666666,2,0.25,0.3333333333333333,0.2233639971139971,0.0,0.5291666666666662,0.5291666666666662,100,has_wing_color::white,baseline
162,Canada Warbler,30,2,1,28,0.06666666666666667,0,0.0,0.0,0.0,0.0,0.0,0.0,100,has_wing_color::white,baseline
163,Cape May Warbler,30,10,8,20,0.3333333333333333,2,0.2,0.25,0.19377084027084027,0.0,0.47361111111111065,0.47361111111111065,100,has_wing_color::white,baseline
164,Cerulean Warbler,30,21,15,9,0.7,11,0.5238095238095238,0.7333333333333333,0.5146663962843765,0.2751262626262626,0.7298976608187133,0.4547713981924507,100,has_wing_color::white,baseline
165,Chestnut sided Warbler,30,10,25,20,0.3333333333333333,9,0.9,0.36,0.8939226606726607,0.6363636363636364,1.0,0.36363636363636365,100,has_wing_color::white,baseline
167,Hooded Warbler,30,0,3,30,0.0,0,,0.0,,,,,100,has_wing_color::white,baseline
170,Mourning Warbler,30,0,0,30,0.0,0,,,,,,,100,has_wing_color::white,baseline
171,Myrtle Warbler,30,12,17,18,0.4,9,0.75,0.5294117647058824,0.7674583831201477,0.5333333333333333,1.0,0.4666666666666667,100,has_wing_color::white,baseline
91,Mockingbird,30,6,13,24,0.2,4,0.6666666666666666,0.3076923076923077,0.6677049062049062,0.25,1.0,0.75,100,has_wing_color::white,baseline
200,Common Yellowthroat,30,0,0,30,0.0,0,,,,,,,100,has_wing_color::white,baseline
89,Hooded Merganser,30,9,16,21,0.3,6,0.6666666666666666,0.375,0.6616494616494617,0.3158333333333333,0.9524999999999991,0.6366666666666658,100,has_wing_color::white,baseline
26,Bronzed Cowbird,30,1,0,29,0.03333333333333333,0,0.0,,0.0,0.0,0.0,0.0,100,has_wing_color::white,baseline
61,Heermann Gull,30,12,15,18,0.4,7,0.5833333333333334,0.4666666666666667,0.5748577443798032,0.2857142857142857,0.8571428571428571,0.5714285714285714,100,has_wing_color::white,baseline
59,California Gull,30,11,23,19,0.36666666666666664,10,0.9090909090909091,0.43478260869565216,0.9172354091986444,0.72375,1.0,0.27625,100,has_wing_color::white,baseline
25,Pelagic Cormorant,30,0,0,30,0.0,0,,,,,,,100,has_wing_color::white,baseline
57,Rose breasted Grosbeak,30,22,18,8,0.7333333333333333,14,0.6363636363636364,0.7777777777777778,0.6353532840580896,0.39999999999999997,0.8519230769230768,0.4519230769230768,100,has_wing_color::white,baseline
56,Pine Grosbeak,30,13,20,17,0.43333333333333335,12,0.9230769230769231,0.6,0.927301129640913,0.7925,1.0,0.20750000000000002,100,has_wing_color::white,baseline
55,Evening Grosbeak,30,19,10,11,0.6333333333333333,6,0.3157894736842105,0.6,0.306249080508116,0.125,0.5,0.375,100,has_wing_color::white,baseline
54,Blue Grosbeak,30,1,0,29,0.03333333333333333,0,0.0,,0.0,0.0,0.0,0.0,100,has_wing_color::white,baseline
53,Western Grebe,30,5,14,25,0.16666666666666666,3,0.6,0.21428571428571427,0.6052625379155991,0.25,1.0,0.75,100,has_wing_color::white,baseline
52,Pied billed Grebe,30,5,1,25,0.16666666666666666,0,0.0,0.0,0.0,0.0,0.0,0.0,100,has_wing_color::white,baseline
51,Horned Grebe,30,9,7,21,0.3,2,0.2222222222222222,0.2857142857142857,0.2281762126762127,0.0,0.6131249999999998,0.6131249999999998,100,has_wing_color::white,baseline
50,Eared Grebe,30,7,7,23,0.23333333333333334,3,0.42857142857142855,0.42857142857142855,0.4670431235431235,0.0,0.8333333333333334,0.8333333333333334,100,has_wing_color::white,baseline
49,Boat tailed Grackle,30,0,0,30,0.0,0,,,,,,,100,has_wing_color::white,baseline
48,European Goldfinch,30,11,21,19,0.36666666666666664,9,0.8181818181818182,0.42857142857142855,0.8383176121264357,0.585,1.0,0.41500000000000004,100,has_wing_color::white,baseline
47,American Goldfinch,30,17,17,13,0.5666666666666667,11,0.6470588235294118,0.6470588235294118,0.6567157304097168,0.39107142857142857,0.8710416666666666,0.47997023809523803,100,has_wing_color::white,baseline
63,Ivory Gull,30,28,28,2,0.9333333333333333,27,0.9642857142857143,0.9642857142857143,0.9627500054002303,0.8907738095238095,1.0,0.10922619047619053,100,has_wing_color::white,baseline
46,Gadwall,30,4,7,26,0.13333333333333333,1,0.25,0.14285714285714285,0.26587301587301587,0.0,1.0,1.0,100,has_wing_color::white,baseline
45,Northern Fulmar,30,9,10,21,0.3,5,0.5555555555555556,0.5,0.5292747946497947,0.17386363636363636,0.8299999999999995,0.6561363636363632,100,has_wing_color::white,baseline
44,Frigatebird,30,2,1,28,0.06666666666666667,0,0.0,0.0,0.0,0.0,0.0,0.0,100,has_wing_color::white,baseline
88,Western Meadowlark,30,6,8,24,0.2,3,0.5,0.375,0.5167766955266955,0.1825,0.8333333333333334,0.6508333333333334,100,has_wing_color::white,baseline
42,Vermilion Flycatcher,30,3,2,27,0.1,0,0.0,0.0,0.0,0.0,0.0,0.0,100,has_wing_color::white,baseline
41,Scissor tailed Flycatcher,30,9,16,21,0.3,5,0.5555555555555556,0.3125,0.5915212565212565,0.2669642857142857,1.0,0.7330357142857142,100,has_wing_color::white,baseline
27,Shiny Cowbird,30,0,0,30,0.0,0,,,,,,,100,has_wing_color::white,baseline
40,Olive sided Flycatcher,30,10,1,20,0.3333333333333333,1,0.1,1.0,0.07220827212003683,0.0,0.25,0.25,100,has_wing_color::white,baseline
38,Great Crested Flycatcher,30,10,5,20,0.3333333333333333,1,0.1,0.2,0.08225111408199642,0.0,0.3040384615384615,0.3040384615384615,100,has_wing_color::white,baseline
36,Northern Flicker,30,4,15,26,0.13333333333333333,4,1.0,0.26666666666666666,1.0,1.0,1.0,0.0,100,has_wing_color::white,baseline
29,American Crow,30,0,0,30,0.0,0,,,,,,,100,has_wing_color::white,baseline
35,Purple Finch,30,7,4,23,0.23333333333333334,2,0.2857142857142857,0.5,0.2746460206460206,0.0,0.6468749999999996,0.6468749999999996,100,has_wing_color::white,baseline
30,Fish Crow,30,0,0,30,0.0,0,,,,,,,100,has_wing_color::white,baseline
21,Eastern Towhee,30,12,7,18,0.4,4,0.3333333333333333,0.5714285714285714,0.34469473418738134,0.13141025641025642,0.5776785714285714,0.446268315018315,100,has_wing_color::white,baseline
62,Herring Gull,30,15,23,15,0.5,12,0.8,0.5217391304347826,0.7894690707469344,0.5770833333333333,1.0,0.4229166666666667,100,has_wing_color::white,baseline
64,Ring billed Gull,30,11,25,19,0.36666666666666664,8,0.7272727272727273,0.32,0.7197478412110765,0.4444444444444444,0.9634615384615378,0.5190170940170934,100,has_wing_color::white,baseline
73,Blue Jay,30,12,15,18,0.4,9,0.75,0.6,0.75777717543894,0.5,1.0,0.5,100,has_wing_color::white,baseline
87,Mallard,30,8,8,22,0.26666666666666666,1,0.125,0.125,0.15286235986235985,0.0,0.42291666666666655,0.42291666666666655,100,has_wing_color::white,baseline
86,Pacific Loon,30,12,15,18,0.4,7,0.5833333333333334,0.4666666666666667,0.5618354423354424,0.26079545454545455,0.8611363636363629,0.6003409090909084,100,has_wing_color::white,baseline
85,Horned Lark,30,5,4,25,0.16666666666666666,0,0.0,0.0,0.0,0.0,0.0,0.0,100,has_wing_color::white,baseline
4,Groove billed Ani,30,1,0,29,0.03333333333333333,0,0.0,,0.0,0.0,0.0,0.0,100,has_wing_color::white,baseline
83,White breasted Kingfisher,30,1,1,29,0.03333333333333333,0,0.0,0.0,0.0,0.0,0.0,0.0,100,has_wing_color::white,baseline
82,Ringed Kingfisher,30,2,4,28,0.06666666666666667,0,0.0,0.0,0.0,0.0,0.0,0.0,100,has_wing_color::white,baseline
81,Pied Kingfisher,30,27,26,3,0.9,23,0.8518518518518519,0.8846153846153846,0.8487175753088045,0.727287798408488,0.9615384615384616,0.23425066312997356,100,has_wing_color::white,baseline
80,Green Kingfisher,30,12,11,18,0.4,5,0.4166666666666667,0.45454545454545453,0.4382273450663544,0.12035714285714286,0.75,0.6296428571428572,100,has_wing_color::white,baseline
79,Belted Kingfisher,30,8,7,22,0.26666666666666666,3,0.375,0.42857142857142855,0.3758476523476524,0.11770833333333333,0.75,0.6322916666666667,100,has_wing_color::white,baseline
10,Red winged Blackbird,30,2,2,28,0.06666666666666667,0,0.0,0.0,0.0,0.0,0.0,0.0,100,has_wing_color::white,baseline
77,Tropical Kingbird,30,4,2,26,0.13333333333333333,0,0.0,0.0,0.0,0.0,0.0,0.0,100,has_wing_color::white,baseline
11,Rusty Blackbird,30,1,3,29,0.03333333333333333,0,0.0,0.0,0.0,0.0,0.0,0.0,100,has_wing_color::white,baseline
74,Florida Jay,30,6,0,24,0.2,0,0.0,,0.0,0.0,0.0,0.0,100,has_wing_color::white,baseline
76,Dark eyed Junco,30,3,6,27,0.1,1,0.3333333333333333,0.16666666666666666,0.38955453149001534,0.0,1.0,1.0,100,has_wing_color::white,baseline
72,Pomarine Jaeger,30,8,6,22,0.26666666666666666,1,0.125,0.16666666666666666,0.13979406704406705,0.0,0.3881249999999998,0.3881249999999998,100,has_wing_color::white,baseline
14,Indigo Bunting,30,0,1,30,0.0,0,,0.0,,,,,100,has_wing_color::white,baseline
66,Western Gull,30,18,26,12,0.6,16,0.8888888888888888,0.6153846153846154,0.9012316734860987,0.7512626262626263,1.0,0.2487373737373737,100,has_wing_color::white,baseline
71,Long tailed Jaeger,30,9,5,21,0.3,2,0.2222222222222222,0.4,0.23114739427239425,0.0,0.5864285714285712,0.5864285714285712,100,has_wing_color::white,baseline
67,Anna Hummingbird,30,2,0,28,0.06666666666666667,0,0.0,,0.0,0.0,0.0,0.0,100,has_wing_color::white,baseline
68,Ruby throated Hummingbird,30,3,1,27,0.1,0,0.0,0.0,0.0,0.0,0.0,0.0,100,has_wing_color::white,baseline
31,Black billed Cuckoo,30,3,0,27,0.1,0,0.0,,0.0,0.0,0.0,0.0,100,has_wing_color::white,baseline
69,Rufous Hummingbird,30,3,2,27,0.1,0,0.0,0.0,0.0,0.0,0.0,0.0,100,has_wing_color::white,baseline
13,Bobolink,30,16,16,14,0.5333333333333333,8,0.5,0.5,0.4799332675408527,0.26954545454545453,0.7498039215686272,0.48025846702317265,100,has_wing_color::white,baseline
70,Green Violetear,30,0,0,30,0.0,0,,,,,,,100,has_wing_color::white,baseline
181,Worm eating Warbler,29,1,0,28,0.034482758620689655,0,0.0,,0.0,0.0,0.0,0.0,100,has_wing_color::white,baseline
20,Yellow breasted Chat,29,3,2,26,0.10344827586206896,0,0.0,0.0,0.0,0.0,0.0,0.0,100,has_wing_color::white,baseline
169,Magnolia Warbler,29,16,16,13,0.5517241379310345,9,0.5625,0.5625,0.5603039776196493,0.3333333333333333,0.8125,0.4791666666666667,100,has_wing_color::white,baseline
168,Kentucky Warbler,29,1,2,28,0.034482758620689655,1,1.0,0.5,1.0,1.0,1.0,0.0,100,has_wing_color::white,baseline
28,Brown Creeper,29,11,25,18,0.3793103448275862,11,1.0,0.44,1.0,1.0,1.0,0.0,100,has_wing_color::white,baseline
9,Brewer Blackbird,29,0,0,29,0.0,0,,,,,,,100,has_wing_color::white,baseline
166,Golden winged Warbler,29,6,7,23,0.20689655172413793,1,0.16666666666666666,0.14285714285714285,0.15929365079365077,0.0,0.5524999999999991,0.5524999999999991,100,has_wing_color::white,baseline
23,Brandt Cormorant,29,0,2,29,0.0,0,,0.0,,,,,100,has_wing_color::white,baseline
190,Red cockaded Woodpecker,29,28,25,1,0.9655172413793104,25,0.8928571428571429,1.0,0.9013623496554528,0.7963793103448277,0.9836206896551721,0.18724137931034446,100,has_wing_color::white,baseline
33,Yellow billed Cuckoo,29,1,1,28,0.034482758620689655,0,0.0,0.0,0.0,0.0,0.0,0.0,100,has_wing_color::white,baseline
179,Tennessee Warbler,29,2,1,27,0.06896551724137931,1,0.5,1.0,0.46807228915662646,0.0,1.0,1.0,100,has_wing_color::white,baseline
19,Gray Catbird,29,2,1,27,0.06896551724137931,0,0.0,0.0,0.0,0.0,0.0,0.0,100,has_wing_color::white,baseline
43,Yellow bellied Flycatcher,29,8,9,21,0.27586206896551724,3,0.375,0.3333333333333333,0.3502553280053281,0.0,0.75,0.75,100,has_wing_color::white,baseline
117,Clay colored Sparrow,29,6,5,23,0.20689655172413793,2,0.3333333333333333,0.4,0.33542460317460315,0.0,0.733035714285714,0.733035714285714,100,has_wing_color::white,baseline
141,Artic Tern,29,22,25,7,0.7586206896551724,21,0.9545454545454546,0.84,0.9492610992833267,0.8513736263736263,1.0,0.14862637362637365,100,has_wing_color::white,baseline
160,Black throated Blue Warbler,29,11,6,18,0.3793103448275862,2,0.18181818181818182,0.3333333333333333,0.16743057759234228,0.0,0.4,0.4,100,has_wing_color::white,baseline
119,Field Sparrow,29,11,8,18,0.3793103448275862,3,0.2727272727272727,0.375,0.2873923863803895,0.09522727272727273,0.5714285714285714,0.4762012987012987,100,has_wing_color::white,baseline
124,Le Conte Sparrow,29,5,4,24,0.1724137931034483,1,0.2,0.25,0.21605339105339103,0.0,0.6666666666666666,0.6666666666666666,100,has_wing_color::white,baseline
125,Lincoln Sparrow,29,5,2,24,0.1724137931034483,1,0.2,0.5,0.2220278587625526,0.0,1.0,1.0,100,has_wing_color::white,baseline
115,Brewer Sparrow,29,4,7,25,0.13793103448275862,1,0.25,0.14285714285714285,0.250012025012025,0.0,0.6666666666666666,0.6666666666666666,100,has_wing_color::white,baseline
60,Glaucous winged Gull,29,14,25,15,0.4827586206896552,12,0.8571428571428571,0.48,0.8653573838871825,0.6923076923076923,1.0,0.3076923076923077,100,has_wing_color::white,baseline
78,Gray Kingbird,29,7,7,22,0.2413793103448276,3,0.42857142857142855,0.42857142857142855,0.4115191197691198,0.0,0.75,0.75,100,has_wing_color::white,baseline
97,Orchard Oriole,29,8,5,21,0.27586206896551724,2,0.25,0.4,0.24450474525474522,0.0,0.5864285714285712,0.5864285714285712,100,has_wing_color::white,baseline
149,Brown Thrasher,29,5,4,24,0.1724137931034483,2,0.4,0.5,0.4074642857142857,0.0,1.0,1.0,100,has_wing_color::white,baseline
39,Least Flycatcher,29,8,10,21,0.27586206896551724,5,0.625,0.5,0.6313342074592074,0.353125,0.8947222222222221,0.5415972222222221,100,has_wing_color::white,baseline
153,Philadelphia Vireo,29,2,1,27,0.06896551724137931,0,0.0,0.0,0.0,0.0,0.0,0.0,100,has_wing_color::white,baseline
37,Acadian Flycatcher,29,10,16,19,0.3448275862068966,6,0.6,0.375,0.6134470529470528,0.2857142857142857,0.9,0.6142857142857143,100,has_wing_color::white,baseline
157,Yellow throated Vireo,29,13,9,16,0.4482758620689655,5,0.38461538461538464,0.5555555555555556,0.36648434825408516,0.16666666666666666,0.6553571428571426,0.488690476190476,100,has_wing_color::white,baseline
34,Gray crowned Rosy Finch,29,7,9,22,0.2413793103448276,2,0.2857142857142857,0.2222222222222222,0.2590090742590742,0.0,0.6190909090909088,0.6190909090909088,100,has_wing_color::white,baseline
3,Sooty Albatross,28,2,3,26,0.07142857142857142,0,0.0,0.0,0.0,0.0,0.0,0.0,100,has_wing_color::white,baseline
15,Lazuli Bunting,28,16,12,12,0.5714285714285714,8,0.5,0.6666666666666666,0.516035970909036,0.2969117647058824,0.75,0.4530882352941176,100,has_wing_color::white,baseline
16,Painted Bunting,28,0,0,28,0.0,0,,,,,,,100,has_wing_color::white,baseline
58,Pigeon Guillemot,28,21,8,7,0.75,5,0.23809523809523808,0.625,0.23479330057552564,0.09523809523809523,0.4090909090909091,0.3138528138528139,100,has_wing_color::white,baseline
17,Cardinal,27,1,1,26,0.037037037037037035,0,0.0,0.0,0.0,0.0,0.0,0.0,100,has_wing_color::white,baseline
75,Green Jay,27,0,1,27,0.0,0,,0.0,,,,,100,has_wing_color::white,baseline
178,Swainson Warbler,26,0,0,26,0.0,0,,,,,,,100,has_wing_color::white,baseline
12,Yellow headed Blackbird,26,7,3,19,0.2692307692307692,1,0.14285714285714285,0.3333333333333333,0.16129617604617608,0.0,0.4784090909090905,0.4784090909090905,100,has_wing_color::white,baseline
22,Chuck will Widow,26,2,1,24,0.07692307692307693,0,0.0,0.0,0.0,0.0,0.0,0.0,100,has_wing_color::white,baseline
7,Parakeet Auklet,23,3,9,20,0.13043478260869565,2,0.6666666666666666,0.2222222222222222,0.6559275793650793,0.0,1.0,1.0,100,has_wing_color::white,baseline
84,Red legged Kittiwake,23,11,20,12,0.4782608695652174,11,1.0,0.55,1.0,1.0,1.0,0.0,100,has_wing_color::white,baseline
32,Mangrove Cuckoo,23,0,1,23,0.0,0,,0.0,,,,,100,has_wing_color::white,baseline
24,Red faced Cormorant,22,1,0,21,0.045454545454545456,0,0.0,,0.0,0.0,0.0,0.0,100,has_wing_color::white,baseline
151,Black capped Vireo,21,4,4,17,0.19047619047619047,1,0.25,0.25,0.2425324675324675,0.0,1.0,1.0,100,has_wing_color::white,baseline
113,Baird Sparrow,20,3,6,17,0.15,1,0.3333333333333333,0.16666666666666666,0.315062656641604,0.0,1.0,1.0,100,has_wing_color::white,baseline
187,American Three toed Woodpecker,20,13,16,7,0.65,12,0.9230769230769231,0.75,0.913323626536862,0.6507575757575758,1.0,0.34924242424242424,100,has_wing_color::white,baseline
65,Slaty backed Gull,20,15,15,5,0.75,12,0.8,0.8,0.7926415369116604,0.6153846153846154,1.0,0.3846153846153846,100,has_wing_color::white,baseline
101,White Pelican,20,18,19,2,0.9,17,0.9444444444444444,0.8947368421052632,0.9421446508427931,0.8333333333333334,1.0,0.16666666666666663,100,has_wing_color::white,baseline
105,Whip poor Will,19,4,1,15,0.21052631578947367,0,0.0,0.0,0.0,0.0,0.0,0.0,100,has_wing_color::white,baseline
8,Rhinoceros Auklet,18,0,0,18,0.0,0,,,,,,,100,has_wing_color::white,baseline
18,Spotted Catbird,15,0,0,15,0.0,0,,,,,,,100,has_wing_color::white,baseline
5,Crested Auklet,14,0,1,14,0.0,0,,0.0,,,,,100,has_wing_color::white,baseline
6,Least Auklet,11,6,4,5,0.5454545454545454,3,0.5,0.75,0.4578373015873016,0.0,0.8333333333333334,0.8333333333333334,100,has_wing_color::white,baseline
1,Black footed Albatross,30,6,16,24,0.2,5,0.8333333333333334,0.3125,0.847159090909091,0.5263888888888889,1.0,0.4736111111111111,100,has_under_tail_color::black,baseline
143,Caspian Tern,30,7,18,23,0.23333333333333334,2,0.2857142857142857,0.1111111111111111,0.2833155178155177,0.0,0.6666666666666666,0.6666666666666666,100,has_under_tail_color::black,baseline
120,Fox Sparrow,30,2,6,28,0.06666666666666667,2,1.0,0.3333333333333333,1.0,1.0,1.0,0.0,100,has_under_tail_color::black,baseline
121,Grasshopper Sparrow,30,2,8,28,0.06666666666666667,1,0.5,0.125,0.5087037037037037,0.0,1.0,1.0,100,has_under_tail_color::black,baseline
122,Harris Sparrow,30,13,14,17,0.43333333333333335,7,0.5384615384615384,0.5,0.5313575150339855,0.25,0.7857142857142857,0.5357142857142857,100,has_under_tail_color::black,baseline
123,Henslow Sparrow,30,3,6,27,0.1,2,0.6666666666666666,0.3333333333333333,0.6867063492063492,0.0,1.0,1.0,100,has_under_tail_color::black,baseline
126,Nelson Sharp tailed Sparrow,30,5,6,25,0.16666666666666666,1,0.2,0.16666666666666666,0.18770634920634915,0.0,0.6349999999999993,0.6349999999999993,100,has_under_tail_color::black,baseline
127,Savannah Sparrow,30,5,9,25,0.16666666666666666,2,0.4,0.2222222222222222,0.4046839826839827,0.0,0.9049999999999984,0.9049999999999984,100,has_under_tail_color::black,baseline
128,Seaside Sparrow,30,1,9,29,0.03333333333333333,1,1.0,0.1111111111111111,1.0,1.0,1.0,0.0,100,has_under_tail_color::black,baseline
129,Song Sparrow,30,2,4,28,0.06666666666666667,0,0.0,0.0,0.0,0.0,0.0,0.0,100,has_under_tail_color::black,baseline
130,Tree Sparrow,30,3,8,27,0.1,1,0.3333333333333333,0.125,0.33804563492063494,0.0,1.0,1.0,100,has_under_tail_color::black,baseline
131,Vesper Sparrow,30,5,7,25,0.16666666666666666,2,0.4,0.2857142857142857,0.4042276334776335,0.0,0.8944444444444426,0.8944444444444426,100,has_under_tail_color::black,baseline
132,White crowned Sparrow,30,3,16,27,0.1,2,0.6666666666666666,0.125,0.6946127946127946,0.0,1.0,1.0,100,has_under_tail_color::black,baseline
133,White throated Sparrow,30,5,10,25,0.16666666666666666,2,0.4,0.2,0.3568054280175493,0.0,0.7774999999999999,0.7774999999999999,100,has_under_tail_color::black,baseline
134,Cape Glossy Starling,30,14,26,16,0.4666666666666667,14,1.0,0.5384615384615384,1.0,1.0,1.0,0.0,100,has_under_tail_color::black,baseline
135,Bank Swallow,30,10,19,20,0.3333333333333333,6,0.6,0.3157894736842105,0.583050985048663,0.19711538461538464,0.8612980769230767,0.6641826923076921,100,has_under_tail_color::black,baseline
136,Barn Swallow,30,11,27,19,0.36666666666666664,10,0.9090909090909091,0.37037037037037035,0.8945871212121211,0.7129545454545454,1.0,0.2870454545454546,100,has_under_tail_color::black,baseline
137,Cliff Swallow,30,8,25,22,0.26666666666666666,8,1.0,0.32,1.0,1.0,1.0,0.0,100,has_under_tail_color::black,baseline
138,Tree Swallow,30,6,21,24,0.2,5,0.8333333333333334,0.23809523809523808,0.8412453102453102,0.5,1.0,0.5,100,has_under_tail_color::black,baseline
139,Scarlet Tanager,30,23,29,7,0.7666666666666667,23,1.0,0.7931034482758621,1.0,1.0,1.0,0.0,100,has_under_tail_color::black,baseline
140,Summer Tanager,30,5,10,25,0.16666666666666666,4,0.8,0.4,0.7670285102103285,0.26607142857142857,1.0,0.7339285714285715,100,has_under_tail_color::black,baseline
118,House Sparrow,30,8,10,22,0.26666666666666666,2,0.25,0.2,0.24348626373626367,0.0,0.5864285714285712,0.5864285714285712,100,has_under_tail_color::black,baseline
116,Chipping Sparrow,30,5,7,25,0.16666666666666666,1,0.2,0.14285714285714285,0.20617929292929293,0.0,0.6666666666666666,0.6666666666666666,100,has_under_tail_color::black,baseline
114,Black throated Sparrow,30,13,27,17,0.43333333333333335,13,1.0,0.48148148148148145,1.0,1.0,1.0,0.0,100,has_under_tail_color::black,baseline
2,Laysan Albatross,30,10,15,20,0.3333333333333333,7,0.7,0.4666666666666667,0.7005460577434262,0.4,1.0,0.6,100,has_under_tail_color::black,baseline
92,Nighthawk,30,14,29,16,0.4666666666666667,14,1.0,0.4827586206896552,1.0,1.0,1.0,0.0,100,has_under_tail_color::black,baseline
93,Clark Nutcracker,30,19,30,11,0.6333333333333333,19,1.0,0.6333333333333333,1.0,1.0,1.0,0.0,100,has_under_tail_color::black,baseline
94,White breasted Nuthatch,30,12,29,18,0.4,11,0.9166666666666666,0.3793103448275862,0.9186806378176346,0.7380681818181818,1.0,0.2619318181818182,100,has_under_tail_color::black,baseline
95,Baltimore Oriole,30,12,28,18,0.4,12,1.0,0.42857142857142855,1.0,1.0,1.0,0.0,100,has_under_tail_color::black,baseline
96,Hooded Oriole,30,15,29,15,0.5,15,1.0,0.5172413793103449,1.0,1.0,1.0,0.0,100,has_under_tail_color::black,baseline
98,Scott Oriole,30,17,29,13,0.5666666666666667,17,1.0,0.5862068965517241,1.0,1.0,1.0,0.0,100,has_under_tail_color::black,baseline
99,Ovenbird,30,2,5,28,0.06666666666666667,1,0.5,0.2,0.5872093023255814,0.0,1.0,1.0,100,has_under_tail_color::black,baseline
100,Brown Pelican,30,6,22,24,0.2,6,1.0,0.2727272727272727,1.0,1.0,1.0,0.0,100,has_under_tail_color::black,baseline
102,Western Wood Pewee,30,11,14,19,0.36666666666666664,5,0.45454545454545453,0.35714285714285715,0.4679465403877168,0.21461538461538462,0.733035714285714,0.5184203296703294,100,has_under_tail_color::black,baseline
112,Great Grey Shrike,30,17,26,13,0.5666666666666667,15,0.8823529411764706,0.5769230769230769,0.8730374997846562,0.6852941176470588,1.0,0.31470588235294117,100,has_under_tail_color::black,baseline
103,Sayornis,30,5,17,25,0.16666666666666666,4,0.8,0.23529411764705882,0.7760414389202267,0.3333333333333333,1.0,0.6666666666666667,100,has_under_tail_color::black,baseline
104,American Pipit,30,8,8,22,0.26666666666666666,3,0.375,0.375,0.38587148962148965,0.0,0.6801282051282049,0.6801282051282049,100,has_under_tail_color::black,baseline
106,Horned Puffin,30,12,27,18,0.4,12,1.0,0.4444444444444444,1.0,1.0,1.0,0.0,100,has_under_tail_color::black,baseline
107,Common Raven,30,26,30,4,0.8666666666666667,26,1.0,0.8666666666666667,1.0,1.0,1.0,0.0,100,has_under_tail_color::black,baseline
108,White necked Raven,30,21,30,9,0.7,21,1.0,0.7,1.0,1.0,1.0,0.0,100,has_under_tail_color::black,baseline
109,American Redstart,30,19,29,11,0.6333333333333333,18,0.9473684210526315,0.6206896551724138,0.9481089192967037,0.8458552631578947,1.0,0.15414473684210528,100,has_under_tail_color::black,baseline
110,Geococcyx,30,14,26,16,0.4666666666666667,14,1.0,0.5384615384615384,1.0,1.0,1.0,0.0,100,has_under_tail_color::black,baseline
111,Loggerhead Shrike,30,17,28,13,0.5666666666666667,16,0.9411764705882353,0.5714285714285714,0.9454011440314073,0.8394957983193276,1.0,0.16050420168067236,100,has_under_tail_color::black,baseline
142,Black Tern,30,7,19,23,0.23333333333333334,5,0.7142857142857143,0.2631578947368421,0.7339094516594519,0.3333333333333333,1.0,0.6666666666666667,100,has_under_tail_color::black,baseline
144,Common Tern,30,1,15,29,0.03333333333333333,1,1.0,0.06666666666666667,1.0,1.0,1.0,0.0,100,has_under_tail_color::black,baseline
90,Red breasted Merganser,30,2,17,28,0.06666666666666667,2,1.0,0.11764705882352941,1.0,1.0,1.0,0.0,100,has_under_tail_color::black,baseline
145,Elegant Tern,30,5,15,25,0.16666666666666666,2,0.4,0.13333333333333333,0.3708072791406124,0.0,1.0,1.0,100,has_under_tail_color::black,baseline
176,Prairie Warbler,30,9,12,21,0.3,1,0.1111111111111111,0.08333333333333333,0.10985447885447884,0.0,0.3683333333333328,0.3683333333333328,100,has_under_tail_color::black,baseline
177,Prothonotary Warbler,30,9,26,21,0.3,7,0.7777777777777778,0.2692307692307692,0.7784610112110113,0.5,1.0,0.5,100,has_under_tail_color::black,baseline
180,Wilson Warbler,30,7,11,23,0.23333333333333334,3,0.42857142857142855,0.2727272727272727,0.42500283050283044,0.0,0.8,0.8,100,has_under_tail_color::black,baseline
182,Yellow Warbler,30,8,8,22,0.26666666666666666,2,0.25,0.25,0.22430258630258632,0.0,0.5374999999999994,0.5374999999999994,100,has_under_tail_color::black,baseline
183,Northern Waterthrush,30,3,8,27,0.1,1,0.3333333333333333,0.125,0.3540922619047619,0.0,1.0,1.0,100,has_under_tail_color::black,baseline
184,Louisiana Waterthrush,30,5,3,25,0.16666666666666666,1,0.2,0.3333333333333333,0.20533397578852122,0.0,0.7774999999999999,0.7774999999999999,100,has_under_tail_color::black,baseline
185,Bohemian Waxwing,30,10,30,20,0.3333333333333333,10,1.0,0.3333333333333333,1.0,1.0,1.0,0.0,100,has_under_tail_color::black,baseline
186,Cedar Waxwing,30,10,19,20,0.3333333333333333,5,0.5,0.2631578947368421,0.5015371434121434,0.14285714285714285,0.8526041666666659,0.7097470238095231,100,has_under_tail_color::black,baseline
188,Pileated Woodpecker,30,24,28,6,0.8,22,0.9166666666666666,0.7857142857142857,0.9237413779584261,0.8365,1.0,0.16349999999999998,100,has_under_tail_color::black,baseline
189,Red bellied Woodpecker,30,17,26,13,0.5666666666666667,14,0.8235294117647058,0.5384615384615384,0.8412629290815823,0.6666666666666666,1.0,0.33333333333333337,100,has_under_tail_color::black,baseline
191,Red headed Woodpecker,30,20,28,10,0.6666666666666666,20,1.0,0.7142857142857143,1.0,1.0,1.0,0.0,100,has_under_tail_color::black,baseline
192,Downy Woodpecker,30,21,30,9,0.7,21,1.0,0.7,1.0,1.0,1.0,0.0,100,has_under_tail_color::black,baseline
193,Bewick Wren,30,14,16,16,0.4666666666666667,7,0.5,0.4375,0.49417877100539637,0.2506993006993007,0.7645833333333331,0.5138840326340324,100,has_under_tail_color::black,baseline
194,Cactus Wren,30,11,24,19,0.36666666666666664,11,1.0,0.4583333333333333,1.0,1.0,1.0,0.0,100,has_under_tail_color::black,baseline
195,Carolina Wren,30,8,7,22,0.26666666666666666,1,0.125,0.14285714285714285,0.12913564213564213,0.0,0.42857142857142855,0.42857142857142855,100,has_under_tail_color::black,baseline
196,House Wren,30,6,10,24,0.2,4,0.6666666666666666,0.4,0.6695119047619046,0.09500000000000003,1.0,0.905,100,has_under_tail_color::black,baseline
197,Marsh Wren,30,7,11,23,0.23333333333333334,2,0.2857142857142857,0.18181818181818182,0.32273204573204567,0.0,0.75,0.75,100,has_under_tail_color::black,baseline
198,Rock Wren,30,8,18,22,0.26666666666666666,3,0.375,0.16666666666666666,0.3658956321456321,0.0,0.733035714285714,0.733035714285714,100,has_under_tail_color::black,baseline
199,Winter Wren,30,7,16,23,0.23333333333333334,7,1.0,0.4375,1.0,1.0,1.0,0.0,100,has_under_tail_color::black,baseline
175,Pine Warbler,30,6,20,24,0.2,5,0.8333333333333334,0.25,0.8662763347763347,0.6,1.0,0.4,100,has_under_tail_color::black,baseline
174,Palm Warbler,30,6,5,24,0.2,1,0.16666666666666666,0.2,0.1563441280941281,0.0,0.42857142857142855,0.42857142857142855,100,has_under_tail_color::black,baseline
173,Orange crowned Warbler,30,4,6,26,0.13333333333333333,1,0.25,0.16666666666666666,0.2614107547781017,0.0,1.0,1.0,100,has_under_tail_color::black,baseline
158,Bay breasted Warbler,30,10,27,20,0.3333333333333333,9,0.9,0.3333333333333333,0.8897518453768456,0.6666666666666666,1.0,0.33333333333333337,100,has_under_tail_color::black,baseline
146,Forsters Tern,30,7,15,23,0.23333333333333334,4,0.5714285714285714,0.26666666666666666,0.5755254190254191,0.2,1.0,0.8,100,has_under_tail_color::black,baseline
147,Least Tern,30,8,19,22,0.26666666666666666,8,1.0,0.42105263157894735,1.0,1.0,1.0,0.0,100,has_under_tail_color::black,baseline
148,Green tailed Towhee,30,2,8,28,0.06666666666666667,0,0.0,0.0,0.0,0.0,0.0,0.0,100,has_under_tail_color::black,baseline
150,Sage Thrasher,30,5,12,25,0.16666666666666666,3,0.6,0.25,0.5510942760942761,0.0,1.0,1.0,100,has_under_tail_color::black,baseline
152,Blue headed Vireo,30,7,13,23,0.23333333333333334,6,0.8571428571428571,0.46153846153846156,0.852248334998335,0.5,1.0,0.5,100,has_under_tail_color::black,baseline
154,Red eyed Vireo,30,3,4,27,0.1,1,0.3333333333333333,0.25,0.36319444444444443,0.0,1.0,1.0,100,has_under_tail_color::black,baseline
155,Warbling Vireo,30,1,4,29,0.03333333333333333,1,1.0,0.25,1.0,1.0,1.0,0.0,100,has_under_tail_color::black,baseline
156,White eyed Vireo,30,4,11,26,0.13333333333333333,1,0.25,0.09090909090909091,0.20340307840307842,0.0,0.5871428571428571,0.5871428571428571,100,has_under_tail_color::black,baseline
159,Black and white Warbler,30,16,27,14,0.5333333333333333,16,1.0,0.5925925925925926,1.0,1.0,1.0,0.0,100,has_under_tail_color::black,baseline
172,Nashville Warbler,30,2,6,28,0.06666666666666667,0,0.0,0.0,0.0,0.0,0.0,0.0,100,has_under_tail_color::black,baseline
161,Blue winged Warbler,30,3,21,27,0.1,3,1.0,0.14285714285714285,1.0,1.0,1.0,0.0,100,has_under_tail_color::black,baseline
162,Canada Warbler,30,7,10,23,0.23333333333333334,1,0.14285714285714285,0.1,0.16492182817182816,0.0,0.5,0.5,100,has_under_tail_color::black,baseline
163,Cape May Warbler,30,10,9,20,0.3333333333333333,4,0.4,0.4444444444444444,0.40852309618486093,0.10838235294117647,0.7262499999999995,0.617867647058823,100,has_under_tail_color::black,baseline
164,Cerulean Warbler,30,8,22,22,0.26666666666666666,7,0.875,0.3181818181818182,0.871882783882784,0.6666666666666666,1.0,0.33333333333333337,100,has_under_tail_color::black,baseline
165,Chestnut sided Warbler,30,6,20,24,0.2,6,1.0,0.3,1.0,1.0,1.0,0.0,100,has_under_tail_color::black,baseline
167,Hooded Warbler,30,5,18,25,0.16666666666666666,3,0.6,0.16666666666666666,0.6182341269841269,0.0,1.0,1.0,100,has_under_tail_color::black,baseline
170,Mourning Warbler,30,4,3,26,0.13333333333333333,1,0.25,0.3333333333333333,0.2597424684159378,0.0,1.0,1.0,100,has_under_tail_color::black,baseline
171,Myrtle Warbler,30,12,21,18,0.4,10,0.8333333333333334,0.47619047619047616,0.8275077806180746,0.6253496503496504,1.0,0.3746503496503496,100,has_under_tail_color::black,baseline
91,Mockingbird,30,10,24,20,0.3333333333333333,7,0.7,0.2916666666666667,0.6996986624486624,0.365,1.0,0.635,100,has_under_tail_color::black,baseline
200,Common Yellowthroat,30,3,9,27,0.1,1,0.3333333333333333,0.1111111111111111,0.29531250000000003,0.0,1.0,1.0,100,has_under_tail_color::black,baseline
89,Hooded Merganser,30,8,26,22,0.26666666666666666,7,0.875,0.2692307692307692,0.8532821067821069,0.5714285714285714,1.0,0.4285714285714286,100,has_under_tail_color::black,baseline
26,Bronzed Cowbird,30,23,30,7,0.7666666666666667,23,1.0,0.7666666666666667,1.0,1.0,1.0,0.0,100,has_under_tail_color::black,baseline
61,Heermann Gull,30,18,30,12,0.6,18,1.0,0.6,1.0,1.0,1.0,0.0,100,has_under_tail_color::black,baseline
59,California Gull,30,19,23,11,0.6333333333333333,15,0.7894736842105263,0.6521739130434783,0.7825196689208401,0.6199519230769232,0.9310714285714285,0.3111195054945054,100,has_under_tail_color::black,baseline
25,Pelagic Cormorant,30,18,29,12,0.6,18,1.0,0.6206896551724138,1.0,1.0,1.0,0.0,100,has_under_tail_color::black,baseline
57,Rose breasted Grosbeak,30,12,27,18,0.4,12,1.0,0.4444444444444444,1.0,1.0,1.0,0.0,100,has_under_tail_color::black,baseline
56,Pine Grosbeak,30,7,28,23,0.23333333333333334,7,1.0,0.25,1.0,1.0,1.0,0.0,100,has_under_tail_color::black,baseline
55,Evening Grosbeak,30,14,28,16,0.4666666666666667,12,0.8571428571428571,0.42857142857142855,0.8595331625718624,0.7027941176470588,1.0,0.2972058823529412,100,has_under_tail_color::black,baseline
54,Blue Grosbeak,30,11,22,19,0.36666666666666664,8,0.7272727272727273,0.36363636363636365,0.7178001443001442,0.4079166666666667,0.9634615384615378,0.5555448717948711,100,has_under_tail_color::black,baseline
53,Western Grebe,30,6,12,24,0.2,3,0.5,0.25,0.5088100171433505,0.0,0.9357142857142853,0.9357142857142853,100,has_under_tail_color::black,baseline
52,Pied billed Grebe,30,4,6,26,0.13333333333333333,2,0.5,0.3333333333333333,0.45182780182780174,0.0,1.0,1.0,100,has_under_tail_color::black,baseline
51,Horned Grebe,30,6,9,24,0.2,1,0.16666666666666666,0.1111111111111111,0.16760425685425684,0.0,0.5,0.5,100,has_under_tail_color::black,baseline
50,Eared Grebe,30,3,5,27,0.1,0,0.0,0.0,0.0,0.0,0.0,0.0,100,has_under_tail_color::black,baseline
49,Boat tailed Grackle,30,18,30,12,0.6,18,1.0,0.6,1.0,1.0,1.0,0.0,100,has_under_tail_color::black,baseline
48,European Goldfinch,30,24,29,6,0.8,23,0.9583333333333334,0.7931034482758621,0.9470501033909146,0.8523325358851674,1.0,0.14766746411483256,100,has_under_tail_color::black,baseline
47,American Goldfinch,30,18,25,12,0.6,15,0.8333333333333334,0.6,0.832775464561388,0.6666666666666666,0.9773809523809519,0.3107142857142853,100,has_under_tail_color::black,baseline
63,Ivory Gull,30,4,9,26,0.13333333333333333,2,0.5,0.2222222222222222,0.49031827016520896,0.0,1.0,1.0,100,has_under_tail_color::black,baseline
46,Gadwall,30,8,18,22,0.26666666666666666,6,0.75,0.3333333333333333,0.7136763791763792,0.42857142857142855,1.0,0.5714285714285714,100,has_under_tail_color::black,baseline
45,Northern Fulmar,30,5,6,25,0.16666666666666666,2,0.4,0.3333333333333333,0.41795238095238096,0.0,1.0,1.0,100,has_under_tail_color::black,baseline
44,Frigatebird,30,18,30,12,0.6,18,1.0,0.6,1.0,1.0,1.0,0.0,100,has_under_tail_color::black,baseline
88,Western Meadowlark,30,5,21,25,0.16666666666666666,5,1.0,0.23809523809523808,1.0,1.0,1.0,0.0,100,has_under_tail_color::black,baseline
42,Vermilion Flycatcher,30,12,25,18,0.4,11,0.9166666666666666,0.44,0.9255749389499389,0.75,1.0,0.25,100,has_under_tail_color::black,baseline
41,Scissor tailed Flycatcher,30,20,29,10,0.6666666666666666,20,1.0,0.6896551724137931,1.0,1.0,1.0,0.0,100,has_under_tail_color::black,baseline
27,Shiny Cowbird,30,21,28,9,0.7,21,1.0,0.75,1.0,1.0,1.0,0.0,100,has_under_tail_color::black,baseline
40,Olive sided Flycatcher,30,11,16,19,0.36666666666666664,9,0.8181818181818182,0.5625,0.8259922329132854,0.6073076923076923,1.0,0.3926923076923077,100,has_under_tail_color::black,baseline
38,Great Crested Flycatcher,30,0,7,30,0.0,0,,0.0,,,,,100,has_under_tail_color::black,baseline
36,Northern Flicker,30,16,27,14,0.5333333333333333,16,1.0,0.5925925925925926,1.0,1.0,1.0,0.0,100,has_under_tail_color::black,baseline
29,American Crow,30,27,30,3,0.9,27,1.0,0.9,1.0,1.0,1.0,0.0,100,has_under_tail_color::black,baseline
35,Purple Finch,30,4,4,26,0.13333333333333333,1,0.25,0.25,0.2454444444444444,0.0,1.0,1.0,100,has_under_tail_color::black,baseline
30,Fish Crow,30,26,30,4,0.8666666666666667,26,1.0,0.8666666666666667,1.0,1.0,1.0,0.0,100,has_under_tail_color::black,baseline
21,Eastern Towhee,30,12,28,18,0.4,12,1.0,0.42857142857142855,1.0,1.0,1.0,0.0,100,has_under_tail_color::black,baseline
62,Herring Gull,30,10,13,20,0.3333333333333333,4,0.4,0.3076923076923077,0.4350204607484019,0.08356643356643358,0.7654545454545448,0.6818881118881113,100,has_under_tail_color::black,baseline
64,Ring billed Gull,30,12,17,18,0.4,6,0.5,0.35294117647058826,0.4964577195680137,0.23990384615384616,0.75,0.5100961538461538,100,has_under_tail_color::black,baseline
73,Blue Jay,30,14,24,16,0.4666666666666667,12,0.8571428571428571,0.5,0.8576689354247402,0.6507575757575758,1.0,0.34924242424242424,100,has_under_tail_color::black,baseline
87,Mallard,30,9,15,21,0.3,5,0.5555555555555556,0.3333333333333333,0.53896627881922,0.2,0.7894444444444443,0.5894444444444442,100,has_under_tail_color::black,baseline
86,Pacific Loon,30,8,16,22,0.26666666666666666,3,0.375,0.1875,0.3978096070596071,0.0,0.7645833333333331,0.7645833333333331,100,has_under_tail_color::black,baseline
85,Horned Lark,30,7,17,23,0.23333333333333334,3,0.42857142857142855,0.17647058823529413,0.40195887445887446,0.0,1.0,1.0,100,has_under_tail_color::black,baseline
4,Groove billed Ani,30,22,29,8,0.7333333333333333,21,0.9545454545454546,0.7241379310344828,0.9547200149818774,0.8374456521739131,1.0,0.1625543478260869,100,has_under_tail_color::black,baseline
83,White breasted Kingfisher,30,4,21,26,0.13333333333333333,3,0.75,0.14285714285714285,0.7737261904761904,0.2633333333333333,1.0,0.7366666666666667,100,has_under_tail_color::black,baseline
82,Ringed Kingfisher,30,6,26,24,0.2,5,0.8333333333333334,0.19230769230769232,0.812018759018759,0.365,1.0,0.635,100,has_under_tail_color::black,baseline
81,Pied Kingfisher,30,18,30,12,0.6,18,1.0,0.6,1.0,1.0,1.0,0.0,100,has_under_tail_color::black,baseline
80,Green Kingfisher,30,13,25,17,0.43333333333333335,12,0.9230769230769231,0.48,0.9315444649519727,0.7512626262626263,1.0,0.2487373737373737,100,has_under_tail_color::black,baseline
79,Belted Kingfisher,30,5,29,25,0.16666666666666666,5,1.0,0.1724137931034483,1.0,1.0,1.0,0.0,100,has_under_tail_color::black,baseline
10,Red winged Blackbird,30,26,29,4,0.8666666666666667,25,0.9615384615384616,0.8620689655172413,0.9647089271270681,0.8537135278514588,1.0,0.14628647214854118,100,has_under_tail_color::black,baseline
77,Tropical Kingbird,30,3,19,27,0.1,2,0.6666666666666666,0.10526315789473684,0.6228537293053422,0.0,1.0,1.0,100,has_under_tail_color::black,baseline
11,Rusty Blackbird,30,20,29,10,0.6666666666666666,19,0.95,0.6551724137931034,0.9460304490970175,0.8333333333333334,1.0,0.16666666666666663,100,has_under_tail_color::black,baseline
74,Florida Jay,30,2,11,28,0.06666666666666667,2,1.0,0.18181818181818182,1.0,1.0,1.0,0.0,100,has_under_tail_color::black,baseline
76,Dark eyed Junco,30,5,12,25,0.16666666666666666,3,0.6,0.25,0.5565955368985672,0.09000000000000004,1.0,0.9099999999999999,100,has_under_tail_color::black,baseline
72,Pomarine Jaeger,30,15,24,15,0.5,14,0.9333333333333333,0.5833333333333334,0.9276682476879846,0.7925,1.0,0.20750000000000002,100,has_under_tail_color::black,baseline
14,Indigo Bunting,30,4,15,26,0.13333333333333333,2,0.5,0.13333333333333333,0.5237380952380952,0.0,1.0,1.0,100,has_under_tail_color::black,baseline
66,Western Gull,30,11,18,19,0.36666666666666664,6,0.5454545454545454,0.3333333333333333,0.5375333099133409,0.22375,0.8393749999999994,0.6156249999999994,100,has_under_tail_color::black,baseline
71,Long tailed Jaeger,30,13,26,17,0.43333333333333335,10,0.7692307692307693,0.38461538461538464,0.7688389905158479,0.5215909090909091,1.0,0.4784090909090909,100,has_under_tail_color::black,baseline
67,Anna Hummingbird,30,7,15,23,0.23333333333333334,4,0.5714285714285714,0.26666666666666666,0.541958596958597,0.1261904761904762,1.0,0.8738095238095238,100,has_under_tail_color::black,baseline
68,Ruby throated Hummingbird,30,8,11,22,0.26666666666666666,4,0.5,0.36363636363636365,0.5124914252414252,0.06785714285714287,0.8174999999999998,0.7496428571428569,100,has_under_tail_color::black,baseline
31,Black billed Cuckoo,30,3,6,27,0.1,1,0.3333333333333333,0.16666666666666666,0.32031573498964805,0.0,1.0,1.0,100,has_under_tail_color::black,baseline
69,Rufous Hummingbird,30,7,7,23,0.23333333333333334,1,0.14285714285714285,0.14285714285714285,0.150729797979798,0.0,0.42857142857142855,0.42857142857142855,100,has_under_tail_color::black,baseline
13,Bobolink,30,17,30,13,0.5666666666666667,17,1.0,0.5666666666666667,1.0,1.0,1.0,0.0,100,has_under_tail_color::black,baseline
70,Green Violetear,30,6,13,24,0.2,1,0.16666666666666666,0.07692307692307693,0.15525,0.0,0.46607142857142797,0.46607142857142797,100,has_under_tail_color::black,baseline
181,Worm eating Warbler,29,2,4,27,0.06896551724137931,0,0.0,0.0,0.0,0.0,0.0,0.0,100,has_under_tail_color::black,baseline
20,Yellow breasted Chat,29,4,14,25,0.13793103448275862,2,0.5,0.14285714285714285,0.45737433862433857,0.0,1.0,1.0,100,has_under_tail_color::black,baseline
169,Magnolia Warbler,29,18,24,11,0.6206896551724138,14,0.7777777777777778,0.5833333333333334,0.784429384576477,0.6208333333333333,0.9473684210526315,0.3265350877192982,100,has_under_tail_color::black,baseline
168,Kentucky Warbler,29,6,3,23,0.20689655172413793,1,0.16666666666666666,0.3333333333333333,0.15123412698412697,0.0,0.5,0.5,100,has_under_tail_color::black,baseline
28,Brown Creeper,29,2,21,27,0.06896551724137931,2,1.0,0.09523809523809523,1.0,1.0,1.0,0.0,100,has_under_tail_color::black,baseline
9,Brewer Blackbird,29,21,29,8,0.7241379310344828,21,1.0,0.7241379310344828,1.0,1.0,1.0,0.0,100,has_under_tail_color::black,baseline
166,Golden winged Warbler,29,12,25,17,0.41379310344827586,12,1.0,0.48,1.0,1.0,1.0,0.0,100,has_under_tail_color::black,baseline
23,Brandt Cormorant,29,11,24,18,0.3793103448275862,11,1.0,0.4583333333333333,1.0,1.0,1.0,0.0,100,has_under_tail_color::black,baseline
190,Red cockaded Woodpecker,29,17,26,12,0.5862068965517241,16,0.9411764705882353,0.6153846153846154,0.9424173228619992,0.8125,1.0,0.1875,100,has_under_tail_color::black,baseline
33,Yellow billed Cuckoo,29,9,13,20,0.3103448275862069,3,0.3333333333333333,0.23076923076923078,0.34935600510600506,0.0,0.7592857142857136,0.7592857142857136,100,has_under_tail_color::black,baseline
179,Tennessee Warbler,29,6,7,23,0.20689655172413793,2,0.3333333333333333,0.2857142857142857,0.3477961760461761,0.0,0.6666666666666666,0.6666666666666666,100,has_under_tail_color::black,baseline
19,Gray Catbird,29,10,21,19,0.3448275862068966,10,1.0,0.47619047619047616,1.0,1.0,1.0,0.0,100,has_under_tail_color::black,baseline
43,Yellow bellied Flycatcher,29,4,8,25,0.13793103448275862,2,0.5,0.25,0.4423039923039923,0.0,1.0,1.0,100,has_under_tail_color::black,baseline
117,Clay colored Sparrow,29,4,4,25,0.13793103448275862,0,0.0,0.0,0.0,0.0,0.0,0.0,100,has_under_tail_color::black,baseline
141,Artic Tern,29,1,5,28,0.034482758620689655,0,0.0,0.0,0.0,0.0,0.0,0.0,100,has_under_tail_color::black,baseline
160,Black throated Blue Warbler,29,10,26,19,0.3448275862068966,9,0.9,0.34615384615384615,0.9025567904317903,0.6892857142857143,1.0,0.3107142857142857,100,has_under_tail_color::black,baseline
119,Field Sparrow,29,4,6,25,0.13793103448275862,1,0.25,0.16666666666666666,0.23807118807118804,0.0,0.9099999999999995,0.9099999999999995,100,has_under_tail_color::black,baseline
124,Le Conte Sparrow,29,9,7,20,0.3103448275862069,4,0.4444444444444444,0.5714285714285714,0.45516880341880345,0.19045454545454546,0.7762499999999996,0.5857954545454541,100,has_under_tail_color::black,baseline
125,Lincoln Sparrow,29,7,2,22,0.2413793103448276,1,0.14285714285714285,0.5,0.12373204573204573,0.0,0.35520833333333296,0.35520833333333296,100,has_under_tail_color::black,baseline
115,Brewer Sparrow,29,5,10,24,0.1724137931034483,2,0.4,0.2,0.3923163780663781,0.0,0.9321428571428559,0.9321428571428559,100,has_under_tail_color::black,baseline
60,Glaucous winged Gull,29,0,9,29,0.0,0,,0.0,,,,,100,has_under_tail_color::black,baseline
78,Gray Kingbird,29,4,22,25,0.13793103448275862,4,1.0,0.18181818181818182,1.0,1.0,1.0,0.0,100,has_under_tail_color::black,baseline
97,Orchard Oriole,29,19,27,10,0.6551724137931034,19,1.0,0.7037037037037037,1.0,1.0,1.0,0.0,100,has_under_tail_color::black,baseline
149,Brown Thrasher,29,1,4,28,0.034482758620689655,1,1.0,0.25,1.0,1.0,1.0,0.0,100,has_under_tail_color::black,baseline
39,Least Flycatcher,29,4,13,25,0.13793103448275862,2,0.5,0.15384615384615385,0.5069183902517236,0.0,1.0,1.0,100,has_under_tail_color::black,baseline
153,Philadelphia Vireo,29,1,4,28,0.034482758620689655,0,0.0,0.0,0.0,0.0,0.0,0.0,100,has_under_tail_color::black,baseline
37,Acadian Flycatcher,29,3,5,26,0.10344827586206896,0,0.0,0.0,0.0,0.0,0.0,0.0,100,has_under_tail_color::black,baseline
157,Yellow throated Vireo,29,5,13,24,0.1724137931034483,2,0.4,0.15384615384615385,0.4109438541256723,0.0,1.0,1.0,100,has_under_tail_color::black,baseline
34,Gray crowned Rosy Finch,29,14,16,15,0.4827586206896552,10,0.7142857142857143,0.625,0.7128923440250838,0.4578671328671329,0.9218181818181816,0.4639510489510488,100,has_under_tail_color::black,baseline
3,Sooty Albatross,28,6,16,22,0.21428571428571427,5,0.8333333333333334,0.3125,0.8749347041847041,0.585,1.0,0.41500000000000004,100,has_under_tail_color::black,baseline
15,Lazuli Bunting,28,5,20,23,0.17857142857142858,4,0.8,0.2,0.8173672438672438,0.4625,1.0,0.5375,100,has_under_tail_color::black,baseline
16,Painted Bunting,28,2,8,26,0.07142857142857142,1,0.5,0.125,0.47367424242424244,0.0,1.0,1.0,100,has_under_tail_color::black,baseline
58,Pigeon Guillemot,28,14,26,14,0.5,14,1.0,0.5384615384615384,1.0,1.0,1.0,0.0,100,has_under_tail_color::black,baseline
17,Cardinal,27,5,6,22,0.18518518518518517,2,0.4,0.3333333333333333,0.43965873015873025,0.0,0.855208333333333,0.855208333333333,100,has_under_tail_color::black,baseline
75,Green Jay,27,2,16,25,0.07407407407407407,1,0.5,0.0625,0.5436335403726708,0.0,1.0,1.0,100,has_under_tail_color::black,baseline
178,Swainson Warbler,26,1,2,25,0.038461538461538464,0,0.0,0.0,0.0,0.0,0.0,0.0,100,has_under_tail_color::black,baseline
12,Yellow headed Blackbird,26,23,26,3,0.8846153846153846,23,1.0,0.8846153846153846,1.0,1.0,1.0,0.0,100,has_under_tail_color::black,baseline
22,Chuck will Widow,26,3,12,23,0.11538461538461539,2,0.6666666666666666,0.16666666666666666,0.6615037593984963,0.0,1.0,1.0,100,has_under_tail_color::black,baseline
7,Parakeet Auklet,23,6,18,17,0.2608695652173913,5,0.8333333333333334,0.2777777777777778,0.827465007215007,0.5,1.0,0.5,100,has_under_tail_color::black,baseline
84,Red legged Kittiwake,23,5,6,18,0.21739130434782608,1,0.2,0.16666666666666666,0.17970238095238097,0.0,0.6,0.6,100,has_under_tail_color::black,baseline
32,Mangrove Cuckoo,23,8,16,15,0.34782608695652173,7,0.875,0.4375,0.8763063325563326,0.611875,1.0,0.38812500000000005,100,has_under_tail_color::black,baseline
24,Red faced Cormorant,22,7,22,15,0.3181818181818182,7,1.0,0.3181818181818182,1.0,1.0,1.0,0.0,100,has_under_tail_color::black,baseline
151,Black capped Vireo,21,6,11,15,0.2857142857142857,3,0.5,0.2727272727272727,0.48067815517815526,0.0,0.8333333333333334,0.8333333333333334,100,has_under_tail_color::black,baseline
113,Baird Sparrow,20,3,0,17,0.15,0,0.0,,0.0,0.0,0.0,0.0,100,has_under_tail_color::black,baseline
187,American Three toed Woodpecker,20,8,20,12,0.4,8,1.0,0.4,1.0,1.0,1.0,0.0,100,has_under_tail_color::black,baseline
65,Slaty backed Gull,20,9,12,11,0.45,5,0.5555555555555556,0.4166666666666667,0.5636665834165834,0.2669642857142857,0.8571428571428571,0.5901785714285714,100,has_under_tail_color::black,baseline
101,White Pelican,20,0,2,20,0.0,0,,0.0,,,,,100,has_under_tail_color::black,baseline
105,Whip poor Will,19,6,11,13,0.3157894736842105,4,0.6666666666666666,0.36363636363636365,0.6630595238095238,0.2669642857142857,1.0,0.7330357142857142,100,has_under_tail_color::black,baseline
8,Rhinoceros Auklet,18,5,15,13,0.2777777777777778,5,1.0,0.3333333333333333,1.0,1.0,1.0,0.0,100,has_under_tail_color::black,baseline
18,Spotted Catbird,15,2,2,13,0.13333333333333333,0,0.0,0.0,0.0,0.0,0.0,0.0,100,has_under_tail_color::black,baseline
5,Crested Auklet,14,3,12,11,0.21428571428571427,3,1.0,0.25,1.0,1.0,1.0,0.0,100,has_under_tail_color::black,baseline
6,Least Auklet,11,3,9,8,0.2727272727272727,2,0.6666666666666666,0.2222222222222222,0.6674185463659148,0.0,1.0,1.0,100,has_under_tail_color::black,baseline
1,Black footed Albatross,30,3,0,27,0.1,0,0.0,,0.0,0.0,0.0,0.0,100,has_under_tail_color::white,baseline
143,Caspian Tern,30,21,29,9,0.7,20,0.9523809523809523,0.6896551724137931,0.9595867212718034,0.8571428571428571,1.0,0.1428571428571429,100,has_under_tail_color::white,baseline
120,Fox Sparrow,30,5,5,25,0.16666666666666666,1,0.2,0.2,0.19247619047619047,0.0,0.6349999999999993,0.6349999999999993,100,has_under_tail_color::white,baseline
121,Grasshopper Sparrow,30,7,14,23,0.23333333333333334,5,0.7142857142857143,0.35714285714285715,0.7226338383838382,0.353125,1.0,0.646875,100,has_under_tail_color::white,baseline
122,Harris Sparrow,30,8,12,22,0.26666666666666666,4,0.5,0.3333333333333333,0.5103834498834499,0.16666666666666666,0.9472222222222213,0.7805555555555547,100,has_under_tail_color::white,baseline
123,Henslow Sparrow,30,3,8,27,0.1,2,0.6666666666666666,0.25,0.7181771633384536,0.0,1.0,1.0,100,has_under_tail_color::white,baseline
126,Nelson Sharp tailed Sparrow,30,3,3,27,0.1,0,0.0,0.0,0.0,0.0,0.0,0.0,100,has_under_tail_color::white,baseline
127,Savannah Sparrow,30,9,7,21,0.3,1,0.1111111111111111,0.14285714285714285,0.11499300699300699,0.0,0.3333333333333333,0.3333333333333333,100,has_under_tail_color::white,baseline
128,Seaside Sparrow,30,0,2,30,0.0,0,,0.0,,,,,100,has_under_tail_color::white,baseline
129,Song Sparrow,30,2,4,28,0.06666666666666667,1,0.5,0.25,0.5356060606060606,0.0,1.0,1.0,100,has_under_tail_color::white,baseline
130,Tree Sparrow,30,5,8,25,0.16666666666666666,1,0.2,0.125,0.19375649350649346,0.0,0.6666666666666666,0.6666666666666666,100,has_under_tail_color::white,baseline
131,Vesper Sparrow,30,6,11,24,0.2,3,0.5,0.2727272727272727,0.5002109279609279,0.13166666666666665,0.9406249999999989,0.8089583333333323,100,has_under_tail_color::white,baseline
132,White crowned Sparrow,30,1,19,29,0.03333333333333333,1,1.0,0.05263157894736842,1.0,1.0,1.0,0.0,100,has_under_tail_color::white,baseline
133,White throated Sparrow,30,0,3,30,0.0,0,,0.0,,,,,100,has_under_tail_color::white,baseline
134,Cape Glossy Starling,30,0,0,30,0.0,0,,,,,,,100,has_under_tail_color::white,baseline
135,Bank Swallow,30,6,9,24,0.2,1,0.16666666666666666,0.1111111111111111,0.1776677489177489,0.0,0.5,0.5,100,has_under_tail_color::white,baseline
136,Barn Swallow,30,3,2,27,0.1,1,0.3333333333333333,0.5,0.3345115365733923,0.0,1.0,1.0,100,has_under_tail_color::white,baseline
137,Cliff Swallow,30,1,2,29,0.03333333333333333,0,0.0,0.0,0.0,0.0,0.0,0.0,100,has_under_tail_color::white,baseline
138,Tree Swallow,30,6,7,24,0.2,0,0.0,0.0,0.0,0.0,0.0,0.0,100,has_under_tail_color::white,baseline
139,Scarlet Tanager,30,0,2,30,0.0,0,,0.0,,,,,100,has_under_tail_color::white,baseline
140,Summer Tanager,30,0,0,30,0.0,0,,,,,,,100,has_under_tail_color::white,baseline
118,House Sparrow,30,2,8,28,0.06666666666666667,1,0.5,0.125,0.5535984848484848,0.0,1.0,1.0,100,has_under_tail_color::white,baseline
116,Chipping Sparrow,30,12,13,18,0.4,7,0.5833333333333334,0.5384615384615384,0.5901743255884123,0.30833333333333335,0.8822916666666665,0.5739583333333331,100,has_under_tail_color::white,baseline
114,Black throated Sparrow,30,6,9,24,0.2,2,0.3333333333333333,0.2222222222222222,0.3364733044733045,0.0,0.8174999999999998,0.8174999999999998,100,has_under_tail_color::white,baseline
2,Laysan Albatross,30,8,18,22,0.26666666666666666,4,0.5,0.2222222222222222,0.5243012265512265,0.15416666666666667,0.8571428571428571,0.7029761904761904,100,has_under_tail_color::white,baseline
92,Nighthawk,30,8,19,22,0.26666666666666666,5,0.625,0.2631578947368421,0.6449770784770784,0.27889610389610386,1.0,0.7211038961038961,100,has_under_tail_color::white,baseline
93,Clark Nutcracker,30,12,15,18,0.4,5,0.4166666666666667,0.3333333333333333,0.4206842503901328,0.19045454545454546,0.6801282051282049,0.4896736596736595,100,has_under_tail_color::white,baseline
94,White breasted Nuthatch,30,13,22,17,0.43333333333333335,10,0.7692307692307693,0.45454545454545453,0.7495473252237959,0.5,0.92953431372549,0.42953431372549,100,has_under_tail_color::white,baseline
95,Baltimore Oriole,30,2,4,28,0.06666666666666667,1,0.5,0.25,0.4879310344827586,0.0,1.0,1.0,100,has_under_tail_color::white,baseline
96,Hooded Oriole,30,0,1,30,0.0,0,,0.0,,,,,100,has_under_tail_color::white,baseline
98,Scott Oriole,30,2,0,28,0.06666666666666667,0,0.0,,0.0,0.0,0.0,0.0,100,has_under_tail_color::white,baseline
99,Ovenbird,30,0,5,30,0.0,0,,0.0,,,,,100,has_under_tail_color::white,baseline
100,Brown Pelican,30,1,9,29,0.03333333333333333,0,0.0,0.0,0.0,0.0,0.0,0.0,100,has_under_tail_color::white,baseline
102,Western Wood Pewee,30,3,5,27,0.1,1,0.3333333333333333,0.2,0.3340525793650793,0.0,1.0,1.0,100,has_under_tail_color::white,baseline
112,Great Grey Shrike,30,8,14,22,0.26666666666666666,3,0.375,0.21428571428571427,0.37131349206349207,0.111875,0.6666666666666666,0.5547916666666666,100,has_under_tail_color::white,baseline
103,Sayornis,30,1,4,29,0.03333333333333333,0,0.0,0.0,0.0,0.0,0.0,0.0,100,has_under_tail_color::white,baseline
104,American Pipit,30,5,6,25,0.16666666666666666,1,0.2,0.16666666666666666,0.19926061592728256,0.0,0.5549999999999997,0.5549999999999997,100,has_under_tail_color::white,baseline
106,Horned Puffin,30,3,12,27,0.1,2,0.6666666666666666,0.16666666666666666,0.6821264932089676,0.0,1.0,1.0,100,has_under_tail_color::white,baseline
107,Common Raven,30,0,0,30,0.0,0,,,,,,,100,has_under_tail_color::white,baseline
108,White necked Raven,30,0,1,30,0.0,0,,0.0,,,,,100,has_under_tail_color::white,baseline
109,American Redstart,30,2,2,28,0.06666666666666667,0,0.0,0.0,0.0,0.0,0.0,0.0,100,has_under_tail_color::white,baseline
110,Geococcyx,30,7,14,23,0.23333333333333334,4,0.5714285714285714,0.2857142857142857,0.5617449494949495,0.22375,1.0,0.77625,100,has_under_tail_color::white,baseline
111,Loggerhead Shrike,30,14,21,16,0.4666666666666667,11,0.7857142857142857,0.5238095238095238,0.7862717118622692,0.5320850202429149,1.0,0.46791497975708507,100,has_under_tail_color::white,baseline
142,Black Tern,30,12,19,18,0.4,9,0.75,0.47368421052631576,0.7367549794976266,0.4798076923076923,1.0,0.5201923076923076,100,has_under_tail_color::white,baseline
144,Common Tern,30,21,28,9,0.7,19,0.9047619047619048,0.6785714285714286,0.9019994349834368,0.75,1.0,0.25,100,has_under_tail_color::white,baseline
90,Red breasted Merganser,30,0,5,30,0.0,0,,0.0,,,,,100,has_under_tail_color::white,baseline
145,Elegant Tern,30,17,30,13,0.5666666666666667,17,1.0,0.5666666666666667,1.0,1.0,1.0,0.0,100,has_under_tail_color::white,baseline
176,Prairie Warbler,30,3,4,27,0.1,0,0.0,0.0,0.0,0.0,0.0,0.0,100,has_under_tail_color::white,baseline
177,Prothonotary Warbler,30,4,12,26,0.13333333333333333,1,0.25,0.08333333333333333,0.2879970544918999,0.0,0.7799999999999997,0.7799999999999997,100,has_under_tail_color::white,baseline
180,Wilson Warbler,30,1,1,29,0.03333333333333333,0,0.0,0.0,0.0,0.0,0.0,0.0,100,has_under_tail_color::white,baseline
182,Yellow Warbler,30,0,4,30,0.0,0,,0.0,,,,,100,has_under_tail_color::white,baseline
183,Northern Waterthrush,30,1,2,29,0.03333333333333333,0,0.0,0.0,0.0,0.0,0.0,0.0,100,has_under_tail_color::white,baseline
184,Louisiana Waterthrush,30,2,9,28,0.06666666666666667,1,0.5,0.1111111111111111,0.4848314606741572,0.0,1.0,1.0,100,has_under_tail_color::white,baseline
185,Bohemian Waxwing,30,1,14,29,0.03333333333333333,1,1.0,0.07142857142857142,1.0,1.0,1.0,0.0,100,has_under_tail_color::white,baseline
186,Cedar Waxwing,30,6,6,24,0.2,2,0.3333333333333333,0.3333333333333333,0.3693932178932179,0.0,0.7762499999999996,0.7762499999999996,100,has_under_tail_color::white,baseline
188,Pileated Woodpecker,30,0,1,30,0.0,0,,0.0,,,,,100,has_under_tail_color::white,baseline
189,Red bellied Woodpecker,30,15,27,15,0.5,12,0.8,0.4444444444444444,0.8234230485286987,0.6507575757575758,0.9720588235294113,0.32130124777183555,100,has_under_tail_color::white,baseline
191,Red headed Woodpecker,30,6,10,24,0.2,4,0.6666666666666666,0.4,0.6462015537773114,0.18166666666666667,1.0,0.8183333333333334,100,has_under_tail_color::white,baseline
192,Downy Woodpecker,30,16,24,14,0.5333333333333333,13,0.8125,0.5416666666666666,0.8042615605405349,0.6052777777777778,1.0,0.3947222222222222,100,has_under_tail_color::white,baseline
193,Bewick Wren,30,5,3,25,0.16666666666666666,0,0.0,0.0,0.0,0.0,0.0,0.0,100,has_under_tail_color::white,baseline
194,Cactus Wren,30,10,13,20,0.3333333333333333,4,0.4,0.3076923076923077,0.3763597350362057,0.09652777777777777,0.7143181818181816,0.6177904040404039,100,has_under_tail_color::white,baseline
195,Carolina Wren,30,2,11,28,0.06666666666666667,1,0.5,0.09090909090909091,0.46629213483146065,0.0,1.0,1.0,100,has_under_tail_color::white,baseline
196,House Wren,30,4,2,26,0.13333333333333333,1,0.25,0.5,0.22096825396825395,0.0,0.6666666666666666,0.6666666666666666,100,has_under_tail_color::white,baseline
197,Marsh Wren,30,5,6,25,0.16666666666666666,2,0.4,0.3333333333333333,0.42886804553471214,0.0,1.0,1.0,100,has_under_tail_color::white,baseline
198,Rock Wren,30,2,9,28,0.06666666666666667,0,0.0,0.0,0.0,0.0,0.0,0.0,100,has_under_tail_color::white,baseline
199,Winter Wren,30,3,1,27,0.1,0,0.0,0.0,0.0,0.0,0.0,0.0,100,has_under_tail_color::white,baseline
175,Pine Warbler,30,8,10,22,0.26666666666666666,1,0.125,0.1,0.13099547674547674,0.0,0.375,0.375,100,has_under_tail_color::white,baseline
174,Palm Warbler,30,0,0,30,0.0,0,,,,,,,100,has_under_tail_color::white,baseline
173,Orange crowned Warbler,30,1,1,29,0.03333333333333333,0,0.0,0.0,0.0,0.0,0.0,0.0,100,has_under_tail_color::white,baseline
158,Bay breasted Warbler,30,7,20,23,0.23333333333333334,5,0.7142857142857143,0.25,0.7181046176046177,0.3333333333333333,1.0,0.6666666666666667,100,has_under_tail_color::white,baseline
146,Forsters Tern,30,19,28,11,0.6333333333333333,18,0.9473684210526315,0.6428571428571429,0.9496368208969802,0.85,1.0,0.15000000000000002,100,has_under_tail_color::white,baseline
147,Least Tern,30,12,26,18,0.4,10,0.8333333333333334,0.38461538461538464,0.8309780083607482,0.6303977272727272,1.0,0.36960227272727275,100,has_under_tail_color::white,baseline
148,Green tailed Towhee,30,2,2,28,0.06666666666666667,0,0.0,0.0,0.0,0.0,0.0,0.0,100,has_under_tail_color::white,baseline
150,Sage Thrasher,30,5,5,25,0.16666666666666666,1,0.2,0.2,0.17981349206349204,0.0,0.5524999999999991,0.5524999999999991,100,has_under_tail_color::white,baseline
152,Blue headed Vireo,30,6,14,24,0.2,1,0.16666666666666666,0.07142857142857142,0.14834015984015983,0.0,0.42857142857142855,0.42857142857142855,100,has_under_tail_color::white,baseline
154,Red eyed Vireo,30,4,6,26,0.13333333333333333,0,0.0,0.0,0.0,0.0,0.0,0.0,100,has_under_tail_color::white,baseline
155,Warbling Vireo,30,5,5,25,0.16666666666666666,1,0.2,0.2,0.19458983777165592,0.0,0.5916666666666661,0.5916666666666661,100,has_under_tail_color::white,baseline
156,White eyed Vireo,30,2,8,28,0.06666666666666667,0,0.0,0.0,0.0,0.0,0.0,0.0,100,has_under_tail_color::white,baseline
159,Black and white Warbler,30,19,28,11,0.6333333333333333,18,0.9473684210526315,0.6428571428571429,0.9583398690350099,0.865625,1.0,0.13437500000000002,100,has_under_tail_color::white,baseline
172,Nashville Warbler,30,1,2,29,0.03333333333333333,0,0.0,0.0,0.0,0.0,0.0,0.0,100,has_under_tail_color::white,baseline
161,Blue winged Warbler,30,6,6,24,0.2,1,0.16666666666666666,0.16666666666666666,0.15544444444444444,0.0,0.5,0.5,100,has_under_tail_color::white,baseline
162,Canada Warbler,30,3,1,27,0.1,0,0.0,0.0,0.0,0.0,0.0,0.0,100,has_under_tail_color::white,baseline
163,Cape May Warbler,30,6,9,24,0.2,1,0.16666666666666666,0.1111111111111111,0.1684634949786465,0.0,0.5,0.5,100,has_under_tail_color::white,baseline
164,Cerulean Warbler,30,9,13,21,0.3,4,0.4444444444444444,0.3076923076923077,0.4263970057720058,0.11770833333333333,0.8174999999999998,0.6997916666666665,100,has_under_tail_color::white,baseline
165,Chestnut sided Warbler,30,5,23,25,0.16666666666666666,5,1.0,0.21739130434782608,1.0,1.0,1.0,0.0,100,has_under_tail_color::white,baseline
167,Hooded Warbler,30,3,2,27,0.1,0,0.0,0.0,0.0,0.0,0.0,0.0,100,has_under_tail_color::white,baseline
170,Mourning Warbler,30,0,0,30,0.0,0,,,,,,,100,has_under_tail_color::white,baseline
171,Myrtle Warbler,30,8,15,22,0.26666666666666666,6,0.75,0.4,0.7306201576201574,0.3158333333333333,1.0,0.6841666666666667,100,has_under_tail_color::white,baseline
91,Mockingbird,30,3,10,27,0.1,1,0.3333333333333333,0.1,0.34809434551702595,0.0,1.0,1.0,100,has_under_tail_color::white,baseline
200,Common Yellowthroat,30,0,3,30,0.0,0,,0.0,,,,,100,has_under_tail_color::white,baseline
89,Hooded Merganser,30,1,4,29,0.03333333333333333,0,0.0,0.0,0.0,0.0,0.0,0.0,100,has_under_tail_color::white,baseline
26,Bronzed Cowbird,30,1,1,29,0.03333333333333333,0,0.0,0.0,0.0,0.0,0.0,0.0,100,has_under_tail_color::white,baseline
61,Heermann Gull,30,12,18,18,0.4,9,0.75,0.5,0.7454353938545114,0.4798076923076923,1.0,0.5201923076923076,100,has_under_tail_color::white,baseline
59,California Gull,30,13,25,17,0.43333333333333335,11,0.8461538461538461,0.44,0.850355847411962,0.6203571428571428,1.0,0.37964285714285717,100,has_under_tail_color::white,baseline
25,Pelagic Cormorant,30,2,0,28,0.06666666666666667,0,0.0,,0.0,0.0,0.0,0.0,100,has_under_tail_color::white,baseline
57,Rose breasted Grosbeak,30,11,14,19,0.36666666666666664,6,0.5454545454545454,0.42857142857142855,0.5237858669108669,0.16666666666666666,0.7778846153846153,0.6112179487179487,100,has_under_tail_color::white,baseline
56,Pine Grosbeak,30,1,11,29,0.03333333333333333,1,1.0,0.09090909090909091,1.0,1.0,1.0,0.0,100,has_under_tail_color::white,baseline
55,Evening Grosbeak,30,2,7,28,0.06666666666666667,1,0.5,0.14285714285714285,0.46765650080256815,0.0,1.0,1.0,100,has_under_tail_color::white,baseline
54,Blue Grosbeak,30,0,0,30,0.0,0,,,,,,,100,has_under_tail_color::white,baseline
53,Western Grebe,30,3,11,27,0.1,3,1.0,0.2727272727272727,1.0,1.0,1.0,0.0,100,has_under_tail_color::white,baseline
52,Pied billed Grebe,30,3,1,27,0.1,0,0.0,0.0,0.0,0.0,0.0,0.0,100,has_under_tail_color::white,baseline
51,Horned Grebe,30,3,7,27,0.1,2,0.6666666666666666,0.2857142857142857,0.6874436090225563,0.0,1.0,1.0,100,has_under_tail_color::white,baseline
50,Eared Grebe,30,3,5,27,0.1,1,0.3333333333333333,0.2,0.3328213005632361,0.0,1.0,1.0,100,has_under_tail_color::white,baseline
49,Boat tailed Grackle,30,2,0,28,0.06666666666666667,0,0.0,,0.0,0.0,0.0,0.0,100,has_under_tail_color::white,baseline
48,European Goldfinch,30,17,20,13,0.5666666666666667,11,0.6470588235294118,0.55,0.6445609444305265,0.4375,0.8235294117647058,0.38602941176470584,100,has_under_tail_color::white,baseline
47,American Goldfinch,30,13,14,17,0.43333333333333335,8,0.6153846153846154,0.5714285714285714,0.614091779952074,0.36022727272727273,0.8571428571428571,0.49691558441558437,100,has_under_tail_color::white,baseline
63,Ivory Gull,30,27,28,3,0.9,25,0.9259259259259259,0.8928571428571429,0.9188733871464757,0.8198717948717948,1.0,0.18012820512820515,100,has_under_tail_color::white,baseline
46,Gadwall,30,1,3,29,0.03333333333333333,0,0.0,0.0,0.0,0.0,0.0,0.0,100,has_under_tail_color::white,baseline
45,Northern Fulmar,30,10,20,20,0.3333333333333333,7,0.7,0.35,0.6926695804195804,0.42857142857142855,1.0,0.5714285714285714,100,has_under_tail_color::white,baseline
44,Frigatebird,30,1,2,29,0.03333333333333333,0,0.0,0.0,0.0,0.0,0.0,0.0,100,has_under_tail_color::white,baseline
88,Western Meadowlark,30,5,13,25,0.16666666666666666,1,0.2,0.07692307692307693,0.22556349206349208,0.0,0.7104166666666659,0.7104166666666659,100,has_under_tail_color::white,baseline
42,Vermilion Flycatcher,30,1,1,29,0.03333333333333333,0,0.0,0.0,0.0,0.0,0.0,0.0,100,has_under_tail_color::white,baseline
41,Scissor tailed Flycatcher,30,10,16,20,0.3333333333333333,6,0.6,0.375,0.6248097458097457,0.3333333333333333,0.8738095238095235,0.5404761904761901,100,has_under_tail_color::white,baseline
27,Shiny Cowbird,30,1,0,29,0.03333333333333333,0,0.0,,0.0,0.0,0.0,0.0,100,has_under_tail_color::white,baseline
40,Olive sided Flycatcher,30,4,5,26,0.13333333333333333,1,0.25,0.2,0.19678174603174609,0.0,0.8812499999999979,0.8812499999999979,100,has_under_tail_color::white,baseline
38,Great Crested Flycatcher,30,2,2,28,0.06666666666666667,1,0.5,0.5,0.5446360153256705,0.0,1.0,1.0,100,has_under_tail_color::white,baseline
36,Northern Flicker,30,4,17,26,0.13333333333333333,4,1.0,0.23529411764705882,1.0,1.0,1.0,0.0,100,has_under_tail_color::white,baseline
29,American Crow,30,0,0,30,0.0,0,,,,,,,100,has_under_tail_color::white,baseline
35,Purple Finch,30,8,7,22,0.26666666666666666,2,0.25,0.2857142857142857,0.24778280053280055,0.0,0.523863636363636,0.523863636363636,100,has_under_tail_color::white,baseline
30,Fish Crow,30,0,0,30,0.0,0,,,,,,,100,has_under_tail_color::white,baseline
21,Eastern Towhee,30,5,3,25,0.16666666666666666,1,0.2,0.3333333333333333,0.16846031746031745,0.0,0.5,0.5,100,has_under_tail_color::white,baseline
62,Herring Gull,30,20,27,10,0.6666666666666666,19,0.95,0.7037037037037037,0.9449751485046715,0.8533928571428571,1.0,0.14660714285714294,100,has_under_tail_color::white,baseline
64,Ring billed Gull,30,20,28,10,0.6666666666666666,19,0.95,0.6785714285714286,0.9465685807041306,0.8458552631578947,1.0,0.15414473684210528,100,has_under_tail_color::white,baseline
73,Blue Jay,30,7,20,23,0.23333333333333334,4,0.5714285714285714,0.2,0.5465093795093796,0.0,0.892897727272727,0.892897727272727,100,has_under_tail_color::white,baseline
87,Mallard,30,6,9,24,0.2,3,0.5,0.3333333333333333,0.46845730027548205,0.07500000000000002,0.8571428571428571,0.782142857142857,100,has_under_tail_color::white,baseline
86,Pacific Loon,30,3,9,27,0.1,2,0.6666666666666666,0.2222222222222222,0.6429798723613156,0.0,1.0,1.0,100,has_under_tail_color::white,baseline
85,Horned Lark,30,4,2,26,0.13333333333333333,1,0.25,0.5,0.24445646945646946,0.0,1.0,1.0,100,has_under_tail_color::white,baseline
4,Groove billed Ani,30,2,1,28,0.06666666666666667,0,0.0,0.0,0.0,0.0,0.0,0.0,100,has_under_tail_color::white,baseline
83,White breasted Kingfisher,30,2,1,28,0.06666666666666667,1,0.5,1.0,0.4707865168539326,0.0,1.0,1.0,100,has_under_tail_color::white,baseline
82,Ringed Kingfisher,30,6,5,24,0.2,1,0.16666666666666666,0.2,0.1668538961038961,0.0,0.5874999999999986,0.5874999999999986,100,has_under_tail_color::white,baseline
81,Pied Kingfisher,30,13,28,17,0.43333333333333335,12,0.9230769230769231,0.42857142857142855,0.9252696003257148,0.7272727272727273,1.0,0.2727272727272727,100,has_under_tail_color::white,baseline
80,Green Kingfisher,30,8,14,22,0.26666666666666666,5,0.625,0.35714285714285715,0.643792957042957,0.3158333333333333,1.0,0.6841666666666667,100,has_under_tail_color::white,baseline
79,Belted Kingfisher,30,8,12,22,0.26666666666666666,5,0.625,0.4166666666666667,0.5937027417027416,0.2669642857142857,0.9087499999999998,0.6417857142857142,100,has_under_tail_color::white,baseline
10,Red winged Blackbird,30,1,0,29,0.03333333333333333,0,0.0,,0.0,0.0,0.0,0.0,100,has_under_tail_color::white,baseline
77,Tropical Kingbird,30,1,1,29,0.03333333333333333,1,1.0,1.0,1.0,1.0,1.0,0.0,100,has_under_tail_color::white,baseline
11,Rusty Blackbird,30,1,2,29,0.03333333333333333,0,0.0,0.0,0.0,0.0,0.0,0.0,100,has_under_tail_color::white,baseline
74,Florida Jay,30,2,4,28,0.06666666666666667,0,0.0,0.0,0.0,0.0,0.0,0.0,100,has_under_tail_color::white,baseline
76,Dark eyed Junco,30,7,1,23,0.23333333333333334,1,0.14285714285714285,1.0,0.13555411255411254,0.0,0.5,0.5,100,has_under_tail_color::white,baseline
72,Pomarine Jaeger,30,5,6,25,0.16666666666666666,1,0.2,0.16666666666666666,0.2423590864917395,0.0,0.7145833333333336,0.7145833333333336,100,has_under_tail_color::white,baseline
14,Indigo Bunting,30,2,1,28,0.06666666666666667,0,0.0,0.0,0.0,0.0,0.0,0.0,100,has_under_tail_color::white,baseline
66,Western Gull,30,18,28,12,0.6,17,0.9444444444444444,0.6071428571428571,0.9457591184742181,0.8281862745098039,1.0,0.17181372549019613,100,has_under_tail_color::white,baseline
71,Long tailed Jaeger,30,4,5,26,0.13333333333333333,0,0.0,0.0,0.0,0.0,0.0,0.0,100,has_under_tail_color::white,baseline
67,Anna Hummingbird,30,2,2,28,0.06666666666666667,0,0.0,0.0,0.0,0.0,0.0,0.0,100,has_under_tail_color::white,baseline
68,Ruby throated Hummingbird,30,7,5,23,0.23333333333333334,3,0.42857142857142855,0.6,0.41569047619047617,0.0,0.75,0.75,100,has_under_tail_color::white,baseline
31,Black billed Cuckoo,30,3,5,27,0.1,1,0.3333333333333333,0.2,0.3127393225331369,0.0,1.0,1.0,100,has_under_tail_color::white,baseline
69,Rufous Hummingbird,30,6,6,24,0.2,1,0.16666666666666666,0.16666666666666666,0.14796933621933622,0.0,0.46607142857142797,0.46607142857142797,100,has_under_tail_color::white,baseline
13,Bobolink,30,7,12,23,0.23333333333333334,4,0.5714285714285714,0.3333333333333333,0.5690068542568542,0.15416666666666667,0.8571428571428571,0.7029761904761904,100,has_under_tail_color::white,baseline
70,Green Violetear,30,1,1,29,0.03333333333333333,0,0.0,0.0,0.0,0.0,0.0,0.0,100,has_under_tail_color::white,baseline
181,Worm eating Warbler,29,1,2,28,0.034482758620689655,1,1.0,0.5,1.0,1.0,1.0,0.0,100,has_under_tail_color::white,baseline
20,Yellow breasted Chat,29,4,8,25,0.13793103448275862,2,0.5,0.25,0.50025,0.0,1.0,1.0,100,has_under_tail_color::white,baseline
169,Magnolia Warbler,29,8,16,21,0.27586206896551724,5,0.625,0.3125,0.6161097236097235,0.27375,1.0,0.7262500000000001,100,has_under_tail_color::white,baseline
168,Kentucky Warbler,29,0,3,29,0.0,0,,0.0,,,,,100,has_under_tail_color::white,baseline
28,Brown Creeper,29,6,22,23,0.20689655172413793,6,1.0,0.2727272727272727,1.0,1.0,1.0,0.0,100,has_under_tail_color::white,baseline
9,Brewer Blackbird,29,0,0,29,0.0,0,,,,,,,100,has_under_tail_color::white,baseline
166,Golden winged Warbler,29,3,14,26,0.10344827586206896,0,0.0,0.0,0.0,0.0,0.0,0.0,100,has_under_tail_color::white,baseline
23,Brandt Cormorant,29,0,0,29,0.0,0,,,,,,,100,has_under_tail_color::white,baseline
190,Red cockaded Woodpecker,29,12,24,17,0.41379310344827586,11,0.9166666666666666,0.4583333333333333,0.9091041393247274,0.6666666666666666,1.0,0.33333333333333337,100,has_under_tail_color::white,baseline
33,Yellow billed Cuckoo,29,8,12,21,0.27586206896551724,4,0.5,0.3333333333333333,0.5410418470418471,0.22375,0.8458333333333331,0.6220833333333331,100,has_under_tail_color::white,baseline
179,Tennessee Warbler,29,3,0,26,0.10344827586206896,0,0.0,,0.0,0.0,0.0,0.0,100,has_under_tail_color::white,baseline
19,Gray Catbird,29,0,5,29,0.0,0,,0.0,,,,,100,has_under_tail_color::white,baseline
43,Yellow bellied Flycatcher,29,3,3,26,0.10344827586206896,1,0.3333333333333333,0.3333333333333333,0.29425625920471277,0.0,1.0,1.0,100,has_under_tail_color::white,baseline
117,Clay colored Sparrow,29,6,11,23,0.20689655172413793,2,0.3333333333333333,0.18181818181818182,0.3537699245199245,0.0,0.8,0.8,100,has_under_tail_color::white,baseline
141,Artic Tern,29,19,25,10,0.6551724137931034,18,0.9473684210526315,0.72,0.9464567736816659,0.8323529411764705,1.0,0.16764705882352948,100,has_under_tail_color::white,baseline
160,Black throated Blue Warbler,29,7,3,22,0.2413793103448276,1,0.14285714285714285,0.3333333333333333,0.1495266955266955,0.0,0.4,0.4,100,has_under_tail_color::white,baseline
119,Field Sparrow,29,7,10,22,0.2413793103448276,2,0.2857142857142857,0.2,0.2978579476079476,0.0,0.6214285714285706,0.6214285714285706,100,has_under_tail_color::white,baseline
124,Le Conte Sparrow,29,2,6,27,0.06896551724137931,1,0.5,0.16666666666666666,0.47980343300110745,0.0,1.0,1.0,100,has_under_tail_color::white,baseline
125,Lincoln Sparrow,29,2,4,27,0.06896551724137931,0,0.0,0.0,0.0,0.0,0.0,0.0,100,has_under_tail_color::white,baseline
115,Brewer Sparrow,29,3,8,26,0.10344827586206896,0,0.0,0.0,0.0,0.0,0.0,0.0,100,has_under_tail_color::white,baseline
60,Glaucous winged Gull,29,17,28,12,0.5862068965517241,16,0.9411764705882353,0.5714285714285714,0.9492923029842535,0.81625,1.0,0.18374999999999997,100,has_under_tail_color::white,baseline
78,Gray Kingbird,29,5,11,24,0.1724137931034483,2,0.4,0.18181818181818182,0.39438586105252776,0.0,0.8,0.8,100,has_under_tail_color::white,baseline
97,Orchard Oriole,29,2,0,27,0.06896551724137931,0,0.0,,0.0,0.0,0.0,0.0,100,has_under_tail_color::white,baseline
149,Brown Thrasher,29,2,3,27,0.06896551724137931,0,0.0,0.0,0.0,0.0,0.0,0.0,100,has_under_tail_color::white,baseline
39,Least Flycatcher,29,2,7,27,0.06896551724137931,1,0.5,0.14285714285714285,0.553639846743295,0.0,1.0,1.0,100,has_under_tail_color::white,baseline
153,Philadelphia Vireo,29,2,2,27,0.06896551724137931,0,0.0,0.0,0.0,0.0,0.0,0.0,100,has_under_tail_color::white,baseline
37,Acadian Flycatcher,29,5,9,24,0.1724137931034483,1,0.2,0.1111111111111111,0.20202777777777775,0.0,0.6666666666666666,0.6666666666666666,100,has_under_tail_color::white,baseline
157,Yellow throated Vireo,29,7,10,22,0.2413793103448276,2,0.2857142857142857,0.2,0.27404395604395604,0.0,0.6,0.6,100,has_under_tail_color::white,baseline
34,Gray crowned Rosy Finch,29,9,10,20,0.3103448275862069,6,0.6666666666666666,0.6,0.6773688533688532,0.27375,1.0,0.7262500000000001,100,has_under_tail_color::white,baseline
3,Sooty Albatross,28,2,6,26,0.07142857142857142,1,0.5,0.16666666666666666,0.567816091954023,0.0,1.0,1.0,100,has_under_tail_color::white,baseline
15,Lazuli Bunting,28,5,9,23,0.17857142857142858,3,0.6,0.3333333333333333,0.6136024972759667,0.0,1.0,1.0,100,has_under_tail_color::white,baseline
16,Painted Bunting,28,1,0,27,0.03571428571428571,0,0.0,,0.0,0.0,0.0,0.0,100,has_under_tail_color::white,baseline
58,Pigeon Guillemot,28,2,2,26,0.07142857142857142,0,0.0,0.0,0.0,0.0,0.0,0.0,100,has_under_tail_color::white,baseline
17,Cardinal,27,0,0,27,0.0,0,,,,,,,100,has_under_tail_color::white,baseline
75,Green Jay,27,0,1,27,0.0,0,,0.0,,,,,100,has_under_tail_color::white,baseline
178,Swainson Warbler,26,2,5,24,0.07692307692307693,0,0.0,0.0,0.0,0.0,0.0,0.0,100,has_under_tail_color::white,baseline
12,Yellow headed Blackbird,26,0,1,26,0.0,0,,0.0,,,,,100,has_under_tail_color::white,baseline
22,Chuck will Widow,26,0,2,26,0.0,0,,0.0,,,,,100,has_under_tail_color::white,baseline
7,Parakeet Auklet,23,7,9,16,0.30434782608695654,4,0.5714285714285714,0.4444444444444444,0.5292501942501943,0.2,0.875,0.675,100,has_under_tail_color::white,baseline
84,Red legged Kittiwake,23,12,22,11,0.5217391304347826,12,1.0,0.5454545454545454,1.0,1.0,1.0,0.0,100,has_under_tail_color::white,baseline
32,Mangrove Cuckoo,23,8,3,15,0.34782608695652173,2,0.25,0.6666666666666666,0.25842815517815515,0.0,0.5874999999999986,0.5874999999999986,100,has_under_tail_color::white,baseline
24,Red faced Cormorant,22,0,0,22,0.0,0,,,,,,,100,has_under_tail_color::white,baseline
151,Black capped Vireo,21,6,4,15,0.2857142857142857,1,0.16666666666666666,0.25,0.16908369408369406,0.0,0.5,0.5,100,has_under_tail_color::white,baseline
113,Baird Sparrow,20,5,13,15,0.25,2,0.4,0.15384615384615385,0.4293650793650794,0.0,1.0,1.0,100,has_under_tail_color::white,baseline
187,American Three toed Woodpecker,20,6,10,14,0.3,4,0.6666666666666666,0.4,0.6768412698412698,0.20625,1.0,0.79375,100,has_under_tail_color::white,baseline
65,Slaty backed Gull,20,14,15,6,0.7,10,0.7142857142857143,0.6666666666666666,0.7238279939015232,0.5,0.9355208333333334,0.43552083333333336,100,has_under_tail_color::white,baseline
101,White Pelican,20,12,20,8,0.6,12,1.0,0.6,1.0,1.0,1.0,0.0,100,has_under_tail_color::white,baseline
105,Whip poor Will,19,3,2,16,0.15789473684210525,2,0.6666666666666666,1.0,0.6108789260385005,0.0,1.0,1.0,100,has_under_tail_color::white,baseline
8,Rhinoceros Auklet,18,0,0,18,0.0,0,,,,,,,100,has_under_tail_color::white,baseline
18,Spotted Catbird,15,0,0,15,0.0,0,,,,,,,100,has_under_tail_color::white,baseline
5,Crested Auklet,14,0,1,14,0.0,0,,0.0,,,,,100,has_under_tail_color::white,baseline
6,Least Auklet,11,4,5,7,0.36363636363636365,1,0.25,0.2,0.23780663780663774,0.0,0.75,0.75,100,has_under_tail_color::white,baseline
