species_id,species_name,n,n_pos,n_pred_pos,n_neg,prevalence,tp,recall,precision,recall_bs_mean,recall_ci_lo,recall_ci_hi,recall_ci_width,B,attr,model
1,Black footed Albatross,30,4,5,26,0.13333333333333333,2,0.5,0.4,0.4952057013281502,0.0,1.0,1.0,100,has_upper_tail_color::white,cbm
143,Caspian Tern,30,13,28,17,0.43333333333333335,12,0.9230769230769231,0.42857142857142855,0.9304322703440352,0.7647058823529411,1.0,0.23529411764705888,100,has_upper_tail_color::white,cbm
120,Fox Sparrow,30,4,4,26,0.13333333333333333,2,0.5,0.5,0.4787555228276878,0.0,1.0,1.0,100,has_upper_tail_color::white,cbm
121,Grasshopper Sparrow,30,5,10,25,0.16666666666666666,3,0.6,0.3,0.6065079365079366,0.07916666666666668,1.0,0.9208333333333333,100,has_upper_tail_color::white,cbm
122,Harris Sparrow,30,3,8,27,0.1,1,0.3333333333333333,0.125,0.3779042386185244,0.0,1.0,1.0,100,has_upper_tail_color::white,cbm
123,Henslow Sparrow,30,3,8,27,0.1,1,0.3333333333333333,0.125,0.3843718338399189,0.0,1.0,1.0,100,has_upper_tail_color::white,cbm
126,Nelson Sharp tailed Sparrow,30,3,3,27,0.1,0,0.0,0.0,0.0,0.0,0.0,0.0,100,has_upper_tail_color::white,cbm
127,Savannah Sparrow,30,3,8,27,0.1,0,0.0,0.0,0.0,0.0,0.0,0.0,100,has_upper_tail_color::white,cbm
128,Seaside Sparrow,30,0,0,30,0.0,0,,,,,,,100,has_upper_tail_color::white,cbm
129,Song Sparrow,30,1,3,29,0.03333333333333333,0,0.0,0.0,0.0,0.0,0.0,0.0,100,has_upper_tail_color::white,cbm
130,Tree Sparrow,30,2,9,28,0.06666666666666667,2,1.0,0.2222222222222222,1.0,1.0,1.0,0.0,100,has_upper_tail_color::white,cbm
131,Vesper Sparrow,30,5,10,25,0.16666666666666666,2,0.4,0.2,0.3711800144300143,0.0,0.8174999999999998,0.8174999999999998,100,has_upper_tail_color::white,cbm
132,White crowned Sparrow,30,4,7,26,0.13333333333333333,1,0.25,0.14285714285714285,0.2945833333333333,0.0,1.0,1.0,100,has_upper_tail_color::white,cbm
133,White throated Sparrow,30,1,6,29,0.03333333333333333,0,0.0,0.0,0.0,0.0,0.0,0.0,100,has_upper_tail_color::white,cbm
134,Cape Glossy Starling,30,1,0,29,0.03333333333333333,0,0.0,,0.0,0.0,0.0,0.0,100,has_upper_tail_color::white,cbm
135,Bank Swallow,30,4,3,26,0.13333333333333333,0,0.0,0.0,0.0,0.0,0.0,0.0,100,has_upper_tail_color::white,cbm
136,Barn Swallow,30,2,0,28,0.06666666666666667,0,0.0,,0.0,0.0,0.0,0.0,100,has_upper_tail_color::white,cbm
137,Cliff Swallow,30,1,3,29,0.03333333333333333,0,0.0,0.0,0.0,0.0,0.0,0.0,100,has_upper_tail_color::white,cbm
138,Tree Swallow,30,1,2,29,0.03333333333333333,0,0.0,0.0,0.0,0.0,0.0,0.0,100,has_upper_tail_color::white,cbm
139,Scarlet Tanager,30,0,3,30,0.0,0,,0.0,,,,,100,has_upper_tail_color::white,cbm
140,Summer Tanager,30,0,0,30,0.0,0,,,,,,,100,has_upper_tail_color::white,cbm
118,House Sparrow,30,2,4,28,0.06666666666666667,0,0.0,0.0,0.0,0.0,0.0,0.0,100,has_upper_tail_color::white,cbm
116,Chipping Sparrow,30,3,6,27,0.1,1,0.3333333333333333,0.16666666666666666,0.3416666666666667,0.0,1.0,1.0,100,has_upper_tail_color::white,cbm
114,Black throated Sparrow,30,1,2,29,0.03333333333333333,0,0.0,0.0,0.0,0.0,0.0,0.0,100,has_upper_tail_color::white,cbm
2,Laysan Albatross,30,5,13,25,0.16666666666666666,2,0.4,0.15384615384615385,0.4111507936507936,0.0,1.0,1.0,100,has_upper_tail_color::white,cbm
92,Nighthawk,30,8,17,22,0.26666666666666666,5,0.625,0.29411764705882354,0.6444506049506049,0.2633333333333333,1.0,0.7366666666666667,100,has_upper_tail_color::white,cbm
93,Clark Nutcracker,30,10,16,20,0.3333333333333333,5,0.5,0.3125,0.5054433825977944,0.17,0.8328671328671327,0.6628671328671326,100,has_upper_tail_color::white,cbm
94,White breasted Nuthatch,30,4,14,26,0.13333333333333333,2,0.5,0.14285714285714285,0.48303598758144206,0.0,1.0,1.0,100,has_upper_tail_color::white,cbm
95,Baltimore Oriole,30,0,2,30,0.0,0,,0.0,,,,,100,has_upper_tail_color::white,cbm
96,Hooded Oriole,30,1,2,29,0.03333333333333333,0,0.0,0.0,0.0,0.0,0.0,0.0,100,has_upper_tail_color::white,cbm
98,Scott Oriole,30,1,3,29,0.03333333333333333,0,0.0,0.0,0.0,0.0,0.0,0.0,100,has_upper_tail_color::white,cbm
99,Ovenbird,30,0,8,30,0.0,0,,0.0,,,,,100,has_upper_tail_color::white,cbm
100,Brown Pelican,30,2,12,28,0.06666666666666667,1,0.5,0.08333333333333333,0.47678571428571426,0.0,1.0,1.0,100,has_upper_tail_color::white,cbm
102,Western Wood Pewee,30,0,2,30,0.0,0,,0.0,,,,,100,has_upper_tail_color::white,cbm
112,Great Grey Shrike,30,9,5,21,0.3,3,0.3333333333333333,0.6,0.2987064047064047,0.0,0.5864285714285712,0.5864285714285712,100,has_upper_tail_color::white,cbm
103,Sayornis,30,1,3,29,0.03333333333333333,0,0.0,0.0,0.0,0.0,0.0,0.0,100,has_upper_tail_color::white,cbm
104,American Pipit,30,3,2,27,0.1,0,0.0,0.0,0.0,0.0,0.0,0.0,100,has_upper_tail_color::white,cbm
106,Horned Puffin,30,3,5,27,0.1,1,0.3333333333333333,0.2,0.3942808051055474,0.0,1.0,1.0,100,has_upper_tail_color::white,cbm
107,Common Raven,30,0,0,30,0.0,0,,,,,,,100,has_upper_tail_color::white,cbm
108,White necked Raven,30,0,1,30,0.0,0,,0.0,,,,,100,has_upper_tail_color::white,cbm
109,American Redstart,30,0,0,30,0.0,0,,,,,,,100,has_upper_tail_color::white,cbm
110,Geococcyx,30,5,15,25,0.16666666666666666,2,0.4,0.13333333333333333,0.38220808372323517,0.0,1.0,1.0,100,has_upper_tail_color::white,cbm
111,Loggerhead Shrike,30,8,9,22,0.26666666666666666,5,0.625,0.5555555555555556,0.5824209956709956,0.07916666666666668,0.8947222222222221,0.8155555555555554,100,has_upper_tail_color::white,cbm
142,Black Tern,30,10,14,20,0.3333333333333333,4,0.4,0.2857142857142857,0.39520515595515593,0.11160714285714285,0.6666666666666666,0.5550595238095237,100,has_upper_tail_color::white,cbm
144,Common Tern,30,12,27,18,0.4,11,0.9166666666666666,0.4074074074074074,0.9120559200001924,0.75,1.0,0.25,100,has_upper_tail_color::white,cbm
90,Red breasted Merganser,30,5,10,25,0.16666666666666666,1,0.2,0.1,0.18693722943722943,0.0,0.5524999999999991,0.5524999999999991,100,has_upper_tail_color::white,cbm
145,Elegant Tern,30,12,25,18,0.4,11,0.9166666666666666,0.44,0.9224111599185127,0.7591346153846154,1.0,0.24086538461538465,100,has_upper_tail_color::white,cbm
176,Prairie Warbler,30,0,0,30,0.0,0,,,,,,,100,has_upper_tail_color::white,cbm
177,Prothonotary Warbler,30,0,1,30,0.0,0,,0.0,,,,,100,has_upper_tail_color::white,cbm
180,Wilson Warbler,30,0,0,30,0.0,0,,,,,,,100,has_upper_tail_color::white,cbm
182,Yellow Warbler,30,0,1,30,0.0,0,,0.0,,,,,100,has_upper_tail_color::white,cbm
183,Northern Waterthrush,30,1,2,29,0.03333333333333333,0,0.0,0.0,0.0,0.0,0.0,0.0,100,has_upper_tail_color::white,cbm
184,Louisiana Waterthrush,30,1,3,29,0.03333333333333333,0,0.0,0.0,0.0,0.0,0.0,0.0,100,has_upper_tail_color::white,cbm
185,Bohemian Waxwing,30,0,8,30,0.0,0,,0.0,,,,,100,has_upper_tail_color::white,cbm
186,Cedar Waxwing,30,6,4,24,0.2,2,0.3333333333333333,0.5,0.3513977411477412,0.0,0.9321428571428559,0.9321428571428559,100,has_upper_tail_color::white,cbm
188,Pileated Woodpecker,30,0,2,30,0.0,0,,0.0,,,,,100,has_upper_tail_color::white,cbm
189,Red bellied Woodpecker,30,15,28,15,0.5,13,0.8666666666666667,0.4642857142857143,0.8671274257797512,0.6666666666666666,1.0,0.33333333333333337,100,has_upper_tail_color::white,cbm
191,Red headed Woodpecker,30,15,16,15,0.5,10,0.6666666666666666,0.625,0.6494186580962896,0.39192307692307693,0.8386363636363633,0.44671328671328636,100,has_upper_tail_color::white,cbm
192,Downy Woodpecker,30,13,19,17,0.43333333333333335,10,0.7692307692307693,0.5263157894736842,0.7448527457664454,0.47613636363636364,0.9355208333333334,0.4593844696969697,100,has_upper_tail_color::white,cbm
193,Bewick Wren,30,2,2,28,0.06666666666666667,0,0.0,0.0,0.0,0.0,0.0,0.0,100,has_upper_tail_color::white,cbm
194,Cactus Wren,30,5,11,25,0.16666666666666666,2,0.4,0.18181818181818182,0.42153751803751804,0.0,1.0,1.0,100,has_upper_tail_color::white,cbm
195,Carolina Wren,30,1,3,29,0.03333333333333333,0,0.0,0.0,0.0,0.0,0.0,0.0,100,has_upper_tail_color::white,cbm
196,House Wren,30,3,3,27,0.1,1,0.3333333333333333,0.3333333333333333,0.33214285714285713,0.0,1.0,1.0,100,has_upper_tail_color::white,cbm
197,Marsh Wren,30,2,2,28,0.06666666666666667,0,0.0,0.0,0.0,0.0,0.0,0.0,100,has_upper_tail_color::white,cbm
198,Rock Wren,30,1,6,29,0.03333333333333333,0,0.0,0.0,0.0,0.0,0.0,0.0,100,has_upper_tail_color::white,cbm
199,Winter Wren,30,3,0,27,0.1,0,0.0,,0.0,0.0,0.0,0.0,100,has_upper_tail_color::white,cbm
175,Pine Warbler,30,4,6,26,0.13333333333333333,1,0.25,0.16666666666666666,0.2793333333333333,0.0,1.0,1.0,100,has_upper_tail_color::white,cbm
174,Palm Warbler,30,1,0,29,0.03333333333333333,0,0.0,,0.0,0.0,0.0,0.0,100,has_upper_tail_color::white,cbm
173,Orange crowned Warbler,30,0,0,30,0.0,0,,,,,,,100,has_upper_tail_color::white,cbm
158,Bay breasted Warbler,30,4,18,26,0.13333333333333333,2,0.5,0.1111111111111111,0.49261418853255584,0.0,1.0,1.0,100,has_upper_tail_color::white,cbm
146,Forsters Tern,30,16,27,14,0.5333333333333333,15,0.9375,0.5555555555555556,0.9350517444371933,0.7883333333333333,1.0,0.21166666666666667,100,has_upper_tail_color::white,cbm
147,Least Tern,30,8,22,22,0.26666666666666666,6,0.75,0.2727272727272727,0.7591254856254857,0.42857142857142855,1.0,0.5714285714285714,100,has_upper_tail_color::white,cbm
148,Green tailed Towhee,30,2,0,28,0.06666666666666667,0,0.0,,0.0,0.0,0.0,0.0,100,has_upper_tail_color::white,cbm
150,Sage Thrasher,30,2,7,28,0.06666666666666667,2,1.0,0.2857142857142857,1.0,1.0,1.0,0.0,100,has_upper_tail_color::white,cbm
152,Blue headed Vireo,30,0,4,30,0.0,0,,0.0,,,,,100,has_upper_tail_color::white,cbm
154,Red eyed Vireo,30,0,3,30,0.0,0,,0.0,,,,,100,has_upper_tail_color::white,cbm
155,Warbling Vireo,30,1,2,29,0.03333333333333333,0,0.0,0.0,0.0,0.0,0.0,0.0,100,has_upper_tail_color::white,cbm
156,White eyed Vireo,30,1,3,29,0.03333333333333333,0,0.0,0.0,0.0,0.0,0.0,0.0,100,has_upper_tail_color::white,cbm
159,Black and white Warbler,30,14,27,16,0.4666666666666667,14,1.0,0.5185185185185185,1.0,1.0,1.0,0.0,100,has_upper_tail_color::white,cbm
172,Nashville Warbler,30,2,1,28,0.06666666666666667,0,0.0,0.0,0.0,0.0,0.0,0.0,100,has_upper_tail_color::white,cbm
161,Blue winged Warbler,30,1,3,29,0.03333333333333333,0,0.0,0.0,0.0,0.0,0.0,0.0,100,has_upper_tail_color::white,cbm
162,Canada Warbler,30,0,0,30,0.0,0,,,,,,,100,has_upper_tail_color::white,cbm
163,Cape May Warbler,30,2,3,28,0.06666666666666667,0,0.0,0.0,0.0,0.0,0.0,0.0,100,has_upper_tail_color::white,cbm
164,Cerulean Warbler,30,5,8,25,0.16666666666666666,2,0.4,0.25,0.4166010101010101,0.0,0.920833333333332,0.920833333333332,100,has_upper_tail_color::white,cbm
165,Chestnut sided Warbler,30,3,16,27,0.1,1,0.3333333333333333,0.0625,0.3692257855523162,0.0,1.0,1.0,100,has_upper_tail_color::white,cbm
167,Hooded Warbler,30,0,0,30,0.0,0,,,,,,,100,has_upper_tail_color::white,cbm
170,Mourning Warbler,30,0,0,30,0.0,0,,,,,,,100,has_upper_tail_color::white,cbm
171,Myrtle Warbler,30,2,11,28,0.06666666666666667,2,1.0,0.18181818181818182,1.0,1.0,1.0,0.0,100,has_upper_tail_color::white,cbm
91,Mockingbird,30,2,9,28,0.06666666666666667,1,0.5,0.1111111111111111,0.43948412698412703,0.0,1.0,1.0,100,has_upper_tail_color::white,cbm
200,Common Yellowthroat,30,0,1,30,0.0,0,,0.0,,,,,100,has_upper_tail_color::white,cbm
89,Hooded Merganser,30,2,5,28,0.06666666666666667,0,0.0,0.0,0.0,0.0,0.0,0.0,100,has_upper_tail_color::white,cbm
26,Bronzed Cowbird,30,1,0,29,0.03333333333333333,0,0.0,,0.0,0.0,0.0,0.0,100,has_upper_tail_color::white,cbm
61,Heermann Gull,30,10,16,20,0.3333333333333333,8,0.8,0.5,0.8000371964636669,0.5454545454545454,1.0,0.4545454545454546,100,has_upper_tail_color::white,cbm
59,California Gull,30,12,27,18,0.4,12,1.0,0.4444444444444444,1.0,1.0,1.0,0.0,100,has_upper_tail_color::white,cbm
25,Pelagic Cormorant,30,2,0,28,0.06666666666666667,0,0.0,,0.0,0.0,0.0,0.0,100,has_upper_tail_color::white,cbm
57,Rose breasted Grosbeak,30,5,16,25,0.16666666666666666,1,0.2,0.0625,0.2038373015873016,0.0,0.6349999999999993,0.6349999999999993,100,has_upper_tail_color::white,cbm
56,Pine Grosbeak,30,1,10,29,0.03333333333333333,1,1.0,0.1,1.0,1.0,1.0,0.0,100,has_upper_tail_color::white,cbm
55,Evening Grosbeak,30,5,13,25,0.16666666666666666,3,0.6,0.23076923076923078,0.5769320185986853,0.07500000000000002,1.0,0.9249999999999999,100,has_upper_tail_color::white,cbm
54,Blue Grosbeak,30,0,0,30,0.0,0,,,,,,,100,has_upper_tail_color::white,cbm
53,Western Grebe,30,2,20,28,0.06666666666666667,2,1.0,0.1,1.0,1.0,1.0,0.0,100,has_upper_tail_color::white,cbm
52,Pied billed Grebe,30,3,0,27,0.1,0,0.0,,0.0,0.0,0.0,0.0,100,has_upper_tail_color::white,cbm
51,Horned Grebe,30,2,3,28,0.06666666666666667,0,0.0,0.0,0.0,0.0,0.0,0.0,100,has_upper_tail_color::white,cbm
50,Eared Grebe,30,4,7,26,0.13333333333333333,1,0.25,0.14285714285714285,0.2940912698412698,0.0,0.8812499999999979,0.8812499999999979,100,has_upper_tail_color::white,cbm
49,Boat tailed Grackle,30,0,0,30,0.0,0,,,,,,,100,has_upper_tail_color::white,cbm
48,European Goldfinch,30,13,16,17,0.43333333333333335,6,0.46153846153846156,0.375,0.439776489033842,0.1713235294117647,0.7038461538461537,0.532522624434389,100,has_upper_tail_color::white,cbm
47,American Goldfinch,30,12,15,18,0.4,7,0.5833333333333334,0.4666666666666667,0.5972914407144283,0.28154761904761905,0.9047727272727272,0.6232251082251081,100,has_upper_tail_color::white,cbm
63,Ivory Gull,30,26,27,4,0.8666666666666667,24,0.9230769230769231,0.8888888888888888,0.9248867931252491,0.8302499999999999,1.0,0.16975000000000007,100,has_upper_tail_color::white,cbm
46,Gadwall,30,1,7,29,0.03333333333333333,1,1.0,0.14285714285714285,1.0,1.0,1.0,0.0,100,has_upper_tail_color::white,cbm
45,Northern Fulmar,30,10,20,20,0.3333333333333333,6,0.6,0.3,0.5747304827525417,0.2925,0.8881249999999998,0.5956249999999998,100,has_upper_tail_color::white,cbm
44,Frigatebird,30,0,1,30,0.0,0,,0.0,,,,,100,has_upper_tail_color::white,cbm
88,Western Meadowlark,30,5,13,25,0.16666666666666666,2,0.4,0.15384615384615385,0.4288571428571429,0.0,1.0,1.0,100,has_upper_tail_color::white,cbm
42,Vermilion Flycatcher,30,0,0,30,0.0,0,,,,,,,100,has_upper_tail_color::white,cbm
41,Scissor tailed Flycatcher,30,6,14,24,0.2,4,0.6666666666666666,0.2857142857142857,0.6571906426906428,0.3333333333333333,1.0,0.6666666666666667,100,has_upper_tail_color::white,cbm
27,Shiny Cowbird,30,0,0,30,0.0,0,,,,,,,100,has_upper_tail_color::white,cbm
40,Olive sided Flycatcher,30,2,2,28,0.06666666666666667,0,0.0,0.0,0.0,0.0,0.0,0.0,100,has_upper_tail_color::white,cbm
38,Great Crested Flycatcher,30,1,2,29,0.03333333333333333,1,1.0,0.5,1.0,1.0,1.0,0.0,100,has_upper_tail_color::white,cbm
36,Northern Flicker,30,4,17,26,0.13333333333333333,4,1.0,0.23529411764705882,1.0,1.0,1.0,0.0,100,has_upper_tail_color::white,cbm
29,American Crow,30,0,0,30,0.0,0,,,,,,,100,has_upper_tail_color::white,cbm
35,Purple Finch,30,6,6,24,0.2,3,0.5,0.5,0.4990710678210678,0.0,1.0,1.0,100,has_upper_tail_color::white,cbm
30,Fish Crow,30,0,0,30,0.0,0,,,,,,,100,has_upper_tail_color::white,cbm
21,Eastern Towhee,30,3,0,27,0.1,0,0.0,,0.0,0.0,0.0,0.0,100,has_upper_tail_color::white,cbm
62,Herring Gull,30,19,25,11,0.6333333333333333,18,0.9473684210526315,0.72,0.9450601939441186,0.8336956521739131,1.0,0.16630434782608694,100,has_upper_tail_color::white,cbm
64,Ring billed Gull,30,12,26,18,0.4,11,0.9166666666666666,0.4230769230769231,0.9179325829399357,0.7380681818181818,1.0,0.2619318181818182,100,has_upper_tail_color::white,cbm
73,Blue Jay,30,10,9,20,0.3333333333333333,3,0.3,0.3333333333333333,0.2874617882117882,0.0,0.5507575757575757,0.5507575757575757,100,has_upper_tail_color::white,cbm
87,Mallard,30,4,8,26,0.13333333333333333,0,0.0,0.0,0.0,0.0,0.0,0.0,100,has_upper_tail_color::white,cbm
86,Pacific Loon,30,6,17,24,0.2,3,0.5,0.17647058823529413,0.49973382173382175,0.06785714285714287,0.8458333333333331,0.7779761904761903,100,has_upper_tail_color::white,cbm
85,Horned Lark,30,3,5,27,0.1,1,0.3333333333333333,0.2,0.34086892488954346,0.0,1.0,1.0,100,has_upper_tail_color::white,cbm
4,Groove billed Ani,30,1,0,29,0.03333333333333333,0,0.0,,0.0,0.0,0.0,0.0,100,has_upper_tail_color::white,cbm
83,White breasted Kingfisher,30,1,1,29,0.03333333333333333,0,0.0,0.0,0.0,0.0,0.0,0.0,100,has_upper_tail_color::white,cbm
82,Ringed Kingfisher,30,1,3,29,0.03333333333333333,0,0.0,0.0,0.0,0.0,0.0,0.0,100,has_upper_tail_color::white,cbm
81,Pied Kingfisher,30,19,28,11,0.6333333333333333,18,0.9473684210526315,0.6428571428571429,0.9449295098602508,0.8333333333333334,1.0,0.16666666666666663,100,has_upper_tail_color::white,cbm
80,Green Kingfisher,30,5,8,25,0.16666666666666666,3,0.6,0.375,0.589345238095238,0.0,1.0,1.0,100,has_upper_tail_color::white,cbm
79,Belted Kingfisher,30,2,9,28,0.06666666666666667,1,0.5,0.1111111111111111,0.4525641025641025,0.0,1.0,1.0,100,has_upper_tail_color::white,cbm
10,Red winged Blackbird,30,0,0,30,0.0,0,,,,,,,100,has_upper_tail_color::white,cbm
77,Tropical Kingbird,30,1,1,29,0.03333333333333333,0,0.0,0.0,0.0,0.0,0.0,0.0,100,has_upper_tail_color::white,cbm
11,Rusty Blackbird,30,1,0,29,0.03333333333333333,0,0.0,,0.0,0.0,0.0,0.0,100,has_upper_tail_color::white,cbm
74,Florida Jay,30,3,0,27,0.1,0,0.0,,0.0,0.0,0.0,0.0,100,has_upper_tail_color::white,cbm
76,Dark eyed Junco,30,1,1,29,0.03333333333333333,0,0.0,0.0,0.0,0.0,0.0,0.0,100,has_upper_tail_color::white,cbm
72,Pomarine Jaeger,30,7,7,23,0.23333333333333334,2,0.2857142857142857,0.2857142857142857,0.2901984126984127,0.0,0.6468749999999996,0.6468749999999996,100,has_upper_tail_color::white,cbm
14,Indigo Bunting,30,0,1,30,0.0,0,,0.0,,,,,100,has_upper_tail_color::white,cbm
66,Western Gull,30,15,29,15,0.5,15,1.0,0.5172413793103449,1.0,1.0,1.0,0.0,100,has_upper_tail_color::white,cbm
71,Long tailed Jaeger,30,5,6,25,0.16666666666666666,1,0.2,0.16666666666666666,0.19288095238095235,0.0,0.6,0.6,100,has_upper_tail_color::white,cbm
67,Anna Hummingbird,30,0,1,30,0.0,0,,0.0,,,,,100,has_upper_tail_color::white,cbm
68,Ruby throated Hummingbird,30,3,2,27,0.1,0,0.0,0.0,0.0,0.0,0.0,0.0,100,has_upper_tail_color::white,cbm
31,Black billed Cuckoo,30,1,1,29,0.03333333333333333,0,0.0,0.0,0.0,0.0,0.0,0.0,100,has_upper_tail_color::white,cbm
69,Rufous Hummingbird,30,1,0,29,0.03333333333333333,0,0.0,,0.0,0.0,0.0,0.0,100,has_upper_tail_color::white,cbm
13,Bobolink,30,9,12,21,0.3,6,0.6666666666666666,0.5,0.6648855866355865,0.25,1.0,0.75,100,has_upper_tail_color::white,cbm
70,Green Violetear,30,0,0,30,0.0,0,,,,,,,100,has_upper_tail_color::white,cbm
181,Worm eating Warbler,29,1,0,28,0.034482758620689655,0,0.0,,0.0,0.0,0.0,0.0,100,has_upper_tail_color::white,cbm
20,Yellow breasted Chat,29,2,0,27,0.06896551724137931,0,0.0,,0.0,0.0,0.0,0.0,100,has_upper_tail_color::white,cbm
169,Magnolia Warbler,29,5,8,24,0.1724137931034483,1,0.2,0.125,0.20082571749238418,0.0,0.6666666666666666,0.6666666666666666,100,has_upper_tail_color::white,cbm
168,Kentucky Warbler,29,0,1,29,0.0,0,,0.0,,,,,100,has_upper_tail_color::white,cbm
28,Brown Creeper,29,6,17,23,0.20689655172413793,5,0.8333333333333334,0.29411764705882354,0.84083658008658,0.5,1.0,0.5,100,has_upper_tail_color::white,cbm
9,Brewer Blackbird,29,0,0,29,0.0,0,,,,,,,100,has_upper_tail_color::white,cbm
166,Golden winged Warbler,29,6,2,23,0.20689655172413793,0,0.0,0.0,0.0,0.0,0.0,0.0,100,has_upper_tail_color::white,cbm
23,Brandt Cormorant,29,0,4,29,0.0,0,,0.0,,,,,100,has_upper_tail_color::white,cbm
190,Red cockaded Woodpecker,29,10,21,19,0.3448275862068966,7,0.7,0.3333333333333333,0.6943067904317904,0.4135714285714286,1.0,0.5864285714285714,100,has_upper_tail_color::white,cbm
33,Yellow billed Cuckoo,29,2,1,27,0.06896551724137931,0,0.0,0.0,0.0,0.0,0.0,0.0,100,has_upper_tail_color::white,cbm
179,Tennessee Warbler,29,0,0,29,0.0,0,,,,,,,100,has_upper_tail_color::white,cbm
19,Gray Catbird,29,1,2,28,0.034482758620689655,0,0.0,0.0,0.0,0.0,0.0,0.0,100,has_upper_tail_color::white,cbm
43,Yellow bellied Flycatcher,29,0,5,29,0.0,0,,0.0,,,,,100,has_upper_tail_color::white,cbm
117,Clay colored Sparrow,29,5,9,24,0.1724137931034483,3,0.6,0.3333333333333333,0.5672679172679173,0.18166666666666667,1.0,0.8183333333333334,100,has_upper_tail_color::white,cbm
141,Artic Tern,29,15,24,14,0.5172413793103449,13,0.8666666666666667,0.5416666666666666,0.8610236587457948,0.6666666666666666,1.0,0.33333333333333337,100,has_upper_tail_color::white,cbm
160,Black throated Blue Warbler,29,1,3,28,0.034482758620689655,0,0.0,0.0,0.0,0.0,0.0,0.0,100,has_upper_tail_color::white,cbm
119,Field Sparrow,29,6,6,23,0.20689655172413793,1,0.16666666666666666,0.16666666666666666,0.17285858585858585,0.0,0.4,0.4,100,has_upper_tail_color::white,cbm
124,Le Conte Sparrow,29,1,7,28,0.034482758620689655,0,0.0,0.0,0.0,0.0,0.0,0.0,100,has_upper_tail_color::white,cbm
125,Lincoln Sparrow,29,2,8,27,0.06896551724137931,1,0.5,0.125,0.5,0.0,1.0,1.0,100,has_upper_tail_color::white,cbm
115,Brewer Sparrow,29,2,5,27,0.06896551724137931,0,0.0,0.0,0.0,0.0,0.0,0.0,100,has_upper_tail_color::white,cbm
60,Glaucous winged Gull,29,15,26,14,0.5172413793103449,12,0.8,0.46153846153846156,0.8012636310627796,0.6230769230769231,1.0,0.3769230769230769,100,has_upper_tail_color::white,cbm
78,Gray Kingbird,29,1,7,28,0.034482758620689655,1,1.0,0.14285714285714285,1.0,1.0,1.0,0.0,100,has_upper_tail_color::white,cbm
97,Orchard Oriole,29,0,0,29,0.0,0,,,,,,,100,has_upper_tail_color::white,cbm
149,Brown Thrasher,29,1,4,28,0.034482758620689655,0,0.0,0.0,0.0,0.0,0.0,0.0,100,has_upper_tail_color::white,cbm
39,Least Flycatcher,29,2,6,27,0.06896551724137931,1,0.5,0.16666666666666666,0.46146953405017926,0.0,1.0,1.0,100,has_upper_tail_color::white,cbm
153,Philadelphia Vireo,29,0,0,29,0.0,0,,,,,,,100,has_upper_tail_color::white,cbm
37,Acadian Flycatcher,29,1,4,28,0.034482758620689655,0,0.0,0.0,0.0,0.0,0.0,0.0,100,has_upper_tail_color::white,cbm
157,Yellow throated Vireo,29,4,9,25,0.13793103448275862,0,0.0,0.0,0.0,0.0,0.0,0.0,100,has_upper_tail_color::white,cbm
34,Gray crowned Rosy Finch,29,6,3,23,0.20689655172413793,1,0.16666666666666666,0.3333333333333333,0.17043409368409368,0.0,0.46607142857142797,0.46607142857142797,100,has_upper_tail_color::white,cbm
3,Sooty Albatross,28,1,3,27,0.03571428571428571,1,1.0,0.3333333333333333,1.0,1.0,1.0,0.0,100,has_upper_tail_color::white,cbm
15,Lazuli Bunting,28,1,5,27,0.03571428571428571,0,0.0,0.0,0.0,0.0,0.0,0.0,100,has_upper_tail_color::white,cbm
16,Painted Bunting,28,0,0,28,0.0,0,,,,,,,100,has_upper_tail_color::white,cbm
58,Pigeon Guillemot,28,4,10,24,0.14285714285714285,1,0.25,0.1,0.2723015873015873,0.0,0.7762499999999996,0.7762499999999996,100,has_upper_tail_color::white,cbm
17,Cardinal,27,0,1,27,0.0,0,,0.0,,,,,100,has_upper_tail_color::white,cbm
75,Green Jay,27,0,1,27,0.0,0,,0.0,,,,,100,has_upper_tail_color::white,cbm
178,Swainson Warbler,26,0,0,26,0.0,0,,,,,,,100,has_upper_tail_color::white,cbm
12,Yellow headed Blackbird,26,0,3,26,0.0,0,,0.0,,,,,100,has_upper_tail_color::white,cbm
22,Chuck will Widow,26,2,4,24,0.07692307692307693,1,0.5,0.25,0.4465579710144928,0.0,1.0,1.0,100,has_upper_tail_color::white,cbm
7,Parakeet Auklet,23,1,1,22,0.043478260869565216,0,0.0,0.0,0.0,0.0,0.0,0.0,100,has_upper_tail_color::white,cbm
84,Red legged Kittiwake,23,11,22,12,0.4782608695652174,11,1.0,0.5,1.0,1.0,1.0,0.0,100,has_upper_tail_color::white,cbm
32,Mangrove Cuckoo,23,1,0,22,0.043478260869565216,0,0.0,,0.0,0.0,0.0,0.0,100,has_upper_tail_color::white,cbm
24,Red faced Cormorant,22,0,0,22,0.0,0,,,,,,,100,has_upper_tail_color::white,cbm
151,Black capped Vireo,21,2,1,19,0.09523809523809523,0,0.0,0.0,0.0,0.0,0.0,0.0,100,has_upper_tail_color::white,cbm
113,Baird Sparrow,20,2,6,18,0.1,0,0.0,0.0,0.0,0.0,0.0,0.0,100,has_upper_tail_color::white,cbm
187,American Three toed Woodpecker,20,4,9,16,0.2,3,0.75,0.3333333333333333,0.7065273728539034,0.28541666666666665,1.0,0.7145833333333333,100,has_upper_tail_color::white,cbm
65,Slaty backed Gull,20,14,17,6,0.7,12,0.8571428571428571,0.7058823529411765,0.8634387220536601,0.7027472527472527,1.0,0.2972527472527473,100,has_upper_tail_color::white,cbm
101,White Pelican,20,12,19,8,0.6,11,0.9166666666666666,0.5789473684210527,0.92558869480193,0.7692307692307693,1.0,0.23076923076923073,100,has_upper_tail_color::white,cbm
105,Whip poor Will,19,5,3,14,0.2631578947368421,2,0.4,0.6666666666666666,0.3708542568542569,0.0,0.920833333333332,0.920833333333332,100,has_upper_tail_color::white,cbm
8,Rhinoceros Auklet,18,0,1,18,0.0,0,,0.0,,,,,100,has_upper_tail_color::white,cbm
18,Spotted Catbird,15,0,0,15,0.0,0,,,,,,,100,has_upper_tail_color::white,cbm
5,Crested Auklet,14,0,0,14,0.0,0,,,,,,,100,has_upper_tail_color::white,cbm
6,Least Auklet,11,4,4,7,0.36363636363636365,3,0.75,0.75,0.733642857142857,0.25,1.0,0.75,100,has_upper_tail_color::white,cbm
1,Black footed Albatross,30,3,0,27,0.1,0,0.0,,0.0,0.0,0.0,0.0,100,has_bill_shape::all-purpose,cbm
143,Caspian Tern,30,6,0,24,0.2,0,0.0,,0.0,0.0,0.0,0.0,100,has_bill_shape::all-purpose,cbm
120,Fox Sparrow,30,6,9,24,0.2,3,0.5,0.3333333333333333,0.48185101010101006,0.0,0.920833333333332,0.920833333333332,100,has_bill_shape::all-purpose,cbm
121,Grasshopper Sparrow,30,7,3,23,0.23333333333333334,1,0.14285714285714285,0.3333333333333333,0.14168861441588715,0.0,0.5,0.5,100,has_bill_shape::all-purpose,cbm
122,Harris Sparrow,30,2,1,28,0.06666666666666667,0,0.0,0.0,0.0,0.0,0.0,0.0,100,has_bill_shape::all-purpose,cbm
123,Henslow Sparrow,30,5,2,25,0.16666666666666666,0,0.0,0.0,0.0,0.0,0.0,0.0,100,has_bill_shape::all-purpose,cbm
126,Nelson Sharp tailed Sparrow,30,13,8,17,0.43333333333333335,2,0.15384615384615385,0.25,0.15363051327757207,0.0,0.35520833333333296,0.35520833333333296,100,has_bill_shape::all-purpose,cbm
127,Savannah Sparrow,30,4,2,26,0.13333333333333333,0,0.0,0.0,0.0,0.0,0.0,0.0,100,has_bill_shape::all-purpose,cbm
128,Seaside Sparrow,30,14,4,16,0.4666666666666667,2,0.14285714285714285,0.5,0.15009668792679629,0.0,0.4166666666666667,0.4166666666666667,100,has_bill_shape::all-purpose,cbm
129,Song Sparrow,30,3,1,27,0.1,0,0.0,0.0,0.0,0.0,0.0,0.0,100,has_bill_shape::all-purpose,cbm
130,Tree Sparrow,30,0,2,30,0.0,0,,0.0,,,,,100,has_bill_shape::all-purpose,cbm
131,Vesper Sparrow,30,8,3,22,0.26666666666666666,0,0.0,0.0,0.0,0.0,0.0,0.0,100,has_bill_shape::all-purpose,cbm
132,White crowned Sparrow,30,0,1,30,0.0,0,,0.0,,,,,100,has_bill_shape::all-purpose,cbm
133,White throated Sparrow,30,4,0,26,0.13333333333333333,0,0.0,,0.0,0.0,0.0,0.0,100,has_bill_shape::all-purpose,cbm
134,Cape Glossy Starling,30,24,15,6,0.8,13,0.5416666666666666,0.8666666666666667,0.5396635912443495,0.34615384615384615,0.7083333333333334,0.3621794871794872,100,has_bill_shape::all-purpose,cbm
135,Bank Swallow,30,11,7,19,0.36666666666666664,3,0.2727272727272727,0.42857142857142855,0.29359009046509044,0.026388888888888892,0.6055194805194799,0.579130591630591,100,has_bill_shape::all-purpose,cbm
136,Barn Swallow,30,12,6,18,0.4,2,0.16666666666666666,0.3333333333333333,0.16922013362454535,0.0,0.360551948051948,0.360551948051948,100,has_bill_shape::all-purpose,cbm
137,Cliff Swallow,30,11,1,19,0.36666666666666664,1,0.09090909090909091,1.0,0.10907264794029498,0.0,0.2932142857142856,0.2932142857142856,100,has_bill_shape::all-purpose,cbm
138,Tree Swallow,30,11,4,19,0.36666666666666664,0,0.0,0.0,0.0,0.0,0.0,0.0,100,has_bill_shape::all-purpose,cbm
139,Scarlet Tanager,30,11,7,19,0.36666666666666664,3,0.2727272727272727,0.42857142857142855,0.267750099573629,0.0,0.5201923076923074,0.5201923076923074,100,has_bill_shape::all-purpose,cbm
140,Summer Tanager,30,14,7,16,0.4666666666666667,3,0.21428571428571427,0.42857142857142855,0.2142898050951457,0.058823529411764705,0.44857142857142823,0.3897478991596635,100,has_bill_shape::all-purpose,cbm
118,House Sparrow,30,4,2,26,0.13333333333333333,0,0.0,0.0,0.0,0.0,0.0,0.0,100,has_bill_shape::all-purpose,cbm
116,Chipping Sparrow,30,6,3,24,0.2,0,0.0,0.0,0.0,0.0,0.0,0.0,100,has_bill_shape::all-purpose,cbm
114,Black throated Sparrow,30,4,20,26,0.13333333333333333,4,1.0,0.2,1.0,1.0,1.0,0.0,100,has_bill_shape::all-purpose,cbm
2,Laysan Albatross,30,0,0,30,0.0,0,,,,,,,100,has_bill_shape::all-purpose,cbm
92,Nighthawk,30,7,1,23,0.23333333333333334,0,0.0,0.0,0.0,0.0,0.0,0.0,100,has_bill_shape::all-purpose,cbm
93,Clark Nutcracker,30,11,8,19,0.36666666666666664,2,0.18181818181818182,0.25,0.1999937284937285,0.0,0.4,0.4,100,has_bill_shape::all-purpose,cbm
94,White breasted Nuthatch,30,22,23,8,0.7333333333333333,17,0.7727272727272727,0.7391304347826086,0.7832075511083992,0.6148809523809524,0.9354166666666663,0.3205357142857139,100,has_bill_shape::all-purpose,cbm
95,Baltimore Oriole,30,16,20,14,0.5333333333333333,11,0.6875,0.55,0.6817764204749498,0.43875,0.9097222222222219,0.4709722222222219,100,has_bill_shape::all-purpose,cbm
96,Hooded Oriole,30,16,21,14,0.5333333333333333,13,0.8125,0.6190476190476191,0.8063179148852521,0.5182692307692307,1.0,0.4817307692307693,100,has_bill_shape::all-purpose,cbm
98,Scott Oriole,30,20,16,10,0.6666666666666666,11,0.55,0.6875,0.5772414967307113,0.4,0.7839181286549707,0.38391812865497066,100,has_bill_shape::all-purpose,cbm
99,Ovenbird,30,24,25,6,0.8,19,0.7916666666666666,0.76,0.7971665728851635,0.638090909090909,0.9184166666666667,0.2803257575757576,100,has_bill_shape::all-purpose,cbm
100,Brown Pelican,30,2,0,28,0.06666666666666667,0,0.0,,0.0,0.0,0.0,0.0,100,has_bill_shape::all-purpose,cbm
102,Western Wood Pewee,30,24,15,6,0.8,13,0.5416666666666666,0.8666666666666667,0.538076238488333,0.3477272727272727,0.7122592592592591,0.36453198653198643,100,has_bill_shape::all-purpose,cbm
112,Great Grey Shrike,30,6,4,24,0.2,0,0.0,0.0,0.0,0.0,0.0,0.0,100,has_bill_shape::all-purpose,cbm
103,Sayornis,30,20,23,10,0.6666666666666666,16,0.8,0.6956521739130435,0.7876044704958522,0.6231060606060607,0.9512499999999999,0.32814393939393927,100,has_bill_shape::all-purpose,cbm
104,American Pipit,30,24,21,6,0.8,16,0.6666666666666666,0.7619047619047619,0.6569237254374081,0.4790869565217391,0.8611513687600643,0.38206441223832516,100,has_bill_shape::all-purpose,cbm
106,Horned Puffin,30,4,1,26,0.13333333333333333,0,0.0,0.0,0.0,0.0,0.0,0.0,100,has_bill_shape::all-purpose,cbm
107,Common Raven,30,14,10,16,0.4666666666666667,4,0.2857142857142857,0.4,0.2931143259251181,0.06254901960784313,0.5747282608695651,0.512179241261722,100,has_bill_shape::all-purpose,cbm
108,White necked Raven,30,3,4,27,0.1,0,0.0,0.0,0.0,0.0,0.0,0.0,100,has_bill_shape::all-purpose,cbm
109,American Redstart,30,18,19,12,0.6,12,0.6666666666666666,0.631578947368421,0.6609452757361391,0.4434375,0.88578431372549,0.44234681372549006,100,has_bill_shape::all-purpose,cbm
110,Geococcyx,30,11,10,19,0.36666666666666664,4,0.36363636363636365,0.4,0.36857801593831013,0.09125,0.608076923076923,0.5168269230769229,100,has_bill_shape::all-purpose,cbm
111,Loggerhead Shrike,30,7,3,23,0.23333333333333334,0,0.0,0.0,0.0,0.0,0.0,0.0,100,has_bill_shape::all-purpose,cbm
142,Black Tern,30,18,6,12,0.6,4,0.2222222222222222,0.6666666666666666,0.225705267436382,0.06056985294117647,0.42968749999999983,0.3691176470588234,100,has_bill_shape::all-purpose,cbm
144,Common Tern,30,9,2,21,0.3,1,0.1111111111111111,0.5,0.10500203962703962,0.0,0.4,0.4,100,has_bill_shape::all-purpose,cbm
90,Red breasted Merganser,30,3,0,27,0.1,0,0.0,,0.0,0.0,0.0,0.0,100,has_bill_shape::all-purpose,cbm
145,Elegant Tern,30,2,1,28,0.06666666666666667,0,0.0,0.0,0.0,0.0,0.0,0.0,100,has_bill_shape::all-purpose,cbm
176,Prairie Warbler,30,25,30,5,0.8333333333333334,25,1.0,0.8333333333333334,1.0,1.0,1.0,0.0,100,has_bill_shape::all-purpose,cbm
177,Prothonotary Warbler,30,25,29,5,0.8333333333333334,24,0.96,0.8275862068965517,0.9611873346349359,0.8866452991452991,1.0,0.1133547008547009,100,has_bill_shape::all-purpose,cbm
180,Wilson Warbler,30,23,26,7,0.7666666666666667,19,0.8260869565217391,0.7307692307692307,0.8294360822752125,0.673,0.9592083333333333,0.2862083333333333,100,has_bill_shape::all-purpose,cbm
182,Yellow Warbler,30,24,28,6,0.8,22,0.9166666666666666,0.7857142857142857,0.9220438575239491,0.795625,1.0,0.20437499999999997,100,has_bill_shape::all-purpose,cbm
183,Northern Waterthrush,30,25,26,5,0.8333333333333334,22,0.88,0.8461538461538461,0.8905446483024443,0.7643846153846154,0.9643039591315453,0.19991934374692988,100,has_bill_shape::all-purpose,cbm
184,Louisiana Waterthrush,30,27,27,3,0.9,24,0.8888888888888888,0.8888888888888888,0.8930587227753644,0.784083850931677,1.0,0.21591614906832302,100,has_bill_shape::all-purpose,cbm
185,Bohemian Waxwing,30,12,3,18,0.4,0,0.0,0.0,0.0,0.0,0.0,0.0,100,has_bill_shape::all-purpose,cbm
186,Cedar Waxwing,30,12,25,18,0.4,10,0.8333333333333334,0.4,0.8392419410654707,0.5833333333333334,1.0,0.41666666666666663,100,has_bill_shape::all-purpose,cbm
188,Pileated Woodpecker,30,2,5,28,0.06666666666666667,0,0.0,0.0,0.0,0.0,0.0,0.0,100,has_bill_shape::all-purpose,cbm
189,Red bellied Woodpecker,30,7,3,23,0.23333333333333334,1,0.14285714285714285,0.3333333333333333,0.13476282051282049,0.0,0.42857142857142855,0.42857142857142855,100,has_bill_shape::all-purpose,cbm
191,Red headed Woodpecker,30,11,4,19,0.36666666666666664,2,0.18181818181818182,0.5,0.18478741846388907,0.0,0.4817307692307689,0.4817307692307689,100,has_bill_shape::all-purpose,cbm
192,Downy Woodpecker,30,14,10,16,0.4666666666666667,6,0.42857142857142855,0.6,0.4209892646053637,0.1757692307692308,0.6916666666666662,0.5158974358974354,100,has_bill_shape::all-purpose,cbm
193,Bewick Wren,30,20,17,10,0.6666666666666666,11,0.55,0.6470588235294118,0.5561791835727425,0.33329545454545456,0.7562499999999999,0.4229545454545453,100,has_bill_shape::all-purpose,cbm
194,Cactus Wren,30,13,6,17,0.43333333333333335,2,0.15384615384615385,0.3333333333333333,0.1500167756649955,0.0,0.3333333333333333,0.3333333333333333,100,has_bill_shape::all-purpose,cbm
195,Carolina Wren,30,20,22,10,0.6666666666666666,14,0.7,0.6363636363636364,0.7129452809606698,0.5113095238095238,0.9,0.38869047619047625,100,has_bill_shape::all-purpose,cbm
196,House Wren,30,23,23,7,0.7666666666666667,17,0.7391304347826086,0.7391304347826086,0.7401222851307517,0.5447940503432493,0.8904999999999998,0.3457059496567505,100,has_bill_shape::all-purpose,cbm
197,Marsh Wren,30,15,12,15,0.5,5,0.3333333333333333,0.4166666666666667,0.3352501317052401,0.103125,0.608076923076923,0.5049519230769229,100,has_bill_shape::all-purpose,cbm
198,Rock Wren,30,14,18,16,0.4666666666666667,11,0.7857142857142857,0.6111111111111112,0.7828085691398384,0.5357692307692308,1.0,0.4642307692307692,100,has_bill_shape::all-purpose,cbm
199,Winter Wren,30,26,23,4,0.8666666666666667,20,0.7692307692307693,0.8695652173913043,0.7715794192952363,0.5769230769230769,0.9183110367892976,0.3413879598662207,100,has_bill_shape::all-purpose,cbm
175,Pine Warbler,30,25,28,5,0.8333333333333334,24,0.96,0.8571428571428571,0.9609383205250522,0.8821923076923077,1.0,0.11780769230769228,100,has_bill_shape::all-purpose,cbm
174,Palm Warbler,30,26,27,4,0.8666666666666667,23,0.8846153846153846,0.8518518518518519,0.8808093406232836,0.7540948275862068,1.0,0.24590517241379317,100,has_bill_shape::all-purpose,cbm
173,Orange crowned Warbler,30,23,29,7,0.7666666666666667,22,0.9565217391304348,0.7586206896551724,0.9576684995424901,0.8695652173913043,1.0,0.13043478260869568,100,has_bill_shape::all-purpose,cbm
158,Bay breasted Warbler,30,21,20,9,0.7,13,0.6190476190476191,0.65,0.6192987009005113,0.4315217391304348,0.8095238095238095,0.37800207039337475,100,has_bill_shape::all-purpose,cbm
146,Forsters Tern,30,5,1,25,0.16666666666666666,1,0.2,1.0,0.2018095238095238,0.0,0.5864285714285712,0.5864285714285712,100,has_bill_shape::all-purpose,cbm
147,Least Tern,30,4,2,26,0.13333333333333333,0,0.0,0.0,0.0,0.0,0.0,0.0,100,has_bill_shape::all-purpose,cbm
148,Green tailed Towhee,30,6,5,24,0.2,2,0.3333333333333333,0.4,0.3615238095238096,0.0,0.8,0.8,100,has_bill_shape::all-purpose,cbm
150,Sage Thrasher,30,29,19,1,0.9666666666666667,19,0.6551724137931034,1.0,0.6767720727548314,0.5,0.8214285714285714,0.3214285714285714,100,has_bill_shape::all-purpose,cbm
152,Blue headed Vireo,30,18,27,12,0.6,15,0.8333333333333334,0.5555555555555556,0.8395181588535304,0.6880566801619433,1.0,0.3119433198380567,100,has_bill_shape::all-purpose,cbm
154,Red eyed Vireo,30,26,25,4,0.8666666666666667,23,0.8846153846153846,0.92,0.8886782874740896,0.75,1.0,0.25,100,has_bill_shape::all-purpose,cbm
155,Warbling Vireo,30,24,26,6,0.8,21,0.875,0.8076923076923077,0.880884129594589,0.7272727272727273,1.0,0.2727272727272727,100,has_bill_shape::all-purpose,cbm
156,White eyed Vireo,30,21,26,9,0.7,17,0.8095238095238095,0.6538461538461539,0.8040309470287967,0.6218750000000001,0.953517316017316,0.331642316017316,100,has_bill_shape::all-purpose,cbm
159,Black and white Warbler,30,26,22,4,0.8666666666666667,19,0.7307692307692307,0.8636363636363636,0.7255411452587613,0.56,0.904807692307692,0.3448076923076919,100,has_bill_shape::all-purpose,cbm
172,Nashville Warbler,30,23,28,7,0.7666666666666667,21,0.9130434782608695,0.75,0.9075508168938415,0.7670454545454545,1.0,0.23295454545454553,100,has_bill_shape::all-purpose,cbm
161,Blue winged Warbler,30,21,29,9,0.7,20,0.9523809523809523,0.6896551724137931,0.9484344066606282,0.84475,1.0,0.15525,100,has_bill_shape::all-purpose,cbm
162,Canada Warbler,30,18,28,12,0.6,17,0.9444444444444444,0.6071428571428571,0.9484433245259399,0.8477272727272728,1.0,0.15227272727272723,100,has_bill_shape::all-purpose,cbm
163,Cape May Warbler,30,27,28,3,0.9,26,0.9629629629629629,0.9285714285714286,0.9595547916517931,0.88,1.0,0.12,100,has_bill_shape::all-purpose,cbm
164,Cerulean Warbler,30,23,21,7,0.7666666666666667,18,0.782608695652174,0.8571428571428571,0.7904420807372483,0.635578947368421,0.9245726495726496,0.2889937022042286,100,has_bill_shape::all-purpose,cbm
165,Chestnut sided Warbler,30,19,16,11,0.6333333333333333,10,0.5263157894736842,0.625,0.5277515142725838,0.3333333333333333,0.7368055555555553,0.40347222222222195,100,has_bill_shape::all-purpose,cbm
167,Hooded Warbler,30,23,30,7,0.7666666666666667,23,1.0,0.7666666666666667,1.0,1.0,1.0,0.0,100,has_bill_shape::all-purpose,cbm
170,Mourning Warbler,30,18,26,12,0.6,18,1.0,0.6923076923076923,1.0,1.0,1.0,0.0,100,has_bill_shape::all-purpose,cbm
171,Myrtle Warbler,30,19,24,11,0.6333333333333333,16,0.8421052631578947,0.6666666666666666,0.8395250194926295,0.6635695187165775,1.0,0.33643048128342246,100,has_bill_shape::all-purpose,cbm
91,Mockingbird,30,19,20,11,0.6333333333333333,14,0.7368421052631579,0.7,0.7421640947131121,0.5,0.897222222222222,0.39722222222222203,100,has_bill_shape::all-purpose,cbm
200,Common Yellowthroat,30,25,23,5,0.8333333333333334,19,0.76,0.8260869565217391,0.7683941487575672,0.5969322344322344,0.9310714285714285,0.33413919413919413,100,has_bill_shape::all-purpose,cbm
89,Hooded Merganser,30,3,4,27,0.1,0,0.0,0.0,0.0,0.0,0.0,0.0,100,has_bill_shape::all-purpose,cbm
26,Bronzed Cowbird,30,15,7,15,0.5,5,0.3333333333333333,0.7142857142857143,0.3350950034227898,0.14285714285714285,0.5980769230769228,0.45521978021978,100,has_bill_shape::all-purpose,cbm
61,Heermann Gull,30,4,1,26,0.13333333333333333,0,0.0,0.0,0.0,0.0,0.0,0.0,100,has_bill_shape::all-purpose,cbm
59,California Gull,30,2,0,28,0.06666666666666667,0,0.0,,0.0,0.0,0.0,0.0,100,has_bill_shape::all-purpose,cbm
25,Pelagic Cormorant,30,0,1,30,0.0,0,,0.0,,,,,100,has_bill_shape::all-purpose,cbm
57,Rose breasted Grosbeak,30,1,1,29,0.03333333333333333,0,0.0,0.0,0.0,0.0,0.0,0.0,100,has_bill_shape::all-purpose,cbm
56,Pine Grosbeak,30,4,2,26,0.13333333333333333,0,0.0,0.0,0.0,0.0,0.0,0.0,100,has_bill_shape::all-purpose,cbm
55,Evening Grosbeak,30,2,6,28,0.06666666666666667,1,0.5,0.16666666666666666,0.5202255639097745,0.0,1.0,1.0,100,has_bill_shape::all-purpose,cbm
54,Blue Grosbeak,30,2,4,28,0.06666666666666667,0,0.0,0.0,0.0,0.0,0.0,0.0,100,has_bill_shape::all-purpose,cbm
53,Western Grebe,30,0,0,30,0.0,0,,,,,,,100,has_bill_shape::all-purpose,cbm
52,Pied billed Grebe,30,6,2,24,0.2,1,0.16666666666666666,0.5,0.15177716727716728,0.0,0.5,0.5,100,has_bill_shape::all-purpose,cbm
51,Horned Grebe,30,12,0,18,0.4,0,0.0,,0.0,0.0,0.0,0.0,100,has_bill_shape::all-purpose,cbm
50,Eared Grebe,30,10,0,20,0.3333333333333333,0,0.0,,0.0,0.0,0.0,0.0,100,has_bill_shape::all-purpose,cbm
49,Boat tailed Grackle,30,16,12,14,0.5333333333333333,6,0.375,0.5,0.36835318817562396,0.12372122762148338,0.5944117647058822,0.4706905370843988,100,has_bill_shape::all-purpose,cbm
48,European Goldfinch,30,6,1,24,0.2,0,0.0,0.0,0.0,0.0,0.0,0.0,100,has_bill_shape::all-purpose,cbm
47,American Goldfinch,30,1,5,29,0.03333333333333333,0,0.0,0.0,0.0,0.0,0.0,0.0,100,has_bill_shape::all-purpose,cbm
63,Ivory Gull,30,12,9,18,0.4,4,0.3333333333333333,0.4444444444444444,0.3387670883897664,0.08333333333333333,0.6131249999999998,0.5297916666666664,100,has_bill_shape::all-purpose,cbm
46,Gadwall,30,0,1,30,0.0,0,,0.0,,,,,100,has_bill_shape::all-purpose,cbm
45,Northern Fulmar,30,7,0,23,0.23333333333333334,0,0.0,,0.0,0.0,0.0,0.0,100,has_bill_shape::all-purpose,cbm
44,Frigatebird,30,1,0,29,0.03333333333333333,0,0.0,,0.0,0.0,0.0,0.0,100,has_bill_shape::all-purpose,cbm
88,Western Meadowlark,30,13,15,17,0.43333333333333335,7,0.5384615384615384,0.4666666666666667,0.5391459775174945,0.26954545454545453,0.80275974025974,0.5332142857142854,100,has_bill_shape::all-purpose,cbm
42,Vermilion Flycatcher,30,24,11,6,0.8,10,0.4166666666666667,0.9090909090909091,0.42933672172894766,0.2608695652173913,0.6086956521739131,0.3478260869565218,100,has_bill_shape::all-purpose,cbm
41,Scissor tailed Flycatcher,30,20,5,10,0.6666666666666666,3,0.15,0.6,0.15198675583625781,0.0,0.3661483253588516,0.3661483253588516,100,has_bill_shape::all-purpose,cbm
27,Shiny Cowbird,30,17,18,13,0.5666666666666667,12,0.7058823529411765,0.6666666666666666,0.6855237051184857,0.455,0.878860294117647,0.423860294117647,100,has_bill_shape::all-purpose,cbm
40,Olive sided Flycatcher,30,24,15,6,0.8,12,0.5,0.8,0.514606232704114,0.33942307692307694,0.7160774410774409,0.37665436415436393,100,has_bill_shape::all-purpose,cbm
38,Great Crested Flycatcher,30,26,26,4,0.8666666666666667,23,0.8846153846153846,0.8846153846153846,0.8850460720328036,0.735505698005698,1.0,0.264494301994302,100,has_bill_shape::all-purpose,cbm
36,Northern Flicker,30,10,4,20,0.3333333333333333,0,0.0,0.0,0.0,0.0,0.0,0.0,100,has_bill_shape::all-purpose,cbm
29,American Crow,30,11,11,19,0.36666666666666664,5,0.45454545454545453,0.45454545454545453,0.46582649213531563,0.21055555555555555,0.7932142857142856,0.58265873015873,100,has_bill_shape::all-purpose,cbm
35,Purple Finch,30,2,0,28,0.06666666666666667,0,0.0,,0.0,0.0,0.0,0.0,100,has_bill_shape::all-purpose,cbm
30,Fish Crow,30,14,8,16,0.4666666666666667,1,0.07142857142857142,0.125,0.07037719143601497,0.0,0.20749999999999988,0.20749999999999988,100,has_bill_shape::all-purpose,cbm
21,Eastern Towhee,30,4,1,26,0.13333333333333333,0,0.0,0.0,0.0,0.0,0.0,0.0,100,has_bill_shape::all-purpose,cbm
62,Herring Gull,30,6,1,24,0.2,0,0.0,0.0,0.0,0.0,0.0,0.0,100,has_bill_shape::all-purpose,cbm
64,Ring billed Gull,30,3,4,27,0.1,0,0.0,0.0,0.0,0.0,0.0,0.0,100,has_bill_shape::all-purpose,cbm
73,Blue Jay,30,15,20,15,0.5,11,0.7333333333333333,0.55,0.7211943708596183,0.42986111111111114,0.9230769230769231,0.493215811965812,100,has_bill_shape::all-purpose,cbm
87,Mallard,30,0,0,30,0.0,0,,,,,,,100,has_bill_shape::all-purpose,cbm
86,Pacific Loon,30,5,0,25,0.16666666666666666,0,0.0,,0.0,0.0,0.0,0.0,100,has_bill_shape::all-purpose,cbm
85,Horned Lark,30,15,7,15,0.5,3,0.2,0.42857142857142855,0.206341797392494,0.0,0.4087499999999999,0.4087499999999999,100,has_bill_shape::all-purpose,cbm
4,Groove billed Ani,30,4,5,26,0.13333333333333333,0,0.0,0.0,0.0,0.0,0.0,0.0,100,has_bill_shape::all-purpose,cbm
83,White breasted Kingfisher,30,1,2,29,0.03333333333333333,0,0.0,0.0,0.0,0.0,0.0,0.0,100,has_bill_shape::all-purpose,cbm
82,Ringed Kingfisher,30,7,0,23,0.23333333333333334,0,0.0,,0.0,0.0,0.0,0.0,100,has_bill_shape::all-purpose,cbm
81,Pied Kingfisher,30,1,1,29,0.03333333333333333,0,0.0,0.0,0.0,0.0,0.0,0.0,100,has_bill_shape::all-purpose,cbm
80,Green Kingfisher,30,3,1,27,0.1,0,0.0,0.0,0.0,0.0,0.0,0.0,100,has_bill_shape::all-purpose,cbm
79,Belted Kingfisher,30,5,1,25,0.16666666666666666,1,0.2,1.0,0.19522835497835495,0.0,0.6666666666666666,0.6666666666666666,100,has_bill_shape::all-purpose,cbm
10,Red winged Blackbird,30,15,5,15,0.5,1,0.06666666666666667,0.2,0.06778220014008815,0.0,0.1940624999999999,0.1940624999999999,100,has_bill_shape::all-purpose,cbm
77,Tropical Kingbird,30,22,23,8,0.7333333333333333,16,0.7272727272727273,0.6956521739130435,0.7237374303842808,0.5,0.914945652173913,0.414945652173913,100,has_bill_shape::all-purpose,cbm
11,Rusty Blackbird,30,16,16,14,0.5333333333333333,8,0.5,0.5,0.49990593767257857,0.2709558823529412,0.7737179487179486,0.5027620663650074,100,has_bill_shape::all-purpose,cbm
74,Florida Jay,30,20,9,10,0.6666666666666666,3,0.15,0.3333333333333333,0.1535710332756638,0.0,0.3170454545454545,0.3170454545454545,100,has_bill_shape::all-purpose,cbm
76,Dark eyed Junco,30,1,4,29,0.03333333333333333,0,0.0,0.0,0.0,0.0,0.0,0.0,100,has_bill_shape::all-purpose,cbm
72,Pomarine Jaeger,30,7,4,23,0.23333333333333334,1,0.14285714285714285,0.25,0.14237950937950936,0.0,0.4,0.4,100,has_bill_shape::all-purpose,cbm
14,Indigo Bunting,30,5,4,25,0.16666666666666666,0,0.0,0.0,0.0,0.0,0.0,0.0,100,has_bill_shape::all-purpose,cbm
66,Western Gull,30,2,0,28,0.06666666666666667,0,0.0,,0.0,0.0,0.0,0.0,100,has_bill_shape::all-purpose,cbm
71,Long tailed Jaeger,30,14,1,16,0.4666666666666667,1,0.07142857142857142,1.0,0.07336789882803814,0.0,0.2262499999999996,0.2262499999999996,100,has_bill_shape::all-purpose,cbm
67,Anna Hummingbird,30,3,4,27,0.1,0,0.0,0.0,0.0,0.0,0.0,0.0,100,has_bill_shape::all-purpose,cbm
68,Ruby throated Hummingbird,30,2,4,28,0.06666666666666667,1,0.5,0.25,0.4475655430711611,0.0,1.0,1.0,100,has_bill_shape::all-purpose,cbm
31,Black billed Cuckoo,30,22,18,8,0.7333333333333333,14,0.6363636363636364,0.7777777777777778,0.6169880608931557,0.4521590909090909,0.7819047619047615,0.32974567099567065,100,has_bill_shape::all-purpose,cbm
69,Rufous Hummingbird,30,1,3,29,0.03333333333333333,0,0.0,0.0,0.0,0.0,0.0,0.0,100,has_bill_shape::all-purpose,cbm
13,Bobolink,30,6,4,24,0.2,1,0.16666666666666666,0.25,0.14778921975891673,0.0,0.4749999999999998,0.4749999999999998,100,has_bill_shape::all-purpose,cbm
70,Green Violetear,30,1,1,29,0.03333333333333333,0,0.0,0.0,0.0,0.0,0.0,0.0,100,has_bill_shape::all-purpose,cbm
181,Worm eating Warbler,29,19,29,10,0.6551724137931034,19,1.0,0.6551724137931034,1.0,1.0,1.0,0.0,100,has_bill_shape::all-purpose,cbm
20,Yellow breasted Chat,29,17,20,12,0.5862068965517241,15,0.8823529411764706,0.75,0.8776750256966978,0.7117948717948718,1.0,0.2882051282051282,100,has_bill_shape::all-purpose,cbm
169,Magnolia Warbler,29,21,28,8,0.7241379310344828,20,0.9523809523809523,0.7142857142857143,0.9487863046168471,0.8125,1.0,0.1875,100,has_bill_shape::all-purpose,cbm
168,Kentucky Warbler,29,22,28,7,0.7586206896551724,21,0.9545454545454546,0.75,0.9583859698021225,0.8533928571428571,1.0,0.14660714285714294,100,has_bill_shape::all-purpose,cbm
28,Brown Creeper,29,11,6,18,0.3793103448275862,1,0.09090909090909091,0.16666666666666666,0.09864731918408388,0.0,0.2727272727272727,0.2727272727272727,100,has_bill_shape::all-purpose,cbm
9,Brewer Blackbird,29,20,14,9,0.6896551724137931,11,0.55,0.7857142857142857,0.5385030470423222,0.3157894736842105,0.7499999999999998,0.43421052631578927,100,has_bill_shape::all-purpose,cbm
166,Golden winged Warbler,29,18,23,11,0.6206896551724138,15,0.8333333333333334,0.6521739130434783,0.8530920822211843,0.6875,1.0,0.3125,100,has_bill_shape::all-purpose,cbm
23,Brandt Cormorant,29,0,1,29,0.0,0,,0.0,,,,,100,has_bill_shape::all-purpose,cbm
190,Red cockaded Woodpecker,29,12,10,17,0.41379310344827586,5,0.4166666666666667,0.5,0.40700217562794955,0.09522727272727273,0.6963461538461537,0.601118881118881,100,has_bill_shape::all-purpose,cbm
33,Yellow billed Cuckoo,29,12,15,17,0.41379310344827586,7,0.5833333333333334,0.4666666666666667,0.5785030435251024,0.2925,0.8822916666666665,0.5897916666666665,100,has_bill_shape::all-purpose,cbm
179,Tennessee Warbler,29,22,24,7,0.7586206896551724,19,0.8636363636363636,0.7916666666666666,0.8692331571314275,0.7204545454545455,1.0,0.27954545454545454,100,has_bill_shape::all-purpose,cbm
19,Gray Catbird,29,28,23,1,0.9655172413793104,22,0.7857142857142857,0.9565217391304348,0.7872256466394397,0.6487068965517242,0.9119731800766281,0.2632662835249039,100,has_bill_shape::all-purpose,cbm
43,Yellow bellied Flycatcher,29,20,26,9,0.6896551724137931,17,0.85,0.6538461538461539,0.8456619058048187,0.6678125,0.9784090909090906,0.31059659090909053,100,has_bill_shape::all-purpose,cbm
117,Clay colored Sparrow,29,6,2,23,0.20689655172413793,0,0.0,0.0,0.0,0.0,0.0,0.0,100,has_bill_shape::all-purpose,cbm
141,Artic Tern,29,9,0,20,0.3103448275862069,0,0.0,,0.0,0.0,0.0,0.0,100,has_bill_shape::all-purpose,cbm
160,Black throated Blue Warbler,29,25,16,4,0.8620689655172413,14,0.56,0.875,0.5658809229778495,0.38101851851851853,0.76,0.3789814814814815,100,has_bill_shape::all-purpose,cbm
119,Field Sparrow,29,4,2,25,0.13793103448275862,1,0.25,0.5,0.24111192095885972,0.0,1.0,1.0,100,has_bill_shape::all-purpose,cbm
124,Le Conte Sparrow,29,6,5,23,0.20689655172413793,1,0.16666666666666666,0.2,0.16888311688311688,0.0,0.7104166666666659,0.7104166666666659,100,has_bill_shape::all-purpose,cbm
125,Lincoln Sparrow,29,3,4,26,0.10344827586206896,0,0.0,0.0,0.0,0.0,0.0,0.0,100,has_bill_shape::all-purpose,cbm
115,Brewer Sparrow,29,3,0,26,0.10344827586206896,0,0.0,,0.0,0.0,0.0,0.0,100,has_bill_shape::all-purpose,cbm
60,Glaucous winged Gull,29,4,1,25,0.13793103448275862,0,0.0,0.0,0.0,0.0,0.0,0.0,100,has_bill_shape::all-purpose,cbm
78,Gray Kingbird,29,21,12,8,0.7241379310344828,7,0.3333333333333333,0.5833333333333334,0.306807740019885,0.10526315789473684,0.5104999999999998,0.405236842105263,100,has_bill_shape::all-purpose,cbm
97,Orchard Oriole,29,20,17,9,0.6896551724137931,10,0.5,0.5882352941176471,0.5060790053308293,0.3253787878787879,0.6904999999999998,0.3651212121212119,100,has_bill_shape::all-purpose,cbm
149,Brown Thrasher,29,19,14,10,0.6551724137931034,11,0.5789473684210527,0.7857142857142857,0.5799412593079137,0.3715460526315789,0.7894444444444443,0.41789839181286537,100,has_bill_shape::all-purpose,cbm
39,Least Flycatcher,29,22,23,7,0.7586206896551724,18,0.8181818181818182,0.782608695652174,0.8289451618340145,0.6510326086956522,0.980208333333333,0.32917572463768086,100,has_bill_shape::all-purpose,cbm
153,Philadelphia Vireo,29,18,29,11,0.6206896551724138,18,1.0,0.6206896551724138,1.0,1.0,1.0,0.0,100,has_bill_shape::all-purpose,cbm
37,Acadian Flycatcher,29,23,26,6,0.7931034482758621,21,0.9130434782608695,0.8076923076923077,0.9163851786826614,0.8,1.0,0.19999999999999996,100,has_bill_shape::all-purpose,cbm
157,Yellow throated Vireo,29,21,25,8,0.7241379310344828,18,0.8571428571428571,0.72,0.8554823122357817,0.7180555555555556,0.9555830039525692,0.23752744839701367,100,has_bill_shape::all-purpose,cbm
34,Gray crowned Rosy Finch,29,4,3,25,0.13793103448275862,0,0.0,0.0,0.0,0.0,0.0,0.0,100,has_bill_shape::all-purpose,cbm
3,Sooty Albatross,28,2,2,26,0.07142857142857142,0,0.0,0.0,0.0,0.0,0.0,0.0,100,has_bill_shape::all-purpose,cbm
15,Lazuli Bunting,28,7,5,21,0.25,0,0.0,0.0,0.0,0.0,0.0,0.0,100,has_bill_shape::all-purpose,cbm
16,Painted Bunting,28,7,1,21,0.25,0,0.0,0.0,0.0,0.0,0.0,0.0,100,has_bill_shape::all-purpose,cbm
58,Pigeon Guillemot,28,11,0,17,0.39285714285714285,0,0.0,,0.0,0.0,0.0,0.0,100,has_bill_shape::all-purpose,cbm
17,Cardinal,27,0,0,27,0.0,0,,,,,,,100,has_bill_shape::all-purpose,cbm
75,Green Jay,27,13,18,14,0.48148148148148145,9,0.6923076923076923,0.5,0.7119299654593774,0.4578671328671329,0.9130681818181817,0.45520104895104885,100,has_bill_shape::all-purpose,cbm
178,Swainson Warbler,26,17,13,9,0.6538461538461539,7,0.4117647058823529,0.5384615384615384,0.39270815671593035,0.15576923076923077,0.613502673796791,0.45773344302756025,100,has_bill_shape::all-purpose,cbm
12,Yellow headed Blackbird,26,10,17,16,0.38461538461538464,8,0.8,0.47058823529411764,0.8053326395826397,0.5630952380952381,1.0,0.4369047619047619,100,has_bill_shape::all-purpose,cbm
22,Chuck will Widow,26,5,4,21,0.19230769230769232,1,0.2,0.25,0.2208769841269841,0.0,0.7104166666666659,0.7104166666666659,100,has_bill_shape::all-purpose,cbm
7,Parakeet Auklet,23,1,0,22,0.043478260869565216,0,0.0,,0.0,0.0,0.0,0.0,100,has_bill_shape::all-purpose,cbm
84,Red legged Kittiwake,23,11,0,12,0.4782608695652174,0,0.0,,0.0,0.0,0.0,0.0,100,has_bill_shape::all-purpose,cbm
32,Mangrove Cuckoo,23,9,14,14,0.391304347826087,6,0.6666666666666666,0.42857142857142855,0.6844974747474747,0.4361111111111111,0.8947222222222221,0.45861111111111097,100,has_bill_shape::all-purpose,cbm
24,Red faced Cormorant,22,1,3,21,0.045454545454545456,1,1.0,0.3333333333333333,1.0,1.0,1.0,0.0,100,has_bill_shape::all-purpose,cbm
151,Black capped Vireo,21,15,16,6,0.7142857142857143,12,0.8,0.75,0.7984465055498339,0.5294117647058824,0.9411764705882353,0.4117647058823529,100,has_bill_shape::all-purpose,cbm
113,Baird Sparrow,20,5,1,15,0.25,1,0.2,1.0,0.21577380952380953,0.0,0.6666666666666666,0.6666666666666666,100,has_bill_shape::all-purpose,cbm
187,American Three toed Woodpecker,20,10,6,10,0.5,2,0.2,0.3333333333333333,0.1975890775890776,0.0,0.4784090909090905,0.4784090909090905,100,has_bill_shape::all-purpose,cbm
65,Slaty backed Gull,20,1,0,19,0.05,0,0.0,,0.0,0.0,0.0,0.0,100,has_bill_shape::all-purpose,cbm
101,White Pelican,20,0,0,20,0.0,0,,,,,,,100,has_bill_shape::all-purpose,cbm
105,Whip poor Will,19,7,3,12,0.3684210526315789,1,0.14285714285714285,0.3333333333333333,0.15791183816183815,0.0,0.5,0.5,100,has_bill_shape::all-purpose,cbm
8,Rhinoceros Auklet,18,5,0,13,0.2777777777777778,0,0.0,,0.0,0.0,0.0,0.0,100,has_bill_shape::all-purpose,cbm
18,Spotted Catbird,15,6,5,9,0.4,3,0.5,0.6,0.5029701779701781,0.0,1.0,1.0,100,has_bill_shape::all-purpose,cbm
5,Crested Auklet,14,0,0,14,0.0,0,,,,,,,100,has_bill_shape::all-purpose,cbm
6,Least Auklet,11,2,0,9,0.18181818181818182,0,0.0,,0.0,0.0,0.0,0.0,100,has_bill_shape::all-purpose,cbm
1,Black footed Albatross,30,17,12,13,0.5666666666666667,7,0.4117647058823529,0.5833333333333334,0.41054098031199593,0.1817095588235294,0.6184027777777776,0.43669321895424823,100,has_breast_pattern::solid,cbm
143,Caspian Tern,30,27,30,3,0.9,27,1.0,0.9,1.0,1.0,1.0,0.0,100,has_breast_pattern::solid,cbm
120,Fox Sparrow,30,2,1,28,0.06666666666666667,1,0.5,1.0,0.4881823461091753,0.0,1.0,1.0,100,has_breast_pattern::solid,cbm
121,Grasshopper Sparrow,30,15,5,15,0.5,2,0.13333333333333333,0.4,0.12646273566474803,0.0,0.3012443438914026,0.3012443438914026,100,has_breast_pattern::solid,cbm
122,Harris Sparrow,30,7,3,23,0.23333333333333334,1,0.14285714285714285,0.3333333333333333,0.1375525308025308,0.0,0.42857142857142855,0.42857142857142855,100,has_breast_pattern::solid,cbm
123,Henslow Sparrow,30,6,0,24,0.2,0,0.0,,0.0,0.0,0.0,0.0,100,has_breast_pattern::solid,cbm
126,Nelson Sharp tailed Sparrow,30,5,1,25,0.16666666666666666,0,0.0,0.0,0.0,0.0,0.0,0.0,100,has_breast_pattern::solid,cbm
127,Savannah Sparrow,30,0,1,30,0.0,0,,0.0,,,,,100,has_breast_pattern::solid,cbm
128,Seaside Sparrow,30,6,1,24,0.2,1,0.16666666666666666,1.0,0.1700573593073593,0.0,0.5,0.5,100,has_breast_pattern::solid,cbm
129,Song Sparrow,30,3,2,27,0.1,1,0.3333333333333333,0.5,0.3078696741854636,0.0,1.0,1.0,100,has_breast_pattern::solid,cbm
130,Tree Sparrow,30,17,11,13,0.5666666666666667,7,0.4117647058823529,0.6363636363636364,0.4121712285822193,0.16666666666666666,0.6375,0.4708333333333333,100,has_breast_pattern::solid,cbm
131,Vesper Sparrow,30,3,2,27,0.1,0,0.0,0.0,0.0,0.0,0.0,0.0,100,has_breast_pattern::solid,cbm
132,White crowned Sparrow,30,22,24,8,0.7333333333333333,19,0.8636363636363636,0.7916666666666666,0.8523536860807488,0.7016757246376811,0.9622863247863248,0.2606106001486437,100,has_breast_pattern::solid,cbm
133,White throated Sparrow,30,11,6,19,0.36666666666666664,2,0.18181818181818182,0.3333333333333333,0.16596675546675546,0.0,0.39269230769230756,0.39269230769230756,100,has_breast_pattern::solid,cbm
134,Cape Glossy Starling,30,18,23,12,0.6,15,0.8333333333333334,0.6521739130434783,0.8278596056020675,0.6563725490196078,1.0,0.34362745098039216,100,has_breast_pattern::solid,cbm
135,Bank Swallow,30,18,16,12,0.6,10,0.5555555555555556,0.625,0.5472790446455477,0.35,0.7645833333333331,0.4145833333333331,100,has_breast_pattern::solid,cbm
136,Barn Swallow,30,15,21,15,0.5,10,0.6666666666666666,0.47619047619047616,0.6792024228781195,0.42857142857142855,0.9087499999999998,0.4801785714285713,100,has_breast_pattern::solid,cbm
137,Cliff Swallow,30,11,7,19,0.36666666666666664,3,0.2727272727272727,0.42857142857142855,0.2571017316017316,0.0,0.5437499999999993,0.5437499999999993,100,has_breast_pattern::solid,cbm
138,Tree Swallow,30,26,25,4,0.8666666666666667,23,0.8846153846153846,0.92,0.8921798686959106,0.7732905982905983,0.983035714285714,0.2097451159951157,100,has_breast_pattern::solid,cbm
139,Scarlet Tanager,30,26,30,4,0.8666666666666667,26,1.0,0.8666666666666667,1.0,1.0,1.0,0.0,100,has_breast_pattern::solid,cbm
140,Summer Tanager,30,28,30,2,0.9333333333333333,28,1.0,0.9333333333333333,1.0,1.0,1.0,0.0,100,has_breast_pattern::solid,cbm
118,House Sparrow,30,15,13,15,0.5,6,0.4,0.46153846153846156,0.40166811284690546,0.14215686274509803,0.6131249999999998,0.4709681372549018,100,has_breast_pattern::solid,cbm
116,Chipping Sparrow,30,24,21,6,0.8,18,0.75,0.8571428571428571,0.7491678233496312,0.5774209486166008,0.8947222222222221,0.3173012736056213,100,has_breast_pattern::solid,cbm
114,Black throated Sparrow,30,11,11,19,0.36666666666666664,3,0.2727272727272727,0.2727272727272727,0.2809416441401735,0.0,0.5920833333333332,0.5920833333333332,100,has_breast_pattern::solid,cbm
2,Laysan Albatross,30,26,27,4,0.8666666666666667,23,0.8846153846153846,0.8518518518518519,0.8758776879431303,0.7347408026755853,0.9636574074074074,0.22891660473182207,100,has_breast_pattern::solid,cbm
92,Nighthawk,30,2,1,28,0.06666666666666667,0,0.0,0.0,0.0,0.0,0.0,0.0,100,has_breast_pattern::solid,cbm
93,Clark Nutcracker,30,24,29,6,0.8,23,0.9583333333333334,0.7931034482758621,0.9513810931461961,0.8543650793650793,1.0,0.14563492063492067,100,has_breast_pattern::solid,cbm
94,White breasted Nuthatch,30,22,24,8,0.7333333333333333,18,0.8181818181818182,0.75,0.812523238782052,0.6510326086956522,0.9565217391304348,0.30548913043478265,100,has_breast_pattern::solid,cbm
95,Baltimore Oriole,30,23,24,7,0.7666666666666667,17,0.7391304347826086,0.7083333333333334,0.7450190986824855,0.5846291866028709,0.895272727272727,0.3106435406698561,100,has_breast_pattern::solid,cbm
96,Hooded Oriole,30,16,20,14,0.5333333333333333,10,0.625,0.5,0.6433649068210922,0.41409313725490193,0.866517857142857,0.4524247198879551,100,has_breast_pattern::solid,cbm
98,Scott Oriole,30,13,12,17,0.43333333333333335,5,0.38461538461538464,0.4166666666666667,0.3942899023920697,0.1825,0.6553571428571426,0.47285714285714264,100,has_breast_pattern::solid,cbm
99,Ovenbird,30,2,0,28,0.06666666666666667,0,0.0,,0.0,0.0,0.0,0.0,100,has_breast_pattern::solid,cbm
100,Brown Pelican,30,11,15,19,0.36666666666666664,5,0.45454545454545453,0.3333333333333333,0.4548705322455323,0.11160714285714285,0.7272727272727273,0.6156655844155845,100,has_breast_pattern::solid,cbm
102,Western Wood Pewee,30,16,21,14,0.5333333333333333,10,0.625,0.47619047619047616,0.6150352591538821,0.3333333333333333,0.8400641025641025,0.5067307692307692,100,has_breast_pattern::solid,cbm
112,Great Grey Shrike,30,22,26,8,0.7333333333333333,18,0.8181818181818182,0.6923076923076923,0.8297028651940381,0.688389328063241,0.9627083333333333,0.27431900527009223,100,has_breast_pattern::solid,cbm
103,Sayornis,30,19,15,11,0.6333333333333333,8,0.42105263157894735,0.5333333333333333,0.43278926949047425,0.18593073593073592,0.656085526315789,0.47015479038505303,100,has_breast_pattern::solid,cbm
104,American Pipit,30,9,3,21,0.3,2,0.2222222222222222,0.6666666666666666,0.22248673548673548,0.0,0.5,0.5,100,has_breast_pattern::solid,cbm
106,Horned Puffin,30,17,18,13,0.5666666666666667,10,0.5882352941176471,0.5555555555555556,0.5752740801659565,0.3181159420289855,0.7692307692307693,0.45111482720178375,100,has_breast_pattern::solid,cbm
107,Common Raven,30,22,27,8,0.7333333333333333,22,1.0,0.8148148148148148,1.0,1.0,1.0,0.0,100,has_breast_pattern::solid,cbm
108,White necked Raven,30,20,25,10,0.6666666666666666,16,0.8,0.64,0.8064312958557472,0.627199074074074,0.9545454545454546,0.32734638047138054,100,has_breast_pattern::solid,cbm
109,American Redstart,30,10,13,20,0.3333333333333333,6,0.6,0.46153846153846156,0.6014212592962592,0.2895833333333333,0.9087499999999998,0.6191666666666665,100,has_breast_pattern::solid,cbm
110,Geococcyx,30,10,1,20,0.3333333333333333,1,0.1,1.0,0.09379534354534354,0.0,0.3040384615384615,0.3040384615384615,100,has_breast_pattern::solid,cbm
111,Loggerhead Shrike,30,23,23,7,0.7666666666666667,20,0.8695652173913043,0.8695652173913043,0.8696935505551266,0.7142857142857143,0.981730769230769,0.26744505494505466,100,has_breast_pattern::solid,cbm
142,Black Tern,30,22,23,8,0.7333333333333333,18,0.8181818181818182,0.782608695652174,0.8233035052708962,0.6653913043478261,0.9545454545454546,0.28915415019762847,100,has_breast_pattern::solid,cbm
144,Common Tern,30,24,29,6,0.8,23,0.9583333333333334,0.7931034482758621,0.9560749222724051,0.8602272727272727,1.0,0.13977272727272727,100,has_breast_pattern::solid,cbm
90,Red breasted Merganser,30,6,1,24,0.2,1,0.16666666666666666,1.0,0.16000901875901874,0.0,0.5,0.5,100,has_breast_pattern::solid,cbm
145,Elegant Tern,30,27,28,3,0.9,26,0.9629629629629629,0.9285714285714286,0.959808741766313,0.8572742474916388,1.0,0.14272575250836117,100,has_breast_pattern::solid,cbm
176,Prairie Warbler,30,14,1,16,0.4666666666666667,1,0.07142857142857142,1.0,0.06343907150640897,0.0,0.22531512605041998,0.22531512605041998,100,has_breast_pattern::solid,cbm
177,Prothonotary Warbler,30,30,30,0,1.0,30,1.0,1.0,1.0,1.0,1.0,0.0,100,has_breast_pattern::solid,cbm
180,Wilson Warbler,30,26,30,4,0.8666666666666667,26,1.0,0.8666666666666667,1.0,1.0,1.0,0.0,100,has_breast_pattern::solid,cbm
182,Yellow Warbler,30,11,15,19,0.36666666666666664,8,0.7272727272727273,0.5333333333333333,0.7372227874894284,0.5,1.0,0.5,100,has_breast_pattern::solid,cbm
183,Northern Waterthrush,30,0,0,30,0.0,0,,,,,,,100,has_breast_pattern::solid,cbm
184,Louisiana Waterthrush,30,0,1,30,0.0,0,,0.0,,,,,100,has_breast_pattern::solid,cbm
185,Bohemian Waxwing,30,27,24,3,0.9,22,0.8148148148148148,0.9166666666666666,0.8099785633240657,0.6227370689655173,0.9273148148148148,0.30457774584929753,100,has_breast_pattern::solid,cbm
186,Cedar Waxwing,30,28,30,2,0.9333333333333333,28,1.0,0.9333333333333333,1.0,1.0,1.0,0.0,100,has_breast_pattern::solid,cbm
188,Pileated Woodpecker,30,20,17,10,0.6666666666666666,10,0.5,0.5882352941176471,0.512883265478931,0.2925,0.7333333333333333,0.4408333333333333,100,has_breast_pattern::solid,cbm
189,Red bellied Woodpecker,30,24,21,6,0.8,16,0.6666666666666666,0.7619047619047619,0.6770347930513597,0.5,0.84,0.33999999999999997,100,has_breast_pattern::solid,cbm
191,Red headed Woodpecker,30,18,22,12,0.6,12,0.6666666666666666,0.5454545454545454,0.673172151630171,0.4671875,0.8823529411764706,0.4151654411764706,100,has_breast_pattern::solid,cbm
192,Downy Woodpecker,30,27,13,3,0.9,11,0.4074074074074074,0.8461538461538461,0.4036332282271563,0.2126358695652174,0.5762368815592201,0.36360101199400274,100,has_breast_pattern::solid,cbm
193,Bewick Wren,30,24,25,6,0.8,21,0.875,0.84,0.8895750522523701,0.7643846153846154,1.0,0.23561538461538456,100,has_breast_pattern::solid,cbm
194,Cactus Wren,30,1,1,29,0.03333333333333333,0,0.0,0.0,0.0,0.0,0.0,0.0,100,has_breast_pattern::solid,cbm
195,Carolina Wren,30,21,22,9,0.7,15,0.7142857142857143,0.6818181818181818,0.7171399775121308,0.5239130434782608,0.8881249999999998,0.364211956521739,100,has_breast_pattern::solid,cbm
196,House Wren,30,19,17,11,0.6333333333333333,11,0.5789473684210527,0.6470588235294118,0.5897523021583393,0.3847222222222222,0.837938596491228,0.45321637426900585,100,has_breast_pattern::solid,cbm
197,Marsh Wren,30,24,19,6,0.8,14,0.5833333333333334,0.7368421052631579,0.5626439247759614,0.3903935185185185,0.7144583333333332,0.3240648148148147,100,has_breast_pattern::solid,cbm
198,Rock Wren,30,19,17,11,0.6333333333333333,13,0.6842105263157895,0.7647058823529411,0.6854454961081157,0.43875,0.8888544891640866,0.45010448916408663,100,has_breast_pattern::solid,cbm
199,Winter Wren,30,15,14,15,0.5,9,0.6,0.6428571428571429,0.592465533520487,0.375,0.8154829545454545,0.4404829545454545,100,has_breast_pattern::solid,cbm
175,Pine Warbler,30,20,22,10,0.6666666666666666,14,0.7,0.6363636363636364,0.6943110336291786,0.5,0.8823529411764706,0.38235294117647056,100,has_breast_pattern::solid,cbm
174,Palm Warbler,30,11,4,19,0.36666666666666664,2,0.18181818181818182,0.5,0.19162320866268232,0.0,0.42857142857142855,0.42857142857142855,100,has_breast_pattern::solid,cbm
173,Orange crowned Warbler,30,18,20,12,0.6,11,0.6111111111111112,0.55,0.5978064053343196,0.35,0.7815191387559807,0.4315191387559807,100,has_breast_pattern::solid,cbm
158,Bay breasted Warbler,30,13,9,17,0.43333333333333335,6,0.46153846153846156,0.6666666666666666,0.45099376930259283,0.1588235294117647,0.7143181818181816,0.5554946524064169,100,has_breast_pattern::solid,cbm
146,Forsters Tern,30,28,29,2,0.9333333333333333,27,0.9642857142857143,0.9310344827586207,0.9638264470939134,0.8928571428571429,1.0,0.1071428571428571,100,has_breast_pattern::solid,cbm
147,Least Tern,30,26,28,4,0.8666666666666667,24,0.9230769230769231,0.8571428571428571,0.9267452418479405,0.795625,1.0,0.20437499999999997,100,has_breast_pattern::solid,cbm
148,Green tailed Towhee,30,24,20,6,0.8,15,0.625,0.75,0.6183684228748971,0.4441699604743083,0.8182194616977224,0.3740495012234141,100,has_breast_pattern::solid,cbm
150,Sage Thrasher,30,1,3,29,0.03333333333333333,0,0.0,0.0,0.0,0.0,0.0,0.0,100,has_breast_pattern::solid,cbm
152,Blue headed Vireo,30,18,14,12,0.6,10,0.5555555555555556,0.7142857142857143,0.5285321992977633,0.3020652173913044,0.7562499999999999,0.4541847826086955,100,has_breast_pattern::solid,cbm
154,Red eyed Vireo,30,24,27,6,0.8,21,0.875,0.7777777777777778,0.88311785221728,0.75475,0.9615384615384616,0.20678846153846153,100,has_breast_pattern::solid,cbm
155,Warbling Vireo,30,27,24,3,0.9,22,0.8148148148148148,0.9166666666666666,0.8095735031141328,0.6538461538461539,0.9481410256410254,0.29429487179487157,100,has_breast_pattern::solid,cbm
156,White eyed Vireo,30,19,14,11,0.6333333333333333,10,0.5263157894736842,0.7142857142857143,0.533804880910134,0.3271390374331551,0.721103896103896,0.39396485867074094,100,has_breast_pattern::solid,cbm
159,Black and white Warbler,30,6,1,24,0.2,1,0.16666666666666666,1.0,0.17005591630591627,0.0,0.5,0.5,100,has_breast_pattern::solid,cbm
172,Nashville Warbler,30,21,27,9,0.7,20,0.9523809523809523,0.7407407407407407,0.9538341630812016,0.8551487414187643,1.0,0.1448512585812357,100,has_breast_pattern::solid,cbm
161,Blue winged Warbler,30,25,29,5,0.8333333333333334,24,0.96,0.8275862068965517,0.9585652808669656,0.8721467391304347,1.0,0.12785326086956528,100,has_breast_pattern::solid,cbm
162,Canada Warbler,30,11,10,19,0.36666666666666664,5,0.45454545454545453,0.5,0.4364972249972251,0.15416666666666667,0.75,0.5958333333333333,100,has_breast_pattern::solid,cbm
163,Cape May Warbler,30,1,0,29,0.03333333333333333,0,0.0,,0.0,0.0,0.0,0.0,100,has_breast_pattern::solid,cbm
164,Cerulean Warbler,30,8,7,22,0.26666666666666666,5,0.625,0.7142857142857143,0.5968305305805306,0.25,0.9524999999999991,0.7024999999999991,100,has_breast_pattern::solid,cbm
165,Chestnut sided Warbler,30,17,10,13,0.5666666666666667,6,0.35294117647058826,0.6,0.3455169009080538,0.12895833333333334,0.5760110294117645,0.4470526960784312,100,has_breast_pattern::solid,cbm
167,Hooded Warbler,30,15,17,15,0.5,11,0.7333333333333333,0.6470588235294118,0.712348201806793,0.4361111111111111,0.9284615384615384,0.49235042735042733,100,has_breast_pattern::solid,cbm
170,Mourning Warbler,30,12,18,18,0.4,9,0.75,0.5,0.7328068549097959,0.44559659090909093,0.9634615384615378,0.5178649475524468,100,has_breast_pattern::solid,cbm
171,Myrtle Warbler,30,6,0,24,0.2,0,0.0,,0.0,0.0,0.0,0.0,100,has_breast_pattern::solid,cbm
91,Mockingbird,30,24,23,6,0.8,20,0.8333333333333334,0.8695652173913043,0.84189118106732,0.7114444444444444,0.9655172413793104,0.25407279693486595,100,has_breast_pattern::solid,cbm
200,Common Yellowthroat,30,25,22,5,0.8333333333333334,18,0.72,0.8181818181818182,0.7304363292102424,0.5710833333333334,0.877625,0.3065416666666666,100,has_breast_pattern::solid,cbm
89,Hooded Merganser,30,7,2,23,0.23333333333333334,1,0.14285714285714285,0.5,0.1148718781218781,0.0,0.3333333333333333,0.3333333333333333,100,has_breast_pattern::solid,cbm
26,Bronzed Cowbird,30,25,27,5,0.8333333333333334,22,0.88,0.8148148148148148,0.8794474914779262,0.717,1.0,0.28300000000000003,100,has_breast_pattern::solid,cbm
61,Heermann Gull,30,24,29,6,0.8,24,1.0,0.8275862068965517,1.0,1.0,1.0,0.0,100,has_breast_pattern::solid,cbm
59,California Gull,30,22,25,8,0.7333333333333333,20,0.9090909090909091,0.8,0.9014092474776686,0.7717391304347826,1.0,0.2282608695652174,100,has_breast_pattern::solid,cbm
25,Pelagic Cormorant,30,21,17,9,0.7,13,0.6190476190476191,0.7647058823529411,0.615510118405074,0.41617647058823526,0.8,0.3838235294117648,100,has_breast_pattern::solid,cbm
57,Rose breasted Grosbeak,30,5,14,25,0.16666666666666666,2,0.4,0.14285714285714285,0.4235409652076318,0.0,0.9099999999999995,0.9099999999999995,100,has_breast_pattern::solid,cbm
56,Pine Grosbeak,30,13,19,17,0.43333333333333335,9,0.6923076923076923,0.47368421052631576,0.7024736670278464,0.4708333333333333,0.966071428571428,0.4952380952380947,100,has_breast_pattern::solid,cbm
55,Evening Grosbeak,30,12,18,18,0.4,6,0.5,0.3333333333333333,0.5036691902868374,0.2221153846153846,0.7647058823529411,0.5425904977375565,100,has_breast_pattern::solid,cbm
54,Blue Grosbeak,30,20,13,10,0.6666666666666666,9,0.45,0.6923076923076923,0.4466755370099158,0.2130952380952381,0.625,0.4119047619047619,100,has_breast_pattern::solid,cbm
53,Western Grebe,30,14,11,16,0.4666666666666667,5,0.35714285714285715,0.45454545454545453,0.3627033958044019,0.14807692307692308,0.5864285714285712,0.4383516483516481,100,has_breast_pattern::solid,cbm
52,Pied billed Grebe,30,6,2,24,0.2,0,0.0,0.0,0.0,0.0,0.0,0.0,100,has_breast_pattern::solid,cbm
51,Horned Grebe,30,10,5,20,0.3333333333333333,2,0.2,0.4,0.20384888722388722,0.0,0.47361111111111065,0.47361111111111065,100,has_breast_pattern::solid,cbm
50,Eared Grebe,30,10,4,20,0.3333333333333333,0,0.0,0.0,0.0,0.0,0.0,0.0,100,has_breast_pattern::solid,cbm
49,Boat tailed Grackle,30,25,24,5,0.8333333333333334,21,0.84,0.875,0.8374354689957311,0.68,1.0,0.31999999999999995,100,has_breast_pattern::solid,cbm
48,European Goldfinch,30,9,8,21,0.3,4,0.4444444444444444,0.5,0.4348262570762571,0.11770833333333333,0.7894444444444443,0.671736111111111,100,has_breast_pattern::solid,cbm
47,American Goldfinch,30,25,26,5,0.8333333333333334,22,0.88,0.8461538461538461,0.8808420786666624,0.7111607142857144,0.9629629629629629,0.25180224867724854,100,has_breast_pattern::solid,cbm
63,Ivory Gull,30,27,28,3,0.9,26,0.9629629629629629,0.9285714285714286,0.9596512708847041,0.8642528735632183,1.0,0.13574712643678166,100,has_breast_pattern::solid,cbm
46,Gadwall,30,9,3,21,0.3,1,0.1111111111111111,0.3333333333333333,0.10995593295593295,0.0,0.25,0.25,100,has_breast_pattern::solid,cbm
45,Northern Fulmar,30,25,24,5,0.8333333333333334,20,0.8,0.8333333333333334,0.8002682568666825,0.64,0.9565340909090909,0.3165340909090909,100,has_breast_pattern::solid,cbm
44,Frigatebird,30,22,21,8,0.7333333333333333,14,0.6363636363636364,0.6666666666666666,0.6344640169243817,0.4315217391304348,0.837938596491228,0.40641685736079325,100,has_breast_pattern::solid,cbm
88,Western Meadowlark,30,4,2,26,0.13333333333333333,1,0.25,0.5,0.24611765668466698,0.0,0.6666666666666666,0.6666666666666666,100,has_breast_pattern::solid,cbm
42,Vermilion Flycatcher,30,26,28,4,0.8666666666666667,24,0.9230769230769231,0.8571428571428571,0.92552046424895,0.8394230769230769,1.0,0.16057692307692306,100,has_breast_pattern::solid,cbm
41,Scissor tailed Flycatcher,30,20,24,10,0.6666666666666666,19,0.95,0.7916666666666666,0.9488749595060268,0.8458552631578947,1.0,0.15414473684210528,100,has_breast_pattern::solid,cbm
27,Shiny Cowbird,30,21,27,9,0.7,20,0.9523809523809523,0.7407407407407407,0.948405299489924,0.8636363636363636,1.0,0.13636363636363635,100,has_breast_pattern::solid,cbm
40,Olive sided Flycatcher,30,10,13,20,0.3333333333333333,6,0.6,0.46153846153846156,0.6180205537926127,0.23541666666666666,0.8796428571428567,0.6442261904761901,100,has_breast_pattern::solid,cbm
38,Great Crested Flycatcher,30,11,24,19,0.36666666666666664,8,0.7272727272727273,0.3333333333333333,0.7464406900289252,0.5,1.0,0.5,100,has_breast_pattern::solid,cbm
36,Northern Flicker,30,6,1,24,0.2,1,0.16666666666666666,1.0,0.16319139194139193,0.0,0.5,0.5,100,has_breast_pattern::solid,cbm
29,American Crow,30,30,27,0,1.0,27,0.9,1.0,0.9036666666666668,0.7825000000000001,0.9841666666666664,0.20166666666666633,100,has_breast_pattern::solid,cbm
35,Purple Finch,30,10,8,20,0.3333333333333333,2,0.2,0.25,0.1859661000763942,0.0,0.41499999999999976,0.41499999999999976,100,has_breast_pattern::solid,cbm
30,Fish Crow,30,26,27,4,0.8666666666666667,23,0.8846153846153846,0.8518518518518519,0.8812754197742954,0.7451388888888889,1.0,0.2548611111111111,100,has_breast_pattern::solid,cbm
21,Eastern Towhee,30,15,7,15,0.5,2,0.13333333333333333,0.2857142857142857,0.13347585330905765,0.0,0.32115384615384596,0.32115384615384596,100,has_breast_pattern::solid,cbm
62,Herring Gull,30,27,26,3,0.9,25,0.9259259259259259,0.9615384615384616,0.9228656498673741,0.8214285714285714,1.0,0.1785714285714286,100,has_breast_pattern::solid,cbm
64,Ring billed Gull,30,26,27,4,0.8666666666666667,24,0.9230769230769231,0.8888888888888888,0.9321351508921972,0.8236413043478261,1.0,0.17635869565217388,100,has_breast_pattern::solid,cbm
73,Blue Jay,30,14,6,16,0.4666666666666667,3,0.21428571428571427,0.5,0.2124689130528914,0.0,0.44058823529411717,0.44058823529411717,100,has_breast_pattern::solid,cbm
87,Mallard,30,12,7,18,0.4,5,0.4166666666666667,0.7142857142857143,0.43701197628480914,0.125,0.7262499999999995,0.6012499999999995,100,has_breast_pattern::solid,cbm
86,Pacific Loon,30,15,4,15,0.5,4,0.26666666666666666,1.0,0.2627341935670109,0.06056985294117647,0.4841666666666664,0.42359681372548996,100,has_breast_pattern::solid,cbm
85,Horned Lark,30,10,6,20,0.3333333333333333,2,0.2,0.3333333333333333,0.21870318570318567,0.0,0.523863636363636,0.523863636363636,100,has_breast_pattern::solid,cbm
4,Groove billed Ani,30,22,21,8,0.7333333333333333,14,0.6363636363636364,0.6666666666666666,0.6240449586326486,0.45634469696969693,0.7999999999999998,0.3436553030303029,100,has_breast_pattern::solid,cbm
83,White breasted Kingfisher,30,13,5,17,0.43333333333333335,2,0.15384615384615385,0.4,0.15994963180953892,0.0,0.3333333333333333,0.3333333333333333,100,has_breast_pattern::solid,cbm
82,Ringed Kingfisher,30,8,9,22,0.26666666666666666,3,0.375,0.3333333333333333,0.3937020757020757,0.09125,0.75,0.65875,100,has_breast_pattern::solid,cbm
81,Pied Kingfisher,30,4,2,26,0.13333333333333333,0,0.0,0.0,0.0,0.0,0.0,0.0,100,has_breast_pattern::solid,cbm
80,Green Kingfisher,30,15,4,15,0.5,1,0.06666666666666667,0.25,0.05111956584866802,0.0,0.1963235294117644,0.1963235294117644,100,has_breast_pattern::solid,cbm
79,Belted Kingfisher,30,6,8,24,0.2,1,0.16666666666666666,0.125,0.13742182817182816,0.0,0.41499999999999976,0.41499999999999976,100,has_breast_pattern::solid,cbm
10,Red winged Blackbird,30,28,24,2,0.9333333333333333,23,0.8214285714285714,0.9583333333333334,0.82741479235962,0.6655906593406593,0.9636574074074074,0.29806674806674804,100,has_breast_pattern::solid,cbm
77,Tropical Kingbird,30,17,24,13,0.5666666666666667,14,0.8235294117647058,0.5833333333333334,0.842747108749673,0.6447916666666667,1.0,0.35520833333333335,100,has_breast_pattern::solid,cbm
11,Rusty Blackbird,30,16,16,14,0.5333333333333333,9,0.5625,0.5625,0.5506718982342048,0.23541666666666666,0.787687969924812,0.5522713032581454,100,has_breast_pattern::solid,cbm
74,Florida Jay,30,9,7,21,0.3,1,0.1111111111111111,0.14285714285714285,0.12326848151848152,0.0,0.3333333333333333,0.3333333333333333,100,has_breast_pattern::solid,cbm
76,Dark eyed Junco,30,11,17,19,0.36666666666666664,5,0.45454545454545453,0.29411764705882354,0.4429618208588797,0.14479166666666665,0.7248737373737373,0.5800820707070706,100,has_breast_pattern::solid,cbm
72,Pomarine Jaeger,30,9,10,21,0.3,6,0.6666666666666666,0.6,0.6841746031746031,0.4,1.0,0.6,100,has_breast_pattern::solid,cbm
14,Indigo Bunting,30,23,22,7,0.7666666666666667,17,0.7391304347826086,0.7727272727272727,0.7317321842511714,0.5434782608695652,0.907034632034632,0.3635563711650668,100,has_breast_pattern::solid,cbm
66,Western Gull,30,28,29,2,0.9333333333333333,28,1.0,0.9655172413793104,1.0,1.0,1.0,0.0,100,has_breast_pattern::solid,cbm
71,Long tailed Jaeger,30,16,18,14,0.5333333333333333,15,0.9375,0.8333333333333334,0.9391635552699793,0.7709150326797385,1.0,0.2290849673202615,100,has_breast_pattern::solid,cbm
67,Anna Hummingbird,30,11,5,19,0.36666666666666664,2,0.18181818181818182,0.4,0.19024213939655113,0.0,0.42291666666666655,0.42291666666666655,100,has_breast_pattern::solid,cbm
68,Ruby throated Hummingbird,30,17,6,13,0.5666666666666667,4,0.23529411764705882,0.6666666666666666,0.20782426130800744,0.05402046783625731,0.4057748538011693,0.351754385964912,100,has_breast_pattern::solid,cbm
31,Black billed Cuckoo,30,25,27,5,0.8333333333333334,22,0.88,0.8148148148148148,0.8688474782893821,0.7189903846153847,0.9824074074074071,0.2634170227920224,100,has_breast_pattern::solid,cbm
69,Rufous Hummingbird,30,14,6,16,0.4666666666666667,4,0.2857142857142857,0.6666666666666666,0.2789274545543895,0.06674107142857143,0.4841666666666664,0.41742559523809497,100,has_breast_pattern::solid,cbm
13,Bobolink,30,20,7,10,0.6666666666666666,5,0.25,0.7142857142857143,0.24744220953836646,0.1,0.41499999999999976,0.3149999999999997,100,has_breast_pattern::solid,cbm
70,Green Violetear,30,5,4,25,0.16666666666666666,0,0.0,0.0,0.0,0.0,0.0,0.0,100,has_breast_pattern::solid,cbm
181,Worm eating Warbler,29,25,21,4,0.8620689655172413,19,0.76,0.9047619047619048,0.7495962077586792,0.5869318181818182,0.8888888888888888,0.3019570707070707,100,has_breast_pattern::solid,cbm
20,Yellow breasted Chat,29,26,22,3,0.896551724137931,20,0.7692307692307693,0.9090909090909091,0.7670802801012576,0.6199519230769232,0.9419887278582928,0.32203680478136965,100,has_breast_pattern::solid,cbm
169,Magnolia Warbler,29,5,6,24,0.1724137931034483,2,0.4,0.3333333333333333,0.42242063492063486,0.0,1.0,1.0,100,has_breast_pattern::solid,cbm
168,Kentucky Warbler,29,23,18,6,0.7931034482758621,15,0.6521739130434783,0.8333333333333334,0.656629947873029,0.4895,0.8223320158102766,0.3328320158102766,100,has_breast_pattern::solid,cbm
28,Brown Creeper,29,27,5,2,0.9310344827586207,4,0.14814814814814814,0.8,0.14394693102166867,0.03771367521367521,0.3161637931034482,0.27845011788977303,100,has_breast_pattern::solid,cbm
9,Brewer Blackbird,29,19,20,10,0.6551724137931034,15,0.7894736842105263,0.75,0.7721798366382128,0.6098429951690821,0.9332589285714286,0.3234159334023464,100,has_breast_pattern::solid,cbm
166,Golden winged Warbler,29,13,14,16,0.4482758620689655,8,0.6153846153846154,0.5714285714285714,0.6118086297517412,0.3333333333333333,0.8,0.46666666666666673,100,has_breast_pattern::solid,cbm
23,Brandt Cormorant,29,18,16,11,0.6206896551724138,11,0.6111111111111112,0.6875,0.6135936047750726,0.4041666666666667,0.8154829545454545,0.4113162878787878,100,has_breast_pattern::solid,cbm
190,Red cockaded Woodpecker,29,4,3,25,0.13793103448275862,0,0.0,0.0,0.0,0.0,0.0,0.0,100,has_breast_pattern::solid,cbm
33,Yellow billed Cuckoo,29,26,23,3,0.896551724137931,20,0.7692307692307693,0.8695652173913043,0.7691745965623025,0.6101851851851852,0.9071071428571427,0.2969219576719575,100,has_breast_pattern::solid,cbm
179,Tennessee Warbler,29,23,24,6,0.7931034482758621,20,0.8695652173913043,0.8333333333333334,0.8688032492659024,0.713875,0.9615384615384616,0.24766346153846153,100,has_breast_pattern::solid,cbm
19,Gray Catbird,29,25,25,4,0.8620689655172413,23,0.92,0.92,0.9242135804614066,0.8365,1.0,0.16349999999999998,100,has_breast_pattern::solid,cbm
43,Yellow bellied Flycatcher,29,15,17,14,0.5172413793103449,8,0.5333333333333333,0.47058823529411764,0.5465739403691685,0.25019607843137254,0.80275974025974,0.5525636618283674,100,has_breast_pattern::solid,cbm
117,Clay colored Sparrow,29,20,18,9,0.6896551724137931,11,0.55,0.6111111111111112,0.5459353663162789,0.3320394736842105,0.7753787878787878,0.4433393141945773,100,has_breast_pattern::solid,cbm
141,Artic Tern,29,25,29,4,0.8620689655172413,25,1.0,0.8620689655172413,1.0,1.0,1.0,0.0,100,has_breast_pattern::solid,cbm
160,Black throated Blue Warbler,29,16,9,13,0.5517241379310345,5,0.3125,0.5555555555555556,0.3198923485355374,0.103125,0.5474358974358973,0.44431089743589725,100,has_breast_pattern::solid,cbm
119,Field Sparrow,29,11,18,18,0.3793103448275862,6,0.5454545454545454,0.3333333333333333,0.5385647310206133,0.2727272727272727,0.8288194444444437,0.556092171717171,100,has_breast_pattern::solid,cbm
124,Le Conte Sparrow,29,11,5,18,0.3793103448275862,3,0.2727272727272727,0.6,0.27753622766122765,0.0,0.6666666666666666,0.6666666666666666,100,has_breast_pattern::solid,cbm
125,Lincoln Sparrow,29,1,0,28,0.034482758620689655,0,0.0,,0.0,0.0,0.0,0.0,100,has_breast_pattern::solid,cbm
115,Brewer Sparrow,29,17,17,12,0.5862068965517241,13,0.7647058823529411,0.7647058823529411,0.7579112508204916,0.5139705882352941,0.9459795321637426,0.4320089439284486,100,has_breast_pattern::solid,cbm
60,Glaucous winged Gull,29,21,26,8,0.7241379310344828,20,0.9523809523809523,0.7692307692307693,0.9470663569212231,0.8361029411764705,1.0,0.16389705882352945,100,has_breast_pattern::solid,cbm
78,Gray Kingbird,29,25,20,4,0.8620689655172413,17,0.68,0.85,0.6708796701688007,0.4703076923076923,0.8333913043478259,0.3630836120401336,100,has_breast_pattern::solid,cbm
97,Orchard Oriole,29,19,22,10,0.6551724137931034,14,0.7368421052631579,0.6363636363636364,0.7408664262458651,0.583359133126935,0.8984654731457797,0.31510634001884474,100,has_breast_pattern::solid,cbm
149,Brown Thrasher,29,1,0,28,0.034482758620689655,0,0.0,,0.0,0.0,0.0,0.0,100,has_breast_pattern::solid,cbm
39,Least Flycatcher,29,15,15,14,0.5172413793103449,11,0.7333333333333333,0.7333333333333333,0.7248389257109981,0.4798076923076923,0.9459795321637426,0.4661718398560503,100,has_breast_pattern::solid,cbm
153,Philadelphia Vireo,29,25,28,4,0.8620689655172413,24,0.96,0.8571428571428571,0.9627008215616911,0.8701923076923077,1.0,0.1298076923076923,100,has_breast_pattern::solid,cbm
37,Acadian Flycatcher,29,12,17,17,0.41379310344827586,7,0.5833333333333334,0.4117647058823529,0.5995566851449204,0.3198717948717949,0.8888888888888888,0.569017094017094,100,has_breast_pattern::solid,cbm
157,Yellow throated Vireo,29,19,25,10,0.6551724137931034,16,0.8421052631578947,0.64,0.8320828621532519,0.6563725490196078,0.9523809523809523,0.2960084033613445,100,has_breast_pattern::solid,cbm
34,Gray crowned Rosy Finch,29,12,4,17,0.41379310344827586,3,0.25,0.75,0.2558531480129777,0.02794117647058824,0.536025641025641,0.5080844645550527,100,has_breast_pattern::solid,cbm
3,Sooty Albatross,28,17,14,11,0.6071428571428571,8,0.47058823529411764,0.5714285714285714,0.49221032939480913,0.2677033492822966,0.7437499999999999,0.4760466507177033,100,has_breast_pattern::solid,cbm
15,Lazuli Bunting,28,14,15,14,0.5,5,0.35714285714285715,0.3333333333333333,0.34464518105733283,0.11346153846153847,0.542132867132867,0.4286713286713285,100,has_breast_pattern::solid,cbm
16,Painted Bunting,28,19,20,9,0.6785714285714286,14,0.7368421052631579,0.7,0.7291017680409658,0.55,0.8919590643274853,0.34195906432748524,100,has_breast_pattern::solid,cbm
58,Pigeon Guillemot,28,20,11,8,0.7142857142857143,9,0.45,0.8181818181818182,0.4441851938369134,0.19895833333333335,0.634090909090909,0.4351325757575757,100,has_breast_pattern::solid,cbm
17,Cardinal,27,20,24,7,0.7407407407407407,18,0.9,0.75,0.8938495039864638,0.7291666666666666,1.0,0.27083333333333337,100,has_breast_pattern::solid,cbm
75,Green Jay,27,5,3,22,0.18518518518518517,0,0.0,0.0,0.0,0.0,0.0,0.0,100,has_breast_pattern::solid,cbm
178,Swainson Warbler,26,14,23,12,0.5384615384615384,12,0.8571428571428571,0.5217391304347826,0.8618829928241692,0.6923076923076923,1.0,0.3076923076923077,100,has_breast_pattern::solid,cbm
12,Yellow headed Blackbird,26,15,17,11,0.5769230769230769,9,0.6,0.5294117647058824,0.6010960596047586,0.38461538461538464,0.8666666666666667,0.48205128205128206,100,has_breast_pattern::solid,cbm
22,Chuck will Widow,26,0,0,26,0.0,0,,,,,,,100,has_breast_pattern::solid,cbm
7,Parakeet Auklet,23,7,6,16,0.30434782608695654,3,0.42857142857142855,0.5,0.4161904761904762,0.0,0.7762499999999996,0.7762499999999996,100,has_breast_pattern::solid,cbm
84,Red legged Kittiwake,23,19,22,4,0.8260869565217391,19,1.0,0.8636363636363636,1.0,1.0,1.0,0.0,100,has_breast_pattern::solid,cbm
32,Mangrove Cuckoo,23,15,15,8,0.6521739130434783,10,0.6666666666666666,0.6666666666666666,0.6602673908908429,0.40973557692307694,0.8749019607843136,0.46516638386123665,100,has_breast_pattern::solid,cbm
24,Red faced Cormorant,22,15,18,7,0.6818181818181818,12,0.8,0.6666666666666666,0.8141206919155834,0.625,1.0,0.375,100,has_breast_pattern::solid,cbm
151,Black capped Vireo,21,14,10,7,0.6666666666666666,8,0.5714285714285714,0.8,0.5732834009385868,0.3311813186813187,0.8,0.4688186813186813,100,has_breast_pattern::solid,cbm
113,Baird Sparrow,20,4,0,16,0.2,0,0.0,,0.0,0.0,0.0,0.0,100,has_breast_pattern::solid,cbm
187,American Three toed Woodpecker,20,8,0,12,0.4,0,0.0,,0.0,0.0,0.0,0.0,100,has_breast_pattern::solid,cbm
65,Slaty backed Gull,20,10,14,10,0.5,8,0.8,0.5714285714285714,0.808423826173826,0.5630952380952381,1.0,0.4369047619047619,100,has_breast_pattern::solid,cbm
101,White Pelican,20,17,18,3,0.85,15,0.8823529411764706,0.8333333333333334,0.8776295886775762,0.7189215686274509,1.0,0.28107843137254906,100,has_breast_pattern::solid,cbm
105,Whip poor Will,19,2,1,17,0.10526315789473684,0,0.0,0.0,0.0,0.0,0.0,0.0,100,has_breast_pattern::solid,cbm
8,Rhinoceros Auklet,18,10,8,8,0.5555555555555556,5,0.5,0.625,0.4751276778776778,0.2,0.7645833333333331,0.564583333333333,100,has_breast_pattern::solid,cbm
18,Spotted Catbird,15,2,2,13,0.13333333333333333,0,0.0,0.0,0.0,0.0,0.0,0.0,100,has_breast_pattern::solid,cbm
5,Crested Auklet,14,9,10,5,0.6428571428571429,8,0.8888888888888888,0.8,0.881427489177489,0.6666666666666666,1.0,0.33333333333333337,100,has_breast_pattern::solid,cbm
6,Least Auklet,11,1,1,10,0.09090909090909091,1,1.0,1.0,1.0,1.0,1.0,0.0,100,has_breast_pattern::solid,cbm
1,Black footed Albatross,30,8,8,22,0.26666666666666666,4,0.5,0.5,0.4680638250638251,0.0,0.866517857142857,0.866517857142857,100,has_upperparts_color::black,cbm
143,Caspian Tern,30,3,0,27,0.1,0,0.0,,0.0,0.0,0.0,0.0,100,has_upperparts_color::black,cbm
120,Fox Sparrow,30,2,7,28,0.06666666666666667,1,0.5,0.14285714285714285,0.5187153931339977,0.0,1.0,1.0,100,has_upperparts_color::black,cbm
121,Grasshopper Sparrow,30,12,11,18,0.4,5,0.4166666666666667,0.45454545454545453,0.3938426209153763,0.11770833333333333,0.7,0.5822916666666667,100,has_upperparts_color::black,cbm
122,Harris Sparrow,30,20,17,10,0.6666666666666666,14,0.7,0.8235294117647058,0.7119286647377442,0.5125,0.9047727272727272,0.3922727272727272,100,has_upperparts_color::black,cbm
123,Henslow Sparrow,30,15,17,15,0.5,8,0.5333333333333333,0.47058823529411764,0.533810537072147,0.2292763157894737,0.757720588235294,0.5284442724458203,100,has_upperparts_color::black,cbm
126,Nelson Sharp tailed Sparrow,30,6,6,24,0.2,1,0.16666666666666666,0.16666666666666666,0.19200360750360748,0.0,0.5874999999999986,0.5874999999999986,100,has_upperparts_color::black,cbm
127,Savannah Sparrow,30,11,11,19,0.36666666666666664,6,0.5454545454545454,0.5454545454545454,0.5250672612990726,0.17,0.8181818181818182,0.6481818181818182,100,has_upperparts_color::black,cbm
128,Seaside Sparrow,30,2,6,28,0.06666666666666667,1,0.5,0.16666666666666666,0.5622093023255813,0.0,1.0,1.0,100,has_upperparts_color::black,cbm
129,Song Sparrow,30,4,4,26,0.13333333333333333,2,0.5,0.5,0.4354551344347264,0.0,1.0,1.0,100,has_upperparts_color::black,cbm
130,Tree Sparrow,30,12,7,18,0.4,5,0.4166666666666667,0.7142857142857143,0.4179137179469996,0.12895833333333334,0.6801282051282049,0.5511698717948716,100,has_upperparts_color::black,cbm
131,Vesper Sparrow,30,7,7,23,0.23333333333333334,4,0.5714285714285714,0.5714285714285714,0.5635743145743146,0.16666666666666666,1.0,0.8333333333333334,100,has_upperparts_color::black,cbm
132,White crowned Sparrow,30,3,14,27,0.1,2,0.6666666666666666,0.14285714285714285,0.6840726817042606,0.0,1.0,1.0,100,has_upperparts_color::black,cbm
133,White throated Sparrow,30,14,15,16,0.4666666666666667,8,0.5714285714285714,0.5333333333333333,0.5796044960371586,0.2969117647058824,0.8095454545454545,0.512633689839572,100,has_upperparts_color::black,cbm
134,Cape Glossy Starling,30,17,21,13,0.5666666666666667,15,0.8823529411764706,0.7142857142857143,0.8930908844785881,0.7142857142857143,1.0,0.2857142857142857,100,has_upperparts_color::black,cbm
135,Bank Swallow,30,8,8,22,0.26666666666666666,3,0.375,0.375,0.3811179931179931,0.0,0.7762499999999996,0.7762499999999996,100,has_upperparts_color::black,cbm
136,Barn Swallow,30,13,20,17,0.43333333333333335,9,0.6923076923076923,0.45,0.692568455237573,0.4211111111111111,0.8888888888888888,0.46777777777777774,100,has_upperparts_color::black,cbm
137,Cliff Swallow,30,13,15,17,0.43333333333333335,9,0.6923076923076923,0.6,0.6771960060922908,0.4409090909090909,0.9047727272727272,0.46386363636363626,100,has_upperparts_color::black,cbm
138,Tree Swallow,30,9,12,21,0.3,4,0.4444444444444444,0.3333333333333333,0.46159410034410037,0.1375,0.7687499999999997,0.6312499999999996,100,has_upperparts_color::black,cbm
139,Scarlet Tanager,30,22,24,8,0.7333333333333333,19,0.8636363636363636,0.7916666666666666,0.8786282836474484,0.7692307692307693,1.0,0.23076923076923073,100,has_upperparts_color::black,cbm
140,Summer Tanager,30,7,1,23,0.23333333333333334,1,0.14285714285714285,1.0,0.1408333333333333,0.0,0.5,0.5,100,has_upperparts_color::black,cbm
118,House Sparrow,30,11,10,19,0.36666666666666664,7,0.6363636363636364,0.7,0.614200351935646,0.27889610389610386,0.8783333333333332,0.5994372294372293,100,has_upperparts_color::black,cbm
116,Chipping Sparrow,30,14,5,16,0.4666666666666667,4,0.2857142857142857,0.8,0.2754160859350488,0.07692307692307693,0.5592013888888888,0.4822783119658119,100,has_upperparts_color::black,cbm
114,Black throated Sparrow,30,5,10,25,0.16666666666666666,1,0.2,0.1,0.18838383838383838,0.0,0.6666666666666666,0.6666666666666666,100,has_upperparts_color::black,cbm
2,Laysan Albatross,30,10,10,20,0.3333333333333333,6,0.6,0.6,0.5925481324231324,0.2669642857142857,0.8822916666666665,0.6153273809523807,100,has_upperparts_color::black,cbm
92,Nighthawk,30,15,13,15,0.5,7,0.4666666666666667,0.5384615384615384,0.4711977188618055,0.21055555555555555,0.7142857142857143,0.5037301587301588,100,has_upperparts_color::black,cbm
93,Clark Nutcracker,30,24,22,6,0.8,17,0.7083333333333334,0.7727272727272727,0.7120609282988712,0.5092916666666667,0.8631249999999998,0.3538333333333331,100,has_upperparts_color::black,cbm
94,White breasted Nuthatch,30,20,25,10,0.6666666666666666,18,0.9,0.72,0.9041912048664605,0.7556547619047619,1.0,0.24434523809523812,100,has_upperparts_color::black,cbm
95,Baltimore Oriole,30,26,27,4,0.8666666666666667,25,0.9615384615384616,0.9259259259259259,0.9658480643211527,0.9020833333333333,1.0,0.09791666666666665,100,has_upperparts_color::black,cbm
96,Hooded Oriole,30,21,22,9,0.7,17,0.8095238095238095,0.7727272727272727,0.8127016295058594,0.6716847826086957,0.9473684210526315,0.27568363844393584,100,has_upperparts_color::black,cbm
98,Scott Oriole,30,21,22,9,0.7,18,0.8571428571428571,0.8181818181818182,0.8562091647494156,0.6579166666666667,0.9565340909090909,0.2986174242424242,100,has_upperparts_color::black,cbm
99,Ovenbird,30,3,7,27,0.1,0,0.0,0.0,0.0,0.0,0.0,0.0,100,has_upperparts_color::black,cbm
100,Brown Pelican,30,8,10,22,0.26666666666666666,5,0.625,0.5,0.6182952602952603,0.3158333333333333,1.0,0.6841666666666667,100,has_upperparts_color::black,cbm
102,Western Wood Pewee,30,8,7,22,0.26666666666666666,1,0.125,0.14285714285714285,0.13241200466200465,0.0,0.3827272727272724,0.3827272727272724,100,has_upperparts_color::black,cbm
112,Great Grey Shrike,30,17,14,13,0.5666666666666667,9,0.5294117647058824,0.6428571428571429,0.5539147693551718,0.3488586956521739,0.7600961538461537,0.4112374581939798,100,has_upperparts_color::black,cbm
103,Sayornis,30,5,8,25,0.16666666666666666,4,0.8,0.5,0.789875541125541,0.4625,1.0,0.5375,100,has_upperparts_color::black,cbm
104,American Pipit,30,10,6,20,0.3333333333333333,2,0.2,0.3333333333333333,0.17382688145188144,0.0,0.4444444444444444,0.4444444444444444,100,has_upperparts_color::black,cbm
106,Horned Puffin,30,26,20,4,0.8666666666666667,18,0.6923076923076923,0.9,0.694678661682035,0.527991452991453,0.8341034482758619,0.3061119952844089,100,has_upperparts_color::black,cbm
107,Common Raven,30,28,30,2,0.9333333333333333,28,1.0,0.9333333333333333,1.0,1.0,1.0,0.0,100,has_upperparts_color::black,cbm
108,White necked Raven,30,24,29,6,0.8,23,0.9583333333333334,0.7931034482758621,0.958092669492555,0.8636363636363636,1.0,0.13636363636363635,100,has_upperparts_color::black,cbm
109,American Redstart,30,21,28,9,0.7,20,0.9523809523809523,0.7142857142857143,0.9579507981003605,0.8602272727272727,1.0,0.13977272727272727,100,has_upperparts_color::black,cbm
110,Geococcyx,30,13,25,17,0.43333333333333335,12,0.9230769230769231,0.48,0.9108971847296151,0.6666666666666666,1.0,0.33333333333333337,100,has_upperparts_color::black,cbm
111,Loggerhead Shrike,30,19,18,11,0.6333333333333333,14,0.7368421052631579,0.7777777777777778,0.7430619382322705,0.55,0.9121153846153844,0.3621153846153844,100,has_upperparts_color::black,cbm
142,Black Tern,30,8,6,22,0.26666666666666666,4,0.5,0.6666666666666666,0.48099958374958385,0.1261904761904762,0.8,0.6738095238095239,100,has_upperparts_color::black,cbm
144,Common Tern,30,3,0,27,0.1,0,0.0,,0.0,0.0,0.0,0.0,100,has_upperparts_color::black,cbm
90,Red breasted Merganser,30,16,17,14,0.5333333333333333,14,0.875,0.8235294117647058,0.8705586364100296,0.7,1.0,0.30000000000000004,100,has_upperparts_color::black,cbm
145,Elegant Tern,30,4,1,26,0.13333333333333333,0,0.0,0.0,0.0,0.0,0.0,0.0,100,has_upperparts_color::black,cbm
176,Prairie Warbler,30,13,13,17,0.43333333333333335,4,0.3076923076923077,0.3076923076923077,0.3046449849170438,0.0,0.5510817307692305,0.5510817307692305,100,has_upperparts_color::black,cbm
177,Prothonotary Warbler,30,11,11,19,0.36666666666666664,6,0.5454545454545454,0.5454545454545454,0.5466264242293655,0.25,0.8333333333333334,0.5833333333333334,100,has_upperparts_color::black,cbm
180,Wilson Warbler,30,7,6,23,0.23333333333333334,1,0.14285714285714285,0.16666666666666666,0.1678547286047286,0.0,0.5,0.5,100,has_upperparts_color::black,cbm
182,Yellow Warbler,30,15,11,15,0.5,7,0.4666666666666667,0.6363636363636364,0.45866031435884375,0.21461538461538462,0.7142857142857143,0.49967032967032965,100,has_upperparts_color::black,cbm
183,Northern Waterthrush,30,3,5,27,0.1,1,0.3333333333333333,0.2,0.38892339544513455,0.0,1.0,1.0,100,has_upperparts_color::black,cbm
184,Louisiana Waterthrush,30,7,3,23,0.23333333333333334,1,0.14285714285714285,0.3333333333333333,0.12828182928182927,0.0,0.4524999999999992,0.4524999999999992,100,has_upperparts_color::black,cbm
185,Bohemian Waxwing,30,13,10,17,0.43333333333333335,6,0.46153846153846156,0.6,0.4585182781185103,0.1674107142857143,0.7102941176470587,0.5428834033613444,100,has_upperparts_color::black,cbm
186,Cedar Waxwing,30,5,2,25,0.16666666666666666,2,0.4,1.0,0.4085357142857143,0.0,1.0,1.0,100,has_upperparts_color::black,cbm
188,Pileated Woodpecker,30,29,26,1,0.9666666666666667,26,0.896551724137931,1.0,0.895977102718482,0.7579166666666667,0.9841666666666664,0.22624999999999973,100,has_upperparts_color::black,cbm
189,Red bellied Woodpecker,30,27,28,3,0.9,25,0.9259259259259259,0.8928571428571429,0.9241749933946336,0.8,1.0,0.19999999999999996,100,has_upperparts_color::black,cbm
191,Red headed Woodpecker,30,22,25,8,0.7333333333333333,19,0.8636363636363636,0.76,0.8630703973237691,0.7149305555555556,0.980208333333333,0.2652777777777774,100,has_upperparts_color::black,cbm
192,Downy Woodpecker,30,29,29,1,0.9666666666666667,29,1.0,1.0,1.0,1.0,1.0,0.0,100,has_upperparts_color::black,cbm
193,Bewick Wren,30,9,5,21,0.3,1,0.1111111111111111,0.2,0.12778475690975688,0.0,0.3333333333333333,0.3333333333333333,100,has_upperparts_color::black,cbm
194,Cactus Wren,30,11,14,19,0.36666666666666664,5,0.45454545454545453,0.35714285714285715,0.4507596064066652,0.17386363636363636,0.75,0.5761363636363637,100,has_upperparts_color::black,cbm
195,Carolina Wren,30,3,1,27,0.1,0,0.0,0.0,0.0,0.0,0.0,0.0,100,has_upperparts_color::black,cbm
196,House Wren,30,4,5,26,0.13333333333333333,1,0.25,0.2,0.22404761904761905,0.0,0.6,0.6,100,has_upperparts_color::black,cbm
197,Marsh Wren,30,14,8,16,0.4666666666666667,6,0.42857142857142855,0.75,0.4191403386774904,0.21428571428571427,0.652272727272727,0.4379870129870127,100,has_upperparts_color::black,cbm
198,Rock Wren,30,8,5,22,0.26666666666666666,4,0.5,0.8,0.5025278610278611,0.14479166666666665,0.8261363636363636,0.6813446969696969,100,has_upperparts_color::black,cbm
199,Winter Wren,30,8,9,22,0.26666666666666666,3,0.375,0.3333333333333333,0.35855566655566656,0.0,0.7937499999999993,0.7937499999999993,100,has_upperparts_color::black,cbm
175,Pine Warbler,30,3,10,27,0.1,2,0.6666666666666666,0.2,0.6706432748538013,0.0,1.0,1.0,100,has_upperparts_color::black,cbm
174,Palm Warbler,30,8,4,22,0.26666666666666666,1,0.125,0.25,0.15010964035964036,0.0,0.42291666666666655,0.42291666666666655,100,has_upperparts_color::black,cbm
173,Orange crowned Warbler,30,4,0,26,0.13333333333333333,0,0.0,,0.0,0.0,0.0,0.0,100,has_upperparts_color::black,cbm
158,Bay breasted Warbler,30,14,25,16,0.4666666666666667,12,0.8571428571428571,0.48,0.8512518946481795,0.6428571428571429,1.0,0.3571428571428571,100,has_upperparts_color::black,cbm
146,Forsters Tern,30,3,4,27,0.1,0,0.0,0.0,0.0,0.0,0.0,0.0,100,has_upperparts_color::black,cbm
147,Least Tern,30,8,3,22,0.26666666666666666,1,0.125,0.3333333333333333,0.1397871017871018,0.0,0.5590909090909089,0.5590909090909089,100,has_upperparts_color::black,cbm
148,Green tailed Towhee,30,2,1,28,0.06666666666666667,0,0.0,0.0,0.0,0.0,0.0,0.0,100,has_upperparts_color::black,cbm
150,Sage Thrasher,30,4,6,26,0.13333333333333333,2,0.5,0.3333333333333333,0.5091430174763508,0.0,1.0,1.0,100,has_upperparts_color::black,cbm
152,Blue headed Vireo,30,12,15,18,0.4,7,0.5833333333333334,0.4666666666666667,0.565738411571229,0.1757692307692308,0.8174999999999998,0.641730769230769,100,has_upperparts_color::black,cbm
154,Red eyed Vireo,30,4,3,26,0.13333333333333333,2,0.5,0.6666666666666666,0.48145853579527054,0.0,1.0,1.0,100,has_upperparts_color::black,cbm
155,Warbling Vireo,30,3,2,27,0.1,1,0.3333333333333333,0.5,0.31298245614035086,0.0,1.0,1.0,100,has_upperparts_color::black,cbm
156,White eyed Vireo,30,12,9,18,0.4,4,0.3333333333333333,0.4444444444444444,0.3819912718000953,0.10527777777777778,0.733035714285714,0.6277579365079362,100,has_upperparts_color::black,cbm
159,Black and white Warbler,30,26,26,4,0.8666666666666667,22,0.8461538461538461,0.8461538461538461,0.8545239213338163,0.6972402597402597,0.9636574074074074,0.26641714766714764,100,has_upperparts_color::black,cbm
172,Nashville Warbler,30,3,0,27,0.1,0,0.0,,0.0,0.0,0.0,0.0,100,has_upperparts_color::black,cbm
161,Blue winged Warbler,30,3,8,27,0.1,2,0.6666666666666666,0.25,0.7086401570937654,0.0,1.0,1.0,100,has_upperparts_color::black,cbm
162,Canada Warbler,30,10,2,20,0.3333333333333333,2,0.2,1.0,0.21660782273282272,0.0,0.5,0.5,100,has_upperparts_color::black,cbm
163,Cape May Warbler,30,12,21,18,0.4,9,0.75,0.42857142857142855,0.7710592392213911,0.5333333333333333,0.9634615384615378,0.4301282051282045,100,has_upperparts_color::black,cbm
164,Cerulean Warbler,30,12,8,18,0.4,1,0.08333333333333333,0.125,0.09283334394363804,0.0,0.2857142857142857,0.2857142857142857,100,has_upperparts_color::black,cbm
165,Chestnut sided Warbler,30,12,24,18,0.4,10,0.8333333333333334,0.4166666666666667,0.8282593893464636,0.5714285714285714,1.0,0.4285714285714286,100,has_upperparts_color::black,cbm
167,Hooded Warbler,30,7,9,23,0.23333333333333334,3,0.42857142857142855,0.3333333333333333,0.445349123099123,0.05937500000000001,0.8174999999999998,0.7581249999999997,100,has_upperparts_color::black,cbm
170,Mourning Warbler,30,1,2,29,0.03333333333333333,0,0.0,0.0,0.0,0.0,0.0,0.0,100,has_upperparts_color::black,cbm
171,Myrtle Warbler,30,12,19,18,0.4,8,0.6666666666666666,0.42105263157894735,0.663761122864064,0.39192307692307693,0.8822916666666665,0.49036858974358954,100,has_upperparts_color::black,cbm
91,Mockingbird,30,13,11,17,0.43333333333333335,7,0.5384615384615384,0.6363636363636364,0.5510688740224344,0.3198717948717949,0.8095454545454545,0.48967365967365956,100,has_upperparts_color::black,cbm
200,Common Yellowthroat,30,4,0,26,0.13333333333333333,0,0.0,,0.0,0.0,0.0,0.0,100,has_upperparts_color::black,cbm
89,Hooded Merganser,30,23,25,7,0.7666666666666667,19,0.8260869565217391,0.76,0.8299083247954093,0.6507575757575758,0.9574728260869565,0.30671525032938074,100,has_upperparts_color::black,cbm
26,Bronzed Cowbird,30,24,29,6,0.8,23,0.9583333333333334,0.7931034482758621,0.9493296605213486,0.8365,1.0,0.16349999999999998,100,has_upperparts_color::black,cbm
61,Heermann Gull,30,21,16,9,0.7,13,0.6190476190476191,0.8125,0.6022246864429897,0.39895330112721417,0.8423913043478258,0.44343800322061167,100,has_upperparts_color::black,cbm
59,California Gull,30,14,13,16,0.4666666666666667,7,0.5,0.5384615384615384,0.5262930865144487,0.2757142857142857,0.7670814479638008,0.49136716224951515,100,has_upperparts_color::black,cbm
25,Pelagic Cormorant,30,21,27,9,0.7,19,0.9047619047619048,0.7037037037037037,0.9099827817730496,0.7660454545454546,1.0,0.23395454545454542,100,has_upperparts_color::black,cbm
57,Rose breasted Grosbeak,30,20,27,10,0.6666666666666666,19,0.95,0.7037037037037037,0.9466958853303011,0.8446428571428571,1.0,0.15535714285714286,100,has_upperparts_color::black,cbm
56,Pine Grosbeak,30,14,19,16,0.4666666666666667,11,0.7857142857142857,0.5789473684210527,0.7950152709347756,0.5577922077922077,1.0,0.44220779220779227,100,has_upperparts_color::black,cbm
55,Evening Grosbeak,30,13,27,17,0.43333333333333335,12,0.9230769230769231,0.4444444444444444,0.9257856543181622,0.7550324675324676,1.0,0.24496753246753245,100,has_upperparts_color::black,cbm
54,Blue Grosbeak,30,13,12,17,0.43333333333333335,7,0.5384615384615384,0.5833333333333334,0.5383118204035388,0.3,0.7853846153846151,0.48538461538461514,100,has_upperparts_color::black,cbm
53,Western Grebe,30,14,21,16,0.4666666666666667,11,0.7857142857142857,0.5238095238095238,0.788502643254578,0.5357692307692308,0.9703124999999995,0.4345432692307687,100,has_upperparts_color::black,cbm
52,Pied billed Grebe,30,9,7,21,0.3,4,0.4444444444444444,0.5714285714285714,0.46540090465090456,0.16666666666666666,0.7645833333333331,0.5979166666666664,100,has_upperparts_color::black,cbm
51,Horned Grebe,30,16,16,14,0.5333333333333333,9,0.5625,0.5625,0.5504945000390048,0.3223958333333333,0.8,0.4776041666666667,100,has_upperparts_color::black,cbm
50,Eared Grebe,30,14,22,16,0.4666666666666667,12,0.8571428571428571,0.5454545454545454,0.8667476551226551,0.6666666666666666,1.0,0.33333333333333337,100,has_upperparts_color::black,cbm
49,Boat tailed Grackle,30,19,26,11,0.6333333333333333,18,0.9473684210526315,0.6923076923076923,0.9446737326697923,0.8421052631578947,1.0,0.1578947368421053,100,has_upperparts_color::black,cbm
48,European Goldfinch,30,21,25,9,0.7,17,0.8095238095238095,0.68,0.805670022917038,0.6041304347826087,0.9459795321637426,0.3418490973811339,100,has_upperparts_color::black,cbm
47,American Goldfinch,30,22,25,8,0.7333333333333333,19,0.8636363636363636,0.76,0.8598136765810678,0.6892857142857143,1.0,0.3107142857142857,100,has_upperparts_color::black,cbm
63,Ivory Gull,30,4,1,26,0.13333333333333333,0,0.0,0.0,0.0,0.0,0.0,0.0,100,has_upperparts_color::black,cbm
46,Gadwall,30,6,10,24,0.2,2,0.3333333333333333,0.2,0.36113636363636364,0.0,0.75,0.75,100,has_upperparts_color::black,cbm
45,Northern Fulmar,30,6,3,24,0.2,0,0.0,0.0,0.0,0.0,0.0,0.0,100,has_upperparts_color::black,cbm
44,Frigatebird,30,15,17,15,0.5,8,0.5333333333333333,0.47058823529411764,0.5360478072838754,0.2329185520361991,0.7997767857142855,0.5668582336780863,100,has_upperparts_color::black,cbm
88,Western Meadowlark,30,7,11,23,0.23333333333333334,3,0.42857142857142855,0.2727272727272727,0.42269516594516604,0.0,0.9321428571428559,0.9321428571428559,100,has_upperparts_color::black,cbm
42,Vermilion Flycatcher,30,14,18,16,0.4666666666666667,10,0.7142857142857143,0.5555555555555556,0.7229547454179808,0.5,0.9374509803921568,0.4374509803921568,100,has_upperparts_color::black,cbm
41,Scissor tailed Flycatcher,30,16,14,14,0.5333333333333333,11,0.6875,0.7857142857142857,0.6931398560776504,0.46852941176470586,0.885361842105263,0.41683243034055717,100,has_upperparts_color::black,cbm
27,Shiny Cowbird,30,23,25,7,0.7666666666666667,21,0.9130434782608695,0.84,0.913728725816314,0.7943181818181818,1.0,0.2056818181818182,100,has_upperparts_color::black,cbm
40,Olive sided Flycatcher,30,9,8,21,0.3,3,0.3333333333333333,0.375,0.3418404650904652,0.08693181818181818,0.6349999999999993,0.5480681818181812,100,has_upperparts_color::black,cbm
38,Great Crested Flycatcher,30,10,2,20,0.3333333333333333,1,0.1,0.5,0.11408334149510621,0.0,0.3333333333333333,0.3333333333333333,100,has_upperparts_color::black,cbm
36,Northern Flicker,30,17,19,13,0.5666666666666667,12,0.7058823529411765,0.631578947368421,0.7168326879089261,0.5357692307692308,0.9284615384615384,0.3926923076923077,100,has_upperparts_color::black,cbm
29,American Crow,30,30,30,0,1.0,30,1.0,1.0,1.0,1.0,1.0,0.0,100,has_upperparts_color::black,cbm
35,Purple Finch,30,6,6,24,0.2,2,0.3333333333333333,0.3333333333333333,0.2940137362637362,0.0,0.6666666666666666,0.6666666666666666,100,has_upperparts_color::black,cbm
30,Fish Crow,30,25,29,5,0.8333333333333334,24,0.96,0.8275862068965517,0.9555533108792479,0.8628472222222222,1.0,0.1371527777777778,100,has_upperparts_color::black,cbm
21,Eastern Towhee,30,22,23,8,0.7333333333333333,21,0.9545454545454546,0.9130434782608695,0.9466394421833781,0.8365,1.0,0.16349999999999998,100,has_upperparts_color::black,cbm
62,Herring Gull,30,6,4,24,0.2,2,0.3333333333333333,0.5,0.3493225108225109,0.0,0.75,0.75,100,has_upperparts_color::black,cbm
64,Ring billed Gull,30,5,6,25,0.16666666666666666,1,0.2,0.16666666666666666,0.194954596469748,0.0,0.849999999999999,0.849999999999999,100,has_upperparts_color::black,cbm
73,Blue Jay,30,16,19,14,0.5333333333333333,13,0.8125,0.6842105263157895,0.8161126895979838,0.6199519230769232,1.0,0.38004807692307685,100,has_upperparts_color::black,cbm
87,Mallard,30,10,8,20,0.3333333333333333,3,0.3,0.375,0.28719512432012434,0.0,0.5,0.5,100,has_upperparts_color::black,cbm
86,Pacific Loon,30,19,17,11,0.6333333333333333,13,0.6842105263157895,0.7647058823529411,0.6794117039875218,0.47,0.8636645962732917,0.39366459627329176,100,has_upperparts_color::black,cbm
85,Horned Lark,30,9,9,21,0.3,3,0.3333333333333333,0.3333333333333333,0.3419223439958734,0.07153846153846154,0.7262499999999995,0.654711538461538,100,has_upperparts_color::black,cbm
4,Groove billed Ani,30,24,24,6,0.8,21,0.875,0.875,0.8797246671711203,0.7391304347826086,1.0,0.26086956521739135,100,has_upperparts_color::black,cbm
83,White breasted Kingfisher,30,4,4,26,0.13333333333333333,1,0.25,0.25,0.20116387540629962,0.0,0.6366666666666665,0.6366666666666665,100,has_upperparts_color::black,cbm
82,Ringed Kingfisher,30,8,14,22,0.26666666666666666,6,0.75,0.42857142857142855,0.7500400432900434,0.386875,1.0,0.6131249999999999,100,has_upperparts_color::black,cbm
81,Pied Kingfisher,30,20,29,10,0.6666666666666666,19,0.95,0.6551724137931034,0.9547784390352771,0.84125,1.0,0.15874999999999995,100,has_upperparts_color::black,cbm
80,Green Kingfisher,30,17,20,13,0.5666666666666667,12,0.7058823529411765,0.6,0.7029552310434662,0.47205882352941175,0.9428921568627451,0.4708333333333333,100,has_upperparts_color::black,cbm
79,Belted Kingfisher,30,6,16,24,0.2,5,0.8333333333333334,0.3125,0.8223077200577201,0.3333333333333333,1.0,0.6666666666666667,100,has_upperparts_color::black,cbm
10,Red winged Blackbird,30,27,30,3,0.9,27,1.0,0.9,1.0,1.0,1.0,0.0,100,has_upperparts_color::black,cbm
77,Tropical Kingbird,30,3,3,27,0.1,2,0.6666666666666666,0.6666666666666666,0.7096491228070174,0.0,1.0,1.0,100,has_upperparts_color::black,cbm
11,Rusty Blackbird,30,21,24,9,0.7,16,0.7619047619047619,0.6666666666666666,0.7617604264429577,0.5601785714285714,0.9258831521739128,0.3657045807453414,100,has_upperparts_color::black,cbm
74,Florida Jay,30,2,0,28,0.06666666666666667,0,0.0,,0.0,0.0,0.0,0.0,100,has_upperparts_color::black,cbm
76,Dark eyed Junco,30,6,19,24,0.2,5,0.8333333333333334,0.2631578947368421,0.8322698412698414,0.5,1.0,0.5,100,has_upperparts_color::black,cbm
72,Pomarine Jaeger,30,11,9,19,0.36666666666666664,5,0.45454545454545453,0.5555555555555556,0.44079000166500165,0.14479166666666665,0.806944444444444,0.6621527777777774,100,has_upperparts_color::black,cbm
14,Indigo Bunting,30,10,4,20,0.3333333333333333,0,0.0,0.0,0.0,0.0,0.0,0.0,100,has_upperparts_color::black,cbm
66,Western Gull,30,13,19,17,0.43333333333333335,10,0.7692307692307693,0.5263157894736842,0.7776563838376669,0.5182692307692307,0.966071428571428,0.4478021978021973,100,has_upperparts_color::black,cbm
71,Long tailed Jaeger,30,5,6,25,0.16666666666666666,3,0.6,0.5,0.6523233780809539,0.1910714285714286,1.0,0.8089285714285714,100,has_upperparts_color::black,cbm
67,Anna Hummingbird,30,6,5,24,0.2,1,0.16666666666666666,0.2,0.16617857142857143,0.0,0.5374999999999994,0.5374999999999994,100,has_upperparts_color::black,cbm
68,Ruby throated Hummingbird,30,1,4,29,0.03333333333333333,0,0.0,0.0,0.0,0.0,0.0,0.0,100,has_upperparts_color::black,cbm
31,Black billed Cuckoo,30,3,1,27,0.1,0,0.0,0.0,0.0,0.0,0.0,0.0,100,has_upperparts_color::black,cbm
69,Rufous Hummingbird,30,1,2,29,0.03333333333333333,0,0.0,0.0,0.0,0.0,0.0,0.0,100,has_upperparts_color::black,cbm
13,Bobolink,30,21,29,9,0.7,20,0.9523809523809523,0.6896551724137931,0.9490229262881269,0.8458552631578947,1.0,0.15414473684210528,100,has_upperparts_color::black,cbm
70,Green Violetear,30,2,1,28,0.06666666666666667,0,0.0,0.0,0.0,0.0,0.0,0.0,100,has_upperparts_color::black,cbm
181,Worm eating Warbler,29,5,1,24,0.1724137931034483,1,0.2,1.0,0.22184126984126984,0.0,0.6666666666666666,0.6666666666666666,100,has_upperparts_color::black,cbm
20,Yellow breasted Chat,29,7,7,22,0.2413793103448276,3,0.42857142857142855,0.42857142857142855,0.40626823176823174,0.0,0.8466666666666659,0.8466666666666659,100,has_upperparts_color::black,cbm
169,Magnolia Warbler,29,21,20,8,0.7241379310344828,15,0.7142857142857143,0.75,0.682211776701634,0.4861842105263158,0.84625,0.3600657894736842,100,has_upperparts_color::black,cbm
168,Kentucky Warbler,29,6,1,23,0.20689655172413793,1,0.16666666666666666,1.0,0.17823655020624718,0.0,0.6666666666666666,0.6666666666666666,100,has_upperparts_color::black,cbm
28,Brown Creeper,29,9,16,20,0.3103448275862069,4,0.4444444444444444,0.25,0.42559379509379497,0.14479166666666665,0.75,0.6052083333333333,100,has_upperparts_color::black,cbm
9,Brewer Blackbird,29,18,25,11,0.6206896551724138,17,0.9444444444444444,0.68,0.9387130007243918,0.8109375,1.0,0.18906250000000002,100,has_upperparts_color::black,cbm
166,Golden winged Warbler,29,10,11,19,0.3448275862068966,4,0.4,0.36363636363636365,0.40301931401931407,0.1111111111111111,0.75,0.6388888888888888,100,has_upperparts_color::black,cbm
23,Brandt Cormorant,29,16,21,13,0.5517241379310345,13,0.8125,0.6190476190476191,0.8204916944510597,0.6541666666666667,1.0,0.3458333333333333,100,has_upperparts_color::black,cbm
190,Red cockaded Woodpecker,29,25,28,4,0.8620689655172413,24,0.96,0.8571428571428571,0.9575462316003902,0.877375,1.0,0.12262499999999998,100,has_upperparts_color::black,cbm
33,Yellow billed Cuckoo,29,2,5,27,0.06896551724137931,1,0.5,0.2,0.5916666666666667,0.0,1.0,1.0,100,has_upperparts_color::black,cbm
179,Tennessee Warbler,29,11,4,18,0.3793103448275862,1,0.09090909090909091,0.25,0.11110825285825285,0.0,0.3334090909090904,0.3334090909090904,100,has_upperparts_color::black,cbm
19,Gray Catbird,29,7,11,22,0.2413793103448276,4,0.5714285714285714,0.36363636363636365,0.5421499888999888,0.15333333333333335,0.9472222222222213,0.793888888888888,100,has_upperparts_color::black,cbm
43,Yellow bellied Flycatcher,29,9,8,20,0.3103448275862069,2,0.2222222222222222,0.25,0.21744977244977243,0.0,0.4817307692307689,0.4817307692307689,100,has_upperparts_color::black,cbm
117,Clay colored Sparrow,29,16,10,13,0.5517241379310345,8,0.5,0.8,0.507618489932765,0.24227941176470588,0.75,0.5077205882352941,100,has_upperparts_color::black,cbm
141,Artic Tern,29,3,2,26,0.10344827586206896,0,0.0,0.0,0.0,0.0,0.0,0.0,100,has_upperparts_color::black,cbm
160,Black throated Blue Warbler,29,14,20,15,0.4827586206896552,9,0.6428571428571429,0.45,0.6301862041037737,0.39246323529411764,0.8461538461538461,0.4536906108597285,100,has_upperparts_color::black,cbm
119,Field Sparrow,29,12,12,17,0.41379310344827586,7,0.5833333333333334,0.5833333333333334,0.5822077220165456,0.3,0.8400641025641025,0.5400641025641024,100,has_upperparts_color::black,cbm
124,Le Conte Sparrow,29,15,14,14,0.5172413793103449,8,0.5333333333333333,0.5714285714285714,0.522422439617486,0.30365384615384616,0.7242857142857141,0.4206318681318679,100,has_upperparts_color::black,cbm
125,Lincoln Sparrow,29,18,8,11,0.6206896551724138,4,0.2222222222222222,0.5,0.20477558781723207,0.023750000000000007,0.39430147058823495,0.37055147058823495,100,has_upperparts_color::black,cbm
115,Brewer Sparrow,29,9,6,20,0.3103448275862069,3,0.3333333333333333,0.5,0.3260512265512265,0.0,0.5920833333333332,0.5920833333333332,100,has_upperparts_color::black,cbm
60,Glaucous winged Gull,29,0,3,29,0.0,0,,0.0,,,,,100,has_upperparts_color::black,cbm
78,Gray Kingbird,29,5,8,24,0.1724137931034483,2,0.4,0.25,0.455345238095238,0.0,1.0,1.0,100,has_upperparts_color::black,cbm
97,Orchard Oriole,29,21,23,8,0.7241379310344828,17,0.8095238095238095,0.7391304347826086,0.8072226857657232,0.6510326086956522,0.9749999999999995,0.3239673913043474,100,has_upperparts_color::black,cbm
149,Brown Thrasher,29,3,3,26,0.10344827586206896,1,0.3333333333333333,0.3333333333333333,0.34880952380952385,0.0,1.0,1.0,100,has_upperparts_color::black,cbm
39,Least Flycatcher,29,7,6,22,0.2413793103448276,2,0.2857142857142857,0.3333333333333333,0.24515831390831389,0.0,0.6214285714285706,0.6214285714285706,100,has_upperparts_color::black,cbm
153,Philadelphia Vireo,29,6,2,23,0.20689655172413793,0,0.0,0.0,0.0,0.0,0.0,0.0,100,has_upperparts_color::black,cbm
37,Acadian Flycatcher,29,4,6,25,0.13793103448275862,2,0.5,0.3333333333333333,0.4865039682539683,0.0,1.0,1.0,100,has_upperparts_color::black,cbm
157,Yellow throated Vireo,29,8,14,21,0.27586206896551724,5,0.625,0.35714285714285715,0.6289307359307358,0.3333333333333333,0.9047727272727272,0.5714393939393938,100,has_upperparts_color::black,cbm
34,Gray crowned Rosy Finch,29,13,7,16,0.4482758620689655,4,0.3076923076923077,0.5714285714285714,0.3288435901044261,0.0878846153846154,0.5920833333333332,0.5041987179487177,100,has_upperparts_color::black,cbm
3,Sooty Albatross,28,2,4,26,0.07142857142857142,0,0.0,0.0,0.0,0.0,0.0,0.0,100,has_upperparts_color::black,cbm
15,Lazuli Bunting,28,17,11,11,0.6071428571428571,9,0.5294117647058824,0.8181818181818182,0.5131430126890653,0.3157894736842105,0.7142857142857143,0.3984962406015038,100,has_upperparts_color::black,cbm
16,Painted Bunting,28,2,2,26,0.07142857142857142,0,0.0,0.0,0.0,0.0,0.0,0.0,100,has_upperparts_color::black,cbm
58,Pigeon Guillemot,28,18,22,10,0.6428571428571429,17,0.9444444444444444,0.7727272727272727,0.9420786224869043,0.8281862745098039,1.0,0.17181372549019613,100,has_upperparts_color::black,cbm
17,Cardinal,27,5,0,22,0.18518518518518517,0,0.0,,0.0,0.0,0.0,0.0,100,has_upperparts_color::black,cbm
75,Green Jay,27,1,1,26,0.037037037037037035,0,0.0,0.0,0.0,0.0,0.0,0.0,100,has_upperparts_color::black,cbm
178,Swainson Warbler,26,3,1,23,0.11538461538461539,0,0.0,0.0,0.0,0.0,0.0,0.0,100,has_upperparts_color::black,cbm
12,Yellow headed Blackbird,26,20,24,6,0.7692307692307693,18,0.9,0.75,0.8897152008003065,0.7556547619047619,1.0,0.24434523809523812,100,has_upperparts_color::black,cbm
22,Chuck will Widow,26,6,10,20,0.23076923076923078,4,0.6666666666666666,0.4,0.6763785936285935,0.22375,1.0,0.77625,100,has_upperparts_color::black,cbm
7,Parakeet Auklet,23,15,20,8,0.6521739130434783,14,0.9333333333333333,0.7,0.935796028361044,0.7746848739495797,1.0,0.22531512605042026,100,has_upperparts_color::black,cbm
84,Red legged Kittiwake,23,5,5,18,0.21739130434782608,1,0.2,0.2,0.18952621452621451,0.0,0.75,0.75,100,has_upperparts_color::black,cbm
32,Mangrove Cuckoo,23,3,6,20,0.13043478260869565,2,0.6666666666666666,0.3333333333333333,0.7098396501457727,0.0,1.0,1.0,100,has_upperparts_color::black,cbm
24,Red faced Cormorant,22,16,21,6,0.7272727272727273,16,1.0,0.7619047619047619,1.0,1.0,1.0,0.0,100,has_upperparts_color::black,cbm
151,Black capped Vireo,21,7,11,14,0.3333333333333333,6,0.8571428571428571,0.5454545454545454,0.8533097041847043,0.5,1.0,0.5,100,has_upperparts_color::black,cbm
113,Baird Sparrow,20,5,7,15,0.25,3,0.6,0.42857142857142855,0.5993134920634922,0.1825,1.0,0.8175,100,has_upperparts_color::black,cbm
187,American Three toed Woodpecker,20,17,19,3,0.85,17,1.0,0.8947368421052632,1.0,1.0,1.0,0.0,100,has_upperparts_color::black,cbm
65,Slaty backed Gull,20,11,9,9,0.55,7,0.6363636363636364,0.7777777777777778,0.6329625603155016,0.3158333333333333,0.8888888888888888,0.5730555555555555,100,has_upperparts_color::black,cbm
101,White Pelican,20,2,1,18,0.1,1,0.5,1.0,0.41642589620117704,0.0,1.0,1.0,100,has_upperparts_color::black,cbm
105,Whip poor Will,19,6,7,13,0.3157894736842105,3,0.5,0.42857142857142855,0.500172077922078,0.0,0.920833333333332,0.920833333333332,100,has_upperparts_color::black,cbm
8,Rhinoceros Auklet,18,11,12,7,0.6111111111111112,7,0.6363636363636364,0.5833333333333334,0.6613823953823953,0.2895833333333333,0.9090909090909091,0.6195075757575758,100,has_upperparts_color::black,cbm
18,Spotted Catbird,15,3,3,12,0.2,1,0.3333333333333333,0.3333333333333333,0.33298611111111104,0.0,1.0,1.0,100,has_upperparts_color::black,cbm
5,Crested Auklet,14,10,9,4,0.7142857142857143,8,0.8,0.8888888888888888,0.7898876678876678,0.5555555555555556,1.0,0.4444444444444444,100,has_upperparts_color::black,cbm
6,Least Auklet,11,6,9,5,0.5454545454545454,5,0.8333333333333334,0.5555555555555556,0.8431071428571428,0.5,1.0,0.5,100,has_upperparts_color::black,cbm
1,Black footed Albatross,30,1,0,29,0.03333333333333333,0,0.0,,0.0,0.0,0.0,0.0,100,has_bill_length::shorter_than_head,cbm
143,Caspian Tern,30,2,0,28,0.06666666666666667,0,0.0,,0.0,0.0,0.0,0.0,100,has_bill_length::shorter_than_head,cbm
120,Fox Sparrow,30,28,23,2,0.9333333333333333,21,0.75,0.9130434782608695,0.7661852132541788,0.6487068965517242,0.8983620689655172,0.24965517241379298,100,has_bill_length::shorter_than_head,cbm
121,Grasshopper Sparrow,30,28,27,2,0.9333333333333333,25,0.8928571428571429,0.9259259259259259,0.885346718032925,0.7636604774535809,1.0,0.2363395225464191,100,has_bill_length::shorter_than_head,cbm
122,Harris Sparrow,30,30,27,0,1.0,27,0.9,1.0,0.9046666666666668,0.7825000000000001,1.0,0.21749999999999992,100,has_bill_length::shorter_than_head,cbm
123,Henslow Sparrow,30,27,28,3,0.9,25,0.9259259259259259,0.8928571428571429,0.9276678434592229,0.8365,1.0,0.16349999999999998,100,has_bill_length::shorter_than_head,cbm
126,Nelson Sharp tailed Sparrow,30,29,28,1,0.9666666666666667,27,0.9310344827586207,0.9642857142857143,0.9421918445539136,0.830316091954023,1.0,0.169683908045977,100,has_bill_length::shorter_than_head,cbm
127,Savannah Sparrow,30,28,29,2,0.9333333333333333,27,0.9642857142857143,0.9310344827586207,0.9633358679634542,0.8907738095238095,1.0,0.10922619047619053,100,has_bill_length::shorter_than_head,cbm
128,Seaside Sparrow,30,19,23,11,0.6333333333333333,12,0.631578947368421,0.5217391304347826,0.646491659319577,0.45,0.8261363636363636,0.37613636363636355,100,has_bill_length::shorter_than_head,cbm
129,Song Sparrow,30,29,28,1,0.9666666666666667,27,0.9310344827586207,0.9642857142857143,0.9313585112205804,0.8416256157635468,1.0,0.15837438423645323,100,has_bill_length::shorter_than_head,cbm
130,Tree Sparrow,30,29,29,1,0.9666666666666667,28,0.9655172413793104,0.9655172413793104,0.9634205015929155,0.8666666666666667,1.0,0.1333333333333333,100,has_bill_length::shorter_than_head,cbm
131,Vesper Sparrow,30,30,28,0,1.0,28,0.9333333333333333,1.0,0.9350000000000002,0.8333333333333334,1.0,0.16666666666666663,100,has_bill_length::shorter_than_head,cbm
132,White crowned Sparrow,30,30,27,0,1.0,27,0.9,1.0,0.8876666666666668,0.7825000000000001,0.9666666666666667,0.1841666666666666,100,has_bill_length::shorter_than_head,cbm
133,White throated Sparrow,30,28,29,2,0.9333333333333333,27,0.9642857142857143,0.9310344827586207,0.9651117466602476,0.8727785145888594,1.0,0.12722148541114064,100,has_bill_length::shorter_than_head,cbm
134,Cape Glossy Starling,30,20,9,10,0.6666666666666666,6,0.3,0.6666666666666666,0.3027212700594649,0.07599431818181819,0.5,0.4240056818181818,100,has_bill_length::shorter_than_head,cbm
135,Bank Swallow,30,27,23,3,0.9,20,0.7407407407407407,0.8695652173913043,0.705397887935819,0.5357142857142857,0.9087225274725272,0.37300824175824154,100,has_bill_length::shorter_than_head,cbm
136,Barn Swallow,30,27,26,3,0.9,23,0.8518518518518519,0.8846153846153846,0.8674439958397977,0.727287798408488,1.0,0.272712201591512,100,has_bill_length::shorter_than_head,cbm
137,Cliff Swallow,30,21,20,9,0.7,15,0.7142857142857143,0.75,0.7085902732701258,0.4708333333333333,0.9111660079051382,0.4403326745718049,100,has_bill_length::shorter_than_head,cbm
138,Tree Swallow,30,26,17,4,0.8666666666666667,15,0.5769230769230769,0.8823529411764706,0.5767838427855669,0.3935185185185185,0.7552499999999999,0.3617314814814814,100,has_bill_length::shorter_than_head,cbm
139,Scarlet Tanager,30,29,28,1,0.9666666666666667,27,0.9310344827586207,0.9642857142857143,0.9276106900762073,0.8214285714285714,1.0,0.1785714285714286,100,has_bill_length::shorter_than_head,cbm
140,Summer Tanager,30,23,25,7,0.7666666666666667,19,0.8260869565217391,0.76,0.82974606688125,0.6857730263157895,0.9615555555555555,0.275782529239766,100,has_bill_length::shorter_than_head,cbm
118,House Sparrow,30,27,29,3,0.9,26,0.9629629629629629,0.896551724137931,0.9687195905405049,0.8981896551724138,1.0,0.10181034482758622,100,has_bill_length::shorter_than_head,cbm
116,Chipping Sparrow,30,30,26,0,1.0,26,0.8666666666666667,1.0,0.8686666666666667,0.7666666666666667,0.9666666666666667,0.19999999999999996,100,has_bill_length::shorter_than_head,cbm
114,Black throated Sparrow,30,28,27,2,0.9333333333333333,26,0.9285714285714286,0.9629629629629629,0.9250581301839922,0.8333333333333334,1.0,0.16666666666666663,100,has_bill_length::shorter_than_head,cbm
2,Laysan Albatross,30,3,2,27,0.1,1,0.3333333333333333,0.5,0.2846588119783996,0.0,0.8,0.8,100,has_bill_length::shorter_than_head,cbm
92,Nighthawk,30,27,15,3,0.9,14,0.5185185185185185,0.9333333333333333,0.5171046448443,0.32126436781609197,0.68,0.3587356321839081,100,has_bill_length::shorter_than_head,cbm
93,Clark Nutcracker,30,3,1,27,0.1,1,0.3333333333333333,1.0,0.2949926362297496,0.0,1.0,1.0,100,has_bill_length::shorter_than_head,cbm
94,White breasted Nuthatch,30,8,11,22,0.26666666666666666,4,0.5,0.36363636363636365,0.49516919191919184,0.05937500000000001,0.9524999999999991,0.8931249999999991,100,has_bill_length::shorter_than_head,cbm
95,Baltimore Oriole,30,19,19,11,0.6333333333333333,11,0.5789473684210527,0.5789473684210527,0.5863508959613247,0.37782738095238094,0.81687675070028,0.43904936974789904,100,has_bill_length::shorter_than_head,cbm
96,Hooded Oriole,30,7,13,23,0.23333333333333334,5,0.7142857142857143,0.38461538461538464,0.7128313075813076,0.25,1.0,0.75,100,has_bill_length::shorter_than_head,cbm
98,Scott Oriole,30,10,16,20,0.3333333333333333,5,0.5,0.3125,0.5107797251767839,0.16062500000000002,0.8,0.639375,100,has_bill_length::shorter_than_head,cbm
99,Ovenbird,30,25,24,5,0.8333333333333334,21,0.84,0.875,0.8403093764861382,0.6905092592592593,0.9583333333333334,0.26782407407407405,100,has_bill_length::shorter_than_head,cbm
100,Brown Pelican,30,0,1,30,0.0,0,,0.0,,,,,100,has_bill_length::shorter_than_head,cbm
102,Western Wood Pewee,30,21,25,9,0.7,18,0.8571428571428571,0.72,0.8619839875407043,0.7301515151515151,1.0,0.2698484848484849,100,has_bill_length::shorter_than_head,cbm
112,Great Grey Shrike,30,25,23,5,0.8333333333333334,18,0.72,0.782608695652174,0.7335160083786968,0.5336074561403509,0.9130681818181817,0.37946072567783085,100,has_bill_length::shorter_than_head,cbm
103,Sayornis,30,20,24,10,0.6666666666666666,16,0.8,0.6666666666666666,0.809895234443545,0.6136128364389234,0.94875,0.3351371635610766,100,has_bill_length::shorter_than_head,cbm
104,American Pipit,30,21,18,9,0.7,14,0.6666666666666666,0.7777777777777778,0.6666094228751014,0.5103260869565217,0.85,0.33967391304347827,100,has_bill_length::shorter_than_head,cbm
106,Horned Puffin,30,14,3,16,0.4666666666666667,1,0.07142857142857142,0.3333333333333333,0.07623594254902305,0.0,0.2262499999999996,0.2262499999999996,100,has_bill_length::shorter_than_head,cbm
107,Common Raven,30,7,5,23,0.23333333333333334,0,0.0,0.0,0.0,0.0,0.0,0.0,100,has_bill_length::shorter_than_head,cbm
108,White necked Raven,30,11,3,19,0.36666666666666664,1,0.09090909090909091,0.3333333333333333,0.11693303183744361,0.0,0.35520833333333296,0.35520833333333296,100,has_bill_length::shorter_than_head,cbm
109,American Redstart,30,24,26,6,0.8,22,0.9166666666666666,0.8461538461538461,0.9017708857334716,0.7944736842105263,1.0,0.20552631578947367,100,has_bill_length::shorter_than_head,cbm
110,Geococcyx,30,7,4,23,0.23333333333333334,1,0.14285714285714285,0.25,0.14035389610389606,0.0,0.46607142857142797,0.46607142857142797,100,has_bill_length::shorter_than_head,cbm
111,Loggerhead Shrike,30,29,25,1,0.9666666666666667,24,0.8275862068965517,0.96,0.8272120051085569,0.6945689655172413,0.9642857142857143,0.26971674876847296,100,has_bill_length::shorter_than_head,cbm
142,Black Tern,30,4,4,26,0.13333333333333333,1,0.25,0.25,0.26524625767050014,0.0,0.75,0.75,100,has_bill_length::shorter_than_head,cbm
144,Common Tern,30,2,1,28,0.06666666666666667,0,0.0,0.0,0.0,0.0,0.0,0.0,100,has_bill_length::shorter_than_head,cbm
90,Red breasted Merganser,30,1,0,29,0.03333333333333333,0,0.0,,0.0,0.0,0.0,0.0,100,has_bill_length::shorter_than_head,cbm
145,Elegant Tern,30,0,0,30,0.0,0,,,,,,,100,has_bill_length::shorter_than_head,cbm
176,Prairie Warbler,30,26,30,4,0.8666666666666667,26,1.0,0.8666666666666667,1.0,1.0,1.0,0.0,100,has_bill_length::shorter_than_head,cbm
177,Prothonotary Warbler,30,19,23,11,0.6333333333333333,15,0.7894736842105263,0.6521739130434783,0.8036762227859785,0.631578947368421,0.9512499999999999,0.3196710526315789,100,has_bill_length::shorter_than_head,cbm
180,Wilson Warbler,30,30,28,0,1.0,28,0.9333333333333333,1.0,0.9333333333333335,0.8333333333333334,1.0,0.16666666666666663,100,has_bill_length::shorter_than_head,cbm
182,Yellow Warbler,30,26,24,4,0.8666666666666667,21,0.8076923076923077,0.875,0.8056451633684767,0.6538461538461539,0.9259259259259259,0.2720797720797721,100,has_bill_length::shorter_than_head,cbm
183,Northern Waterthrush,30,21,21,9,0.7,16,0.7619047619047619,0.7619047619047619,0.7624403361654574,0.640328947368421,0.8975,0.2571710526315789,100,has_bill_length::shorter_than_head,cbm
184,Louisiana Waterthrush,30,20,17,10,0.6666666666666666,14,0.7,0.8235294117647058,0.695420074231368,0.47487468671679195,0.8827803203661325,0.40790563364934057,100,has_bill_length::shorter_than_head,cbm
185,Bohemian Waxwing,30,24,24,6,0.8,19,0.7916666666666666,0.7916666666666666,0.7905680281579596,0.64475,0.9230769230769231,0.2783269230769231,100,has_bill_length::shorter_than_head,cbm
186,Cedar Waxwing,30,29,25,1,0.9666666666666667,25,0.8620689655172413,1.0,0.8682306990582853,0.7540948275862068,0.9666666666666667,0.21257183908045985,100,has_bill_length::shorter_than_head,cbm
188,Pileated Woodpecker,30,2,2,28,0.06666666666666667,0,0.0,0.0,0.0,0.0,0.0,0.0,100,has_bill_length::shorter_than_head,cbm
189,Red bellied Woodpecker,30,3,2,27,0.1,0,0.0,0.0,0.0,0.0,0.0,0.0,100,has_bill_length::shorter_than_head,cbm
191,Red headed Woodpecker,30,3,3,27,0.1,1,0.3333333333333333,0.3333333333333333,0.3572916666666666,0.0,1.0,1.0,100,has_bill_length::shorter_than_head,cbm
192,Downy Woodpecker,30,24,11,6,0.8,10,0.4166666666666667,0.9090909090909091,0.4142308000243295,0.24547413793103448,0.6359999999999999,0.39052586206896545,100,has_bill_length::shorter_than_head,cbm
193,Bewick Wren,30,15,14,15,0.5,10,0.6666666666666666,0.7142857142857143,0.6480364012922061,0.4328125,0.875,0.4421875,100,has_bill_length::shorter_than_head,cbm
194,Cactus Wren,30,8,9,22,0.26666666666666666,3,0.375,0.3333333333333333,0.39211913086913086,0.1,0.8299999999999995,0.7299999999999995,100,has_bill_length::shorter_than_head,cbm
195,Carolina Wren,30,14,13,16,0.4666666666666667,7,0.5,0.5384615384615384,0.5037422832155805,0.23125,0.7600961538461537,0.5288461538461537,100,has_bill_length::shorter_than_head,cbm
196,House Wren,30,13,14,17,0.43333333333333335,7,0.5384615384615384,0.5,0.5476065616100446,0.3158333333333333,0.8123529411764704,0.4965196078431371,100,has_bill_length::shorter_than_head,cbm
197,Marsh Wren,30,15,20,15,0.5,11,0.7333333333333333,0.55,0.7497681071508473,0.5417832167832167,0.9355208333333334,0.39373761655011663,100,has_bill_length::shorter_than_head,cbm
198,Rock Wren,30,7,6,23,0.23333333333333334,3,0.42857142857142855,0.5,0.38031790431790435,0.0,0.806249999999999,0.806249999999999,100,has_bill_length::shorter_than_head,cbm
199,Winter Wren,30,20,20,10,0.6666666666666666,13,0.65,0.65,0.6551087048617167,0.44708333333333333,0.8655701754385959,0.4184868421052626,100,has_bill_length::shorter_than_head,cbm
175,Pine Warbler,30,26,25,4,0.8666666666666667,21,0.8076923076923077,0.84,0.8187444259610676,0.6858461538461539,0.9259259259259259,0.24007977207977205,100,has_bill_length::shorter_than_head,cbm
174,Palm Warbler,30,27,27,3,0.9,24,0.8888888888888888,0.8888888888888888,0.8870759224173017,0.7631666666666667,0.9642857142857143,0.20111904761904764,100,has_bill_length::shorter_than_head,cbm
173,Orange crowned Warbler,30,22,25,8,0.7333333333333333,18,0.8181818181818182,0.72,0.8058709598815692,0.6526666666666666,0.9512499999999999,0.2985833333333333,100,has_bill_length::shorter_than_head,cbm
158,Bay breasted Warbler,30,21,27,9,0.7,19,0.9047619047619048,0.7037037037037037,0.9109100315345502,0.7817234848484849,1.0,0.21827651515151514,100,has_bill_length::shorter_than_head,cbm
146,Forsters Tern,30,0,0,30,0.0,0,,,,,,,100,has_bill_length::shorter_than_head,cbm
147,Least Tern,30,4,2,26,0.13333333333333333,1,0.25,0.5,0.22152877986211317,0.0,0.6666666666666666,0.6666666666666666,100,has_bill_length::shorter_than_head,cbm
148,Green tailed Towhee,30,29,27,1,0.9666666666666667,26,0.896551724137931,0.9629629629629629,0.894738586445483,0.7931034482758621,0.9666666666666667,0.17356321839080457,100,has_bill_length::shorter_than_head,cbm
150,Sage Thrasher,30,19,17,11,0.6333333333333333,12,0.631578947368421,0.7058823529411765,0.6550568701957821,0.4,0.878860294117647,0.47886029411764697,100,has_bill_length::shorter_than_head,cbm
152,Blue headed Vireo,30,20,28,10,0.6666666666666666,18,0.9,0.6428571428571429,0.8881192491954135,0.6895,1.0,0.3105,100,has_bill_length::shorter_than_head,cbm
154,Red eyed Vireo,30,20,23,10,0.6666666666666666,16,0.8,0.6956521739130435,0.8011527046673431,0.5993577075098815,0.95,0.35064229249011847,100,has_bill_length::shorter_than_head,cbm
155,Warbling Vireo,30,23,24,7,0.7666666666666667,19,0.8260869565217391,0.7916666666666666,0.8199749294734421,0.673,0.9565217391304348,0.28352173913043477,100,has_bill_length::shorter_than_head,cbm
156,White eyed Vireo,30,23,27,7,0.7666666666666667,22,0.9565217391304348,0.8148148148148148,0.9649859786499577,0.8972368421052632,1.0,0.10276315789473678,100,has_bill_length::shorter_than_head,cbm
159,Black and white Warbler,30,17,20,13,0.5666666666666667,12,0.7058823529411765,0.6,0.7196301905345518,0.5020175438596491,0.8947222222222221,0.39270467836257295,100,has_bill_length::shorter_than_head,cbm
172,Nashville Warbler,30,25,27,5,0.8333333333333334,24,0.96,0.8888888888888888,0.9567653830066873,0.875,1.0,0.125,100,has_bill_length::shorter_than_head,cbm
161,Blue winged Warbler,30,20,25,10,0.6666666666666666,17,0.85,0.68,0.8557493291713746,0.6904545454545454,0.9784090909090906,0.28795454545454513,100,has_bill_length::shorter_than_head,cbm
162,Canada Warbler,30,24,26,6,0.8,21,0.875,0.8076923076923077,0.8658220335474341,0.688389328063241,0.9636574074074074,0.2752680793441663,100,has_bill_length::shorter_than_head,cbm
163,Cape May Warbler,30,26,28,4,0.8666666666666667,26,1.0,0.9285714285714286,1.0,1.0,1.0,0.0,100,has_bill_length::shorter_than_head,cbm
164,Cerulean Warbler,30,18,24,12,0.6,13,0.7222222222222222,0.5416666666666666,0.7168539422289321,0.4782608695652174,0.8975,0.41923913043478256,100,has_bill_length::shorter_than_head,cbm
165,Chestnut sided Warbler,30,25,27,5,0.8333333333333334,23,0.92,0.8518518518518519,0.9182914907154037,0.795625,1.0,0.20437499999999997,100,has_bill_length::shorter_than_head,cbm
167,Hooded Warbler,30,20,21,10,0.6666666666666666,17,0.85,0.8095238095238095,0.8469053007535979,0.7291666666666666,0.9793478260869561,0.2501811594202895,100,has_bill_length::shorter_than_head,cbm
170,Mourning Warbler,30,21,26,9,0.7,18,0.8571428571428571,0.6923076923076923,0.8744647916074889,0.7368421052631579,1.0,0.26315789473684215,100,has_bill_length::shorter_than_head,cbm
171,Myrtle Warbler,30,25,26,5,0.8333333333333334,21,0.84,0.8076923076923077,0.8591446180062371,0.72,0.9622863247863248,0.24228632478632484,100,has_bill_length::shorter_than_head,cbm
91,Mockingbird,30,19,15,11,0.6333333333333333,10,0.5263157894736842,0.6666666666666666,0.5278157097015995,0.35714285714285715,0.7058823529411765,0.34873949579831937,100,has_bill_length::shorter_than_head,cbm
200,Common Yellowthroat,30,20,25,10,0.6666666666666666,16,0.8,0.64,0.7993427410282843,0.5882352941176471,0.9555830039525692,0.36734770983492215,100,has_bill_length::shorter_than_head,cbm
89,Hooded Merganser,30,4,2,26,0.13333333333333333,0,0.0,0.0,0.0,0.0,0.0,0.0,100,has_bill_length::shorter_than_head,cbm
26,Bronzed Cowbird,30,21,17,9,0.7,13,0.6190476190476191,0.7647058823529411,0.6152351365711508,0.43478260869565216,0.837938596491228,0.4031559877955759,100,has_bill_length::shorter_than_head,cbm
61,Heermann Gull,30,7,1,23,0.23333333333333334,0,0.0,0.0,0.0,0.0,0.0,0.0,100,has_bill_length::shorter_than_head,cbm
59,California Gull,30,4,1,26,0.13333333333333333,0,0.0,0.0,0.0,0.0,0.0,0.0,100,has_bill_length::shorter_than_head,cbm
25,Pelagic Cormorant,30,3,1,27,0.1,0,0.0,0.0,0.0,0.0,0.0,0.0,100,has_bill_length::shorter_than_head,cbm
57,Rose breasted Grosbeak,30,26,23,4,0.8666666666666667,20,0.7692307692307693,0.8695652173913043,0.7612596719095218,0.6153846153846154,0.8909722222222222,0.27558760683760675,100,has_bill_length::shorter_than_head,cbm
56,Pine Grosbeak,30,26,28,4,0.8666666666666667,25,0.9615384615384616,0.8928571428571429,0.9638838172877154,0.8866452991452991,1.0,0.1133547008547009,100,has_bill_length::shorter_than_head,cbm
55,Evening Grosbeak,30,23,26,7,0.7666666666666667,20,0.8695652173913043,0.7692307692307693,0.8747498131514191,0.75475,1.0,0.24524999999999997,100,has_bill_length::shorter_than_head,cbm
54,Blue Grosbeak,30,23,30,7,0.7666666666666667,23,1.0,0.7666666666666667,1.0,1.0,1.0,0.0,100,has_bill_length::shorter_than_head,cbm
53,Western Grebe,30,1,0,29,0.03333333333333333,0,0.0,,0.0,0.0,0.0,0.0,100,has_bill_length::shorter_than_head,cbm
52,Pied billed Grebe,30,17,8,13,0.5666666666666667,4,0.23529411764705882,0.5,0.2552182203163493,0.06935096153846154,0.4375,0.36814903846153846,100,has_bill_length::shorter_than_head,cbm
51,Horned Grebe,30,12,10,18,0.4,5,0.4166666666666667,0.5,0.38369831067625193,0.13785714285714284,0.7074999999999999,0.5696428571428571,100,has_bill_length::shorter_than_head,cbm
50,Eared Grebe,30,9,2,21,0.3,0,0.0,0.0,0.0,0.0,0.0,0.0,100,has_bill_length::shorter_than_head,cbm
49,Boat tailed Grackle,30,10,9,20,0.3333333333333333,5,0.5,0.5555555555555556,0.49339078976578976,0.21055555555555555,0.8004807692307684,0.5899252136752129,100,has_bill_length::shorter_than_head,cbm
48,European Goldfinch,30,28,29,2,0.9333333333333333,27,0.9642857142857143,0.9310344827586207,0.9630355549941757,0.8727785145888594,1.0,0.12722148541114064,100,has_bill_length::shorter_than_head,cbm
47,American Goldfinch,30,25,27,5,0.8333333333333334,23,0.92,0.8518518518518519,0.9251306939409639,0.8295289855072464,1.0,0.1704710144927536,100,has_bill_length::shorter_than_head,cbm
63,Ivory Gull,30,14,4,16,0.4666666666666667,2,0.14285714285714285,0.5,0.13781694732855723,0.0,0.3333333333333333,0.3333333333333333,100,has_bill_length::shorter_than_head,cbm
46,Gadwall,30,3,1,27,0.1,0,0.0,0.0,0.0,0.0,0.0,0.0,100,has_bill_length::shorter_than_head,cbm
45,Northern Fulmar,30,15,2,15,0.5,2,0.13333333333333333,1.0,0.12885931646612758,0.0,0.3234374999999998,0.3234374999999998,100,has_bill_length::shorter_than_head,cbm
44,Frigatebird,30,0,1,30,0.0,0,,0.0,,,,,100,has_bill_length::shorter_than_head,cbm
88,Western Meadowlark,30,5,9,25,0.16666666666666666,3,0.6,0.3333333333333333,0.5942841109507775,0.0,1.0,1.0,100,has_bill_length::shorter_than_head,cbm
42,Vermilion Flycatcher,30,28,24,2,0.9333333333333333,22,0.7857142857142857,0.9166666666666666,0.7872454240523205,0.6428571428571429,0.9245726495726496,0.2817155067155067,100,has_bill_length::shorter_than_head,cbm
41,Scissor tailed Flycatcher,30,20,15,10,0.6666666666666666,11,0.55,0.7333333333333333,0.5442912795128774,0.3426470588235294,0.7114583333333333,0.3688112745098039,100,has_bill_length::shorter_than_head,cbm
27,Shiny Cowbird,30,20,10,10,0.6666666666666666,6,0.3,0.6,0.301356650001858,0.11770833333333333,0.4760869565217391,0.35837862318840574,100,has_bill_length::shorter_than_head,cbm
40,Olive sided Flycatcher,30,17,16,13,0.5666666666666667,7,0.4117647058823529,0.4375,0.4277331800466475,0.2,0.6486029411764705,0.44860294117647054,100,has_bill_length::shorter_than_head,cbm
38,Great Crested Flycatcher,30,14,15,16,0.4666666666666667,6,0.42857142857142855,0.4,0.4182655801800538,0.16666666666666666,0.6343749999999999,0.4677083333333333,100,has_bill_length::shorter_than_head,cbm
36,Northern Flicker,30,1,4,29,0.03333333333333333,0,0.0,0.0,0.0,0.0,0.0,0.0,100,has_bill_length::shorter_than_head,cbm
29,American Crow,30,5,8,25,0.16666666666666666,3,0.6,0.375,0.5948492063492065,0.0,1.0,1.0,100,has_bill_length::shorter_than_head,cbm
35,Purple Finch,30,28,30,2,0.9333333333333333,28,1.0,0.9333333333333333,1.0,1.0,1.0,0.0,100,has_bill_length::shorter_than_head,cbm
30,Fish Crow,30,8,7,22,0.26666666666666666,1,0.125,0.14285714285714285,0.1312256632256632,0.0,0.4,0.4,100,has_bill_length::shorter_than_head,cbm
21,Eastern Towhee,30,30,22,0,1.0,22,0.7333333333333333,1.0,0.7426666666666668,0.5491666666666667,0.8666666666666667,0.3175,100,has_bill_length::shorter_than_head,cbm
62,Herring Gull,30,4,2,26,0.13333333333333333,1,0.25,0.5,0.23102052268718937,0.0,0.849999999999999,0.849999999999999,100,has_bill_length::shorter_than_head,cbm
64,Ring billed Gull,30,3,2,27,0.1,0,0.0,0.0,0.0,0.0,0.0,0.0,100,has_bill_length::shorter_than_head,cbm
73,Blue Jay,30,15,17,15,0.5,8,0.5333333333333333,0.47058823529411764,0.544963041516447,0.3196428571428571,0.8065625,0.48691964285714284,100,has_bill_length::shorter_than_head,cbm
87,Mallard,30,3,1,27,0.1,0,0.0,0.0,0.0,0.0,0.0,0.0,100,has_bill_length::shorter_than_head,cbm
86,Pacific Loon,30,4,1,26,0.13333333333333333,0,0.0,0.0,0.0,0.0,0.0,0.0,100,has_bill_length::shorter_than_head,cbm
85,Horned Lark,30,26,27,4,0.8666666666666667,23,0.8846153846153846,0.8518518518518519,0.8868610392883256,0.7307692307692307,1.0,0.2692307692307693,100,has_bill_length::shorter_than_head,cbm
4,Groove billed Ani,30,22,17,8,0.7333333333333333,13,0.5909090909090909,0.7647058823529411,0.5878002608810841,0.42232142857142857,0.7388888888888888,0.31656746031746025,100,has_bill_length::shorter_than_head,cbm
83,White breasted Kingfisher,30,0,1,30,0.0,0,,0.0,,,,,100,has_bill_length::shorter_than_head,cbm
82,Ringed Kingfisher,30,0,3,30,0.0,0,,0.0,,,,,100,has_bill_length::shorter_than_head,cbm
81,Pied Kingfisher,30,0,0,30,0.0,0,,,,,,,100,has_bill_length::shorter_than_head,cbm
80,Green Kingfisher,30,1,2,29,0.03333333333333333,0,0.0,0.0,0.0,0.0,0.0,0.0,100,has_bill_length::shorter_than_head,cbm
79,Belted Kingfisher,30,3,1,27,0.1,0,0.0,0.0,0.0,0.0,0.0,0.0,100,has_bill_length::shorter_than_head,cbm
10,Red winged Blackbird,30,18,16,12,0.6,11,0.6111111111111112,0.6875,0.6117304841144557,0.386875,0.866517857142857,0.479642857142857,100,has_bill_length::shorter_than_head,cbm
77,Tropical Kingbird,30,16,17,14,0.5333333333333333,10,0.625,0.5882352941176471,0.6239124639550336,0.365625,0.878860294117647,0.513235294117647,100,has_bill_length::shorter_than_head,cbm
11,Rusty Blackbird,30,21,16,9,0.7,12,0.5714285714285714,0.75,0.5954541519852498,0.3954347826086957,0.8015624999999998,0.40612771739130415,100,has_bill_length::shorter_than_head,cbm
74,Florida Jay,30,23,15,7,0.7666666666666667,12,0.5217391304347826,0.8,0.5148228103621899,0.3075,0.726127819548872,0.41862781954887196,100,has_bill_length::shorter_than_head,cbm
76,Dark eyed Junco,30,25,24,5,0.8333333333333334,20,0.8,0.8333333333333334,0.7932940982044745,0.6666666666666666,0.9216153846153846,0.254948717948718,100,has_bill_length::shorter_than_head,cbm
72,Pomarine Jaeger,30,8,1,22,0.26666666666666666,1,0.125,1.0,0.13026221001221,0.0,0.3881249999999998,0.3881249999999998,100,has_bill_length::shorter_than_head,cbm
14,Indigo Bunting,30,24,25,6,0.8,20,0.8333333333333334,0.8,0.8368364426958051,0.673,1.0,0.32699999999999996,100,has_bill_length::shorter_than_head,cbm
66,Western Gull,30,5,3,25,0.16666666666666666,0,0.0,0.0,0.0,0.0,0.0,0.0,100,has_bill_length::shorter_than_head,cbm
71,Long tailed Jaeger,30,15,0,15,0.5,0,0.0,,0.0,0.0,0.0,0.0,100,has_bill_length::shorter_than_head,cbm
67,Anna Hummingbird,30,0,4,30,0.0,0,,0.0,,,,,100,has_bill_length::shorter_than_head,cbm
68,Ruby throated Hummingbird,30,0,2,30,0.0,0,,0.0,,,,,100,has_bill_length::shorter_than_head,cbm
31,Black billed Cuckoo,30,11,6,19,0.36666666666666664,3,0.2727272727272727,0.5,0.2691976773226773,0.0,0.5,0.5,100,has_bill_length::shorter_than_head,cbm
69,Rufous Hummingbird,30,1,3,29,0.03333333333333333,0,0.0,0.0,0.0,0.0,0.0,0.0,100,has_bill_length::shorter_than_head,cbm
13,Bobolink,30,29,17,1,0.9666666666666667,16,0.5517241379310345,0.9411764705882353,0.5505554011760908,0.36120689655172417,0.7241379310344828,0.3629310344827586,100,has_bill_length::shorter_than_head,cbm
70,Green Violetear,30,1,1,29,0.03333333333333333,0,0.0,0.0,0.0,0.0,0.0,0.0,100,has_bill_length::shorter_than_head,cbm
181,Worm eating Warbler,29,22,24,7,0.7586206896551724,17,0.7727272727272727,0.7083333333333334,0.7780362908557618,0.6338516746411483,0.907034632034632,0.27318295739348364,100,has_bill_length::shorter_than_head,cbm
20,Yellow breasted Chat,29,24,24,5,0.8275862068965517,21,0.875,0.875,0.8620520568930181,0.7189903846153847,0.9615384615384616,0.2425480769230769,100,has_bill_length::shorter_than_head,cbm
169,Magnolia Warbler,29,25,27,4,0.8620689655172413,23,0.92,0.8518518518518519,0.9238650343215561,0.8123913043478261,1.0,0.18760869565217386,100,has_bill_length::shorter_than_head,cbm
168,Kentucky Warbler,29,23,25,6,0.7931034482758621,20,0.8695652173913043,0.8,0.8712386517203449,0.7111607142857144,1.0,0.28883928571428563,100,has_bill_length::shorter_than_head,cbm
28,Brown Creeper,29,5,5,24,0.1724137931034483,1,0.2,0.2,0.21832280531260126,0.0,0.8583333333333343,0.8583333333333343,100,has_bill_length::shorter_than_head,cbm
9,Brewer Blackbird,29,16,10,13,0.5517241379310345,5,0.3125,0.5,0.3204355241421804,0.13348214285714285,0.536025641025641,0.4025434981684981,100,has_bill_length::shorter_than_head,cbm
166,Golden winged Warbler,29,17,20,12,0.5862068965517241,13,0.7647058823529411,0.65,0.7547555171007184,0.5357692307692308,0.9285714285714286,0.39280219780219783,100,has_bill_length::shorter_than_head,cbm
23,Brandt Cormorant,29,0,0,29,0.0,0,,,,,,,100,has_bill_length::shorter_than_head,cbm
190,Red cockaded Woodpecker,29,4,1,25,0.13793103448275862,0,0.0,0.0,0.0,0.0,0.0,0.0,100,has_bill_length::shorter_than_head,cbm
33,Yellow billed Cuckoo,29,10,7,19,0.3448275862068966,2,0.2,0.2857142857142857,0.23044037906537906,0.0,0.5159090909090899,0.5159090909090899,100,has_bill_length::shorter_than_head,cbm
179,Tennessee Warbler,29,23,23,6,0.7931034482758621,19,0.8260869565217391,0.8260869565217391,0.8208087467071448,0.6283152173913044,0.9545548654244306,0.3262396480331262,100,has_bill_length::shorter_than_head,cbm
19,Gray Catbird,29,14,10,15,0.4827586206896552,8,0.5714285714285714,0.8,0.5983205933643241,0.354936974789916,0.8683333333333327,0.5133963585434167,100,has_bill_length::shorter_than_head,cbm
43,Yellow bellied Flycatcher,29,23,26,6,0.7931034482758621,21,0.9130434782608695,0.8076923076923077,0.9135514981162578,0.7591346153846154,1.0,0.24086538461538465,100,has_bill_length::shorter_than_head,cbm
117,Clay colored Sparrow,29,29,28,0,1.0,28,0.9655172413793104,1.0,0.966551724137931,0.878448275862069,1.0,0.12155172413793103,100,has_bill_length::shorter_than_head,cbm
141,Artic Tern,29,4,3,25,0.13793103448275862,1,0.25,0.3333333333333333,0.2784963633448482,0.0,0.6666666666666666,0.6666666666666666,100,has_bill_length::shorter_than_head,cbm
160,Black throated Blue Warbler,29,23,21,6,0.7931034482758621,16,0.6956521739130435,0.7619047619047619,0.6834949022115123,0.5,0.860551948051948,0.360551948051948,100,has_bill_length::shorter_than_head,cbm
119,Field Sparrow,29,26,28,3,0.896551724137931,25,0.9615384615384616,0.8928571428571429,0.9631148942123454,0.865625,1.0,0.13437500000000002,100,has_bill_length::shorter_than_head,cbm
124,Le Conte Sparrow,29,28,29,1,0.9655172413793104,28,1.0,0.9655172413793104,1.0,1.0,1.0,0.0,100,has_bill_length::shorter_than_head,cbm
125,Lincoln Sparrow,29,26,27,3,0.896551724137931,25,0.9615384615384616,0.9259259259259259,0.9558603055420896,0.875,1.0,0.125,100,has_bill_length::shorter_than_head,cbm
115,Brewer Sparrow,29,27,28,2,0.9310344827586207,26,0.9629629629629629,0.9285714285714286,0.9721521100865926,0.92,1.0,0.07999999999999996,100,has_bill_length::shorter_than_head,cbm
60,Glaucous winged Gull,29,3,2,26,0.10344827586206896,0,0.0,0.0,0.0,0.0,0.0,0.0,100,has_bill_length::shorter_than_head,cbm
78,Gray Kingbird,29,11,8,18,0.3793103448275862,4,0.36363636363636365,0.5,0.4094840320498216,0.14807692307692308,0.6916666666666662,0.5435897435897431,100,has_bill_length::shorter_than_head,cbm
97,Orchard Oriole,29,13,23,16,0.4482758620689655,9,0.6923076923076923,0.391304347826087,0.6964480862274981,0.4825,0.9284615384615384,0.44596153846153846,100,has_bill_length::shorter_than_head,cbm
149,Brown Thrasher,29,7,15,22,0.2413793103448276,4,0.5714285714285714,0.26666666666666666,0.5895540570540571,0.2,1.0,0.8,100,has_bill_length::shorter_than_head,cbm
39,Least Flycatcher,29,20,21,9,0.6896551724137931,13,0.65,0.6190476190476191,0.6413921826434883,0.4444444444444444,0.878860294117647,0.43441584967320257,100,has_bill_length::shorter_than_head,cbm
153,Philadelphia Vireo,29,26,29,3,0.896551724137931,26,1.0,0.896551724137931,1.0,1.0,1.0,0.0,100,has_bill_length::shorter_than_head,cbm
37,Acadian Flycatcher,29,24,25,5,0.8275862068965517,20,0.8333333333333334,0.8,0.8398473681162468,0.673,0.9608076923076923,0.2878076923076922,100,has_bill_length::shorter_than_head,cbm
157,Yellow throated Vireo,29,25,25,4,0.8620689655172413,22,0.88,0.88,0.8830191232555551,0.7398953301127213,1.0,0.26010466988727865,100,has_bill_length::shorter_than_head,cbm
34,Gray crowned Rosy Finch,29,28,26,1,0.9655172413793104,25,0.8928571428571429,0.9615384615384616,0.8883590361107602,0.775,0.9655172413793104,0.19051724137931036,100,has_bill_length::shorter_than_head,cbm
3,Sooty Albatross,28,1,1,27,0.03571428571428571,1,1.0,1.0,1.0,1.0,1.0,0.0,100,has_bill_length::shorter_than_head,cbm
15,Lazuli Bunting,28,26,27,2,0.9285714285714286,25,0.9615384615384616,0.9259259259259259,0.953265651417825,0.875,1.0,0.125,100,has_bill_length::shorter_than_head,cbm
16,Painted Bunting,28,24,24,4,0.8571428571428571,21,0.875,0.875,0.8761544544827153,0.75,1.0,0.25,100,has_bill_length::shorter_than_head,cbm
58,Pigeon Guillemot,28,1,1,27,0.03571428571428571,0,0.0,0.0,0.0,0.0,0.0,0.0,100,has_bill_length::shorter_than_head,cbm
17,Cardinal,27,25,25,2,0.9259259259259259,23,0.92,0.92,0.9152748403770145,0.795625,1.0,0.20437499999999997,100,has_bill_length::shorter_than_head,cbm
75,Green Jay,27,18,14,9,0.6666666666666666,12,0.6666666666666666,0.8571428571428571,0.6782662827760924,0.46125,0.8919590643274853,0.4307090643274853,100,has_bill_length::shorter_than_head,cbm
178,Swainson Warbler,26,5,17,21,0.19230769230769232,3,0.6,0.17647058823529413,0.6029365079365079,0.0,1.0,1.0,100,has_bill_length::shorter_than_head,cbm
12,Yellow headed Blackbird,26,18,15,8,0.6923076923076923,9,0.5,0.6,0.49644329018672806,0.29411764705882354,0.7010230179028132,0.40690537084398964,100,has_bill_length::shorter_than_head,cbm
22,Chuck will Widow,26,22,15,4,0.8461538461538461,13,0.5909090909090909,0.8666666666666667,0.6011885371415052,0.40558823529411764,0.7917391304347825,0.38615089514066486,100,has_bill_length::shorter_than_head,cbm
7,Parakeet Auklet,23,21,15,2,0.9130434782608695,13,0.6190476190476191,0.8666666666666667,0.6197982055765237,0.4369617224880383,0.8,0.36303827751196177,100,has_bill_length::shorter_than_head,cbm
84,Red legged Kittiwake,23,14,4,9,0.6086956521739131,3,0.21428571428571427,0.75,0.21251859080032454,0.025000000000000005,0.4276041666666665,0.4026041666666665,100,has_bill_length::shorter_than_head,cbm
32,Mangrove Cuckoo,23,9,5,14,0.391304347826087,2,0.2222222222222222,0.4,0.2393249528249528,0.0,0.5174999999999997,0.5174999999999997,100,has_bill_length::shorter_than_head,cbm
24,Red faced Cormorant,22,1,1,21,0.045454545454545456,0,0.0,0.0,0.0,0.0,0.0,0.0,100,has_bill_length::shorter_than_head,cbm
151,Black capped Vireo,21,18,18,3,0.8571428571428571,15,0.8333333333333334,0.8333333333333334,0.8289335286746277,0.6563725490196078,1.0,0.34362745098039216,100,has_bill_length::shorter_than_head,cbm
113,Baird Sparrow,20,20,18,0,1.0,18,0.9,1.0,0.8965000000000001,0.77375,1.0,0.22624999999999995,100,has_bill_length::shorter_than_head,cbm
187,American Three toed Woodpecker,20,7,3,13,0.35,2,0.2857142857142857,0.6666666666666666,0.3007824675324675,0.0,0.7104166666666659,0.7104166666666659,100,has_bill_length::shorter_than_head,cbm
65,Slaty backed Gull,20,7,1,13,0.35,1,0.14285714285714285,1.0,0.152536297036297,0.0,0.5,0.5,100,has_bill_length::shorter_than_head,cbm
101,White Pelican,20,0,0,20,0.0,0,,,,,,,100,has_bill_length::shorter_than_head,cbm
105,Whip poor Will,19,17,14,2,0.8947368421052632,13,0.7647058823529411,0.9285714285714286,0.7502995729330868,0.5418300653594772,0.9355208333333334,0.39369076797385616,100,has_bill_length::shorter_than_head,cbm
8,Rhinoceros Auklet,18,10,4,8,0.5555555555555556,1,0.1,0.25,0.10649453324453326,0.0,0.3,0.3,100,has_bill_length::shorter_than_head,cbm
18,Spotted Catbird,15,11,13,4,0.7333333333333333,10,0.9090909090909091,0.7692307692307693,0.9124194971694972,0.7380681818181818,1.0,0.2619318181818182,100,has_bill_length::shorter_than_head,cbm
5,Crested Auklet,14,13,5,1,0.9285714285714286,4,0.3076923076923077,0.8,0.2921171051171051,0.07403846153846154,0.5201923076923074,0.44615384615384585,100,has_bill_length::shorter_than_head,cbm
6,Least Auklet,11,11,7,0,1.0,7,0.6363636363636364,1.0,0.6363636363636364,0.36363636363636365,0.8181818181818182,0.4545454545454546,100,has_bill_length::shorter_than_head,cbm
1,Black footed Albatross,30,13,14,17,0.43333333333333335,9,0.6923076923076923,0.6428571428571429,0.7062412464985993,0.4708333333333333,0.9130681818181817,0.4422348484848484,100,has_upperparts_color::brown,cbm
143,Caspian Tern,30,2,0,28,0.06666666666666667,0,0.0,,0.0,0.0,0.0,0.0,100,has_upperparts_color::brown,cbm
120,Fox Sparrow,30,21,25,9,0.7,19,0.9047619047619048,0.76,0.9121706210295589,0.8151988636363636,1.0,0.18480113636363638,100,has_upperparts_color::brown,cbm
121,Grasshopper Sparrow,30,19,20,11,0.6333333333333333,14,0.7368421052631579,0.7,0.7313283084640938,0.5465811965811965,0.9332589285714286,0.38667773199023203,100,has_upperparts_color::brown,cbm
122,Harris Sparrow,30,14,16,16,0.4666666666666667,7,0.5,0.4375,0.5051466274953118,0.25,0.7566666666666663,0.5066666666666663,100,has_upperparts_color::brown,cbm
123,Henslow Sparrow,30,13,20,17,0.43333333333333335,8,0.6153846153846154,0.4,0.6083803887461007,0.3342657342657343,0.8569230769230768,0.5226573426573424,100,has_upperparts_color::brown,cbm
126,Nelson Sharp tailed Sparrow,30,12,23,18,0.4,10,0.8333333333333334,0.43478260869565216,0.8233683954933955,0.5465811965811965,1.0,0.4534188034188035,100,has_upperparts_color::brown,cbm
127,Savannah Sparrow,30,22,25,8,0.7333333333333333,19,0.8636363636363636,0.76,0.8571607364084143,0.7125882352941176,0.9600160256410256,0.24742779034690798,100,has_upperparts_color::brown,cbm
128,Seaside Sparrow,30,15,8,15,0.5,4,0.26666666666666666,0.5,0.29360297309329814,0.0625,0.5374999999999994,0.4749999999999994,100,has_upperparts_color::brown,cbm
129,Song Sparrow,30,25,27,5,0.8333333333333334,23,0.92,0.8518518518518519,0.9183623685313695,0.7916666666666666,1.0,0.20833333333333337,100,has_upperparts_color::brown,cbm
130,Tree Sparrow,30,21,26,9,0.7,19,0.9047619047619048,0.7307692307692307,0.9058038858936491,0.780072463768116,1.0,0.219927536231884,100,has_upperparts_color::brown,cbm
131,Vesper Sparrow,30,14,26,16,0.4666666666666667,13,0.9285714285714286,0.5,0.9312674190704376,0.74125,1.0,0.25875000000000004,100,has_upperparts_color::brown,cbm
132,White crowned Sparrow,30,15,18,15,0.5,12,0.8,0.6666666666666666,0.8149852463068405,0.6153846153846154,1.0,0.3846153846153846,100,has_upperparts_color::brown,cbm
133,White throated Sparrow,30,19,28,11,0.6333333333333333,18,0.9473684210526315,0.6428571428571429,0.9504816846462493,0.8136363636363637,1.0,0.1863636363636363,100,has_upperparts_color::brown,cbm
134,Cape Glossy Starling,30,1,0,29,0.03333333333333333,0,0.0,,0.0,0.0,0.0,0.0,100,has_upperparts_color::brown,cbm
135,Bank Swallow,30,10,11,20,0.3333333333333333,6,0.6,0.5454545454545454,0.6001414533179239,0.3690340909090909,0.866517857142857,0.4974837662337661,100,has_upperparts_color::brown,cbm
136,Barn Swallow,30,4,5,26,0.13333333333333333,0,0.0,0.0,0.0,0.0,0.0,0.0,100,has_upperparts_color::brown,cbm
137,Cliff Swallow,30,8,8,22,0.26666666666666666,1,0.125,0.125,0.13295887445887444,0.0,0.42857142857142855,0.42857142857142855,100,has_upperparts_color::brown,cbm
138,Tree Swallow,30,2,4,28,0.06666666666666667,2,1.0,0.5,1.0,1.0,1.0,0.0,100,has_upperparts_color::brown,cbm
139,Scarlet Tanager,30,0,1,30,0.0,0,,0.0,,,,,100,has_upperparts_color::brown,cbm
140,Summer Tanager,30,2,0,28,0.06666666666666667,0,0.0,,0.0,0.0,0.0,0.0,100,has_upperparts_color::brown,cbm
118,House Sparrow,30,19,27,11,0.6333333333333333,18,0.9473684210526315,0.6666666666666666,0.9515471123621446,0.8361029411764705,1.0,0.16389705882352945,100,has_upperparts_color::brown,cbm
116,Chipping Sparrow,30,17,20,13,0.5666666666666667,12,0.7058823529411765,0.6,0.7033897704854932,0.5,0.9025,0.40249999999999997,100,has_upperparts_color::brown,cbm
114,Black throated Sparrow,30,12,6,18,0.4,4,0.3333333333333333,0.6666666666666666,0.3545272494533331,0.09125,0.6841666666666664,0.5929166666666663,100,has_upperparts_color::brown,cbm
2,Laysan Albatross,30,7,4,23,0.23333333333333334,2,0.2857142857142857,0.5,0.2975652958152958,0.0,0.6468749999999996,0.6468749999999996,100,has_upperparts_color::brown,cbm
92,Nighthawk,30,16,22,14,0.5333333333333333,12,0.75,0.5454545454545454,0.7690252287720654,0.581030701754386,0.9284615384615384,0.34743083670715247,100,has_upperparts_color::brown,cbm
93,Clark Nutcracker,30,0,2,30,0.0,0,,0.0,,,,,100,has_upperparts_color::brown,cbm
94,White breasted Nuthatch,30,3,0,27,0.1,0,0.0,,0.0,0.0,0.0,0.0,100,has_upperparts_color::brown,cbm
95,Baltimore Oriole,30,1,1,29,0.03333333333333333,0,0.0,0.0,0.0,0.0,0.0,0.0,100,has_upperparts_color::brown,cbm
96,Hooded Oriole,30,1,1,29,0.03333333333333333,1,1.0,1.0,1.0,1.0,1.0,0.0,100,has_upperparts_color::brown,cbm
98,Scott Oriole,30,1,0,29,0.03333333333333333,0,0.0,,0.0,0.0,0.0,0.0,100,has_upperparts_color::brown,cbm
99,Ovenbird,30,9,17,21,0.3,8,0.8888888888888888,0.47058823529411764,0.8944027916527915,0.6447916666666667,1.0,0.35520833333333335,100,has_upperparts_color::brown,cbm
100,Brown Pelican,30,9,7,21,0.3,4,0.4444444444444444,0.5714285714285714,0.4404811066126856,0.13166666666666665,0.7645833333333331,0.6329166666666663,100,has_upperparts_color::brown,cbm
102,Western Wood Pewee,30,9,17,21,0.3,5,0.5555555555555556,0.29411764705882354,0.5538666472416471,0.2,0.9047727272727272,0.7047727272727271,100,has_upperparts_color::brown,cbm
112,Great Grey Shrike,30,2,3,28,0.06666666666666667,0,0.0,0.0,0.0,0.0,0.0,0.0,100,has_upperparts_color::brown,cbm
103,Sayornis,30,14,21,16,0.4666666666666667,12,0.8571428571428571,0.5714285714285714,0.8665971249252984,0.6788461538461539,1.0,0.3211538461538461,100,has_upperparts_color::brown,cbm
104,American Pipit,30,11,24,19,0.36666666666666664,10,0.9090909090909091,0.4166666666666667,0.9041248951426971,0.7067857142857142,1.0,0.29321428571428576,100,has_upperparts_color::brown,cbm
106,Horned Puffin,30,0,3,30,0.0,0,,0.0,,,,,100,has_upperparts_color::brown,cbm
107,Common Raven,30,0,0,30,0.0,0,,,,,,,100,has_upperparts_color::brown,cbm
108,White necked Raven,30,3,3,27,0.1,1,0.3333333333333333,0.3333333333333333,0.2704387372926699,0.0,1.0,1.0,100,has_upperparts_color::brown,cbm
109,American Redstart,30,3,2,27,0.1,0,0.0,0.0,0.0,0.0,0.0,0.0,100,has_upperparts_color::brown,cbm
110,Geococcyx,30,16,13,14,0.5333333333333333,9,0.5625,0.6923076923076923,0.5582461296443494,0.3426470588235294,0.8,0.45735294117647063,100,has_upperparts_color::brown,cbm
111,Loggerhead Shrike,30,0,3,30,0.0,0,,0.0,,,,,100,has_upperparts_color::brown,cbm
142,Black Tern,30,3,3,27,0.1,1,0.3333333333333333,0.3333333333333333,0.35256016385048633,0.0,1.0,1.0,100,has_upperparts_color::brown,cbm
144,Common Tern,30,1,0,29,0.03333333333333333,0,0.0,,0.0,0.0,0.0,0.0,100,has_upperparts_color::brown,cbm
90,Red breasted Merganser,30,6,6,24,0.2,2,0.3333333333333333,0.3333333333333333,0.2930284992784992,0.0,0.6916666666666662,0.6916666666666662,100,has_upperparts_color::brown,cbm
145,Elegant Tern,30,0,0,30,0.0,0,,,,,,,100,has_upperparts_color::brown,cbm
176,Prairie Warbler,30,2,3,28,0.06666666666666667,0,0.0,0.0,0.0,0.0,0.0,0.0,100,has_upperparts_color::brown,cbm
177,Prothonotary Warbler,30,0,2,30,0.0,0,,0.0,,,,,100,has_upperparts_color::brown,cbm
180,Wilson Warbler,30,2,3,28,0.06666666666666667,0,0.0,0.0,0.0,0.0,0.0,0.0,100,has_upperparts_color::brown,cbm
182,Yellow Warbler,30,6,2,24,0.2,0,0.0,0.0,0.0,0.0,0.0,0.0,100,has_upperparts_color::brown,cbm
183,Northern Waterthrush,30,20,21,10,0.6666666666666666,18,0.9,0.8571428571428571,0.8923725647383979,0.75475,1.0,0.24524999999999997,100,has_upperparts_color::brown,cbm
184,Louisiana Waterthrush,30,13,20,17,0.43333333333333335,11,0.8461538461538461,0.55,0.8524544126324313,0.6199519230769232,1.0,0.38004807692307685,100,has_upperparts_color::brown,cbm
185,Bohemian Waxwing,30,5,8,25,0.16666666666666666,2,0.4,0.25,0.37343857040826733,0.0,0.9249999999999996,0.9249999999999996,100,has_upperparts_color::brown,cbm
186,Cedar Waxwing,30,9,18,21,0.3,7,0.7777777777777778,0.3888888888888889,0.7825672105672106,0.5182692307692307,1.0,0.4817307692307693,100,has_upperparts_color::brown,cbm
188,Pileated Woodpecker,30,0,3,30,0.0,0,,0.0,,,,,100,has_upperparts_color::brown,cbm
189,Red bellied Woodpecker,30,0,0,30,0.0,0,,,,,,,100,has_upperparts_color::brown,cbm
191,Red headed Woodpecker,30,0,0,30,0.0,0,,,,,,,100,has_upperparts_color::brown,cbm
192,Downy Woodpecker,30,0,1,30,0.0,0,,0.0,,,,,100,has_upperparts_color::brown,cbm
193,Bewick Wren,30,24,27,6,0.8,22,0.9166666666666666,0.8148148148148148,0.923297419488724,0.8,1.0,0.19999999999999996,100,has_upperparts_color::brown,cbm
194,Cactus Wren,30,15,23,15,0.5,14,0.9333333333333333,0.6086956521739131,0.9253936636716956,0.7838461538461539,1.0,0.21615384615384614,100,has_upperparts_color::brown,cbm
195,Carolina Wren,30,24,29,6,0.8,24,1.0,0.8275862068965517,1.0,1.0,1.0,0.0,100,has_upperparts_color::brown,cbm
196,House Wren,30,24,25,6,0.8,20,0.8333333333333334,0.8,0.8327334256535787,0.6590579710144927,0.9600160256410256,0.3009580546265329,100,has_upperparts_color::brown,cbm
197,Marsh Wren,30,19,23,11,0.6333333333333333,15,0.7894736842105263,0.6521739130434783,0.7707119154846438,0.5654285714285714,0.9218181818181816,0.35638961038961026,100,has_upperparts_color::brown,cbm
198,Rock Wren,30,17,23,13,0.5666666666666667,15,0.8823529411764706,0.6521739130434783,0.8879784534799343,0.7368421052631579,1.0,0.26315789473684215,100,has_upperparts_color::brown,cbm
199,Winter Wren,30,25,30,5,0.8333333333333334,25,1.0,0.8333333333333334,1.0,1.0,1.0,0.0,100,has_upperparts_color::brown,cbm
175,Pine Warbler,30,8,4,22,0.26666666666666666,2,0.25,0.5,0.24884443334443332,0.0,0.6131249999999998,0.6131249999999998,100,has_upperparts_color::brown,cbm
174,Palm Warbler,30,16,19,14,0.5333333333333333,13,0.8125,0.6842105263157895,0.803709694802961,0.6111111111111112,1.0,0.38888888888888884,100,has_upperparts_color::brown,cbm
173,Orange crowned Warbler,30,7,3,23,0.23333333333333334,2,0.2857142857142857,0.6666666666666666,0.3106779054279054,0.0,0.6666666666666666,0.6666666666666666,100,has_upperparts_color::brown,cbm
158,Bay breasted Warbler,30,6,6,24,0.2,2,0.3333333333333333,0.3333333333333333,0.338997113997114,0.0,0.75,0.75,100,has_upperparts_color::brown,cbm
146,Forsters Tern,30,0,0,30,0.0,0,,,,,,,100,has_upperparts_color::brown,cbm
147,Least Tern,30,0,0,30,0.0,0,,,,,,,100,has_upperparts_color::brown,cbm
148,Green tailed Towhee,30,6,5,24,0.2,2,0.3333333333333333,0.4,0.3495898268398269,0.0,0.9049999999999984,0.9049999999999984,100,has_upperparts_color::brown,cbm
150,Sage Thrasher,30,13,19,17,0.43333333333333335,11,0.8461538461538461,0.5789473684210527,0.8528187991078185,0.6203571428571428,1.0,0.37964285714285717,100,has_upperparts_color::brown,cbm
152,Blue headed Vireo,30,6,1,24,0.2,1,0.16666666666666666,1.0,0.12987012987012986,0.0,0.5,0.5,100,has_upperparts_color::brown,cbm
154,Red eyed Vireo,30,4,8,26,0.13333333333333333,2,0.5,0.25,0.49016354016354013,0.0,1.0,1.0,100,has_upperparts_color::brown,cbm
155,Warbling Vireo,30,7,10,23,0.23333333333333334,2,0.2857142857142857,0.2,0.30299306249306246,0.0,0.6666666666666666,0.6666666666666666,100,has_upperparts_color::brown,cbm
156,White eyed Vireo,30,11,5,19,0.36666666666666664,4,0.36363636363636365,0.8,0.3664060605716952,0.04318181818181819,0.6666666666666666,0.6234848484848484,100,has_upperparts_color::brown,cbm
159,Black and white Warbler,30,0,2,30,0.0,0,,0.0,,,,,100,has_upperparts_color::brown,cbm
172,Nashville Warbler,30,4,7,26,0.13333333333333333,2,0.5,0.2857142857142857,0.5193561357623857,0.0,1.0,1.0,100,has_upperparts_color::brown,cbm
161,Blue winged Warbler,30,0,1,30,0.0,0,,0.0,,,,,100,has_upperparts_color::brown,cbm
162,Canada Warbler,30,1,2,29,0.03333333333333333,0,0.0,0.0,0.0,0.0,0.0,0.0,100,has_upperparts_color::brown,cbm
163,Cape May Warbler,30,5,10,25,0.16666666666666666,1,0.2,0.1,0.22706903085690963,0.0,0.6666666666666666,0.6666666666666666,100,has_upperparts_color::brown,cbm
164,Cerulean Warbler,30,2,0,28,0.06666666666666667,0,0.0,,0.0,0.0,0.0,0.0,100,has_upperparts_color::brown,cbm
165,Chestnut sided Warbler,30,1,2,29,0.03333333333333333,0,0.0,0.0,0.0,0.0,0.0,0.0,100,has_upperparts_color::brown,cbm
167,Hooded Warbler,30,3,3,27,0.1,1,0.3333333333333333,0.3333333333333333,0.3171502976190476,0.0,1.0,1.0,100,has_upperparts_color::brown,cbm
170,Mourning Warbler,30,3,1,27,0.1,0,0.0,0.0,0.0,0.0,0.0,0.0,100,has_upperparts_color::brown,cbm
171,Myrtle Warbler,30,3,7,27,0.1,2,0.6666666666666666,0.2857142857142857,0.6831222559945963,0.0,1.0,1.0,100,has_upperparts_color::brown,cbm
91,Mockingbird,30,9,10,21,0.3,7,0.7777777777777778,0.7,0.7746562742812741,0.4475,1.0,0.5525,100,has_upperparts_color::brown,cbm
200,Common Yellowthroat,30,13,14,17,0.43333333333333335,10,0.7692307692307693,0.7142857142857143,0.7686157092821181,0.5417832167832167,0.9355208333333334,0.39373761655011663,100,has_upperparts_color::brown,cbm
89,Hooded Merganser,30,9,6,21,0.3,2,0.2222222222222222,0.3333333333333333,0.22512635975135975,0.0,0.5864285714285712,0.5864285714285712,100,has_upperparts_color::brown,cbm
26,Bronzed Cowbird,30,4,0,26,0.13333333333333333,0,0.0,,0.0,0.0,0.0,0.0,100,has_upperparts_color::brown,cbm
61,Heermann Gull,30,7,3,23,0.23333333333333334,2,0.2857142857142857,0.6666666666666666,0.3093872793872794,0.0,0.5864285714285712,0.5864285714285712,100,has_upperparts_color::brown,cbm
59,California Gull,30,0,1,30,0.0,0,,0.0,,,,,100,has_upperparts_color::brown,cbm
25,Pelagic Cormorant,30,1,1,29,0.03333333333333333,0,0.0,0.0,0.0,0.0,0.0,0.0,100,has_upperparts_color::brown,cbm
57,Rose breasted Grosbeak,30,3,0,27,0.1,0,0.0,,0.0,0.0,0.0,0.0,100,has_upperparts_color::brown,cbm
56,Pine Grosbeak,30,3,3,27,0.1,0,0.0,0.0,0.0,0.0,0.0,0.0,100,has_upperparts_color::brown,cbm
55,Evening Grosbeak,30,7,7,23,0.23333333333333334,4,0.5714285714285714,0.5714285714285714,0.5475987623487624,0.2,1.0,0.8,100,has_upperparts_color::brown,cbm
54,Blue Grosbeak,30,4,3,26,0.13333333333333333,0,0.0,0.0,0.0,0.0,0.0,0.0,100,has_upperparts_color::brown,cbm
53,Western Grebe,30,7,9,23,0.23333333333333334,3,0.42857142857142855,0.3333333333333333,0.40096969696969703,0.052777777777777785,0.7762499999999996,0.7234722222222217,100,has_upperparts_color::brown,cbm
52,Pied billed Grebe,30,18,23,12,0.6,15,0.8333333333333334,0.6521739130434783,0.8326080261764975,0.6281862745098039,1.0,0.3718137254901961,100,has_upperparts_color::brown,cbm
51,Horned Grebe,30,9,8,21,0.3,4,0.4444444444444444,0.5,0.44131843156843154,0.125,0.8386363636363633,0.7136363636363633,100,has_upperparts_color::brown,cbm
50,Eared Grebe,30,14,7,16,0.4666666666666667,3,0.21428571428571427,0.42857142857142855,0.22364905330307805,0.0,0.44220779220779194,0.44220779220779194,100,has_upperparts_color::brown,cbm
49,Boat tailed Grackle,30,3,7,27,0.1,3,1.0,0.42857142857142855,1.0,1.0,1.0,0.0,100,has_upperparts_color::brown,cbm
48,European Goldfinch,30,4,7,26,0.13333333333333333,1,0.25,0.14285714285714285,0.2376822157434402,0.0,0.8937500000000007,0.8937500000000007,100,has_upperparts_color::brown,cbm
47,American Goldfinch,30,3,1,27,0.1,1,0.3333333333333333,1.0,0.34830633284241536,0.0,1.0,1.0,100,has_upperparts_color::brown,cbm
63,Ivory Gull,30,0,0,30,0.0,0,,,,,,,100,has_upperparts_color::brown,cbm
46,Gadwall,30,21,25,9,0.7,18,0.8571428571428571,0.72,0.865963525572706,0.6904545454545454,1.0,0.30954545454545457,100,has_upperparts_color::brown,cbm
45,Northern Fulmar,30,2,4,28,0.06666666666666667,1,0.5,0.25,0.5009243697478991,0.0,1.0,1.0,100,has_upperparts_color::brown,cbm
44,Frigatebird,30,5,2,25,0.16666666666666666,1,0.2,0.5,0.1927420634920635,0.0,0.5,0.5,100,has_upperparts_color::brown,cbm
88,Western Meadowlark,30,10,19,20,0.3333333333333333,8,0.8,0.42105263157894735,0.7906088633588634,0.4708333333333333,1.0,0.5291666666666667,100,has_upperparts_color::brown,cbm
42,Vermilion Flycatcher,30,8,1,22,0.26666666666666666,1,0.125,1.0,0.12521987734487733,0.0,0.46607142857142797,0.46607142857142797,100,has_upperparts_color::brown,cbm
41,Scissor tailed Flycatcher,30,6,8,24,0.2,2,0.3333333333333333,0.25,0.33292676767676765,0.0,0.75,0.75,100,has_upperparts_color::brown,cbm
27,Shiny Cowbird,30,1,5,29,0.03333333333333333,1,1.0,0.2,1.0,1.0,1.0,0.0,100,has_upperparts_color::brown,cbm
40,Olive sided Flycatcher,30,9,6,21,0.3,3,0.3333333333333333,0.5,0.36186796536796545,0.03958333333333334,0.866517857142857,0.8269345238095237,100,has_upperparts_color::brown,cbm
38,Great Crested Flycatcher,30,12,22,18,0.4,11,0.9166666666666666,0.5,0.9281829755212108,0.75,1.0,0.25,100,has_upperparts_color::brown,cbm
36,Northern Flicker,30,7,14,23,0.23333333333333334,5,0.7142857142857143,0.35714285714285715,0.7013950216450214,0.20625,1.0,0.79375,100,has_upperparts_color::brown,cbm
29,American Crow,30,1,0,29,0.03333333333333333,0,0.0,,0.0,0.0,0.0,0.0,100,has_upperparts_color::brown,cbm
35,Purple Finch,30,11,15,19,0.36666666666666664,6,0.5454545454545454,0.4,0.5576311580576286,0.24333333333333332,0.875,0.6316666666666667,100,has_upperparts_color::brown,cbm
30,Fish Crow,30,0,1,30,0.0,0,,0.0,,,,,100,has_upperparts_color::brown,cbm
21,Eastern Towhee,30,8,7,22,0.26666666666666666,6,0.75,0.8571428571428571,0.7504237151737152,0.5,1.0,0.5,100,has_upperparts_color::brown,cbm
62,Herring Gull,30,5,2,25,0.16666666666666666,1,0.2,0.5,0.18898051948051947,0.0,0.6214285714285706,0.6214285714285706,100,has_upperparts_color::brown,cbm
64,Ring billed Gull,30,0,1,30,0.0,0,,0.0,,,,,100,has_upperparts_color::brown,cbm
73,Blue Jay,30,0,0,30,0.0,0,,,,,,,100,has_upperparts_color::brown,cbm
87,Mallard,30,16,7,14,0.5333333333333333,6,0.375,0.8571428571428571,0.37573023551432483,0.20399305555555555,0.630965909090909,0.4269728535353534,100,has_upperparts_color::brown,cbm
86,Pacific Loon,30,7,12,23,0.23333333333333334,7,1.0,0.5833333333333334,1.0,1.0,1.0,0.0,100,has_upperparts_color::brown,cbm
85,Horned Lark,30,10,25,20,0.3333333333333333,10,1.0,0.4,1.0,1.0,1.0,0.0,100,has_upperparts_color::brown,cbm
4,Groove billed Ani,30,1,1,29,0.03333333333333333,1,1.0,1.0,1.0,1.0,1.0,0.0,100,has_upperparts_color::brown,cbm
83,White breasted Kingfisher,30,6,9,24,0.2,2,0.3333333333333333,0.2222222222222222,0.2902837902837903,0.0,0.7339285714285714,0.7339285714285714,100,has_upperparts_color::brown,cbm
82,Ringed Kingfisher,30,1,2,29,0.03333333333333333,0,0.0,0.0,0.0,0.0,0.0,0.0,100,has_upperparts_color::brown,cbm
81,Pied Kingfisher,30,0,0,30,0.0,0,,,,,,,100,has_upperparts_color::brown,cbm
80,Green Kingfisher,30,2,2,28,0.06666666666666667,1,0.5,0.5,0.49215686274509807,0.0,1.0,1.0,100,has_upperparts_color::brown,cbm
79,Belted Kingfisher,30,0,0,30,0.0,0,,,,,,,100,has_upperparts_color::brown,cbm
10,Red winged Blackbird,30,1,1,29,0.03333333333333333,0,0.0,0.0,0.0,0.0,0.0,0.0,100,has_upperparts_color::brown,cbm
77,Tropical Kingbird,30,11,6,19,0.36666666666666664,3,0.2727272727272727,0.5,0.28271335608835607,0.0,0.5291666666666662,0.5291666666666662,100,has_upperparts_color::brown,cbm
11,Rusty Blackbird,30,12,9,18,0.4,6,0.5,0.6666666666666666,0.5103344164005928,0.22375,0.8,0.57625,100,has_upperparts_color::brown,cbm
74,Florida Jay,30,1,2,29,0.03333333333333333,0,0.0,0.0,0.0,0.0,0.0,0.0,100,has_upperparts_color::brown,cbm
76,Dark eyed Junco,30,4,7,26,0.13333333333333333,3,0.75,0.42857142857142855,0.6981590574374078,0.0,1.0,1.0,100,has_upperparts_color::brown,cbm
72,Pomarine Jaeger,30,12,11,18,0.4,7,0.5833333333333334,0.6363636363636364,0.5639856320150437,0.28288770053475937,0.8181818181818182,0.5352941176470589,100,has_upperparts_color::brown,cbm
14,Indigo Bunting,30,3,1,27,0.1,0,0.0,0.0,0.0,0.0,0.0,0.0,100,has_upperparts_color::brown,cbm
66,Western Gull,30,3,1,27,0.1,1,0.3333333333333333,1.0,0.328951367781155,0.0,1.0,1.0,100,has_upperparts_color::brown,cbm
71,Long tailed Jaeger,30,8,7,22,0.26666666666666666,6,0.75,0.8571428571428571,0.7563843933843934,0.4079166666666667,1.0,0.5920833333333333,100,has_upperparts_color::brown,cbm
67,Anna Hummingbird,30,5,8,25,0.16666666666666666,3,0.6,0.375,0.5996388888888888,0.07916666666666668,1.0,0.9208333333333333,100,has_upperparts_color::brown,cbm
68,Ruby throated Hummingbird,30,5,2,25,0.16666666666666666,1,0.2,0.5,0.22042063492063488,0.0,0.6666666666666666,0.6666666666666666,100,has_upperparts_color::brown,cbm
31,Black billed Cuckoo,30,13,20,17,0.43333333333333335,11,0.8461538461538461,0.55,0.8550813927644423,0.6397435897435898,1.0,0.3602564102564102,100,has_upperparts_color::brown,cbm
69,Rufous Hummingbird,30,8,11,22,0.26666666666666666,6,0.75,0.5454545454545454,0.7334324564324564,0.5,1.0,0.5,100,has_upperparts_color::brown,cbm
13,Bobolink,30,2,4,28,0.06666666666666667,0,0.0,0.0,0.0,0.0,0.0,0.0,100,has_upperparts_color::brown,cbm
70,Green Violetear,30,2,1,28,0.06666666666666667,0,0.0,0.0,0.0,0.0,0.0,0.0,100,has_upperparts_color::brown,cbm
181,Worm eating Warbler,29,8,10,21,0.27586206896551724,5,0.625,0.5,0.60176776001776,0.23541666666666666,1.0,0.7645833333333334,100,has_upperparts_color::brown,cbm
20,Yellow breasted Chat,29,6,6,23,0.20689655172413793,3,0.5,0.5,0.49599819624819624,0.05937500000000001,0.9321428571428559,0.8727678571428559,100,has_upperparts_color::brown,cbm
169,Magnolia Warbler,29,4,2,25,0.13793103448275862,1,0.25,0.5,0.2101706349206349,0.0,0.6468749999999996,0.6468749999999996,100,has_upperparts_color::brown,cbm
168,Kentucky Warbler,29,0,1,29,0.0,0,,0.0,,,,,100,has_upperparts_color::brown,cbm
28,Brown Creeper,29,20,25,9,0.6896551724137931,18,0.9,0.72,0.8883481856864512,0.7291666666666666,1.0,0.27083333333333337,100,has_upperparts_color::brown,cbm
9,Brewer Blackbird,29,3,2,26,0.10344827586206896,0,0.0,0.0,0.0,0.0,0.0,0.0,100,has_upperparts_color::brown,cbm
166,Golden winged Warbler,29,1,0,28,0.034482758620689655,0,0.0,,0.0,0.0,0.0,0.0,100,has_upperparts_color::brown,cbm
23,Brandt Cormorant,29,2,4,27,0.06896551724137931,1,0.5,0.25,0.47458471760797344,0.0,1.0,1.0,100,has_upperparts_color::brown,cbm
190,Red cockaded Woodpecker,29,6,4,23,0.20689655172413793,3,0.5,0.75,0.46995490620490626,0.0,0.8299999999999995,0.8299999999999995,100,has_upperparts_color::brown,cbm
33,Yellow billed Cuckoo,29,14,10,15,0.4827586206896552,7,0.5,0.7,0.5026547089391517,0.23990384615384616,0.7142857142857143,0.4743818681318681,100,has_upperparts_color::brown,cbm
179,Tennessee Warbler,29,3,5,26,0.10344827586206896,1,0.3333333333333333,0.2,0.3486359126984127,0.0,1.0,1.0,100,has_upperparts_color::brown,cbm
19,Gray Catbird,29,1,1,28,0.034482758620689655,1,1.0,1.0,1.0,1.0,1.0,0.0,100,has_upperparts_color::brown,cbm
43,Yellow bellied Flycatcher,29,4,8,25,0.13793103448275862,2,0.5,0.25,0.5568302068302068,0.0,1.0,1.0,100,has_upperparts_color::brown,cbm
117,Clay colored Sparrow,29,16,22,13,0.5517241379310345,15,0.9375,0.6818181818181818,0.934018617734175,0.7925,1.0,0.20750000000000002,100,has_upperparts_color::brown,cbm
141,Artic Tern,29,0,0,29,0.0,0,,,,,,,100,has_upperparts_color::brown,cbm
160,Black throated Blue Warbler,29,2,1,27,0.06896551724137931,1,0.5,1.0,0.4575091575091575,0.0,1.0,1.0,100,has_upperparts_color::brown,cbm
119,Field Sparrow,29,15,19,14,0.5172413793103449,9,0.6,0.47368421052631576,0.6018798859808921,0.3795673076923077,0.8710416666666666,0.4914743589743589,100,has_upperparts_color::brown,cbm
124,Le Conte Sparrow,29,9,21,20,0.3103448275862069,6,0.6666666666666666,0.2857142857142857,0.6685265567765566,0.26079545454545455,1.0,0.7392045454545455,100,has_upperparts_color::brown,cbm
125,Lincoln Sparrow,29,16,26,13,0.5517241379310345,14,0.875,0.5384615384615384,0.8850242239289553,0.7142857142857143,1.0,0.2857142857142857,100,has_upperparts_color::brown,cbm
115,Brewer Sparrow,29,14,20,15,0.4827586206896552,11,0.7857142857142857,0.55,0.7874164368053687,0.5465811965811965,1.0,0.4534188034188035,100,has_upperparts_color::brown,cbm
60,Glaucous winged Gull,29,0,0,29,0.0,0,,,,,,,100,has_upperparts_color::brown,cbm
78,Gray Kingbird,29,10,10,19,0.3448275862068966,5,0.5,0.5,0.4726049783549783,0.19305555555555554,0.7762499999999996,0.583194444444444,100,has_upperparts_color::brown,cbm
97,Orchard Oriole,29,3,3,26,0.10344827586206896,2,0.6666666666666666,0.6666666666666666,0.6387211585665195,0.0,1.0,1.0,100,has_upperparts_color::brown,cbm
149,Brown Thrasher,29,20,25,9,0.6896551724137931,18,0.9,0.72,0.8860891615503745,0.7142857142857143,1.0,0.2857142857142857,100,has_upperparts_color::brown,cbm
39,Least Flycatcher,29,9,11,20,0.3103448275862069,5,0.5555555555555556,0.45454545454545453,0.5571240426240426,0.16666666666666666,0.8571428571428571,0.6904761904761905,100,has_upperparts_color::brown,cbm
153,Philadelphia Vireo,29,1,4,28,0.034482758620689655,0,0.0,0.0,0.0,0.0,0.0,0.0,100,has_upperparts_color::brown,cbm
37,Acadian Flycatcher,29,10,16,19,0.3448275862068966,6,0.6,0.375,0.6008563658563658,0.3158333333333333,0.8822916666666665,0.5664583333333332,100,has_upperparts_color::brown,cbm
157,Yellow throated Vireo,29,1,3,28,0.034482758620689655,0,0.0,0.0,0.0,0.0,0.0,0.0,100,has_upperparts_color::brown,cbm
34,Gray crowned Rosy Finch,29,18,21,11,0.6206896551724138,11,0.6111111111111112,0.5238095238095238,0.6160234034276099,0.39416666666666667,0.8587499999999999,0.46458333333333324,100,has_upperparts_color::brown,cbm
3,Sooty Albatross,28,2,9,26,0.07142857142857142,2,1.0,0.2222222222222222,1.0,1.0,1.0,0.0,100,has_upperparts_color::brown,cbm
15,Lazuli Bunting,28,0,1,28,0.0,0,,0.0,,,,,100,has_upperparts_color::brown,cbm
16,Painted Bunting,28,3,0,25,0.10714285714285714,0,0.0,,0.0,0.0,0.0,0.0,100,has_upperparts_color::brown,cbm
58,Pigeon Guillemot,28,6,3,22,0.21428571428571427,2,0.3333333333333333,0.6666666666666666,0.31227777777777777,0.0,0.733035714285714,0.733035714285714,100,has_upperparts_color::brown,cbm
17,Cardinal,27,3,1,24,0.1111111111111111,1,0.3333333333333333,1.0,0.3531385281385282,0.0,1.0,1.0,100,has_upperparts_color::brown,cbm
75,Green Jay,27,0,1,27,0.0,0,,0.0,,,,,100,has_upperparts_color::brown,cbm
178,Swainson Warbler,26,18,17,8,0.6923076923076923,15,0.8333333333333334,0.8823529411764706,0.8291111955639817,0.6334821428571429,1.0,0.3665178571428571,100,has_upperparts_color::brown,cbm
12,Yellow headed Blackbird,26,1,1,25,0.038461538461538464,0,0.0,0.0,0.0,0.0,0.0,0.0,100,has_upperparts_color::brown,cbm
22,Chuck will Widow,26,13,22,13,0.5,10,0.7692307692307693,0.45454545454545453,0.7764194257754631,0.5339285714285714,1.0,0.4660714285714286,100,has_upperparts_color::brown,cbm
7,Parakeet Auklet,23,1,1,22,0.043478260869565216,1,1.0,1.0,1.0,1.0,1.0,0.0,100,has_upperparts_color::brown,cbm
84,Red legged Kittiwake,23,1,0,22,0.043478260869565216,0,0.0,,0.0,0.0,0.0,0.0,100,has_upperparts_color::brown,cbm
32,Mangrove Cuckoo,23,4,4,19,0.17391304347826086,0,0.0,0.0,0.0,0.0,0.0,0.0,100,has_upperparts_color::brown,cbm
24,Red faced Cormorant,22,0,0,22,0.0,0,,,,,,,100,has_upperparts_color::brown,cbm
151,Black capped Vireo,21,1,1,20,0.047619047619047616,0,0.0,0.0,0.0,0.0,0.0,0.0,100,has_upperparts_color::brown,cbm
113,Baird Sparrow,20,8,10,12,0.4,5,0.625,0.5,0.6107738095238094,0.22375,1.0,0.77625,100,has_upperparts_color::brown,cbm
187,American Three toed Woodpecker,20,1,0,19,0.05,0,0.0,,0.0,0.0,0.0,0.0,100,has_upperparts_color::brown,cbm
65,Slaty backed Gull,20,2,1,18,0.1,1,0.5,1.0,0.5482758620689655,0.0,1.0,1.0,100,has_upperparts_color::brown,cbm
101,White Pelican,20,1,1,19,0.05,0,0.0,0.0,0.0,0.0,0.0,0.0,100,has_upperparts_color::brown,cbm
105,Whip poor Will,19,11,15,8,0.5789473684210527,11,1.0,0.7333333333333333,1.0,1.0,1.0,0.0,100,has_upperparts_color::brown,cbm
8,Rhinoceros Auklet,18,6,5,12,0.3333333333333333,3,0.5,0.6,0.5155772005772006,0.06785714285714287,0.9406249999999989,0.8727678571428561,100,has_upperparts_color::brown,cbm
18,Spotted Catbird,15,1,1,14,0.06666666666666667,0,0.0,0.0,0.0,0.0,0.0,0.0,100,has_upperparts_color::brown,cbm
5,Crested Auklet,14,1,2,13,0.07142857142857142,1,1.0,0.5,1.0,1.0,1.0,0.0,100,has_upperparts_color::brown,cbm
6,Least Auklet,11,0,0,11,0.0,0,,,,,,,100,has_upperparts_color::brown,cbm
1,Black footed Albatross,30,8,12,22,0.26666666666666666,5,0.625,0.4166666666666667,0.6481850649350649,0.1825,1.0,0.8175,100,has_wing_color::black,cbm
143,Caspian Tern,30,6,2,24,0.2,1,0.16666666666666666,0.5,0.17454960317460316,0.0,0.5,0.5,100,has_wing_color::black,cbm
120,Fox Sparrow,30,3,7,27,0.1,0,0.0,0.0,0.0,0.0,0.0,0.0,100,has_wing_color::black,cbm
121,Grasshopper Sparrow,30,13,8,17,0.43333333333333335,4,0.3076923076923077,0.5,0.2866820674595442,0.0,0.5595833333333329,0.5595833333333329,100,has_wing_color::black,cbm
122,Harris Sparrow,30,20,14,10,0.6666666666666666,11,0.55,0.7857142857142857,0.5501545962211463,0.3292798913043478,0.762470588235294,0.4331906969309462,100,has_wing_color::black,cbm
123,Henslow Sparrow,30,14,15,16,0.4666666666666667,8,0.5714285714285714,0.5333333333333333,0.5805719818966724,0.26954545454545453,0.8242307692307689,0.5546853146853143,100,has_wing_color::black,cbm
126,Nelson Sharp tailed Sparrow,30,8,8,22,0.26666666666666666,3,0.375,0.375,0.37828135753135755,0.0,0.7104166666666659,0.7104166666666659,100,has_wing_color::black,cbm
127,Savannah Sparrow,30,11,8,19,0.36666666666666664,4,0.36363636363636365,0.5,0.3527808221190575,0.0,0.6468749999999996,0.6468749999999996,100,has_wing_color::black,cbm
128,Seaside Sparrow,30,5,5,25,0.16666666666666666,1,0.2,0.2,0.19749515355575964,0.0,0.5871428571428571,0.5871428571428571,100,has_wing_color::black,cbm
129,Song Sparrow,30,5,5,25,0.16666666666666666,2,0.4,0.4,0.39514610389610394,0.0,1.0,1.0,100,has_wing_color::black,cbm
130,Tree Sparrow,30,14,8,16,0.4666666666666667,4,0.2857142857142857,0.5,0.2927442690608325,0.0,0.536025641025641,0.536025641025641,100,has_wing_color::black,cbm
131,Vesper Sparrow,30,9,7,21,0.3,4,0.4444444444444444,0.5714285714285714,0.4312069597069597,0.13348214285714285,0.7392045454545453,0.6057224025974024,100,has_wing_color::black,cbm
132,White crowned Sparrow,30,7,18,23,0.23333333333333334,5,0.7142857142857143,0.2777777777777778,0.7193247585747587,0.25,1.0,0.75,100,has_wing_color::black,cbm
133,White throated Sparrow,30,15,14,15,0.5,8,0.5333333333333333,0.5714285714285714,0.5391407416916402,0.3158333333333333,0.7683333333333328,0.45249999999999946,100,has_wing_color::black,cbm
134,Cape Glossy Starling,30,15,23,15,0.5,13,0.8666666666666667,0.5652173913043478,0.8739126578615743,0.709873949579832,1.0,0.29012605042016804,100,has_wing_color::black,cbm
135,Bank Swallow,30,9,8,21,0.3,3,0.3333333333333333,0.375,0.32555824730824723,0.052777777777777785,0.5833333333333334,0.5305555555555556,100,has_wing_color::black,cbm
136,Barn Swallow,30,15,22,15,0.5,12,0.8,0.5454545454545454,0.8079373450766641,0.5714285714285714,1.0,0.4285714285714286,100,has_wing_color::black,cbm
137,Cliff Swallow,30,12,16,18,0.4,9,0.75,0.5625,0.7358986502403684,0.5,0.9259615384615385,0.4259615384615385,100,has_wing_color::black,cbm
138,Tree Swallow,30,13,19,17,0.43333333333333335,7,0.5384615384615384,0.3684210526315789,0.5285093341041482,0.24227941176470588,0.8,0.5577205882352941,100,has_wing_color::black,cbm
139,Scarlet Tanager,30,25,29,5,0.8333333333333334,24,0.96,0.8275862068965517,0.9605942263855307,0.8721467391304347,1.0,0.12785326086956528,100,has_wing_color::black,cbm
140,Summer Tanager,30,8,4,22,0.26666666666666666,2,0.25,0.5,0.22714430014430012,0.0,0.5714285714285714,0.5714285714285714,100,has_wing_color::black,cbm
118,House Sparrow,30,13,10,17,0.43333333333333335,7,0.5384615384615384,0.7,0.5241909755621057,0.30365384615384616,0.7737179487179486,0.47006410256410247,100,has_wing_color::black,cbm
116,Chipping Sparrow,30,13,6,17,0.43333333333333335,4,0.3076923076923077,0.6666666666666666,0.308610945985559,0.07403846153846154,0.5557692307692305,0.4817307692307689,100,has_wing_color::black,cbm
114,Black throated Sparrow,30,7,15,23,0.23333333333333334,4,0.5714285714285714,0.26666666666666666,0.6039862914862915,0.23541666666666666,1.0,0.7645833333333334,100,has_wing_color::black,cbm
2,Laysan Albatross,30,14,11,16,0.4666666666666667,8,0.5714285714285714,0.7272727272727273,0.5716930621408176,0.34464285714285714,0.8095454545454545,0.4649025974025973,100,has_wing_color::black,cbm
92,Nighthawk,30,14,13,16,0.4666666666666667,7,0.5,0.5384615384615384,0.49877486643043917,0.22628205128205128,0.7142857142857143,0.48800366300366305,100,has_wing_color::black,cbm
93,Clark Nutcracker,30,29,22,1,0.9666666666666667,21,0.7241379310344828,0.9545454545454546,0.732250736109357,0.5588218390804598,0.8819827586206893,0.3231609195402295,100,has_wing_color::black,cbm
94,White breasted Nuthatch,30,21,26,9,0.7,19,0.9047619047619048,0.7307692307692307,0.9045336073584761,0.736086956521739,1.0,0.26391304347826094,100,has_wing_color::black,cbm
95,Baltimore Oriole,30,27,29,3,0.9,26,0.9629629629629629,0.896551724137931,0.9631718608339298,0.8821923076923077,1.0,0.11780769230769228,100,has_wing_color::black,cbm
96,Hooded Oriole,30,25,24,5,0.8333333333333334,20,0.8,0.8333333333333334,0.7979789639728919,0.638090909090909,0.9406354515050165,0.30254454241410744,100,has_wing_color::black,cbm
98,Scott Oriole,30,24,25,6,0.8,23,0.9583333333333334,0.92,0.9547697234454673,0.8630434782608696,1.0,0.13695652173913042,100,has_wing_color::black,cbm
99,Ovenbird,30,1,6,29,0.03333333333333333,0,0.0,0.0,0.0,0.0,0.0,0.0,100,has_wing_color::black,cbm
100,Brown Pelican,30,11,10,19,0.36666666666666664,7,0.6363636363636364,0.7,0.6370112722245075,0.4054945054945055,0.8571428571428571,0.4516483516483516,100,has_wing_color::black,cbm
102,Western Wood Pewee,30,10,7,20,0.3333333333333333,2,0.2,0.2857142857142857,0.2084135570312041,0.0,0.4817307692307689,0.4817307692307689,100,has_wing_color::black,cbm
112,Great Grey Shrike,30,21,20,9,0.7,17,0.8095238095238095,0.85,0.8168923464534449,0.6389318885448917,1.0,0.3610681114551083,100,has_wing_color::black,cbm
103,Sayornis,30,6,11,24,0.2,4,0.6666666666666666,0.36363636363636365,0.6806091269841269,0.2895833333333333,1.0,0.7104166666666667,100,has_wing_color::black,cbm
104,American Pipit,30,10,5,20,0.3333333333333333,2,0.2,0.4,0.1828780386280386,0.0,0.47361111111111065,0.47361111111111065,100,has_wing_color::black,cbm
106,Horned Puffin,30,20,18,10,0.6666666666666666,11,0.55,0.6111111111111112,0.5647466121668672,0.32412280701754387,0.790625,0.46650219298245615,100,has_wing_color::black,cbm
107,Common Raven,30,27,30,3,0.9,27,1.0,0.9,1.0,1.0,1.0,0.0,100,has_wing_color::black,cbm
108,White necked Raven,30,25,27,5,0.8333333333333334,23,0.92,0.8518518518518519,0.9203277220031342,0.8179563492063492,1.0,0.1820436507936508,100,has_wing_color::black,cbm
109,American Redstart,30,23,28,7,0.7666666666666667,21,0.9130434782608695,0.75,0.920290707457641,0.8123913043478261,1.0,0.18760869565217386,100,has_wing_color::black,cbm
110,Geococcyx,30,15,25,15,0.5,15,1.0,0.6,1.0,1.0,1.0,0.0,100,has_wing_color::black,cbm
111,Loggerhead Shrike,30,22,21,8,0.7333333333333333,18,0.8181818181818182,0.8571428571428571,0.8175724066541334,0.6510326086956522,0.953517316017316,0.3024847073216639,100,has_wing_color::black,cbm
142,Black Tern,30,8,8,22,0.26666666666666666,4,0.5,0.5,0.5054903152403153,0.14479166666666665,0.8571428571428571,0.7123511904761904,100,has_wing_color::black,cbm
144,Common Tern,30,4,1,26,0.13333333333333333,0,0.0,0.0,0.0,0.0,0.0,0.0,100,has_wing_color::black,cbm
90,Red breasted Merganser,30,12,18,18,0.4,9,0.75,0.5,0.7293587605205254,0.5,0.9683333333333328,0.4683333333333328,100,has_wing_color::black,cbm
145,Elegant Tern,30,3,2,27,0.1,1,0.3333333333333333,0.5,0.3095496894409938,0.0,1.0,1.0,100,has_wing_color::black,cbm
176,Prairie Warbler,30,13,15,17,0.43333333333333335,6,0.46153846153846156,0.4,0.46915008422090465,0.19724025974025974,0.7517857142857137,0.554545454545454,100,has_wing_color::black,cbm
177,Prothonotary Warbler,30,14,15,16,0.4666666666666667,9,0.6428571428571429,0.6,0.6347110810156475,0.386875,0.8744230769230765,0.4875480769230765,100,has_wing_color::black,cbm
180,Wilson Warbler,30,8,9,22,0.26666666666666666,1,0.125,0.1111111111111111,0.13567024642024644,0.0,0.4,0.4,100,has_wing_color::black,cbm
182,Yellow Warbler,30,14,12,16,0.4666666666666667,6,0.42857142857142855,0.5,0.42955930146564825,0.15416666666666667,0.6801282051282049,0.5259615384615383,100,has_wing_color::black,cbm
183,Northern Waterthrush,30,2,6,28,0.06666666666666667,1,0.5,0.16666666666666666,0.41741718426501034,0.0,1.0,1.0,100,has_wing_color::black,cbm
184,Louisiana Waterthrush,30,8,3,22,0.26666666666666666,1,0.125,0.3333333333333333,0.1347831335331335,0.0,0.5,0.5,100,has_wing_color::black,cbm
185,Bohemian Waxwing,30,13,18,17,0.43333333333333335,8,0.6153846153846154,0.4444444444444444,0.5932076926771198,0.2893356643356643,0.8442307692307691,0.5548951048951047,100,has_wing_color::black,cbm
186,Cedar Waxwing,30,6,7,24,0.2,1,0.16666666666666666,0.14285714285714285,0.16026923076923075,0.0,0.5,0.5,100,has_wing_color::black,cbm
188,Pileated Woodpecker,30,29,27,1,0.9666666666666667,26,0.896551724137931,0.9629629629629629,0.8962990330231709,0.7624425287356322,1.0,0.23755747126436777,100,has_wing_color::black,cbm
189,Red bellied Woodpecker,30,29,29,1,0.9666666666666667,28,0.9655172413793104,0.9655172413793104,0.9586404853128992,0.8594827586206896,1.0,0.14051724137931043,100,has_wing_color::black,cbm
191,Red headed Woodpecker,30,25,27,5,0.8333333333333334,23,0.92,0.8518518518518519,0.9111478464758076,0.8036538461538462,1.0,0.19634615384615384,100,has_wing_color::black,cbm
192,Downy Woodpecker,30,30,28,0,1.0,28,0.9333333333333333,1.0,0.9360000000000003,0.8333333333333334,1.0,0.16666666666666663,100,has_wing_color::black,cbm
193,Bewick Wren,30,11,8,19,0.36666666666666664,5,0.45454545454545453,0.625,0.46832845422551306,0.19045454545454546,0.75,0.5595454545454546,100,has_wing_color::black,cbm
194,Cactus Wren,30,16,17,14,0.5333333333333333,9,0.5625,0.5294117647058824,0.5818192108459137,0.35,0.8065625,0.4565625,100,has_wing_color::black,cbm
195,Carolina Wren,30,11,6,19,0.36666666666666664,5,0.45454545454545453,0.8333333333333334,0.43508855033855026,0.17386363636363636,0.7645833333333331,0.5907196969696967,100,has_wing_color::black,cbm
196,House Wren,30,8,8,22,0.26666666666666666,3,0.375,0.375,0.3620580808080808,0.05937500000000001,0.7524999999999992,0.6931249999999991,100,has_wing_color::black,cbm
197,Marsh Wren,30,15,9,15,0.5,5,0.3333333333333333,0.5555555555555556,0.32707218838952584,0.11160714285714285,0.5625,0.45089285714285715,100,has_wing_color::black,cbm
198,Rock Wren,30,7,5,23,0.23333333333333334,2,0.2857142857142857,0.4,0.27978282828282824,0.0,0.6666666666666666,0.6666666666666666,100,has_wing_color::black,cbm
199,Winter Wren,30,10,12,20,0.3333333333333333,4,0.4,0.3333333333333333,0.40599360361860354,0.125,0.7777777777777778,0.6527777777777778,100,has_wing_color::black,cbm
175,Pine Warbler,30,9,15,21,0.3,7,0.7777777777777778,0.4666666666666667,0.7729722793546323,0.4625,1.0,0.5375,100,has_wing_color::black,cbm
174,Palm Warbler,30,10,5,20,0.3333333333333333,3,0.3,0.6,0.28985236985236984,0.0,0.5864285714285712,0.5864285714285712,100,has_wing_color::black,cbm
173,Orange crowned Warbler,30,2,1,28,0.06666666666666667,0,0.0,0.0,0.0,0.0,0.0,0.0,100,has_wing_color::black,cbm
158,Bay breasted Warbler,30,17,26,13,0.5666666666666667,15,0.8823529411764706,0.5769230769230769,0.8826117319291735,0.7268382352941176,1.0,0.2731617647058824,100,has_wing_color::black,cbm
146,Forsters Tern,30,2,4,28,0.06666666666666667,0,0.0,0.0,0.0,0.0,0.0,0.0,100,has_wing_color::black,cbm
147,Least Tern,30,6,2,24,0.2,1,0.16666666666666666,0.5,0.1701865079365079,0.0,0.5864285714285712,0.5864285714285712,100,has_wing_color::black,cbm
148,Green tailed Towhee,30,2,1,28,0.06666666666666667,0,0.0,0.0,0.0,0.0,0.0,0.0,100,has_wing_color::black,cbm
150,Sage Thrasher,30,6,8,24,0.2,3,0.5,0.375,0.47073323898323904,0.15416666666666667,0.9406249999999989,0.7864583333333323,100,has_wing_color::black,cbm
152,Blue headed Vireo,30,16,15,14,0.5333333333333333,10,0.625,0.6666666666666666,0.6216404821173801,0.4328125,0.8,0.36718750000000006,100,has_wing_color::black,cbm
154,Red eyed Vireo,30,5,5,25,0.16666666666666666,2,0.4,0.4,0.43641017316017316,0.0,0.9049999999999984,0.9049999999999984,100,has_wing_color::black,cbm
155,Warbling Vireo,30,2,2,28,0.06666666666666667,0,0.0,0.0,0.0,0.0,0.0,0.0,100,has_wing_color::black,cbm
156,White eyed Vireo,30,12,11,18,0.4,6,0.5,0.5454545454545454,0.5178098870084163,0.26079545454545455,0.8095454545454545,0.5487499999999998,100,has_wing_color::black,cbm
159,Black and white Warbler,30,28,27,2,0.9333333333333333,25,0.8928571428571429,0.9259259259259259,0.8858577603750016,0.75,1.0,0.25,100,has_wing_color::black,cbm
172,Nashville Warbler,30,2,0,28,0.06666666666666667,0,0.0,,0.0,0.0,0.0,0.0,100,has_wing_color::black,cbm
161,Blue winged Warbler,30,5,11,25,0.16666666666666666,2,0.4,0.18181818181818182,0.43984523809523807,0.0,1.0,1.0,100,has_wing_color::black,cbm
162,Canada Warbler,30,9,3,21,0.3,2,0.2222222222222222,0.6666666666666666,0.23025190306769253,0.0,0.6131249999999998,0.6131249999999998,100,has_wing_color::black,cbm
163,Cape May Warbler,30,19,20,11,0.6333333333333333,14,0.7368421052631579,0.7,0.7375072128735743,0.5296491228070175,0.9,0.37035087719298254,100,has_wing_color::black,cbm
164,Cerulean Warbler,30,18,12,12,0.6,6,0.3333333333333333,0.5,0.3376962133677035,0.125,0.5449999999999998,0.4199999999999998,100,has_wing_color::black,cbm
165,Chestnut sided Warbler,30,11,24,19,0.36666666666666664,9,0.8181818181818182,0.375,0.8193592649180884,0.5714285714285714,1.0,0.4285714285714286,100,has_wing_color::black,cbm
167,Hooded Warbler,30,6,7,24,0.2,2,0.3333333333333333,0.2857142857142857,0.34265584415584405,0.0,0.8,0.8,100,has_wing_color::black,cbm
170,Mourning Warbler,30,3,3,27,0.1,0,0.0,0.0,0.0,0.0,0.0,0.0,100,has_wing_color::black,cbm
171,Myrtle Warbler,30,13,19,17,0.43333333333333335,10,0.7692307692307693,0.5263157894736842,0.7759211001416884,0.5454545454545454,1.0,0.4545454545454546,100,has_wing_color::black,cbm
91,Mockingbird,30,16,12,14,0.5333333333333333,7,0.4375,0.5833333333333334,0.45230079281743363,0.2329185520361991,0.6793382352941172,0.4464196832579181,100,has_wing_color::black,cbm
200,Common Yellowthroat,30,2,0,28,0.06666666666666667,0,0.0,,0.0,0.0,0.0,0.0,100,has_wing_color::black,cbm
89,Hooded Merganser,30,18,24,12,0.6,14,0.7777777777777778,0.5833333333333334,0.7742666568265942,0.5953804347826087,0.9355208333333334,0.34014039855072464,100,has_wing_color::black,cbm
26,Bronzed Cowbird,30,24,29,6,0.8,23,0.9583333333333334,0.7931034482758621,0.9493296605213486,0.8365,1.0,0.16349999999999998,100,has_wing_color::black,cbm
61,Heermann Gull,30,14,11,16,0.4666666666666667,7,0.5,0.6363636363636364,0.5014656247175597,0.19711538461538464,0.757720588235294,0.5606052036199094,100,has_wing_color::black,cbm
59,California Gull,30,9,8,21,0.3,4,0.4444444444444444,0.5,0.41752579446697097,0.13348214285714285,0.7143181818181816,0.5808360389610387,100,has_wing_color::black,cbm
25,Pelagic Cormorant,30,25,27,5,0.8333333333333334,23,0.92,0.8518518518518519,0.9206326196584422,0.7953933747412009,1.0,0.20460662525879914,100,has_wing_color::black,cbm
57,Rose breasted Grosbeak,30,25,27,5,0.8333333333333334,24,0.96,0.8888888888888888,0.9578828798389477,0.8815972222222223,1.0,0.11840277777777775,100,has_wing_color::black,cbm
56,Pine Grosbeak,30,16,24,14,0.5333333333333333,14,0.875,0.5833333333333334,0.8935282156354135,0.7430921052631578,1.0,0.25690789473684217,100,has_wing_color::black,cbm
55,Evening Grosbeak,30,17,27,13,0.5666666666666667,16,0.9411764705882353,0.5925925925925926,0.9405915213527443,0.8011363636363636,1.0,0.19886363636363635,100,has_wing_color::black,cbm
54,Blue Grosbeak,30,19,19,11,0.6333333333333333,13,0.6842105263157895,0.6842105263157895,0.6790110641295558,0.4895,0.878860294117647,0.389360294117647,100,has_wing_color::black,cbm
53,Western Grebe,30,13,18,17,0.43333333333333335,9,0.6923076923076923,0.5,0.6922626032807923,0.43465909090909094,0.9047727272727272,0.47011363636363623,100,has_wing_color::black,cbm
52,Pied billed Grebe,30,6,7,24,0.2,2,0.3333333333333333,0.2857142857142857,0.3611046176046176,0.0,0.75,0.75,100,has_wing_color::black,cbm
51,Horned Grebe,30,13,10,17,0.43333333333333335,6,0.46153846153846156,0.6,0.46579228940993644,0.18928571428571428,0.75,0.5607142857142857,100,has_wing_color::black,cbm
50,Eared Grebe,30,12,18,18,0.4,9,0.75,0.5,0.7485422139779726,0.5,0.966071428571428,0.466071428571428,100,has_wing_color::black,cbm
49,Boat tailed Grackle,30,17,26,13,0.5666666666666667,16,0.9411764705882353,0.6153846153846154,0.9399131848412875,0.8223958333333333,1.0,0.17760416666666667,100,has_wing_color::black,cbm
48,European Goldfinch,30,27,26,3,0.9,23,0.8518518518518519,0.8846153846153846,0.8501151192108464,0.7087301587301588,0.9622863247863248,0.25355616605616604,100,has_wing_color::black,cbm
47,American Goldfinch,30,23,26,7,0.7666666666666667,21,0.9130434782608695,0.8076923076923077,0.9076051027478589,0.7727272727272727,1.0,0.2272727272727273,100,has_wing_color::black,cbm
63,Ivory Gull,30,4,2,26,0.13333333333333333,0,0.0,0.0,0.0,0.0,0.0,0.0,100,has_wing_color::black,cbm
46,Gadwall,30,6,10,24,0.2,2,0.3333333333333333,0.2,0.3589823232323232,0.0,0.75,0.75,100,has_wing_color::black,cbm
45,Northern Fulmar,30,6,5,24,0.2,1,0.16666666666666666,0.2,0.1800740370740371,0.0,0.6666666666666666,0.6666666666666666,100,has_wing_color::black,cbm
44,Frigatebird,30,24,25,6,0.8,21,0.875,0.84,0.8749341182917605,0.7643846153846154,1.0,0.23561538461538456,100,has_wing_color::black,cbm
88,Western Meadowlark,30,7,8,23,0.23333333333333334,1,0.14285714285714285,0.125,0.11745743145743143,0.0,0.41499999999999976,0.41499999999999976,100,has_wing_color::black,cbm
42,Vermilion Flycatcher,30,15,23,15,0.5,13,0.8666666666666667,0.5652173913043478,0.8550302584132339,0.6788461538461539,1.0,0.3211538461538461,100,has_wing_color::black,cbm
41,Scissor tailed Flycatcher,30,18,15,12,0.6,12,0.6666666666666666,0.8,0.6690005905724373,0.4375,0.8666666666666667,0.4291666666666667,100,has_wing_color::black,cbm
27,Shiny Cowbird,30,24,25,6,0.8,22,0.9166666666666666,0.88,0.9153878853614945,0.8045238095238095,1.0,0.19547619047619047,100,has_wing_color::black,cbm
40,Olive sided Flycatcher,30,12,9,18,0.4,5,0.4166666666666667,0.5555555555555556,0.416018772163509,0.15416666666666667,0.7104166666666659,0.5562499999999992,100,has_wing_color::black,cbm
38,Great Crested Flycatcher,30,8,2,22,0.26666666666666666,1,0.125,0.5,0.14052294927294928,0.0,0.46607142857142797,0.46607142857142797,100,has_wing_color::black,cbm
36,Northern Flicker,30,16,21,14,0.5333333333333333,13,0.8125,0.6190476190476191,0.8163538919277578,0.6472826086956522,1.0,0.35271739130434776,100,has_wing_color::black,cbm
29,American Crow,30,29,30,1,0.9666666666666667,29,1.0,0.9666666666666667,1.0,1.0,1.0,0.0,100,has_wing_color::black,cbm
35,Purple Finch,30,5,7,25,0.16666666666666666,1,0.2,0.14285714285714285,0.15536424854606673,0.0,0.5,0.5,100,has_wing_color::black,cbm
30,Fish Crow,30,27,28,3,0.9,25,0.9259259259259259,0.8928571428571429,0.9223287478360941,0.8110754985754985,1.0,0.18892450142450146,100,has_wing_color::black,cbm
21,Eastern Towhee,30,18,23,12,0.6,16,0.8888888888888888,0.6956521739130435,0.8862956906018554,0.7180555555555556,1.0,0.28194444444444444,100,has_wing_color::black,cbm
62,Herring Gull,30,5,3,25,0.16666666666666666,0,0.0,0.0,0.0,0.0,0.0,0.0,100,has_wing_color::black,cbm
64,Ring billed Gull,30,7,3,23,0.23333333333333334,0,0.0,0.0,0.0,0.0,0.0,0.0,100,has_wing_color::black,cbm
73,Blue Jay,30,17,20,13,0.5666666666666667,13,0.7647058823529411,0.65,0.7687925546417805,0.5215909090909091,0.9459795321637426,0.42438862307283354,100,has_wing_color::black,cbm
87,Mallard,30,4,9,26,0.13333333333333333,2,0.5,0.2222222222222222,0.5150753158406219,0.0,1.0,1.0,100,has_wing_color::black,cbm
86,Pacific Loon,30,21,16,9,0.7,13,0.6190476190476191,0.8125,0.6122938453470321,0.40558823529411764,0.7949999999999999,0.3894117647058823,100,has_wing_color::black,cbm
85,Horned Lark,30,9,8,21,0.3,2,0.2222222222222222,0.25,0.23110719835719837,0.0,0.5555555555555556,0.5555555555555556,100,has_wing_color::black,cbm
4,Groove billed Ani,30,25,25,5,0.8333333333333334,22,0.88,0.88,0.8732012963770086,0.7442934782608696,0.9643039591315453,0.22001048087067576,100,has_wing_color::black,cbm
83,White breasted Kingfisher,30,6,8,24,0.2,1,0.16666666666666666,0.125,0.13488636363636364,0.0,0.3333333333333333,0.3333333333333333,100,has_wing_color::black,cbm
82,Ringed Kingfisher,30,8,19,22,0.26666666666666666,6,0.75,0.3157894736842105,0.7492640692640691,0.42857142857142855,1.0,0.5714285714285714,100,has_wing_color::black,cbm
81,Pied Kingfisher,30,24,29,6,0.8,23,0.9583333333333334,0.7931034482758621,0.9621662989683979,0.877375,1.0,0.12262499999999998,100,has_wing_color::black,cbm
80,Green Kingfisher,30,19,21,11,0.6333333333333333,15,0.7894736842105263,0.7142857142857143,0.7725413100569581,0.5889473684210527,0.9090909090909091,0.3201435406698564,100,has_wing_color::black,cbm
79,Belted Kingfisher,30,5,14,25,0.16666666666666666,3,0.6,0.21428571428571427,0.5651468253968255,0.0,1.0,1.0,100,has_wing_color::black,cbm
10,Red winged Blackbird,30,26,30,4,0.8666666666666667,26,1.0,0.8666666666666667,1.0,1.0,1.0,0.0,100,has_wing_color::black,cbm
77,Tropical Kingbird,30,3,4,27,0.1,2,0.6666666666666666,0.5,0.6943859649122808,0.0,1.0,1.0,100,has_wing_color::black,cbm
11,Rusty Blackbird,30,22,26,8,0.7333333333333333,19,0.8636363636363636,0.7307692307692307,0.8658308322843254,0.7336538461538461,1.0,0.2663461538461539,100,has_wing_color::black,cbm
74,Florida Jay,30,3,2,27,0.1,0,0.0,0.0,0.0,0.0,0.0,0.0,100,has_wing_color::black,cbm
76,Dark eyed Junco,30,11,17,19,0.36666666666666664,9,0.8181818181818182,0.5294117647058824,0.8300642135642137,0.5885416666666667,1.0,0.41145833333333326,100,has_wing_color::black,cbm
72,Pomarine Jaeger,30,14,13,16,0.4666666666666667,9,0.6428571428571429,0.6923076923076923,0.6319017626680165,0.3576923076923077,0.8710416666666666,0.513349358974359,100,has_wing_color::black,cbm
14,Indigo Bunting,30,10,7,20,0.3333333333333333,0,0.0,0.0,0.0,0.0,0.0,0.0,100,has_wing_color::black,cbm
66,Western Gull,30,6,14,24,0.2,4,0.6666666666666666,0.2857142857142857,0.6578593073593073,0.0,1.0,1.0,100,has_wing_color::black,cbm
71,Long tailed Jaeger,30,10,12,20,0.3333333333333333,8,0.8,0.6666666666666666,0.7931733544233546,0.5555555555555556,1.0,0.4444444444444444,100,has_wing_color::black,cbm
67,Anna Hummingbird,30,8,9,22,0.26666666666666666,4,0.5,0.4444444444444444,0.4996784881784881,0.16666666666666666,0.8458333333333331,0.6791666666666665,100,has_wing_color::black,cbm
68,Ruby throated Hummingbird,30,3,4,27,0.1,0,0.0,0.0,0.0,0.0,0.0,0.0,100,has_wing_color::black,cbm
31,Black billed Cuckoo,30,2,3,28,0.06666666666666667,0,0.0,0.0,0.0,0.0,0.0,0.0,100,has_wing_color::black,cbm
69,Rufous Hummingbird,30,5,4,25,0.16666666666666666,0,0.0,0.0,0.0,0.0,0.0,0.0,100,has_wing_color::black,cbm
13,Bobolink,30,25,28,5,0.8333333333333334,23,0.92,0.8214285714285714,0.9175143304292086,0.807037037037037,1.0,0.192962962962963,100,has_wing_color::black,cbm
70,Green Violetear,30,7,1,23,0.23333333333333334,0,0.0,0.0,0.0,0.0,0.0,0.0,100,has_wing_color::black,cbm
181,Worm eating Warbler,29,4,2,25,0.13793103448275862,0,0.0,0.0,0.0,0.0,0.0,0.0,100,has_wing_color::black,cbm
20,Yellow breasted Chat,29,9,7,20,0.3103448275862069,2,0.2222222222222222,0.2857142857142857,0.2038558802308802,0.0,0.45454545454545453,0.45454545454545453,100,has_wing_color::black,cbm
169,Magnolia Warbler,29,23,19,6,0.7931034482758621,19,0.8260869565217391,1.0,0.8132498791489838,0.6666666666666666,0.9545548654244306,0.28788819875776395,100,has_wing_color::black,cbm
168,Kentucky Warbler,29,7,1,22,0.2413793103448276,1,0.14285714285714285,1.0,0.13341558441558443,0.0,0.3881249999999998,0.3881249999999998,100,has_wing_color::black,cbm
28,Brown Creeper,29,10,14,19,0.3448275862068966,5,0.5,0.35714285714285715,0.47694005994006,0.20506993006993007,0.7894444444444443,0.5843745143745143,100,has_wing_color::black,cbm
9,Brewer Blackbird,29,22,26,7,0.7586206896551724,21,0.9545454545454546,0.8076923076923077,0.9542371916370773,0.8571428571428571,1.0,0.1428571428571429,100,has_wing_color::black,cbm
166,Golden winged Warbler,29,13,12,16,0.4482758620689655,7,0.5384615384615384,0.5833333333333334,0.5199795914869444,0.25,0.8028846153846149,0.5528846153846149,100,has_wing_color::black,cbm
23,Brandt Cormorant,29,16,21,13,0.5517241379310345,14,0.875,0.6666666666666666,0.8876176973779276,0.73125,1.0,0.26875000000000004,100,has_wing_color::black,cbm
190,Red cockaded Woodpecker,29,25,28,4,0.8620689655172413,24,0.96,0.8571428571428571,0.9603871930002364,0.8821923076923077,1.0,0.11780769230769228,100,has_wing_color::black,cbm
33,Yellow billed Cuckoo,29,3,4,26,0.10344827586206896,1,0.3333333333333333,0.25,0.427445652173913,0.0,1.0,1.0,100,has_wing_color::black,cbm
179,Tennessee Warbler,29,13,5,16,0.4482758620689655,2,0.15384615384615385,0.4,0.1644138130101752,0.0,0.3333333333333333,0.3333333333333333,100,has_wing_color::black,cbm
19,Gray Catbird,29,6,10,23,0.20689655172413793,3,0.5,0.3,0.46899603174603177,0.0,1.0,1.0,100,has_wing_color::black,cbm
43,Yellow bellied Flycatcher,29,12,10,17,0.41379310344827586,3,0.25,0.3,0.2435986331350108,0.0,0.45454545454545453,0.45454545454545453,100,has_wing_color::black,cbm
117,Clay colored Sparrow,29,11,10,18,0.3793103448275862,7,0.6363636363636364,0.7,0.6411648604663311,0.3736013986013986,0.9,0.5263986013986014,100,has_wing_color::black,cbm
141,Artic Tern,29,0,4,29,0.0,0,,0.0,,,,,100,has_wing_color::black,cbm
160,Black throated Blue Warbler,29,17,22,12,0.5862068965517241,13,0.7647058823529411,0.5909090909090909,0.7620175767663485,0.5555555555555556,0.9310714285714285,0.37551587301587297,100,has_wing_color::black,cbm
119,Field Sparrow,29,13,11,16,0.4482758620689655,6,0.46153846153846156,0.5454545454545454,0.4540240295050667,0.17901069518716578,0.7262499999999995,0.5472393048128337,100,has_wing_color::black,cbm
124,Le Conte Sparrow,29,19,14,10,0.6551724137931034,10,0.5263157894736842,0.7142857142857143,0.5286527992172796,0.3059375,0.7562499999999999,0.4503124999999999,100,has_wing_color::black,cbm
125,Lincoln Sparrow,29,18,9,11,0.6206896551724138,5,0.2777777777777778,0.5555555555555556,0.27289972154496317,0.1142156862745098,0.515441176470588,0.40122549019607817,100,has_wing_color::black,cbm
115,Brewer Sparrow,29,7,8,22,0.2413793103448276,3,0.42857142857142855,0.375,0.40606060606060607,0.05937500000000001,0.733035714285714,0.6736607142857141,100,has_wing_color::black,cbm
60,Glaucous winged Gull,29,1,0,28,0.034482758620689655,0,0.0,,0.0,0.0,0.0,0.0,100,has_wing_color::black,cbm
78,Gray Kingbird,29,7,7,22,0.2413793103448276,4,0.5714285714285714,0.5714285714285714,0.5842476412476413,0.0,1.0,1.0,100,has_wing_color::black,cbm
97,Orchard Oriole,29,23,25,6,0.7931034482758621,20,0.8695652173913043,0.8,0.8667683234766757,0.7246212121212121,1.0,0.2753787878787879,100,has_wing_color::black,cbm
149,Brown Thrasher,29,3,8,26,0.10344827586206896,1,0.3333333333333333,0.125,0.3276942355889724,0.0,1.0,1.0,100,has_wing_color::black,cbm
39,Least Flycatcher,29,10,8,19,0.3448275862068966,4,0.4,0.5,0.3737795864266452,0.09522727272727273,0.7106643356643354,0.6154370629370627,100,has_wing_color::black,cbm
153,Philadelphia Vireo,29,9,3,20,0.3103448275862069,0,0.0,0.0,0.0,0.0,0.0,0.0,100,has_wing_color::black,cbm
37,Acadian Flycatcher,29,6,6,23,0.20689655172413793,1,0.16666666666666666,0.16666666666666666,0.18187373737373735,0.0,0.6,0.6,100,has_wing_color::black,cbm
157,Yellow throated Vireo,29,10,15,19,0.3448275862068966,6,0.6,0.4,0.6341109029859029,0.30833333333333335,0.9472222222222213,0.638888888888888,100,has_wing_color::black,cbm
34,Gray crowned Rosy Finch,29,11,9,18,0.3793103448275862,4,0.36363636363636365,0.4444444444444444,0.3996592157842158,0.111875,0.7074999999999999,0.5956249999999998,100,has_wing_color::black,cbm
3,Sooty Albatross,28,4,6,24,0.14285714285714285,4,1.0,0.6666666666666666,1.0,1.0,1.0,0.0,100,has_wing_color::black,cbm
15,Lazuli Bunting,28,17,17,11,0.6071428571428571,12,0.7058823529411765,0.7058823529411765,0.7097139457661734,0.47613636363636364,0.88578431372549,0.4096479500891264,100,has_wing_color::black,cbm
16,Painted Bunting,28,2,2,26,0.07142857142857142,0,0.0,0.0,0.0,0.0,0.0,0.0,100,has_wing_color::black,cbm
58,Pigeon Guillemot,28,16,21,12,0.5714285714285714,14,0.875,0.6666666666666666,0.8764296216769126,0.6917105263157894,1.0,0.30828947368421056,100,has_wing_color::black,cbm
17,Cardinal,27,8,5,19,0.2962962962962963,2,0.25,0.4,0.26628399378399376,0.0,0.5524999999999991,0.5524999999999991,100,has_wing_color::black,cbm
75,Green Jay,27,0,2,27,0.0,0,,0.0,,,,,100,has_wing_color::black,cbm
178,Swainson Warbler,26,3,1,23,0.11538461538461539,0,0.0,0.0,0.0,0.0,0.0,0.0,100,has_wing_color::black,cbm
12,Yellow headed Blackbird,26,21,25,5,0.8076923076923077,20,0.9523809523809523,0.8,0.9473558468886374,0.8365,1.0,0.16349999999999998,100,has_wing_color::black,cbm
22,Chuck will Widow,26,7,7,19,0.2692307692307692,3,0.42857142857142855,0.42857142857142855,0.3897045454545455,0.0,0.7420833333333332,0.7420833333333332,100,has_wing_color::black,cbm
7,Parakeet Auklet,23,14,19,9,0.6086956521739131,14,1.0,0.7368421052631579,1.0,1.0,1.0,0.0,100,has_wing_color::black,cbm
84,Red legged Kittiwake,23,7,4,16,0.30434782608695654,2,0.2857142857142857,0.5,0.2991193251193251,0.0,0.75,0.75,100,has_wing_color::black,cbm
32,Mangrove Cuckoo,23,5,7,18,0.21739130434782608,2,0.4,0.2857142857142857,0.40424747474747474,0.0,1.0,1.0,100,has_wing_color::black,cbm
24,Red faced Cormorant,22,15,20,7,0.6818181818181818,14,0.9333333333333333,0.7,0.9281465069588135,0.7591346153846154,1.0,0.24086538461538465,100,has_wing_color::black,cbm
151,Black capped Vireo,21,10,10,11,0.47619047619047616,7,0.7,0.7,0.6952149794649795,0.3809090909090909,1.0,0.6190909090909091,100,has_wing_color::black,cbm
113,Baird Sparrow,20,4,7,16,0.2,3,0.75,0.42857142857142855,0.7588665674603173,0.28125,1.0,0.71875,100,has_wing_color::black,cbm
187,American Three toed Woodpecker,20,17,20,3,0.85,17,1.0,0.85,1.0,1.0,1.0,0.0,100,has_wing_color::black,cbm
65,Slaty backed Gull,20,12,6,8,0.6,4,0.3333333333333333,0.6666666666666666,0.33407932345432345,0.12035714285714286,0.5833333333333334,0.46297619047619054,100,has_wing_color::black,cbm
101,White Pelican,20,5,1,15,0.25,1,0.2,1.0,0.16937734487734488,0.0,0.5,0.5,100,has_wing_color::black,cbm
105,Whip poor Will,19,6,5,13,0.3157894736842105,2,0.3333333333333333,0.4,0.3015454545454545,0.0,0.6916666666666662,0.6916666666666662,100,has_wing_color::black,cbm
8,Rhinoceros Auklet,18,10,10,8,0.5555555555555556,4,0.4,0.4,0.4183649961149961,0.125,0.6840909090909083,0.5590909090909083,100,has_wing_color::black,cbm
18,Spotted Catbird,15,3,3,12,0.2,0,0.0,0.0,0.0,0.0,0.0,0.0,100,has_wing_color::black,cbm
5,Crested Auklet,14,9,9,5,0.6428571428571429,7,0.7777777777777778,0.7777777777777778,0.7683116883116884,0.4444444444444444,1.0,0.5555555555555556,100,has_wing_color::black,cbm
6,Least Auklet,11,6,10,5,0.5454545454545454,6,1.0,0.6,1.0,1.0,1.0,0.0,100,has_wing_color::black,cbm
1,Black footed Albatross,30,0,4,30,0.0,0,,0.0,,,,,100,has_breast_color::white,cbm
143,Caspian Tern,30,26,30,4,0.8666666666666667,26,1.0,0.8666666666666667,1.0,1.0,1.0,0.0,100,has_breast_color::white,cbm
120,Fox Sparrow,30,19,21,11,0.6333333333333333,16,0.8421052631578947,0.7619047619047619,0.8165046670922292,0.6056985294117647,0.9773809523809519,0.3716824229691872,100,has_breast_color::white,cbm
121,Grasshopper Sparrow,30,5,12,25,0.16666666666666666,3,0.6,0.25,0.5858906525573192,0.05625000000000002,1.0,0.94375,100,has_breast_color::white,cbm
122,Harris Sparrow,30,23,24,7,0.7666666666666667,19,0.8260869565217391,0.7916666666666666,0.8169279396084888,0.6579166666666667,0.959903381642512,0.3019867149758453,100,has_breast_color::white,cbm
123,Henslow Sparrow,30,10,15,20,0.3333333333333333,7,0.7,0.4666666666666667,0.7156976389623447,0.4798076923076923,0.9230769230769231,0.4432692307692308,100,has_breast_color::white,cbm
126,Nelson Sharp tailed Sparrow,30,11,13,19,0.36666666666666664,5,0.45454545454545453,0.38461538461538464,0.44639946091919774,0.17,0.7142857142857143,0.5442857142857143,100,has_breast_color::white,cbm
127,Savannah Sparrow,30,14,20,16,0.4666666666666667,10,0.7142857142857143,0.5,0.7328762109063968,0.5,0.9333333333333333,0.43333333333333335,100,has_breast_color::white,cbm
128,Seaside Sparrow,30,6,6,24,0.2,2,0.3333333333333333,0.3333333333333333,0.32626298701298695,0.0,0.920833333333332,0.920833333333332,100,has_breast_color::white,cbm
129,Song Sparrow,30,16,22,14,0.5333333333333333,11,0.6875,0.5,0.6615911799646489,0.45135416666666667,0.837938596491228,0.38658442982456137,100,has_breast_color::white,cbm
130,Tree Sparrow,30,10,20,20,0.3333333333333333,7,0.7,0.35,0.6820365862207965,0.40044642857142854,1.0,0.5995535714285715,100,has_breast_color::white,cbm
131,Vesper Sparrow,30,16,17,14,0.5333333333333333,8,0.5,0.47058823529411764,0.49888272649263354,0.26482456140350874,0.7949999999999999,0.5301754385964912,100,has_breast_color::white,cbm
132,White crowned Sparrow,30,8,19,22,0.26666666666666666,5,0.625,0.2631578947368421,0.6473141025641026,0.3477272727272727,1.0,0.6522727272727273,100,has_breast_color::white,cbm
133,White throated Sparrow,30,10,20,20,0.3333333333333333,6,0.6,0.3,0.5929476356976358,0.3015151515151515,0.8796428571428567,0.5781277056277052,100,has_breast_color::white,cbm
134,Cape Glossy Starling,30,0,0,30,0.0,0,,,,,,,100,has_breast_color::white,cbm
135,Bank Swallow,30,13,20,17,0.43333333333333335,9,0.6923076923076923,0.45,0.698704177358589,0.45454545454545453,0.9276041666666665,0.4730587121212119,100,has_breast_color::white,cbm
136,Barn Swallow,30,9,5,21,0.3,4,0.4444444444444444,0.8,0.45549292047821455,0.14285714285714285,0.75,0.6071428571428572,100,has_breast_color::white,cbm
137,Cliff Swallow,30,8,11,22,0.26666666666666666,4,0.5,0.36363636363636365,0.5190082972582972,0.14479166666666665,0.8095454545454545,0.6647537878787878,100,has_breast_color::white,cbm
138,Tree Swallow,30,27,24,3,0.9,22,0.8148148148148148,0.9166666666666666,0.8192093255680962,0.6842592592592592,0.9245,0.24024074074074075,100,has_breast_color::white,cbm
139,Scarlet Tanager,30,0,0,30,0.0,0,,,,,,,100,has_breast_color::white,cbm
140,Summer Tanager,30,0,0,30,0.0,0,,,,,,,100,has_breast_color::white,cbm
118,House Sparrow,30,7,13,23,0.23333333333333334,4,0.5714285714285714,0.3076923076923077,0.5676980519480519,0.17,1.0,0.83,100,has_breast_color::white,cbm
116,Chipping Sparrow,30,14,20,16,0.4666666666666667,10,0.7142857142857143,0.5,0.7223019258433344,0.4825,0.9284615384615384,0.44596153846153846,100,has_breast_color::white,cbm
114,Black throated Sparrow,30,17,20,13,0.5666666666666667,10,0.5882352941176471,0.5,0.5969183945812193,0.3602941176470588,0.7853846153846151,0.4250904977375563,100,has_breast_color::white,cbm
2,Laysan Albatross,30,24,23,6,0.8,21,0.875,0.9130434782608695,0.8752975358401192,0.7399038461538461,1.0,0.2600961538461539,100,has_breast_color::white,cbm
92,Nighthawk,30,15,13,15,0.5,6,0.4,0.46153846153846156,0.39390770001412423,0.1645927601809955,0.6402777777777773,0.4756850175967818,100,has_breast_color::white,cbm
93,Clark Nutcracker,30,7,21,23,0.23333333333333334,6,0.8571428571428571,0.2857142857142857,0.8346692196692195,0.5,1.0,0.5,100,has_breast_color::white,cbm
94,White breasted Nuthatch,30,20,28,10,0.6666666666666666,18,0.9,0.6428571428571429,0.8947206100386207,0.7670454545454545,1.0,0.23295454545454553,100,has_breast_color::white,cbm
95,Baltimore Oriole,30,1,0,29,0.03333333333333333,0,0.0,,0.0,0.0,0.0,0.0,100,has_breast_color::white,cbm
96,Hooded Oriole,30,0,0,30,0.0,0,,,,,,,100,has_breast_color::white,cbm
98,Scott Oriole,30,0,0,30,0.0,0,,,,,,,100,has_breast_color::white,cbm
99,Ovenbird,30,20,24,10,0.6666666666666666,18,0.9,0.75,0.8971202707891461,0.7499482401656314,1.0,0.25005175983436856,100,has_breast_color::white,cbm
100,Brown Pelican,30,8,14,22,0.26666666666666666,4,0.5,0.2857142857142857,0.5133466533466534,0.05937500000000001,0.8458333333333331,0.786458333333333,100,has_breast_color::white,cbm
102,Western Wood Pewee,30,14,15,16,0.4666666666666667,10,0.7142857142857143,0.6666666666666666,0.7367497437203321,0.45256410256410257,0.9284615384615384,0.4758974358974359,100,has_breast_color::white,cbm
112,Great Grey Shrike,30,18,20,12,0.6,12,0.6666666666666666,0.6,0.6642158669522549,0.47119047619047616,0.8697368421052627,0.39854636591478654,100,has_breast_color::white,cbm
103,Sayornis,30,7,12,23,0.23333333333333334,5,0.7142857142857143,0.4166666666666667,0.7045505050505051,0.353125,1.0,0.646875,100,has_breast_color::white,cbm
104,American Pipit,30,2,6,28,0.06666666666666667,0,0.0,0.0,0.0,0.0,0.0,0.0,100,has_breast_color::white,cbm
106,Horned Puffin,30,19,21,11,0.6333333333333333,14,0.7368421052631579,0.6666666666666666,0.7578414321503566,0.581030701754386,0.9143772893772892,0.33334658762290326,100,has_breast_color::white,cbm
107,Common Raven,30,0,0,30,0.0,0,,,,,,,100,has_breast_color::white,cbm
108,White necked Raven,30,0,3,30,0.0,0,,0.0,,,,,100,has_breast_color::white,cbm
109,American Redstart,30,4,5,26,0.13333333333333333,2,0.5,0.4,0.5298661215327882,0.0,1.0,1.0,100,has_breast_color::white,cbm
110,Geococcyx,30,6,15,24,0.2,4,0.6666666666666666,0.26666666666666666,0.6643809523809523,0.2633333333333333,1.0,0.7366666666666667,100,has_breast_color::white,cbm
111,Loggerhead Shrike,30,22,24,8,0.7333333333333333,19,0.8636363636363636,0.7916666666666666,0.8637076325023793,0.7260869565217392,1.0,0.27391304347826084,100,has_breast_color::white,cbm
142,Black Tern,30,11,21,19,0.36666666666666664,10,0.9090909090909091,0.47619047619047616,0.8985877292641997,0.6666666666666666,1.0,0.33333333333333337,100,has_breast_color::white,cbm
144,Common Tern,30,25,29,5,0.8333333333333334,24,0.96,0.8275862068965517,0.9642972833319159,0.8721467391304347,1.0,0.12785326086956528,100,has_breast_color::white,cbm
90,Red breasted Merganser,30,8,9,22,0.26666666666666666,3,0.375,0.3333333333333333,0.3720061327561328,0.1,0.7142857142857143,0.6142857142857143,100,has_breast_color::white,cbm
145,Elegant Tern,30,29,28,1,0.9666666666666667,27,0.9310344827586207,0.9642857142857143,0.9361296520848245,0.8421296296296297,1.0,0.15787037037037033,100,has_breast_color::white,cbm
176,Prairie Warbler,30,0,0,30,0.0,0,,,,,,,100,has_breast_color::white,cbm
177,Prothonotary Warbler,30,0,1,30,0.0,0,,0.0,,,,,100,has_breast_color::white,cbm
180,Wilson Warbler,30,0,0,30,0.0,0,,,,,,,100,has_breast_color::white,cbm
182,Yellow Warbler,30,1,0,29,0.03333333333333333,0,0.0,,0.0,0.0,0.0,0.0,100,has_breast_color::white,cbm
183,Northern Waterthrush,30,16,16,14,0.5333333333333333,11,0.6875,0.6875,0.6661779325335826,0.40558823529411764,0.8929166666666662,0.4873284313725486,100,has_breast_color::white,cbm
184,Louisiana Waterthrush,30,22,27,8,0.7333333333333333,21,0.9545454545454546,0.7777777777777778,0.9522935250254001,0.8375,1.0,0.16249999999999998,100,has_breast_color::white,cbm
185,Bohemian Waxwing,30,6,8,24,0.2,3,0.5,0.375,0.4400678210678211,0.0,1.0,1.0,100,has_breast_color::white,cbm
186,Cedar Waxwing,30,0,5,30,0.0,0,,0.0,,,,,100,has_breast_color::white,cbm
188,Pileated Woodpecker,30,1,12,29,0.03333333333333333,1,1.0,0.08333333333333333,1.0,1.0,1.0,0.0,100,has_breast_color::white,cbm
189,Red bellied Woodpecker,30,22,26,8,0.7333333333333333,20,0.9090909090909091,0.7692307692307693,0.9218399446261004,0.8095238095238095,1.0,0.19047619047619047,100,has_breast_color::white,cbm
191,Red headed Woodpecker,30,22,17,8,0.7333333333333333,13,0.5909090909090909,0.7647058823529411,0.5989963357916817,0.3827445652173913,0.763375350140056,0.38063078492266467,100,has_breast_color::white,cbm
192,Downy Woodpecker,30,27,26,3,0.9,23,0.8518518518518519,0.8846153846153846,0.8507245491417905,0.7134099616858237,0.9615384615384616,0.24812849985263785,100,has_breast_color::white,cbm
193,Bewick Wren,30,16,21,14,0.5333333333333333,13,0.8125,0.6190476190476191,0.8143374687785107,0.6563725490196078,1.0,0.34362745098039216,100,has_breast_color::white,cbm
194,Cactus Wren,30,9,12,21,0.3,6,0.6666666666666666,0.5,0.6628024198024197,0.40044642857142854,1.0,0.5995535714285715,100,has_breast_color::white,cbm
195,Carolina Wren,30,5,14,25,0.16666666666666666,3,0.6,0.21428571428571427,0.610441718775052,0.09000000000000004,1.0,0.9099999999999999,100,has_breast_color::white,cbm
196,House Wren,30,10,4,20,0.3333333333333333,3,0.3,0.75,0.3087520812520812,0.03166666666666667,0.611174242424242,0.5795075757575754,100,has_breast_color::white,cbm
197,Marsh Wren,30,17,18,13,0.5666666666666667,10,0.5882352941176471,0.5555555555555556,0.6012738824837088,0.32412280701754387,0.8123529411764704,0.4882301341589265,100,has_breast_color::white,cbm
198,Rock Wren,30,10,16,20,0.3333333333333333,4,0.4,0.25,0.4024707033162915,0.125,0.75,0.625,100,has_breast_color::white,cbm
199,Winter Wren,30,8,3,22,0.26666666666666666,1,0.125,0.3333333333333333,0.10903223165723164,0.0,0.35520833333333296,0.35520833333333296,100,has_breast_color::white,cbm
175,Pine Warbler,30,1,1,29,0.03333333333333333,0,0.0,0.0,0.0,0.0,0.0,0.0,100,has_breast_color::white,cbm
174,Palm Warbler,30,7,5,23,0.23333333333333334,3,0.42857142857142855,0.6,0.4461930014430015,0.0,1.0,1.0,100,has_breast_color::white,cbm
173,Orange crowned Warbler,30,2,2,28,0.06666666666666667,0,0.0,0.0,0.0,0.0,0.0,0.0,100,has_breast_color::white,cbm
158,Bay breasted Warbler,30,11,19,19,0.36666666666666664,8,0.7272727272727273,0.42105263157894735,0.7352259260347496,0.4578671328671329,1.0,0.5421328671328671,100,has_breast_color::white,cbm
146,Forsters Tern,30,29,30,1,0.9666666666666667,29,1.0,0.9666666666666667,1.0,1.0,1.0,0.0,100,has_breast_color::white,cbm
147,Least Tern,30,27,29,3,0.9,27,1.0,0.9310344827586207,1.0,1.0,1.0,0.0,100,has_breast_color::white,cbm
148,Green tailed Towhee,30,7,4,23,0.23333333333333334,2,0.2857142857142857,0.5,0.2780612998112998,0.0,0.6349999999999993,0.6349999999999993,100,has_breast_color::white,cbm
150,Sage Thrasher,30,18,16,12,0.6,10,0.5555555555555556,0.625,0.5363117879488185,0.3059375,0.7436274509803915,0.43768995098039154,100,has_breast_color::white,cbm
152,Blue headed Vireo,30,21,24,9,0.7,19,0.9047619047619048,0.7916666666666666,0.8989531107215822,0.7660454545454546,1.0,0.23395454545454542,100,has_breast_color::white,cbm
154,Red eyed Vireo,30,26,24,4,0.8666666666666667,21,0.8076923076923077,0.875,0.7990896349388851,0.6538461538461539,0.9216153846153846,0.26776923076923076,100,has_breast_color::white,cbm
155,Warbling Vireo,30,21,21,9,0.7,14,0.6666666666666666,0.6666666666666666,0.6622835620091508,0.4885869565217391,0.8631249999999998,0.3745380434782607,100,has_breast_color::white,cbm
156,White eyed Vireo,30,9,12,21,0.3,4,0.4444444444444444,0.3333333333333333,0.4467093323343323,0.15416666666666667,0.7762499999999996,0.6220833333333329,100,has_breast_color::white,cbm
159,Black and white Warbler,30,24,30,6,0.8,24,1.0,0.8,1.0,1.0,1.0,0.0,100,has_breast_color::white,cbm
172,Nashville Warbler,30,2,3,28,0.06666666666666667,0,0.0,0.0,0.0,0.0,0.0,0.0,100,has_breast_color::white,cbm
161,Blue winged Warbler,30,0,1,30,0.0,0,,0.0,,,,,100,has_breast_color::white,cbm
162,Canada Warbler,30,1,1,29,0.03333333333333333,1,1.0,1.0,1.0,1.0,1.0,0.0,100,has_breast_color::white,cbm
163,Cape May Warbler,30,0,0,30,0.0,0,,,,,,,100,has_breast_color::white,cbm
164,Cerulean Warbler,30,21,26,9,0.7,20,0.9523809523809523,0.7692307692307693,0.9502078122422943,0.8429230769230769,1.0,0.15707692307692311,100,has_breast_color::white,cbm
165,Chestnut sided Warbler,30,18,26,12,0.6,16,0.8888888888888888,0.6153846153846154,0.8847655503460661,0.7556547619047619,1.0,0.24434523809523812,100,has_breast_color::white,cbm
167,Hooded Warbler,30,0,0,30,0.0,0,,,,,,,100,has_breast_color::white,cbm
170,Mourning Warbler,30,1,1,29,0.03333333333333333,0,0.0,0.0,0.0,0.0,0.0,0.0,100,has_breast_color::white,cbm
171,Myrtle Warbler,30,13,16,17,0.43333333333333335,8,0.6153846153846154,0.5,0.6262497786870853,0.3333333333333333,0.9087499999999998,0.5754166666666665,100,has_breast_color::white,cbm
91,Mockingbird,30,12,21,18,0.4,9,0.75,0.42857142857142855,0.7605566593279443,0.5,0.9720588235294113,0.4720588235294113,100,has_breast_color::white,cbm
200,Common Yellowthroat,30,0,1,30,0.0,0,,0.0,,,,,100,has_breast_color::white,cbm
89,Hooded Merganser,30,18,11,12,0.6,8,0.4444444444444444,0.7272727272727273,0.4519962049000042,0.23424908424908425,0.631578947368421,0.39732986311933677,100,has_breast_color::white,cbm
26,Bronzed Cowbird,30,0,0,30,0.0,0,,,,,,,100,has_breast_color::white,cbm
61,Heermann Gull,30,8,17,22,0.26666666666666666,5,0.625,0.29411764705882354,0.6465012487512489,0.21055555555555555,0.9097222222222219,0.6991666666666663,100,has_breast_color::white,cbm
59,California Gull,30,28,30,2,0.9333333333333333,28,1.0,0.9333333333333333,1.0,1.0,1.0,0.0,100,has_breast_color::white,cbm
25,Pelagic Cormorant,30,0,3,30,0.0,0,,0.0,,,,,100,has_breast_color::white,cbm
57,Rose breasted Grosbeak,30,14,25,16,0.4666666666666667,13,0.9285714285714286,0.52,0.9404298106434329,0.7875,1.0,0.21250000000000002,100,has_breast_color::white,cbm
56,Pine Grosbeak,30,0,3,30,0.0,0,,0.0,,,,,100,has_breast_color::white,cbm
55,Evening Grosbeak,30,2,0,28,0.06666666666666667,0,0.0,,0.0,0.0,0.0,0.0,100,has_breast_color::white,cbm
54,Blue Grosbeak,30,2,1,28,0.06666666666666667,0,0.0,0.0,0.0,0.0,0.0,0.0,100,has_breast_color::white,cbm
53,Western Grebe,30,19,22,11,0.6333333333333333,14,0.7368421052631579,0.6363636363636364,0.7329365081793068,0.5312745098039215,0.9374509803921568,0.40617647058823525,100,has_breast_color::white,cbm
52,Pied billed Grebe,30,2,3,28,0.06666666666666667,1,0.5,0.3333333333333333,0.5188852813852814,0.0,1.0,1.0,100,has_breast_color::white,cbm
51,Horned Grebe,30,10,11,20,0.3333333333333333,6,0.6,0.5454545454545454,0.6088360528360529,0.3015151515151515,0.9130681818181817,0.6115530303030302,100,has_breast_color::white,cbm
50,Eared Grebe,30,4,7,26,0.13333333333333333,1,0.25,0.14285714285714285,0.24180029154518953,0.0,0.7145833333333336,0.7145833333333336,100,has_breast_color::white,cbm
49,Boat tailed Grackle,30,1,0,29,0.03333333333333333,0,0.0,,0.0,0.0,0.0,0.0,100,has_breast_color::white,cbm
48,European Goldfinch,30,23,24,7,0.7666666666666667,21,0.9130434782608695,0.875,0.9132119090419892,0.7858695652173914,1.0,0.21413043478260863,100,has_breast_color::white,cbm
47,American Goldfinch,30,2,0,28,0.06666666666666667,0,0.0,,0.0,0.0,0.0,0.0,100,has_breast_color::white,cbm
63,Ivory Gull,30,28,28,2,0.9333333333333333,26,0.9285714285714286,0.9285714285714286,0.9271578993165199,0.8513736263736263,1.0,0.14862637362637365,100,has_breast_color::white,cbm
46,Gadwall,30,6,6,24,0.2,1,0.16666666666666666,0.16666666666666666,0.16459920634920636,0.0,0.5,0.5,100,has_breast_color::white,cbm
45,Northern Fulmar,30,22,23,8,0.7333333333333333,19,0.8636363636363636,0.8260869565217391,0.8691132735446131,0.7142857142857143,0.96,0.24571428571428566,100,has_breast_color::white,cbm
44,Frigatebird,30,13,14,17,0.43333333333333335,10,0.7692307692307693,0.7142857142857143,0.7700741223001285,0.5215909090909091,0.9703124999999995,0.44872159090909036,100,has_breast_color::white,cbm
88,Western Meadowlark,30,3,3,27,0.1,1,0.3333333333333333,0.3333333333333333,0.38628472222222227,0.0,1.0,1.0,100,has_breast_color::white,cbm
42,Vermilion Flycatcher,30,0,0,30,0.0,0,,,,,,,100,has_breast_color::white,cbm
41,Scissor tailed Flycatcher,30,17,21,13,0.5666666666666667,16,0.9411764705882353,0.7619047619047619,0.9454932885629649,0.8375,1.0,0.16249999999999998,100,has_breast_color::white,cbm
27,Shiny Cowbird,30,2,1,28,0.06666666666666667,1,0.5,1.0,0.5086142322097378,0.0,1.0,1.0,100,has_breast_color::white,cbm
40,Olive sided Flycatcher,30,19,17,11,0.6333333333333333,11,0.5789473684210527,0.6470588235294118,0.5719437807406546,0.3858695652173913,0.757720588235294,0.3718510230179027,100,has_breast_color::white,cbm
38,Great Crested Flycatcher,30,4,3,26,0.13333333333333333,0,0.0,0.0,0.0,0.0,0.0,0.0,100,has_breast_color::white,cbm
36,Northern Flicker,30,5,14,25,0.16666666666666666,3,0.6,0.21428571428571427,0.6081230158730159,0.16666666666666666,1.0,0.8333333333333334,100,has_breast_color::white,cbm
29,American Crow,30,0,0,30,0.0,0,,,,,,,100,has_breast_color::white,cbm
35,Purple Finch,30,10,7,20,0.3333333333333333,5,0.5,0.7142857142857143,0.4980758636788049,0.13348214285714285,0.7777777777777778,0.6442956349206349,100,has_breast_color::white,cbm
30,Fish Crow,30,0,0,30,0.0,0,,,,,,,100,has_breast_color::white,cbm
21,Eastern Towhee,30,15,6,15,0.5,3,0.2,0.5,0.19409355939038597,0.0,0.41499999999999976,0.41499999999999976,100,has_breast_color::white,cbm
62,Herring Gull,30,26,27,4,0.8666666666666667,25,0.9615384615384616,0.9259259259259259,0.965281642831043,0.8846153846153846,1.0,0.11538461538461542,100,has_breast_color::white,cbm
64,Ring billed Gull,30,29,29,1,0.9666666666666667,28,0.9655172413793104,0.9655172413793104,0.9672261027605856,0.896551724137931,1.0,0.10344827586206895,100,has_breast_color::white,cbm
73,Blue Jay,30,13,20,17,0.43333333333333335,9,0.6923076923076923,0.45,0.7023823970577066,0.4265625,0.9259615384615385,0.4993990384615385,100,has_breast_color::white,cbm
87,Mallard,30,1,9,29,0.03333333333333333,0,0.0,0.0,0.0,0.0,0.0,0.0,100,has_breast_color::white,cbm
86,Pacific Loon,30,15,17,15,0.5,13,0.8666666666666667,0.7647058823529411,0.8643305005537978,0.6666666666666666,1.0,0.33333333333333337,100,has_breast_color::white,cbm
85,Horned Lark,30,17,19,13,0.5666666666666667,13,0.7647058823529411,0.6842105263157895,0.7737995813843506,0.5991013071895426,0.9394301470588234,0.34032883986928086,100,has_breast_color::white,cbm
4,Groove billed Ani,30,1,0,29,0.03333333333333333,0,0.0,,0.0,0.0,0.0,0.0,100,has_breast_color::white,cbm
83,White breasted Kingfisher,30,20,15,10,0.6666666666666666,12,0.6,0.8,0.6039807250339287,0.39975296442687747,0.84625,0.4464970355731225,100,has_breast_color::white,cbm
82,Ringed Kingfisher,30,7,10,23,0.23333333333333334,2,0.2857142857142857,0.2,0.30674383949383954,0.0,0.6666666666666666,0.6666666666666666,100,has_breast_color::white,cbm
81,Pied Kingfisher,30,24,28,6,0.8,22,0.9166666666666666,0.7857142857142857,0.9166688584293888,0.795625,1.0,0.20437499999999997,100,has_breast_color::white,cbm
80,Green Kingfisher,30,12,18,18,0.4,8,0.6666666666666666,0.4444444444444444,0.6646058084072791,0.42857142857142855,0.9164335664335663,0.4878621378621378,100,has_breast_color::white,cbm
79,Belted Kingfisher,30,18,27,12,0.6,15,0.8333333333333334,0.5555555555555556,0.8293884422438061,0.6666666666666666,0.9523809523809523,0.2857142857142857,100,has_breast_color::white,cbm
10,Red winged Blackbird,30,0,2,30,0.0,0,,0.0,,,,,100,has_breast_color::white,cbm
77,Tropical Kingbird,30,5,2,25,0.16666666666666666,0,0.0,0.0,0.0,0.0,0.0,0.0,100,has_breast_color::white,cbm
11,Rusty Blackbird,30,2,2,28,0.06666666666666667,0,0.0,0.0,0.0,0.0,0.0,0.0,100,has_breast_color::white,cbm
74,Florida Jay,30,11,3,19,0.36666666666666664,1,0.09090909090909091,0.3333333333333333,0.08831685286677546,0.0,0.28704545454545427,0.28704545454545427,100,has_breast_color::white,cbm
76,Dark eyed Junco,30,7,11,23,0.23333333333333334,3,0.42857142857142855,0.2727272727272727,0.39340134865134857,0.0,0.8,0.8,100,has_breast_color::white,cbm
72,Pomarine Jaeger,30,15,14,15,0.5,11,0.7333333333333333,0.7857142857142857,0.7314908083402665,0.4409090909090909,0.9394301470588234,0.4985210561497325,100,has_breast_color::white,cbm
14,Indigo Bunting,30,0,0,30,0.0,0,,,,,,,100,has_breast_color::white,cbm
66,Western Gull,30,27,30,3,0.9,27,1.0,0.9,1.0,1.0,1.0,0.0,100,has_breast_color::white,cbm
71,Long tailed Jaeger,30,13,17,17,0.43333333333333335,10,0.7692307692307693,0.5882352941176471,0.7469561068016951,0.5,0.9703124999999995,0.47031249999999947,100,has_breast_color::white,cbm
67,Anna Hummingbird,30,15,15,15,0.5,10,0.6666666666666666,0.6666666666666666,0.6744595154157849,0.46153846153846156,0.8783333333333332,0.4167948717948716,100,has_breast_color::white,cbm
68,Ruby throated Hummingbird,30,20,17,10,0.6666666666666666,14,0.7,0.8235294117647058,0.7071139927827167,0.5113095238095238,0.8947222222222221,0.3834126984126983,100,has_breast_color::white,cbm
31,Black billed Cuckoo,30,23,26,7,0.7666666666666667,21,0.9130434782608695,0.8076923076923077,0.9137135900585558,0.8036538461538462,1.0,0.19634615384615384,100,has_breast_color::white,cbm
69,Rufous Hummingbird,30,14,19,16,0.4666666666666667,11,0.7857142857142857,0.5789473684210527,0.794987398738173,0.5647727272727273,1.0,0.4352272727272727,100,has_breast_color::white,cbm
13,Bobolink,30,1,5,29,0.03333333333333333,1,1.0,0.2,1.0,1.0,1.0,0.0,100,has_breast_color::white,cbm
70,Green Violetear,30,0,2,30,0.0,0,,0.0,,,,,100,has_breast_color::white,cbm
181,Worm eating Warbler,29,3,4,26,0.10344827586206896,3,1.0,0.75,1.0,1.0,1.0,0.0,100,has_breast_color::white,cbm
20,Yellow breasted Chat,29,3,1,26,0.10344827586206896,0,0.0,0.0,0.0,0.0,0.0,0.0,100,has_breast_color::white,cbm
169,Magnolia Warbler,29,2,2,27,0.06896551724137931,0,0.0,0.0,0.0,0.0,0.0,0.0,100,has_breast_color::white,cbm
168,Kentucky Warbler,29,1,1,28,0.034482758620689655,0,0.0,0.0,0.0,0.0,0.0,0.0,100,has_breast_color::white,cbm
28,Brown Creeper,29,22,23,7,0.7586206896551724,18,0.8181818181818182,0.782608695652174,0.8182632913217313,0.6666666666666666,0.9824074074074071,0.31574074074074043,100,has_breast_color::white,cbm
9,Brewer Blackbird,29,0,0,29,0.0,0,,,,,,,100,has_breast_color::white,cbm
166,Golden winged Warbler,29,11,11,18,0.3793103448275862,6,0.5454545454545454,0.5454545454545454,0.5406610897272662,0.29615384615384616,0.7777777777777778,0.48162393162393163,100,has_breast_color::white,cbm
23,Brandt Cormorant,29,0,2,29,0.0,0,,0.0,,,,,100,has_breast_color::white,cbm
190,Red cockaded Woodpecker,29,13,23,16,0.4482758620689655,13,1.0,0.5652173913043478,1.0,1.0,1.0,0.0,100,has_breast_color::white,cbm
33,Yellow billed Cuckoo,29,26,24,3,0.896551724137931,21,0.8076923076923077,0.875,0.8134468024701158,0.6538461538461539,0.9429398148148146,0.28909366096866074,100,has_breast_color::white,cbm
179,Tennessee Warbler,29,13,10,16,0.4482758620689655,6,0.46153846153846156,0.6,0.4471053521641757,0.1825,0.7777777777777778,0.5952777777777778,100,has_breast_color::white,cbm
19,Gray Catbird,29,3,3,26,0.10344827586206896,1,0.3333333333333333,0.3333333333333333,0.3229713313896987,0.0,1.0,1.0,100,has_breast_color::white,cbm
43,Yellow bellied Flycatcher,29,9,6,20,0.3103448275862069,4,0.4444444444444444,0.6666666666666666,0.45410045510045505,0.17524038461538463,0.733035714285714,0.5577953296703294,100,has_breast_color::white,cbm
117,Clay colored Sparrow,29,12,20,17,0.41379310344827586,9,0.75,0.45,0.7552064218461276,0.4825,1.0,0.5175000000000001,100,has_breast_color::white,cbm
141,Artic Tern,29,24,28,5,0.8275862068965517,23,0.9583333333333334,0.8214285714285714,0.9553928451665296,0.8664525691699605,1.0,0.1335474308300395,100,has_breast_color::white,cbm
160,Black throated Blue Warbler,29,24,18,5,0.8275862068965517,16,0.6666666666666666,0.8888888888888888,0.6538797878515743,0.4790869565217391,0.849242424242424,0.3701554677206849,100,has_breast_color::white,cbm
119,Field Sparrow,29,14,14,15,0.4827586206896552,9,0.6428571428571429,0.6428571428571429,0.646861033574269,0.42923076923076925,0.8621428571428571,0.43291208791208785,100,has_breast_color::white,cbm
124,Le Conte Sparrow,29,7,8,22,0.2413793103448276,3,0.42857142857142855,0.375,0.4303384670884671,0.0,0.8174999999999998,0.8174999999999998,100,has_breast_color::white,cbm
125,Lincoln Sparrow,29,11,15,18,0.3793103448275862,7,0.6363636363636364,0.4666666666666667,0.6393796675890329,0.4,0.8881249999999998,0.4881249999999998,100,has_breast_color::white,cbm
115,Brewer Sparrow,29,11,13,18,0.3793103448275862,5,0.45454545454545453,0.38461538461538464,0.43688180038915325,0.13870192307692308,0.7272727272727273,0.5885708041958042,100,has_breast_color::white,cbm
60,Glaucous winged Gull,29,26,27,3,0.896551724137931,25,0.9615384615384616,0.9259259259259259,0.9670630336652075,0.8984848484848484,1.0,0.10151515151515156,100,has_breast_color::white,cbm
78,Gray Kingbird,29,22,22,7,0.7586206896551724,17,0.7727272727272727,0.7727272727272727,0.7635409668212267,0.5938235294117648,0.9341666666666664,0.3403431372549016,100,has_breast_color::white,cbm
97,Orchard Oriole,29,0,2,29,0.0,0,,0.0,,,,,100,has_breast_color::white,cbm
149,Brown Thrasher,29,12,13,17,0.41379310344827586,7,0.5833333333333334,0.5384615384615384,0.5530499378072906,0.2222222222222222,0.8,0.5777777777777778,100,has_breast_color::white,cbm
39,Least Flycatcher,29,13,14,16,0.4482758620689655,8,0.6153846153846154,0.5714285714285714,0.613929152203146,0.34464285714285714,0.8571428571428571,0.5125,100,has_breast_color::white,cbm
153,Philadelphia Vireo,29,8,15,21,0.27586206896551724,7,0.875,0.4666666666666667,0.861187728937729,0.5770833333333333,1.0,0.4229166666666667,100,has_breast_color::white,cbm
37,Acadian Flycatcher,29,11,15,18,0.3793103448275862,8,0.7272727272727273,0.5333333333333333,0.7339764100278806,0.386875,1.0,0.6131249999999999,100,has_breast_color::white,cbm
157,Yellow throated Vireo,29,2,2,27,0.06896551724137931,0,0.0,0.0,0.0,0.0,0.0,0.0,100,has_breast_color::white,cbm
34,Gray crowned Rosy Finch,29,1,4,28,0.034482758620689655,0,0.0,0.0,0.0,0.0,0.0,0.0,100,has_breast_color::white,cbm
3,Sooty Albatross,28,3,7,25,0.10714285714285714,1,0.3333333333333333,0.14285714285714285,0.3628865979381444,0.0,1.0,1.0,100,has_breast_color::white,cbm
15,Lazuli Bunting,28,6,6,22,0.21428571428571427,1,0.16666666666666666,0.16666666666666666,0.17038924963924967,0.0,0.46607142857142797,0.46607142857142797,100,has_breast_color::white,cbm
16,Painted Bunting,28,0,0,28,0.0,0,,,,,,,100,has_breast_color::white,cbm
58,Pigeon Guillemot,28,2,2,26,0.07142857142857142,2,1.0,1.0,1.0,1.0,1.0,0.0,100,has_breast_color::white,cbm
17,Cardinal,27,0,0,27,0.0,0,,,,,,,100,has_breast_color::white,cbm
75,Green Jay,27,1,4,26,0.037037037037037035,0,0.0,0.0,0.0,0.0,0.0,0.0,100,has_breast_color::white,cbm
178,Swainson Warbler,26,17,19,9,0.6538461538461539,14,0.8235294117647058,0.7368421052631579,0.8286099513231865,0.6334821428571429,0.9459795321637426,0.31249738930659976,100,has_breast_color::white,cbm
12,Yellow headed Blackbird,26,0,1,26,0.0,0,,0.0,,,,,100,has_breast_color::white,cbm
22,Chuck will Widow,26,5,3,21,0.19230769230769232,0,0.0,0.0,0.0,0.0,0.0,0.0,100,has_breast_color::white,cbm
7,Parakeet Auklet,23,18,16,5,0.782608695652174,14,0.7777777777777778,0.875,0.7820477576259308,0.6281249999999999,0.9459795321637426,0.3178545321637427,100,has_breast_color::white,cbm
84,Red legged Kittiwake,23,21,23,2,0.9130434782608695,21,1.0,0.9130434782608695,1.0,1.0,1.0,0.0,100,has_breast_color::white,cbm
32,Mangrove Cuckoo,23,8,7,15,0.34782608695652173,4,0.5,0.5714285714285714,0.5153214285714286,0.16666666666666666,0.8738095238095235,0.7071428571428569,100,has_breast_color::white,cbm
24,Red faced Cormorant,22,0,0,22,0.0,0,,,,,,,100,has_breast_color::white,cbm
151,Black capped Vireo,21,16,17,5,0.7619047619047619,12,0.75,0.7058823529411765,0.7399418040679651,0.5263888888888889,0.9310714285714285,0.40468253968253964,100,has_breast_color::white,cbm
113,Baird Sparrow,20,8,12,12,0.4,5,0.625,0.4166666666666667,0.6259434731934731,0.3333333333333333,0.8888888888888888,0.5555555555555556,100,has_breast_color::white,cbm
187,American Three toed Woodpecker,20,13,10,7,0.65,7,0.5384615384615384,0.7,0.5220015262515263,0.28568181818181815,0.8095454545454545,0.5238636363636363,100,has_breast_color::white,cbm
65,Slaty backed Gull,20,16,17,4,0.8,14,0.875,0.8235294117647058,0.8676122257945015,0.6875,1.0,0.3125,100,has_breast_color::white,cbm
101,White Pelican,20,16,18,4,0.8,16,1.0,0.8888888888888888,1.0,1.0,1.0,0.0,100,has_breast_color::white,cbm
105,Whip poor Will,19,4,4,15,0.21052631578947367,0,0.0,0.0,0.0,0.0,0.0,0.0,100,has_breast_color::white,cbm
8,Rhinoceros Auklet,18,5,3,13,0.2777777777777778,1,0.2,0.3333333333333333,0.19894981561648226,0.0,0.5,0.5,100,has_breast_color::white,cbm
18,Spotted Catbird,15,3,2,12,0.2,0,0.0,0.0,0.0,0.0,0.0,0.0,100,has_breast_color::white,cbm
5,Crested Auklet,14,2,3,12,0.14285714285714285,1,0.5,0.3333333333333333,0.5129032258064516,0.0,1.0,1.0,100,has_breast_color::white,cbm
6,Least Auklet,11,7,9,4,0.6363636363636364,6,0.8571428571428571,0.6666666666666666,0.8787449494949494,0.6447916666666667,1.0,0.35520833333333335,100,has_breast_color::white,cbm
1,Black footed Albatross,30,8,9,22,0.26666666666666666,6,0.75,0.6666666666666666,0.757759324009324,0.3333333333333333,1.0,0.6666666666666667,100,has_wing_color::grey,cbm
143,Caspian Tern,30,9,20,21,0.3,8,0.8888888888888888,0.4,0.899031302031302,0.6,1.0,0.4,100,has_wing_color::grey,cbm
120,Fox Sparrow,30,7,8,23,0.23333333333333334,3,0.42857142857142855,0.375,0.4285620490620491,0.111875,0.75,0.638125,100,has_wing_color::grey,cbm
121,Grasshopper Sparrow,30,6,19,24,0.2,4,0.6666666666666666,0.21052631578947367,0.6743495670995671,0.2895833333333333,1.0,0.7104166666666667,100,has_wing_color::grey,cbm
122,Harris Sparrow,30,7,14,23,0.23333333333333334,3,0.42857142857142855,0.21428571428571427,0.4434116161616161,0.125,0.920833333333332,0.795833333333332,100,has_wing_color::grey,cbm
123,Henslow Sparrow,30,5,4,25,0.16666666666666666,0,0.0,0.0,0.0,0.0,0.0,0.0,100,has_wing_color::grey,cbm
126,Nelson Sharp tailed Sparrow,30,10,10,20,0.3333333333333333,3,0.3,0.3,0.3065801975801976,0.0,0.5788888888888886,0.5788888888888886,100,has_wing_color::grey,cbm
127,Savannah Sparrow,30,7,8,23,0.23333333333333334,3,0.42857142857142855,0.375,0.43796664446664446,0.07916666666666668,0.733035714285714,0.6538690476190473,100,has_wing_color::grey,cbm
128,Seaside Sparrow,30,12,17,18,0.4,8,0.6666666666666666,0.47058823529411764,0.6403366527263585,0.36363636363636365,0.9,0.5363636363636364,100,has_wing_color::grey,cbm
129,Song Sparrow,30,7,3,23,0.23333333333333334,0,0.0,0.0,0.0,0.0,0.0,0.0,100,has_wing_color::grey,cbm
130,Tree Sparrow,30,6,9,24,0.2,4,0.6666666666666666,0.4444444444444444,0.6248015873015873,0.17,1.0,0.83,100,has_wing_color::grey,cbm
131,Vesper Sparrow,30,10,12,20,0.3333333333333333,2,0.2,0.16666666666666666,0.19704018204018203,0.0,0.4497474747474746,0.4497474747474746,100,has_wing_color::grey,cbm
132,White crowned Sparrow,30,10,14,20,0.3333333333333333,4,0.4,0.2857142857142857,0.39876010101010095,0.1375,0.6468749999999996,0.5093749999999997,100,has_wing_color::grey,cbm
133,White throated Sparrow,30,5,17,25,0.16666666666666666,2,0.4,0.11764705882352941,0.39005555555555554,0.0,1.0,1.0,100,has_wing_color::grey,cbm
134,Cape Glossy Starling,30,1,0,29,0.03333333333333333,0,0.0,,0.0,0.0,0.0,0.0,100,has_wing_color::grey,cbm
135,Bank Swallow,30,11,14,19,0.36666666666666664,8,0.7272727272727273,0.5714285714285714,0.723984674123606,0.4079166666666667,0.9230769230769231,0.5151602564102564,100,has_wing_color::grey,cbm
136,Barn Swallow,30,1,7,29,0.03333333333333333,0,0.0,0.0,0.0,0.0,0.0,0.0,100,has_wing_color::grey,cbm
137,Cliff Swallow,30,4,7,26,0.13333333333333333,3,0.75,0.42857142857142855,0.7481547619047617,0.15833333333333335,1.0,0.8416666666666667,100,has_wing_color::grey,cbm
138,Tree Swallow,30,6,13,24,0.2,0,0.0,0.0,0.0,0.0,0.0,0.0,100,has_wing_color::grey,cbm
139,Scarlet Tanager,30,2,2,28,0.06666666666666667,1,0.5,0.5,0.566447728516694,0.0,1.0,1.0,100,has_wing_color::grey,cbm
140,Summer Tanager,30,1,2,29,0.03333333333333333,0,0.0,0.0,0.0,0.0,0.0,0.0,100,has_wing_color::grey,cbm
118,House Sparrow,30,8,13,22,0.26666666666666666,6,0.75,0.46153846153846156,0.76627886002886,0.42857142857142855,1.0,0.5714285714285714,100,has_wing_color::grey,cbm
116,Chipping Sparrow,30,6,13,24,0.2,2,0.3333333333333333,0.15384615384615385,0.2958348595848596,0.0,0.6916666666666662,0.6916666666666662,100,has_wing_color::grey,cbm
114,Black throated Sparrow,30,15,27,15,0.5,15,1.0,0.5555555555555556,1.0,1.0,1.0,0.0,100,has_wing_color::grey,cbm
2,Laysan Albatross,30,7,11,23,0.23333333333333334,3,0.42857142857142855,0.2727272727272727,0.4539569042069042,0.1261904761904762,0.8333333333333334,0.7071428571428572,100,has_wing_color::grey,cbm
92,Nighthawk,30,12,15,18,0.4,10,0.8333333333333334,0.6666666666666666,0.8177920894465012,0.5833333333333334,1.0,0.41666666666666663,100,has_wing_color::grey,cbm
93,Clark Nutcracker,30,12,26,18,0.4,11,0.9166666666666666,0.4230769230769231,0.9272606535621241,0.7692307692307693,1.0,0.23076923076923073,100,has_wing_color::grey,cbm
94,White breasted Nuthatch,30,21,26,9,0.7,20,0.9523809523809523,0.7692307692307693,0.9582282143930313,0.865625,1.0,0.13437500000000002,100,has_wing_color::grey,cbm
95,Baltimore Oriole,30,6,8,24,0.2,1,0.16666666666666666,0.125,0.15746969696969695,0.0,0.42857142857142855,0.42857142857142855,100,has_wing_color::grey,cbm
96,Hooded Oriole,30,6,6,24,0.2,3,0.5,0.5,0.5003401875901876,0.0,1.0,1.0,100,has_wing_color::grey,cbm
98,Scott Oriole,30,7,5,23,0.23333333333333334,3,0.42857142857142855,0.6,0.44608191808191805,0.0,1.0,1.0,100,has_wing_color::grey,cbm
99,Ovenbird,30,5,8,25,0.16666666666666666,2,0.4,0.25,0.4055194805194805,0.0,0.9249999999999996,0.9249999999999996,100,has_wing_color::grey,cbm
100,Brown Pelican,30,11,9,19,0.36666666666666664,6,0.5454545454545454,0.6666666666666666,0.5293532064340889,0.2669642857142857,0.866517857142857,0.5995535714285714,100,has_wing_color::grey,cbm
102,Western Wood Pewee,30,13,18,17,0.43333333333333335,10,0.7692307692307693,0.5555555555555556,0.7652969548081778,0.5,1.0,0.5,100,has_wing_color::grey,cbm
112,Great Grey Shrike,30,16,26,14,0.5333333333333333,14,0.875,0.5384615384615384,0.8522324301515479,0.6579166666666667,1.0,0.3420833333333333,100,has_wing_color::grey,cbm
103,Sayornis,30,6,14,24,0.2,6,1.0,0.42857142857142855,1.0,1.0,1.0,0.0,100,has_wing_color::grey,cbm
104,American Pipit,30,14,11,16,0.4666666666666667,8,0.5714285714285714,0.7272727272727273,0.5440169138566973,0.30056561085972855,0.7949300699300695,0.494364459070341,100,has_wing_color::grey,cbm
106,Horned Puffin,30,2,9,28,0.06666666666666667,1,0.5,0.1111111111111111,0.5355555555555556,0.0,1.0,1.0,100,has_wing_color::grey,cbm
107,Common Raven,30,4,7,26,0.13333333333333333,2,0.5,0.2857142857142857,0.49880142533203753,0.0,1.0,1.0,100,has_wing_color::grey,cbm
108,White necked Raven,30,6,5,24,0.2,1,0.16666666666666666,0.2,0.18033766233766232,0.0,0.5,0.5,100,has_wing_color::grey,cbm
109,American Redstart,30,6,8,24,0.2,4,0.6666666666666666,0.5,0.669306277056277,0.16062500000000002,1.0,0.839375,100,has_wing_color::grey,cbm
110,Geococcyx,30,6,9,24,0.2,2,0.3333333333333333,0.2222222222222222,0.3414271284271283,0.0,0.7762499999999996,0.7762499999999996,100,has_wing_color::grey,cbm
111,Loggerhead Shrike,30,14,22,16,0.4666666666666667,12,0.8571428571428571,0.5454545454545454,0.8607380310607866,0.6666666666666666,1.0,0.33333333333333337,100,has_wing_color::grey,cbm
142,Black Tern,30,19,22,11,0.6333333333333333,15,0.7894736842105263,0.6818181818181818,0.7925448818997818,0.625,0.9440624999999999,0.3190624999999999,100,has_wing_color::grey,cbm
144,Common Tern,30,15,27,15,0.5,14,0.9333333333333333,0.5185185185185185,0.9351454721748838,0.7444444444444445,1.0,0.25555555555555554,100,has_wing_color::grey,cbm
90,Red breasted Merganser,30,15,11,15,0.5,3,0.2,0.2727272727272727,0.21758968929247566,0.0,0.4087499999999999,0.4087499999999999,100,has_wing_color::grey,cbm
145,Elegant Tern,30,17,24,13,0.5666666666666667,14,0.8235294117647058,0.5833333333333334,0.832636034946642,0.6073076923076923,1.0,0.3926923076923077,100,has_wing_color::grey,cbm
176,Prairie Warbler,30,8,20,22,0.26666666666666666,6,0.75,0.3,0.7272707015207015,0.4625,1.0,0.5375,100,has_wing_color::grey,cbm
177,Prothonotary Warbler,30,15,24,15,0.5,13,0.8666666666666667,0.5416666666666666,0.8722182034941324,0.6788461538461539,1.0,0.3211538461538461,100,has_wing_color::grey,cbm
180,Wilson Warbler,30,12,11,18,0.4,4,0.3333333333333333,0.36363636363636365,0.34482139974748327,0.08693181818181818,0.605208333333333,0.5182765151515148,100,has_wing_color::grey,cbm
182,Yellow Warbler,30,6,12,24,0.2,4,0.6666666666666666,0.3333333333333333,0.6610569985569987,0.06785714285714287,1.0,0.9321428571428572,100,has_wing_color::grey,cbm
183,Northern Waterthrush,30,10,16,20,0.3333333333333333,9,0.9,0.5625,0.8955081723831725,0.6507575757575758,1.0,0.34924242424242424,100,has_wing_color::grey,cbm
184,Louisiana Waterthrush,30,13,17,17,0.43333333333333335,8,0.6153846153846154,0.47058823529411764,0.6295603527449503,0.3809090909090909,0.8710416666666666,0.4901325757575757,100,has_wing_color::grey,cbm
185,Bohemian Waxwing,30,14,20,16,0.4666666666666667,10,0.7142857142857143,0.5,0.7112428382590922,0.4,0.966071428571428,0.566071428571428,100,has_wing_color::grey,cbm
186,Cedar Waxwing,30,13,14,17,0.43333333333333335,9,0.6923076923076923,0.6428571428571429,0.6941691078529314,0.39479166666666665,0.9229166666666666,0.528125,100,has_wing_color::grey,cbm
188,Pileated Woodpecker,30,1,2,29,0.03333333333333333,0,0.0,0.0,0.0,0.0,0.0,0.0,100,has_wing_color::grey,cbm
189,Red bellied Woodpecker,30,3,3,27,0.1,1,0.3333333333333333,0.3333333333333333,0.3270803270803271,0.0,1.0,1.0,100,has_wing_color::grey,cbm
191,Red headed Woodpecker,30,2,1,28,0.06666666666666667,1,0.5,1.0,0.47215909090909086,0.0,1.0,1.0,100,has_wing_color::grey,cbm
192,Downy Woodpecker,30,2,1,28,0.06666666666666667,0,0.0,0.0,0.0,0.0,0.0,0.0,100,has_wing_color::grey,cbm
193,Bewick Wren,30,6,2,24,0.2,0,0.0,0.0,0.0,0.0,0.0,0.0,100,has_wing_color::grey,cbm
194,Cactus Wren,30,6,12,24,0.2,5,0.8333333333333334,0.4166666666666667,0.8341302308802309,0.5,1.0,0.5,100,has_wing_color::grey,cbm
195,Carolina Wren,30,4,0,26,0.13333333333333333,0,0.0,,0.0,0.0,0.0,0.0,100,has_wing_color::grey,cbm
196,House Wren,30,4,6,26,0.13333333333333333,2,0.5,0.3333333333333333,0.5028529657477026,0.0,1.0,1.0,100,has_wing_color::grey,cbm
197,Marsh Wren,30,4,11,26,0.13333333333333333,1,0.25,0.09090909090909091,0.24304365079365076,0.0,0.7104166666666659,0.7104166666666659,100,has_wing_color::grey,cbm
198,Rock Wren,30,12,10,18,0.4,6,0.5,0.6,0.5033713492389963,0.25,0.721103896103896,0.471103896103896,100,has_wing_color::grey,cbm
199,Winter Wren,30,2,1,28,0.06666666666666667,0,0.0,0.0,0.0,0.0,0.0,0.0,100,has_wing_color::grey,cbm
175,Pine Warbler,30,22,27,8,0.7333333333333333,21,0.9545454545454546,0.7777777777777778,0.9520822751008979,0.8253787878787879,1.0,0.17462121212121207,100,has_wing_color::grey,cbm
174,Palm Warbler,30,8,15,22,0.26666666666666666,6,0.75,0.4,0.7613613608613609,0.42857142857142855,1.0,0.5714285714285714,100,has_wing_color::grey,cbm
173,Orange crowned Warbler,30,15,16,15,0.5,11,0.7333333333333333,0.6875,0.7230194269095199,0.5,0.9284615384615384,0.42846153846153845,100,has_wing_color::grey,cbm
158,Bay breasted Warbler,30,14,26,16,0.4666666666666667,12,0.8571428571428571,0.46153846153846156,0.8717421603164637,0.6663461538461539,1.0,0.3336538461538461,100,has_wing_color::grey,cbm
146,Forsters Tern,30,16,26,14,0.5333333333333333,15,0.9375,0.5769230769230769,0.9290376730252892,0.8109375,1.0,0.18906250000000002,100,has_wing_color::grey,cbm
147,Least Tern,30,19,26,11,0.6333333333333333,18,0.9473684210526315,0.6923076923076923,0.9471261413628623,0.8295289855072464,1.0,0.1704710144927536,100,has_wing_color::grey,cbm
148,Green tailed Towhee,30,18,26,12,0.6,17,0.9444444444444444,0.6538461538461539,0.9382264835223105,0.8207219251336898,1.0,0.1792780748663102,100,has_wing_color::grey,cbm
150,Sage Thrasher,30,14,18,16,0.4666666666666667,14,1.0,0.7777777777777778,1.0,1.0,1.0,0.0,100,has_wing_color::grey,cbm
152,Blue headed Vireo,30,18,27,12,0.6,17,0.9444444444444444,0.6296296296296297,0.9372049297881341,0.8056501547987616,1.0,0.19434984520123844,100,has_wing_color::grey,cbm
154,Red eyed Vireo,30,11,14,19,0.36666666666666664,6,0.5454545454545454,0.42857142857142855,0.5575867294470236,0.26319444444444445,0.8261363636363636,0.5629419191919192,100,has_wing_color::grey,cbm
155,Warbling Vireo,30,15,18,15,0.5,11,0.7333333333333333,0.6111111111111112,0.7330943423621444,0.5,0.935189075630252,0.435189075630252,100,has_wing_color::grey,cbm
156,White eyed Vireo,30,13,25,17,0.43333333333333335,12,0.9230769230769231,0.48,0.925882058301176,0.7246212121212121,1.0,0.2753787878787879,100,has_wing_color::grey,cbm
159,Black and white Warbler,30,5,18,25,0.16666666666666666,4,0.8,0.2222222222222222,0.8145310245310246,0.4475,1.0,0.5525,100,has_wing_color::grey,cbm
172,Nashville Warbler,30,16,24,14,0.5333333333333333,14,0.875,0.5833333333333334,0.8769233696729828,0.7058823529411765,1.0,0.2941176470588235,100,has_wing_color::grey,cbm
161,Blue winged Warbler,30,20,25,10,0.6666666666666666,19,0.95,0.76,0.9431752210828164,0.8458552631578947,1.0,0.15414473684210528,100,has_wing_color::grey,cbm
162,Canada Warbler,30,16,24,14,0.5333333333333333,15,0.9375,0.625,0.9447074399199014,0.7925,1.0,0.20750000000000002,100,has_wing_color::grey,cbm
163,Cape May Warbler,30,8,16,22,0.26666666666666666,7,0.875,0.4375,0.8844099984982337,0.6666666666666666,1.0,0.33333333333333337,100,has_wing_color::grey,cbm
164,Cerulean Warbler,30,10,24,20,0.3333333333333333,10,1.0,0.4166666666666667,1.0,1.0,1.0,0.0,100,has_wing_color::grey,cbm
165,Chestnut sided Warbler,30,15,24,15,0.5,12,0.8,0.5,0.8088012642242518,0.6153846153846154,0.94875,0.33336538461538456,100,has_wing_color::grey,cbm
167,Hooded Warbler,30,9,10,21,0.3,3,0.3333333333333333,0.3,0.3451573981573982,0.0,0.6214285714285706,0.6214285714285706,100,has_wing_color::grey,cbm
170,Mourning Warbler,30,6,19,24,0.2,4,0.6666666666666666,0.21052631578947367,0.6841524917282493,0.2225,1.0,0.7775,100,has_wing_color::grey,cbm
171,Myrtle Warbler,30,15,24,15,0.5,13,0.8666666666666667,0.5416666666666666,0.862440706824995,0.6875,1.0,0.3125,100,has_wing_color::grey,cbm
91,Mockingbird,30,13,20,17,0.43333333333333335,11,0.8461538461538461,0.55,0.8579147249809015,0.639448051948052,1.0,0.360551948051948,100,has_wing_color::grey,cbm
200,Common Yellowthroat,30,3,18,27,0.1,2,0.6666666666666666,0.1111111111111111,0.6550877192982456,0.0,1.0,1.0,100,has_wing_color::grey,cbm
89,Hooded Merganser,30,7,5,23,0.23333333333333334,2,0.2857142857142857,0.4,0.2806136363636364,0.0,0.733035714285714,0.733035714285714,100,has_wing_color::grey,cbm
26,Bronzed Cowbird,30,2,1,28,0.06666666666666667,0,0.0,0.0,0.0,0.0,0.0,0.0,100,has_wing_color::grey,cbm
61,Heermann Gull,30,21,25,9,0.7,19,0.9047619047619048,0.76,0.913769473215223,0.75,1.0,0.25,100,has_wing_color::grey,cbm
59,California Gull,30,21,22,9,0.7,16,0.7619047619047619,0.7272727272727273,0.7550281305532583,0.6,0.8947368421052632,0.2947368421052632,100,has_wing_color::grey,cbm
25,Pelagic Cormorant,30,3,8,27,0.1,2,0.6666666666666666,0.25,0.6523564064801178,0.0,1.0,1.0,100,has_wing_color::grey,cbm
57,Rose breasted Grosbeak,30,0,3,30,0.0,0,,0.0,,,,,100,has_wing_color::grey,cbm
56,Pine Grosbeak,30,15,18,15,0.5,9,0.6,0.5,0.5864724983478853,0.33678977272727273,0.8400641025641025,0.5032743298368297,100,has_wing_color::grey,cbm
55,Evening Grosbeak,30,1,7,29,0.03333333333333333,1,1.0,0.14285714285714285,1.0,1.0,1.0,0.0,100,has_wing_color::grey,cbm
54,Blue Grosbeak,30,2,2,28,0.06666666666666667,0,0.0,0.0,0.0,0.0,0.0,0.0,100,has_wing_color::grey,cbm
53,Western Grebe,30,10,16,20,0.3333333333333333,5,0.5,0.3125,0.4903729326229327,0.16666666666666666,0.8095454545454545,0.6428787878787878,100,has_wing_color::grey,cbm
52,Pied billed Grebe,30,4,10,26,0.13333333333333333,1,0.25,0.1,0.25440962099125364,0.0,0.9150000000000006,0.9150000000000006,100,has_wing_color::grey,cbm
51,Horned Grebe,30,10,17,20,0.3333333333333333,5,0.5,0.29411764705882354,0.49687111254758315,0.14285714285714285,0.8400641025641025,0.6972069597069597,100,has_wing_color::grey,cbm
50,Eared Grebe,30,9,21,21,0.3,7,0.7777777777777778,0.3333333333333333,0.8024261604408663,0.5502525252525252,1.0,0.4497474747474748,100,has_wing_color::grey,cbm
49,Boat tailed Grackle,30,4,1,26,0.13333333333333333,0,0.0,0.0,0.0,0.0,0.0,0.0,100,has_wing_color::grey,cbm
48,European Goldfinch,30,3,8,27,0.1,2,0.6666666666666666,0.25,0.6640625,0.0,1.0,1.0,100,has_wing_color::grey,cbm
47,American Goldfinch,30,4,6,26,0.13333333333333333,2,0.5,0.3333333333333333,0.5335858585858585,0.0,1.0,1.0,100,has_wing_color::grey,cbm
63,Ivory Gull,30,3,20,27,0.1,2,0.6666666666666666,0.1,0.6330167173252279,0.0,1.0,1.0,100,has_wing_color::grey,cbm
46,Gadwall,30,11,20,19,0.36666666666666664,8,0.7272727272727273,0.4,0.7269478372934255,0.5,1.0,0.5,100,has_wing_color::grey,cbm
45,Northern Fulmar,30,25,26,5,0.8333333333333334,22,0.88,0.8461538461538461,0.880495028307247,0.7347408026755853,0.9615555555555555,0.22681475287997022,100,has_wing_color::grey,cbm
44,Frigatebird,30,3,2,27,0.1,1,0.3333333333333333,0.5,0.3478767795778106,0.0,1.0,1.0,100,has_wing_color::grey,cbm
88,Western Meadowlark,30,12,14,18,0.4,8,0.6666666666666666,0.5714285714285714,0.6622289951620445,0.4,0.9090909090909091,0.509090909090909,100,has_wing_color::grey,cbm
42,Vermilion Flycatcher,30,9,16,21,0.3,4,0.4444444444444444,0.25,0.49020936008436017,0.16666666666666666,0.866517857142857,0.6998511904761904,100,has_wing_color::grey,cbm
41,Scissor tailed Flycatcher,30,11,19,19,0.36666666666666664,8,0.7272727272727273,0.42105263157894735,0.7064394771894772,0.47613636363636364,1.0,0.5238636363636364,100,has_wing_color::grey,cbm
27,Shiny Cowbird,30,3,3,27,0.1,1,0.3333333333333333,0.3333333333333333,0.3109965635738831,0.0,1.0,1.0,100,has_wing_color::grey,cbm
40,Olive sided Flycatcher,30,12,13,18,0.4,8,0.6666666666666666,0.6153846153846154,0.6460759273406331,0.365625,0.8822916666666665,0.5166666666666665,100,has_wing_color::grey,cbm
38,Great Crested Flycatcher,30,9,10,21,0.3,6,0.6666666666666666,0.6,0.6709408581614464,0.375,1.0,0.625,100,has_wing_color::grey,cbm
36,Northern Flicker,30,9,12,21,0.3,7,0.7777777777777778,0.5833333333333334,0.7778142968142967,0.5215909090909091,1.0,0.4784090909090909,100,has_wing_color::grey,cbm
29,American Crow,30,2,4,28,0.06666666666666667,0,0.0,0.0,0.0,0.0,0.0,0.0,100,has_wing_color::grey,cbm
35,Purple Finch,30,7,4,23,0.23333333333333334,1,0.14285714285714285,0.25,0.11812187812187812,0.0,0.4,0.4,100,has_wing_color::grey,cbm
30,Fish Crow,30,1,3,29,0.03333333333333333,0,0.0,0.0,0.0,0.0,0.0,0.0,100,has_wing_color::grey,cbm
21,Eastern Towhee,30,1,10,29,0.03333333333333333,1,1.0,0.1,1.0,1.0,1.0,0.0,100,has_wing_color::grey,cbm
62,Herring Gull,30,22,27,8,0.7333333333333333,21,0.9545454545454546,0.7777777777777778,0.9525898608281633,0.8630434782608696,1.0,0.13695652173913042,100,has_wing_color::grey,cbm
64,Ring billed Gull,30,21,27,9,0.7,20,0.9523809523809523,0.7407407407407407,0.9496517691441437,0.8375,1.0,0.16249999999999998,100,has_wing_color::grey,cbm
73,Blue Jay,30,10,14,20,0.3333333333333333,5,0.5,0.35714285714285715,0.5159097014097014,0.19305555555555554,0.7600961538461537,0.5670405982905982,100,has_wing_color::grey,cbm
87,Mallard,30,10,8,20,0.3333333333333333,4,0.4,0.5,0.4015684870684871,0.17,0.6666666666666666,0.4966666666666666,100,has_wing_color::grey,cbm
86,Pacific Loon,30,11,17,19,0.36666666666666664,8,0.7272727272727273,0.47058823529411764,0.7103372183372183,0.4135714285714286,0.9634615384615378,0.5498901098901092,100,has_wing_color::grey,cbm
85,Horned Lark,30,7,16,23,0.23333333333333334,5,0.7142857142857143,0.3125,0.7300965145965144,0.3333333333333333,1.0,0.6666666666666667,100,has_wing_color::grey,cbm
4,Groove billed Ani,30,1,3,29,0.03333333333333333,0,0.0,0.0,0.0,0.0,0.0,0.0,100,has_wing_color::grey,cbm
83,White breasted Kingfisher,30,1,1,29,0.03333333333333333,1,1.0,1.0,1.0,1.0,1.0,0.0,100,has_wing_color::grey,cbm
82,Ringed Kingfisher,30,14,15,16,0.4666666666666667,7,0.5,0.4666666666666667,0.5230777967732301,0.3426470588235294,0.8,0.45735294117647063,100,has_wing_color::grey,cbm
81,Pied Kingfisher,30,5,6,25,0.16666666666666666,1,0.2,0.16666666666666666,0.2106190476190476,0.0,0.75,0.75,100,has_wing_color::grey,cbm
80,Green Kingfisher,30,3,8,27,0.1,1,0.3333333333333333,0.125,0.3186215538847118,0.0,1.0,1.0,100,has_wing_color::grey,cbm
79,Belted Kingfisher,30,21,25,9,0.7,18,0.8571428571428571,0.72,0.8603115567252329,0.7142857142857143,0.980208333333333,0.2659226190476187,100,has_wing_color::grey,cbm
10,Red winged Blackbird,30,0,0,30,0.0,0,,,,,,,100,has_wing_color::grey,cbm
77,Tropical Kingbird,30,16,26,14,0.5333333333333333,14,0.875,0.5384615384615384,0.876200076527173,0.7027472527472527,1.0,0.2972527472527473,100,has_wing_color::grey,cbm
11,Rusty Blackbird,30,7,12,23,0.23333333333333334,5,0.7142857142857143,0.4166666666666667,0.6894761904761905,0.32125000000000004,1.0,0.67875,100,has_wing_color::grey,cbm
74,Florida Jay,30,8,23,22,0.26666666666666666,5,0.625,0.21739130434782608,0.6492954545454546,0.353125,1.0,0.646875,100,has_wing_color::grey,cbm
76,Dark eyed Junco,30,14,20,16,0.4666666666666667,10,0.7142857142857143,0.5,0.7066213797382527,0.4825,0.9333333333333333,0.45083333333333336,100,has_wing_color::grey,cbm
72,Pomarine Jaeger,30,5,16,25,0.16666666666666666,2,0.4,0.125,0.40836219336219337,0.0,1.0,1.0,100,has_wing_color::grey,cbm
14,Indigo Bunting,30,7,6,23,0.23333333333333334,2,0.2857142857142857,0.3333333333333333,0.2781062409812409,0.0,0.5714285714285714,0.5714285714285714,100,has_wing_color::grey,cbm
66,Western Gull,30,22,28,8,0.7333333333333333,20,0.9090909090909091,0.7142857142857143,0.9096945437628235,0.7318181818181818,1.0,0.2681818181818182,100,has_wing_color::grey,cbm
71,Long tailed Jaeger,30,13,17,17,0.43333333333333335,10,0.7692307692307693,0.5882352941176471,0.758836998227091,0.5384615384615384,1.0,0.46153846153846156,100,has_wing_color::grey,cbm
67,Anna Hummingbird,30,13,9,17,0.43333333333333335,9,0.6923076923076923,1.0,0.695030316905317,0.4166666666666667,0.9130681818181817,0.49640151515151504,100,has_wing_color::grey,cbm
68,Ruby throated Hummingbird,30,6,8,24,0.2,3,0.5,0.375,0.4757763347763347,0.0,1.0,1.0,100,has_wing_color::grey,cbm
31,Black billed Cuckoo,30,2,9,28,0.06666666666666667,1,0.5,0.1111111111111111,0.5320075757575757,0.0,1.0,1.0,100,has_wing_color::grey,cbm
69,Rufous Hummingbird,30,5,2,25,0.16666666666666666,0,0.0,0.0,0.0,0.0,0.0,0.0,100,has_wing_color::grey,cbm
13,Bobolink,30,8,5,22,0.26666666666666666,2,0.25,0.4,0.2518556027306027,0.0,0.5507575757575757,0.5507575757575757,100,has_wing_color::grey,cbm
70,Green Violetear,30,6,2,24,0.2,0,0.0,0.0,0.0,0.0,0.0,0.0,100,has_wing_color::grey,cbm
181,Worm eating Warbler,29,7,10,22,0.2413793103448276,5,0.7142857142857143,0.5,0.7270562770562771,0.2669642857142857,1.0,0.7330357142857142,100,has_wing_color::grey,cbm
20,Yellow breasted Chat,29,10,24,19,0.3448275862068966,10,1.0,0.4166666666666667,1.0,1.0,1.0,0.0,100,has_wing_color::grey,cbm
169,Magnolia Warbler,29,13,22,16,0.4482758620689655,10,0.7692307692307693,0.45454545454545453,0.7681189034134082,0.5263888888888889,0.9703124999999995,0.44392361111111056,100,has_wing_color::grey,cbm
168,Kentucky Warbler,29,8,18,21,0.27586206896551724,6,0.75,0.3333333333333333,0.7683429070929073,0.4,1.0,0.6,100,has_wing_color::grey,cbm
28,Brown Creeper,29,5,8,24,0.1724137931034483,3,0.6,0.375,0.6590223665223663,0.22375,1.0,0.77625,100,has_wing_color::grey,cbm
9,Brewer Blackbird,29,0,0,29,0.0,0,,,,,,,100,has_wing_color::grey,cbm
166,Golden winged Warbler,29,21,27,8,0.7241379310344828,20,0.9523809523809523,0.7407407407407407,0.9496897435710667,0.8533928571428571,1.0,0.14660714285714294,100,has_wing_color::grey,cbm
23,Brandt Cormorant,29,6,4,23,0.20689655172413793,0,0.0,0.0,0.0,0.0,0.0,0.0,100,has_wing_color::grey,cbm
190,Red cockaded Woodpecker,29,2,2,27,0.06896551724137931,0,0.0,0.0,0.0,0.0,0.0,0.0,100,has_wing_color::grey,cbm
33,Yellow billed Cuckoo,29,7,19,22,0.2413793103448276,5,0.7142857142857143,0.2631578947368421,0.7202330447330446,0.353125,1.0,0.646875,100,has_wing_color::grey,cbm
179,Tennessee Warbler,29,14,21,15,0.4827586206896552,12,0.8571428571428571,0.5714285714285714,0.8511177105917818,0.709873949579832,1.0,0.29012605042016804,100,has_wing_color::grey,cbm
19,Gray Catbird,29,25,24,4,0.8620689655172413,22,0.88,0.9166666666666666,0.8740391761606154,0.75,0.9836206896551721,0.23362068965517213,100,has_wing_color::grey,cbm
43,Yellow bellied Flycatcher,29,11,17,18,0.3793103448275862,9,0.8181818181818182,0.5294117647058824,0.8303935647685647,0.5577922077922077,1.0,0.44220779220779227,100,has_wing_color::grey,cbm
117,Clay colored Sparrow,29,9,13,20,0.3103448275862069,5,0.5555555555555556,0.38461538461538464,0.5480391308038367,0.16666666666666666,0.8881249999999998,0.7214583333333332,100,has_wing_color::grey,cbm
141,Artic Tern,29,7,21,22,0.2413793103448276,5,0.7142857142857143,0.23809523809523808,0.7440017482517483,0.37857142857142856,1.0,0.6214285714285714,100,has_wing_color::grey,cbm
160,Black throated Blue Warbler,29,6,16,23,0.20689655172413793,3,0.5,0.1875,0.5007788600288601,0.06785714285714287,0.8458333333333331,0.7779761904761903,100,has_wing_color::grey,cbm
119,Field Sparrow,29,11,12,18,0.3793103448275862,7,0.6363636363636364,0.5833333333333334,0.6132382519441343,0.3158333333333333,0.9047727272727272,0.5889393939393939,100,has_wing_color::grey,cbm
124,Le Conte Sparrow,29,4,6,25,0.13793103448275862,1,0.25,0.16666666666666666,0.25749919015225137,0.0,0.8937500000000007,0.8937500000000007,100,has_wing_color::grey,cbm
125,Lincoln Sparrow,29,6,10,23,0.20689655172413793,4,0.6666666666666666,0.4,0.6791887001887003,0.3333333333333333,1.0,0.6666666666666667,100,has_wing_color::grey,cbm
115,Brewer Sparrow,29,9,17,20,0.3103448275862069,8,0.8888888888888888,0.47058823529411764,0.8932260517260516,0.7142857142857143,1.0,0.2857142857142857,100,has_wing_color::grey,cbm
60,Glaucous winged Gull,29,24,28,5,0.8275862068965517,23,0.9583333333333334,0.8214285714285714,0.9548458970218695,0.865625,1.0,0.13437500000000002,100,has_wing_color::grey,cbm
78,Gray Kingbird,29,16,17,13,0.5517241379310345,11,0.6875,0.6470588235294118,0.6876374650890905,0.4402834008097166,0.9031249999999995,0.4628415991902829,100,has_wing_color::grey,cbm
97,Orchard Oriole,29,5,6,24,0.1724137931034483,2,0.4,0.3333333333333333,0.40989393939393937,0.0,0.920833333333332,0.920833333333332,100,has_wing_color::grey,cbm
149,Brown Thrasher,29,2,3,27,0.06896551724137931,1,0.5,0.3333333333333333,0.5033950617283951,0.0,1.0,1.0,100,has_wing_color::grey,cbm
39,Least Flycatcher,29,13,16,16,0.4482758620689655,10,0.7692307692307693,0.625,0.752969473380077,0.5357692307692308,0.9333333333333333,0.3975641025641026,100,has_wing_color::grey,cbm
153,Philadelphia Vireo,29,18,22,11,0.6206896551724138,15,0.8333333333333334,0.6818181818181818,0.8355728169289617,0.640328947368421,1.0,0.35967105263157895,100,has_wing_color::grey,cbm
37,Acadian Flycatcher,29,11,18,18,0.3793103448275862,9,0.8181818181818182,0.5,0.8079618437118437,0.5577922077922077,1.0,0.44220779220779227,100,has_wing_color::grey,cbm
157,Yellow throated Vireo,29,14,18,15,0.4827586206896552,11,0.7857142857142857,0.6111111111111112,0.7769767584496685,0.5158333333333334,0.9411764705882353,0.4253431372549019,100,has_wing_color::grey,cbm
34,Gray crowned Rosy Finch,29,12,17,17,0.41379310344827586,6,0.5,0.35294117647058826,0.46800358056975705,0.1757692307692308,0.733035714285714,0.5572664835164832,100,has_wing_color::grey,cbm
3,Sooty Albatross,28,13,12,15,0.4642857142857143,7,0.5384615384615384,0.5833333333333334,0.5123205445655136,0.2329185520361991,0.7819444444444443,0.5490258924082452,100,has_wing_color::grey,cbm
15,Lazuli Bunting,28,8,23,20,0.2857142857142857,7,0.875,0.30434782608695654,0.8798856698856699,0.625,1.0,0.375,100,has_wing_color::grey,cbm
16,Painted Bunting,28,2,7,26,0.07142857142857142,1,0.5,0.14285714285714285,0.5325670498084291,0.0,1.0,1.0,100,has_wing_color::grey,cbm
58,Pigeon Guillemot,28,7,13,21,0.25,6,0.8571428571428571,0.46153846153846156,0.8500858585858586,0.5263888888888889,1.0,0.4736111111111111,100,has_wing_color::grey,cbm
17,Cardinal,27,7,0,20,0.25925925925925924,0,0.0,,0.0,0.0,0.0,0.0,100,has_wing_color::grey,cbm
75,Green Jay,27,0,1,27,0.0,0,,0.0,,,,,100,has_wing_color::grey,cbm
178,Swainson Warbler,26,1,6,25,0.038461538461538464,0,0.0,0.0,0.0,0.0,0.0,0.0,100,has_wing_color::grey,cbm
12,Yellow headed Blackbird,26,3,6,23,0.11538461538461539,1,0.3333333333333333,0.16666666666666666,0.2848306332842415,0.0,1.0,1.0,100,has_wing_color::grey,cbm
22,Chuck will Widow,26,4,9,22,0.15384615384615385,3,0.75,0.3333333333333333,0.7521204104537438,0.15000000000000005,1.0,0.85,100,has_wing_color::grey,cbm
7,Parakeet Auklet,23,10,9,13,0.43478260869565216,5,0.5,0.5555555555555556,0.47484859584859584,0.16713286713286715,0.8,0.6328671328671329,100,has_wing_color::grey,cbm
84,Red legged Kittiwake,23,14,15,9,0.6086956521739131,12,0.8571428571428571,0.8,0.8594736319751799,0.6428571428571429,1.0,0.3571428571428571,100,has_wing_color::grey,cbm
32,Mangrove Cuckoo,23,7,8,16,0.30434782608695654,1,0.14285714285714285,0.125,0.12334163059163059,0.0,0.43690476190476174,0.43690476190476174,100,has_wing_color::grey,cbm
24,Red faced Cormorant,22,3,0,19,0.13636363636363635,0,0.0,,0.0,0.0,0.0,0.0,100,has_wing_color::grey,cbm
151,Black capped Vireo,21,5,10,16,0.23809523809523808,1,0.2,0.1,0.1883928571428571,0.0,0.5,0.5,100,has_wing_color::grey,cbm
113,Baird Sparrow,20,2,8,18,0.1,1,0.5,0.125,0.4752747252747252,0.0,1.0,1.0,100,has_wing_color::grey,cbm
187,American Three toed Woodpecker,20,3,0,17,0.15,0,0.0,,0.0,0.0,0.0,0.0,100,has_wing_color::grey,cbm
65,Slaty backed Gull,20,10,13,10,0.5,7,0.7,0.5384615384615384,0.7103467088467089,0.3795673076923077,1.0,0.6204326923076924,100,has_wing_color::grey,cbm
101,White Pelican,20,3,5,17,0.15,2,0.6666666666666666,0.4,0.6576337751595484,0.0,1.0,1.0,100,has_wing_color::grey,cbm
105,Whip poor Will,19,7,2,12,0.3684210526315789,2,0.2857142857142857,1.0,0.2655916583416583,0.0,0.6349999999999993,0.6349999999999993,100,has_wing_color::grey,cbm
8,Rhinoceros Auklet,18,2,7,16,0.1111111111111111,1,0.5,0.14285714285714285,0.5060606060606061,0.0,1.0,1.0,100,has_wing_color::grey,cbm
18,Spotted Catbird,15,1,1,14,0.06666666666666667,0,0.0,0.0,0.0,0.0,0.0,0.0,100,has_wing_color::grey,cbm
5,Crested Auklet,14,4,4,10,0.2857142857142857,2,0.5,0.5,0.49436904761904765,0.0,1.0,1.0,100,has_wing_color::grey,cbm
6,Least Auklet,11,4,6,7,0.36363636363636365,3,0.75,0.5,0.7285714285714284,0.0,1.0,1.0,100,has_wing_color::grey,cbm
1,Black footed Albatross,30,1,1,29,0.03333333333333333,0,0.0,0.0,0.0,0.0,0.0,0.0,100,has_wing_color::white,cbm
143,Caspian Tern,30,20,28,10,0.6666666666666666,20,1.0,0.7142857142857143,1.0,1.0,1.0,0.0,100,has_wing_color::white,cbm
120,Fox Sparrow,30,8,9,22,0.26666666666666666,3,0.375,0.3333333333333333,0.3554742202242201,0.0,0.7074999999999999,0.7074999999999999,100,has_wing_color::white,cbm
121,Grasshopper Sparrow,30,6,8,24,0.2,3,0.5,0.375,0.5345021701082306,0.15961538461538463,1.0,0.8403846153846154,100,has_wing_color::white,cbm
122,Harris Sparrow,30,15,14,15,0.5,9,0.6,0.6428571428571429,0.5827017630202614,0.3223958333333333,0.8095454545454545,0.48714962121212113,100,has_wing_color::white,cbm
123,Henslow Sparrow,30,5,6,25,0.16666666666666666,1,0.2,0.16666666666666666,0.2104025974025974,0.0,0.6666666666666666,0.6666666666666666,100,has_wing_color::white,cbm
126,Nelson Sharp tailed Sparrow,30,6,3,24,0.2,1,0.16666666666666666,0.3333333333333333,0.19311608176404096,0.0,0.5575000000000003,0.5575000000000003,100,has_wing_color::white,cbm
127,Savannah Sparrow,30,10,7,20,0.3333333333333333,3,0.3,0.42857142857142855,0.2947398916443035,0.03653846153846155,0.5507575757575757,0.5142191142191141,100,has_wing_color::white,cbm
128,Seaside Sparrow,30,1,1,29,0.03333333333333333,0,0.0,0.0,0.0,0.0,0.0,0.0,100,has_wing_color::white,cbm
129,Song Sparrow,30,4,4,26,0.13333333333333333,0,0.0,0.0,0.0,0.0,0.0,0.0,100,has_wing_color::white,cbm
130,Tree Sparrow,30,14,14,16,0.4666666666666667,8,0.5714285714285714,0.5714285714285714,0.5542902299798586,0.2919871794871795,0.855208333333333,0.5632211538461536,100,has_wing_color::white,cbm
131,Vesper Sparrow,30,9,11,21,0.3,3,0.3333333333333333,0.2727272727272727,0.3253312243312244,0.0,0.6916666666666662,0.6916666666666662,100,has_wing_color::white,cbm
132,White crowned Sparrow,30,10,12,20,0.3333333333333333,6,0.6,0.5,0.5915599988247046,0.2727272727272727,0.956818181818181,0.6840909090909083,100,has_wing_color::white,cbm
133,White throated Sparrow,30,5,11,25,0.16666666666666666,3,0.6,0.2727272727272727,0.5873214285714287,0.0,1.0,1.0,100,has_wing_color::white,cbm
134,Cape Glossy Starling,30,0,0,30,0.0,0,,,,,,,100,has_wing_color::white,cbm
135,Bank Swallow,30,3,6,27,0.1,1,0.3333333333333333,0.16666666666666666,0.3157894736842105,0.0,1.0,1.0,100,has_wing_color::white,cbm
136,Barn Swallow,30,2,0,28,0.06666666666666667,0,0.0,,0.0,0.0,0.0,0.0,100,has_wing_color::white,cbm
137,Cliff Swallow,30,1,6,29,0.03333333333333333,1,1.0,0.16666666666666666,1.0,1.0,1.0,0.0,100,has_wing_color::white,cbm
138,Tree Swallow,30,1,2,29,0.03333333333333333,0,0.0,0.0,0.0,0.0,0.0,0.0,100,has_wing_color::white,cbm
139,Scarlet Tanager,30,0,7,30,0.0,0,,0.0,,,,,100,has_wing_color::white,cbm
140,Summer Tanager,30,0,0,30,0.0,0,,,,,,,100,has_wing_color::white,cbm
118,House Sparrow,30,5,5,25,0.16666666666666666,0,0.0,0.0,0.0,0.0,0.0,0.0,100,has_wing_color::white,cbm
116,Chipping Sparrow,30,11,14,19,0.36666666666666664,8,0.7272727272727273,0.5714285714285714,0.7120989010989011,0.3795673076923077,1.0,0.6204326923076924,100,has_wing_color::white,cbm
114,Black throated Sparrow,30,3,8,27,0.1,2,0.6666666666666666,0.25,0.6603583701521846,0.0,1.0,1.0,100,has_wing_color::white,cbm
2,Laysan Albatross,30,3,12,27,0.1,2,0.6666666666666666,0.16666666666666666,0.7176190476190475,0.0,1.0,1.0,100,has_wing_color::white,cbm
92,Nighthawk,30,19,13,11,0.6333333333333333,11,0.5789473684210527,0.8461538461538461,0.5950515816705243,0.42857142857142855,0.7788602941176468,0.35028886554621824,100,has_wing_color::white,cbm
93,Clark Nutcracker,30,10,19,20,0.3333333333333333,8,0.8,0.42105263157894735,0.7924258241758243,0.45625000000000004,1.0,0.54375,100,has_wing_color::white,cbm
94,White breasted Nuthatch,30,11,19,19,0.36666666666666664,8,0.7272727272727273,0.42105263157894735,0.7279310667832338,0.4825,0.9720588235294113,0.4895588235294113,100,has_wing_color::white,cbm
95,Baltimore Oriole,30,17,18,13,0.5666666666666667,10,0.5882352941176471,0.5555555555555556,0.5902090807369446,0.38088235294117645,0.7999999999999998,0.4191176470588234,100,has_wing_color::white,cbm
96,Hooded Oriole,30,13,14,17,0.43333333333333335,9,0.6923076923076923,0.6428571428571429,0.679806646355021,0.40044642857142854,0.9090909090909091,0.5086444805194805,100,has_wing_color::white,cbm
98,Scott Oriole,30,15,14,15,0.5,8,0.5333333333333333,0.5714285714285714,0.5389704199739029,0.25,0.7645833333333331,0.5145833333333331,100,has_wing_color::white,cbm
99,Ovenbird,30,0,12,30,0.0,0,,0.0,,,,,100,has_wing_color::white,cbm
100,Brown Pelican,30,5,13,25,0.16666666666666666,3,0.6,0.23076923076923078,0.5826785714285714,0.17,1.0,0.83,100,has_wing_color::white,cbm
102,Western Wood Pewee,30,12,4,18,0.4,1,0.08333333333333333,0.25,0.09163978341919518,0.0,0.2839572192513367,0.2839572192513367,100,has_wing_color::white,cbm
112,Great Grey Shrike,30,10,11,20,0.3333333333333333,4,0.4,0.36363636363636365,0.40819316794316796,0.15416666666666667,0.75,0.5958333333333333,100,has_wing_color::white,cbm
103,Sayornis,30,5,5,25,0.16666666666666666,2,0.4,0.4,0.3997514830848164,0.0,0.75,0.75,100,has_wing_color::white,cbm
104,American Pipit,30,5,6,25,0.16666666666666666,1,0.2,0.16666666666666666,0.21192881192881194,0.0,0.5,0.5,100,has_wing_color::white,cbm
106,Horned Puffin,30,3,7,27,0.1,0,0.0,0.0,0.0,0.0,0.0,0.0,100,has_wing_color::white,cbm
107,Common Raven,30,0,1,30,0.0,0,,0.0,,,,,100,has_wing_color::white,cbm
108,White necked Raven,30,0,3,30,0.0,0,,0.0,,,,,100,has_wing_color::white,cbm
109,American Redstart,30,0,3,30,0.0,0,,0.0,,,,,100,has_wing_color::white,cbm
110,Geococcyx,30,10,25,20,0.3333333333333333,7,0.7,0.28,0.6968429764679763,0.3477272727272727,1.0,0.6522727272727273,100,has_wing_color::white,cbm
111,Loggerhead Shrike,30,15,15,15,0.5,10,0.6666666666666666,0.6666666666666666,0.6752323632250102,0.4135714285714286,0.8621428571428571,0.4485714285714285,100,has_wing_color::white,cbm
142,Black Tern,30,10,13,20,0.3333333333333333,7,0.7,0.5384615384615384,0.7192867687867687,0.3944805194805195,1.0,0.6055194805194806,100,has_wing_color::white,cbm
144,Common Tern,30,20,25,10,0.6666666666666666,16,0.8,0.64,0.7959595810681891,0.615,0.9420833333333332,0.32708333333333317,100,has_wing_color::white,cbm
90,Red breasted Merganser,30,12,13,18,0.4,6,0.5,0.46153846153846156,0.5168294352706116,0.25,0.7687499999999997,0.5187499999999997,100,has_wing_color::white,cbm
145,Elegant Tern,30,18,26,12,0.6,17,0.9444444444444444,0.6538461538461539,0.939660543875741,0.8284855769230769,1.0,0.1715144230769231,100,has_wing_color::white,cbm
176,Prairie Warbler,30,2,3,28,0.06666666666666667,0,0.0,0.0,0.0,0.0,0.0,0.0,100,has_wing_color::white,cbm
177,Prothonotary Warbler,30,2,2,28,0.06666666666666667,0,0.0,0.0,0.0,0.0,0.0,0.0,100,has_wing_color::white,cbm
180,Wilson Warbler,30,0,0,30,0.0,0,,,,,,,100,has_wing_color::white,cbm
182,Yellow Warbler,30,0,4,30,0.0,0,,0.0,,,,,100,has_wing_color::white,cbm
183,Northern Waterthrush,30,1,3,29,0.03333333333333333,0,0.0,0.0,0.0,0.0,0.0,0.0,100,has_wing_color::white,cbm
184,Louisiana Waterthrush,30,0,7,30,0.0,0,,0.0,,,,,100,has_wing_color::white,cbm
185,Bohemian Waxwing,30,19,14,11,0.6333333333333333,11,0.5789473684210527,0.7857142857142857,0.5986674871437322,0.3888888888888889,0.8298913043478261,0.4410024154589372,100,has_wing_color::white,cbm
186,Cedar Waxwing,30,4,5,26,0.13333333333333333,1,0.25,0.2,0.2753968253968254,0.0,0.7774999999999999,0.7774999999999999,100,has_wing_color::white,cbm
188,Pileated Woodpecker,30,4,10,26,0.13333333333333333,0,0.0,0.0,0.0,0.0,0.0,0.0,100,has_wing_color::white,cbm
189,Red bellied Woodpecker,30,30,29,0,1.0,29,0.9666666666666667,1.0,0.9676666666666668,0.9158333333333334,1.0,0.08416666666666661,100,has_wing_color::white,cbm
191,Red headed Woodpecker,30,22,23,8,0.7333333333333333,17,0.7727272727272727,0.7391304347826086,0.757535274431899,0.5833333333333334,0.9047727272727272,0.3214393939393938,100,has_wing_color::white,cbm
192,Downy Woodpecker,30,28,27,2,0.9333333333333333,25,0.8928571428571429,0.9259259259259259,0.8859080270304408,0.7631944444444445,0.9655172413793104,0.20232279693486588,100,has_wing_color::white,cbm
193,Bewick Wren,30,3,2,27,0.1,0,0.0,0.0,0.0,0.0,0.0,0.0,100,has_wing_color::white,cbm
194,Cactus Wren,30,14,16,16,0.4666666666666667,10,0.7142857142857143,0.625,0.7111243954703707,0.463974358974359,0.9230769230769231,0.4591025641025641,100,has_wing_color::white,cbm
195,Carolina Wren,30,5,5,25,0.16666666666666666,2,0.4,0.4,0.42154076479076474,0.0,1.0,1.0,100,has_wing_color::white,cbm
196,House Wren,30,6,5,24,0.2,1,0.16666666666666666,0.2,0.14835786435786433,0.0,0.5,0.5,100,has_wing_color::white,cbm
197,Marsh Wren,30,6,5,24,0.2,1,0.16666666666666666,0.2,0.1756832611832612,0.0,0.5,0.5,100,has_wing_color::white,cbm
198,Rock Wren,30,5,6,25,0.16666666666666666,0,0.0,0.0,0.0,0.0,0.0,0.0,100,has_wing_color::white,cbm
199,Winter Wren,30,9,4,21,0.3,1,0.1111111111111111,0.25,0.1094078699078699,0.0,0.4087499999999999,0.4087499999999999,100,has_wing_color::white,cbm
175,Pine Warbler,30,14,12,16,0.4666666666666667,7,0.5,0.5833333333333334,0.5095662274601903,0.27889610389610386,0.7600961538461537,0.48120004995004984,100,has_wing_color::white,cbm
174,Palm Warbler,30,3,2,27,0.1,0,0.0,0.0,0.0,0.0,0.0,0.0,100,has_wing_color::white,cbm
173,Orange crowned Warbler,30,0,0,30,0.0,0,,,,,,,100,has_wing_color::white,cbm
158,Bay breasted Warbler,30,21,23,9,0.7,15,0.7142857142857143,0.6521739130434783,0.7072334981921804,0.525383631713555,0.860551948051948,0.33516831633839306,100,has_wing_color::white,cbm
146,Forsters Tern,30,19,23,11,0.6333333333333333,15,0.7894736842105263,0.6521739130434783,0.7976114861025515,0.6338516746411483,0.9545454545454546,0.32069377990430625,100,has_wing_color::white,cbm
147,Least Tern,30,13,15,17,0.43333333333333335,9,0.6923076923076923,0.6,0.7022107124901242,0.45454545454545453,0.9230769230769231,0.4685314685314686,100,has_wing_color::white,cbm
148,Green tailed Towhee,30,0,1,30,0.0,0,,0.0,,,,,100,has_wing_color::white,cbm
150,Sage Thrasher,30,13,9,17,0.43333333333333335,4,0.3076923076923077,0.4444444444444444,0.2817584458455202,0.029687500000000006,0.5714285714285714,0.5417410714285714,100,has_wing_color::white,cbm
152,Blue headed Vireo,30,20,15,10,0.6666666666666666,11,0.55,0.7333333333333333,0.5685838798538623,0.3634191176470588,0.7562499999999999,0.39283088235294106,100,has_wing_color::white,cbm
154,Red eyed Vireo,30,2,5,28,0.06666666666666667,0,0.0,0.0,0.0,0.0,0.0,0.0,100,has_wing_color::white,cbm
155,Warbling Vireo,30,2,3,28,0.06666666666666667,0,0.0,0.0,0.0,0.0,0.0,0.0,100,has_wing_color::white,cbm
156,White eyed Vireo,30,11,15,19,0.36666666666666664,5,0.45454545454545453,0.3333333333333333,0.4526034382284383,0.14750000000000002,0.7392045454545453,0.5917045454545453,100,has_wing_color::white,cbm
159,Black and white Warbler,30,28,30,2,0.9333333333333333,28,1.0,0.9333333333333333,1.0,1.0,1.0,0.0,100,has_wing_color::white,cbm
172,Nashville Warbler,30,0,0,30,0.0,0,,,,,,,100,has_wing_color::white,cbm
161,Blue winged Warbler,30,8,3,22,0.26666666666666666,1,0.125,0.3333333333333333,0.10678299478299477,0.0,0.4,0.4,100,has_wing_color::white,cbm
162,Canada Warbler,30,2,0,28,0.06666666666666667,0,0.0,,0.0,0.0,0.0,0.0,100,has_wing_color::white,cbm
163,Cape May Warbler,30,10,9,20,0.3333333333333333,3,0.3,0.3333333333333333,0.26549952824952827,0.0,0.5,0.5,100,has_wing_color::white,cbm
164,Cerulean Warbler,30,21,16,9,0.7,13,0.6190476190476191,0.8125,0.6119678757204468,0.4082070707070707,0.7894736842105263,0.38126661350345564,100,has_wing_color::white,cbm
165,Chestnut sided Warbler,30,10,23,20,0.3333333333333333,8,0.8,0.34782608695652173,0.7902651237651237,0.5577922077922077,1.0,0.44220779220779227,100,has_wing_color::white,cbm
167,Hooded Warbler,30,0,0,30,0.0,0,,,,,,,100,has_wing_color::white,cbm
170,Mourning Warbler,30,0,0,30,0.0,0,,,,,,,100,has_wing_color::white,cbm
171,Myrtle Warbler,30,12,20,18,0.4,9,0.75,0.45,0.7674583831201477,0.5333333333333333,1.0,0.4666666666666667,100,has_wing_color::white,cbm
91,Mockingbird,30,6,19,24,0.2,5,0.8333333333333334,0.2631578947368421,0.8379549062049062,0.5,1.0,0.5,100,has_wing_color::white,cbm
200,Common Yellowthroat,30,0,1,30,0.0,0,,0.0,,,,,100,has_wing_color::white,cbm
89,Hooded Merganser,30,9,16,21,0.3,6,0.6666666666666666,0.375,0.6616494616494617,0.3158333333333333,0.9524999999999991,0.6366666666666658,100,has_wing_color::white,cbm
26,Bronzed Cowbird,30,1,0,29,0.03333333333333333,0,0.0,,0.0,0.0,0.0,0.0,100,has_wing_color::white,cbm
61,Heermann Gull,30,12,11,18,0.4,6,0.5,0.5454545454545454,0.47412103827544994,0.1825,0.7989898989898987,0.6164898989898987,100,has_wing_color::white,cbm
59,California Gull,30,11,26,19,0.36666666666666664,9,0.8181818181818182,0.34615384615384615,0.8066863381716323,0.5339285714285714,1.0,0.4660714285714286,100,has_wing_color::white,cbm
25,Pelagic Cormorant,30,0,1,30,0.0,0,,0.0,,,,,100,has_wing_color::white,cbm
57,Rose breasted Grosbeak,30,22,27,8,0.7333333333333333,20,0.9090909090909091,0.7407407407407407,0.9160650051194672,0.8,1.0,0.19999999999999996,100,has_wing_color::white,cbm
56,Pine Grosbeak,30,13,23,17,0.43333333333333335,11,0.8461538461538461,0.4782608695652174,0.8473466146856241,0.5833333333333334,1.0,0.41666666666666663,100,has_wing_color::white,cbm
55,Evening Grosbeak,30,19,24,11,0.6333333333333333,16,0.8421052631578947,0.6666666666666666,0.8413978575342486,0.6579166666666667,1.0,0.3420833333333333,100,has_wing_color::white,cbm
54,Blue Grosbeak,30,1,0,29,0.03333333333333333,0,0.0,,0.0,0.0,0.0,0.0,100,has_wing_color::white,cbm
53,Western Grebe,30,5,15,25,0.16666666666666666,2,0.4,0.13333333333333333,0.4028646523544483,0.0,1.0,1.0,100,has_wing_color::white,cbm
52,Pied billed Grebe,30,5,1,25,0.16666666666666666,0,0.0,0.0,0.0,0.0,0.0,0.0,100,has_wing_color::white,cbm
51,Horned Grebe,30,9,7,21,0.3,2,0.2222222222222222,0.2857142857142857,0.2066282328782329,0.0,0.5,0.5,100,has_wing_color::white,cbm
50,Eared Grebe,30,7,7,23,0.23333333333333334,2,0.2857142857142857,0.2857142857142857,0.31509496059496056,0.0,0.652272727272727,0.652272727272727,100,has_wing_color::white,cbm
49,Boat tailed Grackle,30,0,0,30,0.0,0,,,,,,,100,has_wing_color::white,cbm
48,European Goldfinch,30,11,21,19,0.36666666666666664,9,0.8181818181818182,0.42857142857142855,0.8311700236038473,0.5630952380952381,1.0,0.4369047619047619,100,has_wing_color::white,cbm
47,American Goldfinch,30,17,17,13,0.5666666666666667,11,0.6470588235294118,0.6470588235294118,0.6664109058894023,0.4861842105263158,0.8991666666666662,0.41298245614035045,100,has_wing_color::white,cbm
63,Ivory Gull,30,28,28,2,0.9333333333333333,26,0.9285714285714286,0.9285714285714286,0.9200625789059074,0.7892241379310345,1.0,0.21077586206896548,100,has_wing_color::white,cbm
46,Gadwall,30,4,13,26,0.13333333333333333,2,0.5,0.15384615384615385,0.5142978620019436,0.0,1.0,1.0,100,has_wing_color::white,cbm
45,Northern Fulmar,30,9,14,21,0.3,6,0.6666666666666666,0.42857142857142855,0.6520535991785991,0.3198717948717949,0.956818181818181,0.6369463869463861,100,has_wing_color::white,cbm
44,Frigatebird,30,2,1,28,0.06666666666666667,0,0.0,0.0,0.0,0.0,0.0,0.0,100,has_wing_color::white,cbm
88,Western Meadowlark,30,6,11,24,0.2,3,0.5,0.2727272727272727,0.5167766955266955,0.1825,0.8333333333333334,0.6508333333333334,100,has_wing_color::white,cbm
42,Vermilion Flycatcher,30,3,3,27,0.1,0,0.0,0.0,0.0,0.0,0.0,0.0,100,has_wing_color::white,cbm
41,Scissor tailed Flycatcher,30,9,16,21,0.3,7,0.7777777777777778,0.4375,0.7937344877344878,0.47613636363636364,1.0,0.5238636363636364,100,has_wing_color::white,cbm
27,Shiny Cowbird,30,0,0,30,0.0,0,,,,,,,100,has_wing_color::white,cbm
40,Olive sided Flycatcher,30,10,4,20,0.3333333333333333,3,0.3,0.75,0.3046588019823314,0.0,0.630965909090909,0.630965909090909,100,has_wing_color::white,cbm
38,Great Crested Flycatcher,30,10,6,20,0.3333333333333333,3,0.3,0.5,0.321166562195974,0.0,0.6138888888888879,0.6138888888888879,100,has_wing_color::white,cbm
36,Northern Flicker,30,4,16,26,0.13333333333333333,4,1.0,0.25,1.0,1.0,1.0,0.0,100,has_wing_color::white,cbm
29,American Crow,30,0,0,30,0.0,0,,,,,,,100,has_wing_color::white,cbm
35,Purple Finch,30,7,13,23,0.23333333333333334,5,0.7142857142857143,0.38461538461538464,0.6881370296370296,0.2895833333333333,1.0,0.7104166666666667,100,has_wing_color::white,cbm
30,Fish Crow,30,0,0,30,0.0,0,,,,,,,100,has_wing_color::white,cbm
21,Eastern Towhee,30,12,9,18,0.4,5,0.4166666666666667,0.5555555555555556,0.4305172360319419,0.2,0.652272727272727,0.452272727272727,100,has_wing_color::white,cbm
62,Herring Gull,30,15,25,15,0.5,14,0.9333333333333333,0.56,0.9315428810095994,0.8,1.0,0.19999999999999996,100,has_wing_color::white,cbm
64,Ring billed Gull,30,11,24,19,0.36666666666666664,6,0.5454545454545454,0.25,0.5317619357766415,0.25,0.7857142857142857,0.5357142857142857,100,has_wing_color::white,cbm
73,Blue Jay,30,12,16,18,0.4,8,0.6666666666666666,0.5,0.6783807401748575,0.3736013986013986,0.9259358288770051,0.5523344302756065,100,has_wing_color::white,cbm
87,Mallard,30,8,15,22,0.26666666666666666,3,0.375,0.2,0.39235128760128773,0.10710227272727273,0.721103896103896,0.6140016233766233,100,has_wing_color::white,cbm
86,Pacific Loon,30,12,19,18,0.4,9,0.75,0.47368421052631576,0.7374698495948496,0.5158333333333334,0.9166666666666666,0.40083333333333326,100,has_wing_color::white,cbm
85,Horned Lark,30,5,5,25,0.16666666666666666,1,0.2,0.2,0.2067308802308802,0.0,0.6666666666666666,0.6666666666666666,100,has_wing_color::white,cbm
4,Groove billed Ani,30,1,0,29,0.03333333333333333,0,0.0,,0.0,0.0,0.0,0.0,100,has_wing_color::white,cbm
83,White breasted Kingfisher,30,1,2,29,0.03333333333333333,0,0.0,0.0,0.0,0.0,0.0,0.0,100,has_wing_color::white,cbm
82,Ringed Kingfisher,30,2,4,28,0.06666666666666667,0,0.0,0.0,0.0,0.0,0.0,0.0,100,has_wing_color::white,cbm
81,Pied Kingfisher,30,27,29,3,0.9,26,0.9629629629629629,0.896551724137931,0.9675686782982136,0.8928571428571429,1.0,0.1071428571428571,100,has_wing_color::white,cbm
80,Green Kingfisher,30,12,13,18,0.4,6,0.5,0.46153846153846156,0.4985300967951896,0.18451704545454545,0.7645833333333331,0.5800662878787877,100,has_wing_color::white,cbm
79,Belted Kingfisher,30,8,9,22,0.26666666666666666,3,0.375,0.3333333333333333,0.3758476523476524,0.11770833333333333,0.75,0.6322916666666667,100,has_wing_color::white,cbm
10,Red winged Blackbird,30,2,4,28,0.06666666666666667,0,0.0,0.0,0.0,0.0,0.0,0.0,100,has_wing_color::white,cbm
77,Tropical Kingbird,30,4,2,26,0.13333333333333333,0,0.0,0.0,0.0,0.0,0.0,0.0,100,has_wing_color::white,cbm
11,Rusty Blackbird,30,1,2,29,0.03333333333333333,0,0.0,0.0,0.0,0.0,0.0,0.0,100,has_wing_color::white,cbm
74,Florida Jay,30,6,2,24,0.2,0,0.0,0.0,0.0,0.0,0.0,0.0,100,has_wing_color::white,cbm
76,Dark eyed Junco,30,3,6,27,0.1,1,0.3333333333333333,0.16666666666666666,0.3276753712237583,0.0,0.8,0.8,100,has_wing_color::white,cbm
72,Pomarine Jaeger,30,8,5,22,0.26666666666666666,1,0.125,0.2,0.1356215173715174,0.0,0.3881249999999998,0.3881249999999998,100,has_wing_color::white,cbm
14,Indigo Bunting,30,0,0,30,0.0,0,,,,,,,100,has_wing_color::white,cbm
66,Western Gull,30,18,26,12,0.6,15,0.8333333333333334,0.5769230769230769,0.832726577551537,0.6281862745098039,0.953517316017316,0.32533104150751213,100,has_wing_color::white,cbm
71,Long tailed Jaeger,30,9,7,21,0.3,3,0.3333333333333333,0.42857142857142855,0.3302038655788656,0.0,0.6,0.6,100,has_wing_color::white,cbm
67,Anna Hummingbird,30,2,1,28,0.06666666666666667,0,0.0,0.0,0.0,0.0,0.0,0.0,100,has_wing_color::white,cbm
68,Ruby throated Hummingbird,30,3,2,27,0.1,0,0.0,0.0,0.0,0.0,0.0,0.0,100,has_wing_color::white,cbm
31,Black billed Cuckoo,30,3,1,27,0.1,0,0.0,0.0,0.0,0.0,0.0,0.0,100,has_wing_color::white,cbm
69,Rufous Hummingbird,30,3,2,27,0.1,1,0.3333333333333333,0.5,0.29802827380952385,0.0,1.0,1.0,100,has_wing_color::white,cbm
13,Bobolink,30,16,23,14,0.5333333333333333,14,0.875,0.6086956521739131,0.8799824936415495,0.7058823529411765,1.0,0.2941176470588235,100,has_wing_color::white,cbm
70,Green Violetear,30,0,0,30,0.0,0,,,,,,,100,has_wing_color::white,cbm
181,Worm eating Warbler,29,1,0,28,0.034482758620689655,0,0.0,,0.0,0.0,0.0,0.0,100,has_wing_color::white,cbm
20,Yellow breasted Chat,29,3,4,26,0.10344827586206896,0,0.0,0.0,0.0,0.0,0.0,0.0,100,has_wing_color::white,cbm
169,Magnolia Warbler,29,16,12,13,0.5517241379310345,8,0.5,0.6666666666666666,0.5096464963279643,0.2919871794871795,0.7102941176470587,0.41830693815987924,100,has_wing_color::white,cbm
168,Kentucky Warbler,29,1,1,28,0.034482758620689655,1,1.0,1.0,1.0,1.0,1.0,0.0,100,has_wing_color::white,cbm
28,Brown Creeper,29,11,22,18,0.3793103448275862,9,0.8181818181818182,0.4090909090909091,0.799698495948496,0.5786713286713286,1.0,0.42132867132867136,100,has_wing_color::white,cbm
9,Brewer Blackbird,29,0,0,29,0.0,0,,,,,,,100,has_wing_color::white,cbm
166,Golden winged Warbler,29,6,6,23,0.20689655172413793,1,0.16666666666666666,0.16666666666666666,0.15929365079365077,0.0,0.5524999999999991,0.5524999999999991,100,has_wing_color::white,cbm
23,Brandt Cormorant,29,0,3,29,0.0,0,,0.0,,,,,100,has_wing_color::white,cbm
190,Red cockaded Woodpecker,29,28,28,1,0.9655172413793104,28,1.0,1.0,1.0,1.0,1.0,0.0,100,has_wing_color::white,cbm
33,Yellow billed Cuckoo,29,1,1,28,0.034482758620689655,0,0.0,0.0,0.0,0.0,0.0,0.0,100,has_wing_color::white,cbm
179,Tennessee Warbler,29,2,3,27,0.06896551724137931,1,0.5,0.3333333333333333,0.46807228915662646,0.0,1.0,1.0,100,has_wing_color::white,cbm
19,Gray Catbird,29,2,1,27,0.06896551724137931,0,0.0,0.0,0.0,0.0,0.0,0.0,100,has_wing_color::white,cbm
43,Yellow bellied Flycatcher,29,8,13,21,0.27586206896551724,5,0.625,0.38461538461538464,0.6313855866355865,0.25,1.0,0.75,100,has_wing_color::white,cbm
117,Clay colored Sparrow,29,6,7,23,0.20689655172413793,1,0.16666666666666666,0.14285714285714285,0.1826468253968254,0.0,0.5,0.5,100,has_wing_color::white,cbm
141,Artic Tern,29,22,26,7,0.7586206896551724,21,0.9545454545454546,0.8076923076923077,0.9567089553236781,0.8295289855072464,1.0,0.1704710144927536,100,has_wing_color::white,cbm
160,Black throated Blue Warbler,29,11,8,18,0.3793103448275862,2,0.18181818181818182,0.25,0.16743057759234228,0.0,0.4,0.4,100,has_wing_color::white,cbm
119,Field Sparrow,29,11,11,18,0.3793103448275862,5,0.45454545454545453,0.45454545454545453,0.46955010525250473,0.23990384615384616,0.7242857142857141,0.4843818681318679,100,has_wing_color::white,cbm
124,Le Conte Sparrow,29,5,6,24,0.1724137931034483,1,0.2,0.16666666666666666,0.21605339105339103,0.0,0.6666666666666666,0.6666666666666666,100,has_wing_color::white,cbm
125,Lincoln Sparrow,29,5,4,24,0.1724137931034483,1,0.2,0.25,0.2220278587625526,0.0,1.0,1.0,100,has_wing_color::white,cbm
115,Brewer Sparrow,29,4,6,25,0.13793103448275862,0,0.0,0.0,0.0,0.0,0.0,0.0,100,has_wing_color::white,cbm
60,Glaucous winged Gull,29,14,21,15,0.4827586206896552,10,0.7142857142857143,0.47619047619047616,0.7259942633905482,0.5,1.0,0.5,100,has_wing_color::white,cbm
78,Gray Kingbird,29,7,8,22,0.2413793103448276,2,0.2857142857142857,0.25,0.28177164502164503,0.0,0.5653409090909087,0.5653409090909087,100,has_wing_color::white,cbm
97,Orchard Oriole,29,8,9,21,0.27586206896551724,3,0.375,0.3333333333333333,0.3859652569652569,0.0,0.7074999999999999,0.7074999999999999,100,has_wing_color::white,cbm
149,Brown Thrasher,29,5,8,24,0.1724137931034483,3,0.6,0.375,0.5998730158730159,0.0,1.0,1.0,100,has_wing_color::white,cbm
39,Least Flycatcher,29,8,10,21,0.27586206896551724,4,0.5,0.4,0.5051280941280942,0.23541666666666666,0.8174999999999998,0.5820833333333331,100,has_wing_color::white,cbm
153,Philadelphia Vireo,29,2,2,27,0.06896551724137931,0,0.0,0.0,0.0,0.0,0.0,0.0,100,has_wing_color::white,cbm
37,Acadian Flycatcher,29,10,19,19,0.3448275862068966,8,0.8,0.42105263157894735,0.7840591075591077,0.5714285714285714,1.0,0.4285714285714286,100,has_wing_color::white,cbm
157,Yellow throated Vireo,29,13,13,16,0.4482758620689655,8,0.6153846153846154,0.6153846153846154,0.6188374176133464,0.375,0.8844155844155839,0.5094155844155839,100,has_wing_color::white,cbm
34,Gray crowned Rosy Finch,29,7,9,22,0.2413793103448276,2,0.2857142857142857,0.2222222222222222,0.2670308302808303,0.0,0.6718749999999992,0.6718749999999992,100,has_wing_color::white,cbm
3,Sooty Albatross,28,2,2,26,0.07142857142857142,0,0.0,0.0,0.0,0.0,0.0,0.0,100,has_wing_color::white,cbm
15,Lazuli Bunting,28,16,14,12,0.5714285714285714,11,0.6875,0.7857142857142857,0.6791724161201717,0.4861842105263158,0.8822916666666665,0.3961074561403507,100,has_wing_color::white,cbm
16,Painted Bunting,28,0,1,28,0.0,0,,0.0,,,,,100,has_wing_color::white,cbm
58,Pigeon Guillemot,28,21,12,7,0.75,9,0.42857142857142855,0.75,0.40383804328887785,0.195,0.6099999999999999,0.41499999999999987,100,has_wing_color::white,cbm
17,Cardinal,27,1,1,26,0.037037037037037035,0,0.0,0.0,0.0,0.0,0.0,0.0,100,has_wing_color::white,cbm
75,Green Jay,27,0,1,27,0.0,0,,0.0,,,,,100,has_wing_color::white,cbm
178,Swainson Warbler,26,0,2,26,0.0,0,,0.0,,,,,100,has_wing_color::white,cbm
12,Yellow headed Blackbird,26,7,7,19,0.2692307692307692,3,0.42857142857142855,0.42857142857142855,0.4236323953823954,0.05937500000000001,0.7894444444444443,0.7300694444444442,100,has_wing_color::white,cbm
22,Chuck will Widow,26,2,2,24,0.07692307692307693,0,0.0,0.0,0.0,0.0,0.0,0.0,100,has_wing_color::white,cbm
7,Parakeet Auklet,23,3,8,20,0.13043478260869565,1,0.3333333333333333,0.125,0.3066220238095238,0.0,1.0,1.0,100,has_wing_color::white,cbm
84,Red legged Kittiwake,23,11,22,12,0.4782608695652174,11,1.0,0.5,1.0,1.0,1.0,0.0,100,has_wing_color::white,cbm
32,Mangrove Cuckoo,23,0,2,23,0.0,0,,0.0,,,,,100,has_wing_color::white,cbm
24,Red faced Cormorant,22,1,1,21,0.045454545454545456,0,0.0,0.0,0.0,0.0,0.0,0.0,100,has_wing_color::white,cbm
151,Black capped Vireo,21,4,4,17,0.19047619047619047,1,0.25,0.25,0.2425324675324675,0.0,1.0,1.0,100,has_wing_color::white,cbm
113,Baird Sparrow,20,3,7,17,0.15,1,0.3333333333333333,0.14285714285714285,0.33636591478696737,0.0,1.0,1.0,100,has_wing_color::white,cbm
187,American Three toed Woodpecker,20,13,14,7,0.65,11,0.8461538461538461,0.7857142857142857,0.847005908307379,0.5417832167832167,1.0,0.4582167832167833,100,has_wing_color::white,cbm
65,Slaty backed Gull,20,15,16,5,0.75,11,0.7333333333333333,0.6875,0.7308523769831818,0.5296491228070175,0.9310714285714285,0.40142230576441107,100,has_wing_color::white,cbm
101,White Pelican,20,18,20,2,0.9,18,1.0,0.9,1.0,1.0,1.0,0.0,100,has_wing_color::white,cbm
105,Whip poor Will,19,4,2,15,0.21052631578947367,1,0.25,0.5,0.22318189180434078,0.0,0.6437500000000007,0.6437500000000007,100,has_wing_color::white,cbm
8,Rhinoceros Auklet,18,0,2,18,0.0,0,,0.0,,,,,100,has_wing_color::white,cbm
18,Spotted Catbird,15,0,0,15,0.0,0,,,,,,,100,has_wing_color::white,cbm
5,Crested Auklet,14,0,0,14,0.0,0,,,,,,,100,has_wing_color::white,cbm
6,Least Auklet,11,6,5,5,0.5454545454545454,3,0.5,0.6,0.4578373015873016,0.0,0.8333333333333334,0.8333333333333334,100,has_wing_color::white,cbm
1,Black footed Albatross,30,6,16,24,0.2,6,1.0,0.375,1.0,1.0,1.0,0.0,100,has_under_tail_color::black,cbm
143,Caspian Tern,30,7,9,23,0.23333333333333334,2,0.2857142857142857,0.2222222222222222,0.2755063547563547,0.0,0.6349999999999993,0.6349999999999993,100,has_under_tail_color::black,cbm
120,Fox Sparrow,30,2,2,28,0.06666666666666667,0,0.0,0.0,0.0,0.0,0.0,0.0,100,has_under_tail_color::black,cbm
121,Grasshopper Sparrow,30,2,4,28,0.06666666666666667,0,0.0,0.0,0.0,0.0,0.0,0.0,100,has_under_tail_color::black,cbm
122,Harris Sparrow,30,13,12,17,0.43333333333333335,4,0.3076923076923077,0.3333333333333333,0.28533280445045156,0.07403846153846154,0.5620192307692304,0.4879807692307689,100,has_under_tail_color::black,cbm
123,Henslow Sparrow,30,3,2,27,0.1,0,0.0,0.0,0.0,0.0,0.0,0.0,100,has_under_tail_color::black,cbm
126,Nelson Sharp tailed Sparrow,30,5,2,25,0.16666666666666666,0,0.0,0.0,0.0,0.0,0.0,0.0,100,has_under_tail_color::black,cbm
127,Savannah Sparrow,30,5,7,25,0.16666666666666666,1,0.2,0.14285714285714285,0.21529834054834054,0.0,0.6666666666666666,0.6666666666666666,100,has_under_tail_color::black,cbm
128,Seaside Sparrow,30,1,4,29,0.03333333333333333,1,1.0,0.25,1.0,1.0,1.0,0.0,100,has_under_tail_color::black,cbm
129,Song Sparrow,30,2,1,28,0.06666666666666667,0,0.0,0.0,0.0,0.0,0.0,0.0,100,has_under_tail_color::black,cbm
130,Tree Sparrow,30,3,4,27,0.1,1,0.3333333333333333,0.25,0.33804563492063494,0.0,1.0,1.0,100,has_under_tail_color::black,cbm
131,Vesper Sparrow,30,5,5,25,0.16666666666666666,0,0.0,0.0,0.0,0.0,0.0,0.0,100,has_under_tail_color::black,cbm
132,White crowned Sparrow,30,3,12,27,0.1,2,0.6666666666666666,0.16666666666666666,0.6653198653198654,0.0,1.0,1.0,100,has_under_tail_color::black,cbm
133,White throated Sparrow,30,5,9,25,0.16666666666666666,1,0.2,0.1111111111111111,0.1848368242307636,0.0,0.539285714285714,0.539285714285714,100,has_under_tail_color::black,cbm
134,Cape Glossy Starling,30,14,22,16,0.4666666666666667,14,1.0,0.6363636363636364,1.0,1.0,1.0,0.0,100,has_under_tail_color::black,cbm
135,Bank Swallow,30,10,13,20,0.3333333333333333,6,0.6,0.46153846153846156,0.5785895849076963,0.2727272727272727,0.866517857142857,0.5937905844155843,100,has_under_tail_color::black,cbm
136,Barn Swallow,30,11,22,19,0.36666666666666664,8,0.7272727272727273,0.36363636363636365,0.692776875901876,0.3809090909090909,0.9306490384615383,0.5497399475524474,100,has_under_tail_color::black,cbm
137,Cliff Swallow,30,8,18,22,0.26666666666666666,7,0.875,0.3888888888888889,0.8817905705405705,0.6825,1.0,0.3175,100,has_under_tail_color::black,cbm
138,Tree Swallow,30,6,16,24,0.2,5,0.8333333333333334,0.3125,0.8437954545454545,0.4475,1.0,0.5525,100,has_under_tail_color::black,cbm
139,Scarlet Tanager,30,23,27,7,0.7666666666666667,21,0.9130434782608695,0.7777777777777778,0.9094381312745196,0.7654891304347826,1.0,0.23451086956521738,100,has_under_tail_color::black,cbm
140,Summer Tanager,30,5,2,25,0.16666666666666666,0,0.0,0.0,0.0,0.0,0.0,0.0,100,has_under_tail_color::black,cbm
118,House Sparrow,30,8,5,22,0.26666666666666666,2,0.25,0.4,0.24856643356643354,0.0,0.5,0.5,100,has_under_tail_color::black,cbm
116,Chipping Sparrow,30,5,1,25,0.16666666666666666,0,0.0,0.0,0.0,0.0,0.0,0.0,100,has_under_tail_color::black,cbm
114,Black throated Sparrow,30,13,19,17,0.43333333333333335,10,0.7692307692307693,0.5263157894736842,0.7746362042240524,0.5502525252525252,1.0,0.4497474747474748,100,has_under_tail_color::black,cbm
2,Laysan Albatross,30,10,13,20,0.3333333333333333,7,0.7,0.5384615384615384,0.7005460577434262,0.4,1.0,0.6,100,has_under_tail_color::black,cbm
92,Nighthawk,30,14,18,16,0.4666666666666667,9,0.6428571428571429,0.5,0.6484450048575435,0.33370535714285715,0.8947222222222221,0.561016865079365,100,has_under_tail_color::black,cbm
93,Clark Nutcracker,30,19,30,11,0.6333333333333333,19,1.0,0.6333333333333333,1.0,1.0,1.0,0.0,100,has_under_tail_color::black,cbm
94,White breasted Nuthatch,30,12,22,18,0.4,8,0.6666666666666666,0.36363636363636365,0.6681946806633339,0.3477272727272727,0.966071428571428,0.6183441558441554,100,has_under_tail_color::black,cbm
95,Baltimore Oriole,30,12,25,18,0.4,12,1.0,0.48,1.0,1.0,1.0,0.0,100,has_under_tail_color::black,cbm
96,Hooded Oriole,30,15,26,15,0.5,14,0.9333333333333333,0.5384615384615384,0.9307557665502714,0.8151988636363636,1.0,0.18480113636363638,100,has_under_tail_color::black,cbm
98,Scott Oriole,30,17,20,13,0.5666666666666667,13,0.7647058823529411,0.65,0.7694600183098633,0.6008223684210526,0.9310714285714285,0.3302490601503759,100,has_under_tail_color::black,cbm
99,Ovenbird,30,2,5,28,0.06666666666666667,1,0.5,0.2,0.5872093023255814,0.0,1.0,1.0,100,has_under_tail_color::black,cbm
100,Brown Pelican,30,6,11,24,0.2,3,0.5,0.2727272727272727,0.48164983164983166,0.0,0.9437499999999996,0.9437499999999996,100,has_under_tail_color::black,cbm
102,Western Wood Pewee,30,11,10,19,0.36666666666666664,3,0.2727272727272727,0.3,0.2631770696623637,0.03653846153846155,0.4817307692307689,0.44519230769230733,100,has_under_tail_color::black,cbm
112,Great Grey Shrike,30,17,21,13,0.5666666666666667,14,0.8235294117647058,0.6666666666666666,0.8172763177860263,0.6281862745098039,1.0,0.3718137254901961,100,has_under_tail_color::black,cbm
103,Sayornis,30,5,12,25,0.16666666666666666,3,0.6,0.25,0.6066443657352748,0.0,1.0,1.0,100,has_under_tail_color::black,cbm
104,American Pipit,30,8,7,22,0.26666666666666666,4,0.5,0.5714285714285714,0.4856953324453325,0.0,1.0,1.0,100,has_under_tail_color::black,cbm
106,Horned Puffin,30,12,15,18,0.4,6,0.5,0.4,0.4939587022454669,0.16666666666666666,0.7521794871794869,0.5855128205128203,100,has_under_tail_color::black,cbm
107,Common Raven,30,26,30,4,0.8666666666666667,26,1.0,0.8666666666666667,1.0,1.0,1.0,0.0,100,has_under_tail_color::black,cbm
108,White necked Raven,30,21,28,9,0.7,19,0.9047619047619048,0.6785714285714286,0.894935692903239,0.7670454545454545,1.0,0.23295454545454553,100,has_under_tail_color::black,cbm
109,American Redstart,30,19,27,11,0.6333333333333333,17,0.8947368421052632,0.6296296296296297,0.8890281196712683,0.7647058823529411,1.0,0.23529411764705888,100,has_under_tail_color::black,cbm
110,Geococcyx,30,14,25,16,0.4666666666666667,14,1.0,0.56,1.0,1.0,1.0,0.0,100,has_under_tail_color::black,cbm
111,Loggerhead Shrike,30,17,22,13,0.5666666666666667,14,0.8235294117647058,0.6363636363636364,0.8289728180316415,0.6116071428571429,1.0,0.3883928571428571,100,has_under_tail_color::black,cbm
142,Black Tern,30,7,14,23,0.23333333333333334,4,0.5714285714285714,0.2857142857142857,0.5758488455988455,0.2,0.9472222222222213,0.7472222222222213,100,has_under_tail_color::black,cbm
144,Common Tern,30,1,3,29,0.03333333333333333,0,0.0,0.0,0.0,0.0,0.0,0.0,100,has_under_tail_color::black,cbm
90,Red breasted Merganser,30,2,14,28,0.06666666666666667,2,1.0,0.14285714285714285,1.0,1.0,1.0,0.0,100,has_under_tail_color::black,cbm
145,Elegant Tern,30,5,6,25,0.16666666666666666,0,0.0,0.0,0.0,0.0,0.0,0.0,100,has_under_tail_color::black,cbm
176,Prairie Warbler,30,9,9,21,0.3,1,0.1111111111111111,0.1111111111111111,0.11886699411699411,0.0,0.460416666666666,0.460416666666666,100,has_under_tail_color::black,cbm
177,Prothonotary Warbler,30,9,12,21,0.3,6,0.6666666666666666,0.5,0.6640398212898213,0.353125,0.9087499999999998,0.5556249999999998,100,has_under_tail_color::black,cbm
180,Wilson Warbler,30,7,6,23,0.23333333333333334,2,0.2857142857142857,0.3333333333333333,0.2953264513264513,0.0,0.6666666666666666,0.6666666666666666,100,has_under_tail_color::black,cbm
182,Yellow Warbler,30,8,3,22,0.26666666666666666,1,0.125,0.3333333333333333,0.10358974358974357,0.0,0.46607142857142797,0.46607142857142797,100,has_under_tail_color::black,cbm
183,Northern Waterthrush,30,3,6,27,0.1,1,0.3333333333333333,0.16666666666666666,0.3540922619047619,0.0,1.0,1.0,100,has_under_tail_color::black,cbm
184,Louisiana Waterthrush,30,5,5,25,0.16666666666666666,2,0.4,0.4,0.39149997028784905,0.0,1.0,1.0,100,has_under_tail_color::black,cbm
185,Bohemian Waxwing,30,10,19,20,0.3333333333333333,7,0.7,0.3684210526315789,0.6880279442779441,0.4079166666666667,1.0,0.5920833333333333,100,has_under_tail_color::black,cbm
186,Cedar Waxwing,30,10,12,20,0.3333333333333333,3,0.3,0.25,0.28409129759129764,0.07403846153846154,0.5776785714285714,0.5036401098901099,100,has_under_tail_color::black,cbm
188,Pileated Woodpecker,30,24,26,6,0.8,21,0.875,0.8076923076923077,0.8831019174316659,0.7556547619047619,0.9824074074074071,0.22675264550264518,100,has_under_tail_color::black,cbm
189,Red bellied Woodpecker,30,17,27,13,0.5666666666666667,16,0.9411764705882353,0.5925925925925926,0.9379376758088833,0.7857142857142857,1.0,0.2142857142857143,100,has_under_tail_color::black,cbm
191,Red headed Woodpecker,30,20,25,10,0.6666666666666666,18,0.9,0.72,0.8996786852817542,0.74125,1.0,0.25875000000000004,100,has_under_tail_color::black,cbm
192,Downy Woodpecker,30,21,28,9,0.7,20,0.9523809523809523,0.7142857142857143,0.9553163729063445,0.8533928571428571,1.0,0.14660714285714294,100,has_under_tail_color::black,cbm
193,Bewick Wren,30,14,7,16,0.4666666666666667,2,0.14285714285714285,0.2857142857142857,0.14675018686164198,0.0,0.3602564102564098,0.3602564102564098,100,has_under_tail_color::black,cbm
194,Cactus Wren,30,11,16,19,0.36666666666666664,7,0.6363636363636364,0.4375,0.6568825202575204,0.3736013986013986,0.9259615384615385,0.5523601398601399,100,has_under_tail_color::black,cbm
195,Carolina Wren,30,8,3,22,0.26666666666666666,1,0.125,0.3333333333333333,0.12913564213564213,0.0,0.42857142857142855,0.42857142857142855,100,has_under_tail_color::black,cbm
196,House Wren,30,6,5,24,0.2,2,0.3333333333333333,0.4,0.3437063492063493,0.0,0.9049999999999984,0.9049999999999984,100,has_under_tail_color::black,cbm
197,Marsh Wren,30,7,9,23,0.23333333333333334,2,0.2857142857142857,0.2222222222222222,0.30264102564102563,0.0,0.7366666666666656,0.7366666666666656,100,has_under_tail_color::black,cbm
198,Rock Wren,30,8,11,22,0.26666666666666666,5,0.625,0.45454545454545453,0.6492044622044623,0.27375,1.0,0.7262500000000001,100,has_under_tail_color::black,cbm
199,Winter Wren,30,7,10,23,0.23333333333333334,3,0.42857142857142855,0.3,0.403992784992785,0.047500000000000014,0.8333333333333334,0.7858333333333334,100,has_under_tail_color::black,cbm
175,Pine Warbler,30,6,12,24,0.2,2,0.3333333333333333,0.16666666666666666,0.36388852813852807,0.0,0.75,0.75,100,has_under_tail_color::black,cbm
174,Palm Warbler,30,6,4,24,0.2,1,0.16666666666666666,0.25,0.1563441280941281,0.0,0.42857142857142855,0.42857142857142855,100,has_under_tail_color::black,cbm
173,Orange crowned Warbler,30,4,1,26,0.13333333333333333,0,0.0,0.0,0.0,0.0,0.0,0.0,100,has_under_tail_color::black,cbm
158,Bay breasted Warbler,30,10,23,20,0.3333333333333333,8,0.8,0.34782608695652173,0.7837931512931513,0.5,1.0,0.5,100,has_under_tail_color::black,cbm
146,Forsters Tern,30,7,7,23,0.23333333333333334,2,0.2857142857142857,0.2857142857142857,0.2867488344988345,0.0,0.6349999999999993,0.6349999999999993,100,has_under_tail_color::black,cbm
147,Least Tern,30,8,9,22,0.26666666666666666,4,0.5,0.4444444444444444,0.48754131979131976,0.15416666666666667,0.8571428571428571,0.7029761904761904,100,has_under_tail_color::black,cbm
148,Green tailed Towhee,30,2,1,28,0.06666666666666667,0,0.0,0.0,0.0,0.0,0.0,0.0,100,has_under_tail_color::black,cbm
150,Sage Thrasher,30,5,8,25,0.16666666666666666,2,0.4,0.25,0.36850649350649356,0.0,1.0,1.0,100,has_under_tail_color::black,cbm
152,Blue headed Vireo,30,7,15,23,0.23333333333333334,5,0.7142857142857143,0.3333333333333333,0.7247371794871793,0.2857142857142857,1.0,0.7142857142857143,100,has_under_tail_color::black,cbm
154,Red eyed Vireo,30,3,5,27,0.1,1,0.3333333333333333,0.2,0.36319444444444443,0.0,1.0,1.0,100,has_under_tail_color::black,cbm
155,Warbling Vireo,30,1,2,29,0.03333333333333333,0,0.0,0.0,0.0,0.0,0.0,0.0,100,has_under_tail_color::black,cbm
156,White eyed Vireo,30,4,8,26,0.13333333333333333,1,0.25,0.125,0.304661696328363,0.0,1.0,1.0,100,has_under_tail_color::black,cbm
159,Black and white Warbler,30,16,26,14,0.5333333333333333,14,0.875,0.5384615384615384,0.8715235553919765,0.7333333333333333,1.0,0.2666666666666667,100,has_under_tail_color::black,cbm
172,Nashville Warbler,30,2,2,28,0.06666666666666667,0,0.0,0.0,0.0,0.0,0.0,0.0,100,has_under_tail_color::black,cbm
161,Blue winged Warbler,30,3,16,27,0.1,2,0.6666666666666666,0.125,0.6392898913951546,0.0,1.0,1.0,100,has_under_tail_color::black,cbm
162,Canada Warbler,30,7,3,23,0.23333333333333334,1,0.14285714285714285,0.3333333333333333,0.12976731601731603,0.0,0.4,0.4,100,has_under_tail_color::black,cbm
163,Cape May Warbler,30,10,13,20,0.3333333333333333,3,0.3,0.23076923076923078,0.31276734621587565,0.0,0.652272727272727,0.652272727272727,100,has_under_tail_color::black,cbm
164,Cerulean Warbler,30,8,9,22,0.26666666666666666,1,0.125,0.1111111111111111,0.13319924519924517,0.0,0.41499999999999976,0.41499999999999976,100,has_under_tail_color::black,cbm
165,Chestnut sided Warbler,30,6,18,24,0.2,6,1.0,0.3333333333333333,1.0,1.0,1.0,0.0,100,has_under_tail_color::black,cbm
167,Hooded Warbler,30,5,7,25,0.16666666666666666,1,0.2,0.14285714285714285,0.2054722222222222,0.0,0.6349999999999993,0.6349999999999993,100,has_under_tail_color::black,cbm
170,Mourning Warbler,30,4,2,26,0.13333333333333333,0,0.0,0.0,0.0,0.0,0.0,0.0,100,has_under_tail_color::black,cbm
171,Myrtle Warbler,30,12,21,18,0.4,10,0.8333333333333334,0.47619047619047616,0.8275077806180746,0.6253496503496504,1.0,0.3746503496503496,100,has_under_tail_color::black,cbm
91,Mockingbird,30,10,19,20,0.3333333333333333,7,0.7,0.3684210526315789,0.686924839049839,0.4,0.956818181818181,0.556818181818181,100,has_under_tail_color::black,cbm
200,Common Yellowthroat,30,3,2,27,0.1,1,0.3333333333333333,0.5,0.29531250000000003,0.0,1.0,1.0,100,has_under_tail_color::black,cbm
89,Hooded Merganser,30,8,22,22,0.26666666666666666,7,0.875,0.3181818181818182,0.8532821067821069,0.5714285714285714,1.0,0.4285714285714286,100,has_under_tail_color::black,cbm
26,Bronzed Cowbird,30,23,30,7,0.7666666666666667,23,1.0,0.7666666666666667,1.0,1.0,1.0,0.0,100,has_under_tail_color::black,cbm
61,Heermann Gull,30,18,27,12,0.6,17,0.9444444444444444,0.6296296296296297,0.950561296357581,0.8342760180995474,1.0,0.16572398190045257,100,has_under_tail_color::black,cbm
59,California Gull,30,19,19,11,0.6333333333333333,13,0.6842105263157895,0.6842105263157895,0.6647106224495205,0.4578671328671329,0.8666666666666667,0.4087995337995338,100,has_under_tail_color::black,cbm
25,Pelagic Cormorant,30,18,27,12,0.6,17,0.9444444444444444,0.6296296296296297,0.9446185107499551,0.8458552631578947,1.0,0.15414473684210528,100,has_under_tail_color::black,cbm
57,Rose breasted Grosbeak,30,12,23,18,0.4,10,0.8333333333333334,0.43478260869565216,0.817738248120988,0.6085227272727273,1.0,0.39147727272727273,100,has_under_tail_color::black,cbm
56,Pine Grosbeak,30,7,19,23,0.23333333333333334,5,0.7142857142857143,0.2631578947368421,0.7171622821622821,0.2857142857142857,1.0,0.7142857142857143,100,has_under_tail_color::black,cbm
55,Evening Grosbeak,30,14,28,16,0.4666666666666667,13,0.9285714285714286,0.4642857142857143,0.9240830015787445,0.7857142857142857,1.0,0.2142857142857143,100,has_under_tail_color::black,cbm
54,Blue Grosbeak,30,11,18,19,0.36666666666666664,7,0.6363636363636364,0.3888888888888889,0.6270556249306249,0.365625,0.9130681818181817,0.5474431818181817,100,has_under_tail_color::black,cbm
53,Western Grebe,30,6,5,24,0.2,2,0.3333333333333333,0.4,0.3748304164970832,0.0,0.7339285714285714,0.7339285714285714,100,has_under_tail_color::black,cbm
52,Pied billed Grebe,30,4,2,26,0.13333333333333333,0,0.0,0.0,0.0,0.0,0.0,0.0,100,has_under_tail_color::black,cbm
51,Horned Grebe,30,6,2,24,0.2,1,0.16666666666666666,0.5,0.16760425685425684,0.0,0.5,0.5,100,has_under_tail_color::black,cbm
50,Eared Grebe,30,3,5,27,0.1,0,0.0,0.0,0.0,0.0,0.0,0.0,100,has_under_tail_color::black,cbm
49,Boat tailed Grackle,30,18,27,12,0.6,17,0.9444444444444444,0.6296296296296297,0.9465397353353338,0.8208333333333333,1.0,0.1791666666666667,100,has_under_tail_color::black,cbm
48,European Goldfinch,30,24,26,6,0.8,21,0.875,0.8076923076923077,0.866144682798198,0.75,0.981730769230769,0.23173076923076896,100,has_under_tail_color::black,cbm
47,American Goldfinch,30,18,24,12,0.6,14,0.7777777777777778,0.5833333333333334,0.7887439335279218,0.5794117647058823,0.9773809523809519,0.3979691876750696,100,has_under_tail_color::black,cbm
63,Ivory Gull,30,4,10,26,0.13333333333333333,2,0.5,0.2,0.49031827016520896,0.0,1.0,1.0,100,has_under_tail_color::black,cbm
46,Gadwall,30,8,13,22,0.26666666666666666,4,0.5,0.3076923076923077,0.5231862026862025,0.1825,0.8174999999999998,0.6349999999999998,100,has_under_tail_color::black,cbm
45,Northern Fulmar,30,5,5,25,0.16666666666666666,1,0.2,0.2,0.2066309523809524,0.0,0.7104166666666659,0.7104166666666659,100,has_under_tail_color::black,cbm
44,Frigatebird,30,18,26,12,0.6,17,0.9444444444444444,0.6538461538461539,0.9501023582970178,0.8333333333333334,1.0,0.16666666666666663,100,has_under_tail_color::black,cbm
88,Western Meadowlark,30,5,9,25,0.16666666666666666,1,0.2,0.1111111111111111,0.17891966310333654,0.0,0.5,0.5,100,has_under_tail_color::black,cbm
42,Vermilion Flycatcher,30,12,26,18,0.4,11,0.9166666666666666,0.4230769230769231,0.9185503524253523,0.75,1.0,0.25,100,has_under_tail_color::black,cbm
41,Scissor tailed Flycatcher,30,20,22,10,0.6666666666666666,14,0.7,0.6363636363636364,0.7108499967972979,0.4625,0.9052222222222219,0.4427222222222219,100,has_under_tail_color::black,cbm
27,Shiny Cowbird,30,21,26,9,0.7,20,0.9523809523809523,0.7692307692307693,0.9496565067916931,0.85,1.0,0.15000000000000002,100,has_under_tail_color::black,cbm
40,Olive sided Flycatcher,30,11,13,19,0.36666666666666664,8,0.7272727272727273,0.6153846153846154,0.7367389357718304,0.5,1.0,0.5,100,has_under_tail_color::black,cbm
38,Great Crested Flycatcher,30,0,5,30,0.0,0,,0.0,,,,,100,has_under_tail_color::black,cbm
36,Northern Flicker,30,16,24,14,0.5333333333333333,15,0.9375,0.625,0.938881073733628,0.7814705882352941,1.0,0.21852941176470586,100,has_under_tail_color::black,cbm
29,American Crow,30,27,30,3,0.9,27,1.0,0.9,1.0,1.0,1.0,0.0,100,has_under_tail_color::black,cbm
35,Purple Finch,30,4,1,26,0.13333333333333333,0,0.0,0.0,0.0,0.0,0.0,0.0,100,has_under_tail_color::black,cbm
30,Fish Crow,30,26,30,4,0.8666666666666667,26,1.0,0.8666666666666667,1.0,1.0,1.0,0.0,100,has_under_tail_color::black,cbm
21,Eastern Towhee,30,12,23,18,0.4,10,0.8333333333333334,0.43478260869565216,0.833187646503823,0.5833333333333334,1.0,0.41666666666666663,100,has_under_tail_color::black,cbm
62,Herring Gull,30,10,9,20,0.3333333333333333,3,0.3,0.3333333333333333,0.3382282545885487,0.0,0.7476190476190471,0.7476190476190471,100,has_under_tail_color::black,cbm
64,Ring billed Gull,30,12,13,18,0.4,7,0.5833333333333334,0.5384615384615384,0.5596832326170561,0.29615384615384616,0.8569230769230768,0.5607692307692307,100,has_under_tail_color::black,cbm
73,Blue Jay,30,14,19,16,0.4666666666666667,11,0.7857142857142857,0.5789473684210527,0.7834199781556593,0.5465811965811965,1.0,0.4534188034188035,100,has_under_tail_color::black,cbm
87,Mallard,30,9,7,21,0.3,1,0.1111111111111111,0.14285714285714285,0.12271013137189607,0.0,0.35520833333333296,0.35520833333333296,100,has_under_tail_color::black,cbm
86,Pacific Loon,30,8,7,22,0.26666666666666666,1,0.125,0.14285714285714285,0.1436419413919414,0.0,0.47361111111111065,0.47361111111111065,100,has_under_tail_color::black,cbm
85,Horned Lark,30,7,11,23,0.23333333333333334,3,0.42857142857142855,0.2727272727272727,0.44912590187590185,0.14285714285714285,0.875,0.7321428571428572,100,has_under_tail_color::black,cbm
4,Groove billed Ani,30,22,27,8,0.7333333333333333,20,0.9090909090909091,0.7407407407407407,0.9168950779987327,0.76875,1.0,0.23124999999999996,100,has_under_tail_color::black,cbm
83,White breasted Kingfisher,30,4,5,26,0.13333333333333333,1,0.25,0.2,0.2629444444444444,0.0,0.7104166666666659,0.7104166666666659,100,has_under_tail_color::black,cbm
82,Ringed Kingfisher,30,6,20,24,0.2,3,0.5,0.15,0.4785836940836942,0.0,0.8333333333333334,0.8333333333333334,100,has_under_tail_color::black,cbm
81,Pied Kingfisher,30,18,28,12,0.6,17,0.9444444444444444,0.6071428571428571,0.9389400051441207,0.8059375,1.0,0.19406250000000003,100,has_under_tail_color::black,cbm
80,Green Kingfisher,30,13,21,17,0.43333333333333335,11,0.8461538461538461,0.5238095238095238,0.8384386447316013,0.6666666666666666,1.0,0.33333333333333337,100,has_under_tail_color::black,cbm
79,Belted Kingfisher,30,5,20,25,0.16666666666666666,5,1.0,0.25,1.0,1.0,1.0,0.0,100,has_under_tail_color::black,cbm
10,Red winged Blackbird,30,26,29,4,0.8666666666666667,25,0.9615384615384616,0.8620689655172413,0.9647089271270681,0.8537135278514588,1.0,0.14628647214854118,100,has_under_tail_color::black,cbm
77,Tropical Kingbird,30,3,8,27,0.1,1,0.3333333333333333,0.125,0.29846390168970816,0.0,1.0,1.0,100,has_under_tail_color::black,cbm
11,Rusty Blackbird,30,20,25,10,0.6666666666666666,16,0.8,0.64,0.7915881099439701,0.6177083333333334,0.9458088235294116,0.32810049019607823,100,has_under_tail_color::black,cbm
74,Florida Jay,30,2,6,28,0.06666666666666667,0,0.0,0.0,0.0,0.0,0.0,0.0,100,has_under_tail_color::black,cbm
76,Dark eyed Junco,30,5,10,25,0.16666666666666666,4,0.8,0.4,0.7774199425714577,0.25,1.0,0.75,100,has_under_tail_color::black,cbm
72,Pomarine Jaeger,30,15,22,15,0.5,14,0.9333333333333333,0.6363636363636364,0.9276682476879846,0.7925,1.0,0.20750000000000002,100,has_under_tail_color::black,cbm
14,Indigo Bunting,30,4,6,26,0.13333333333333333,0,0.0,0.0,0.0,0.0,0.0,0.0,100,has_under_tail_color::black,cbm
66,Western Gull,30,11,23,19,0.36666666666666664,8,0.7272727272727273,0.34782608695652173,0.7190570561619326,0.4127840909090909,1.0,0.587215909090909,100,has_under_tail_color::black,cbm
71,Long tailed Jaeger,30,13,20,17,0.43333333333333335,8,0.6153846153846154,0.4,0.6091206988316121,0.3333333333333333,0.875,0.5416666666666667,100,has_under_tail_color::black,cbm
67,Anna Hummingbird,30,7,8,23,0.23333333333333334,4,0.5714285714285714,0.5,0.541958596958597,0.1261904761904762,1.0,0.8738095238095238,100,has_under_tail_color::black,cbm
68,Ruby throated Hummingbird,30,8,6,22,0.26666666666666666,1,0.125,0.16666666666666666,0.12926237651237651,0.0,0.44220779220779194,0.44220779220779194,100,has_under_tail_color::black,cbm
31,Black billed Cuckoo,30,3,5,27,0.1,0,0.0,0.0,0.0,0.0,0.0,0.0,100,has_under_tail_color::black,cbm
69,Rufous Hummingbird,30,7,3,23,0.23333333333333334,1,0.14285714285714285,0.3333333333333333,0.150729797979798,0.0,0.42857142857142855,0.42857142857142855,100,has_under_tail_color::black,cbm
13,Bobolink,30,17,28,13,0.5666666666666667,15,0.8823529411764706,0.5357142857142857,0.8783136017692987,0.7301515151515151,1.0,0.2698484848484849,100,has_under_tail_color::black,cbm
70,Green Violetear,30,6,2,24,0.2,0,0.0,0.0,0.0,0.0,0.0,0.0,100,has_under_tail_color::black,cbm
181,Worm eating Warbler,29,2,3,27,0.06896551724137931,0,0.0,0.0,0.0,0.0,0.0,0.0,100,has_under_tail_color::black,cbm
20,Yellow breasted Chat,29,4,8,25,0.13793103448275862,1,0.25,0.125,0.2419518849206349,0.0,0.925,0.925,100,has_under_tail_color::black,cbm
169,Magnolia Warbler,29,18,21,11,0.6206896551724138,16,0.8888888888888888,0.7619047619047619,0.8877171082309055,0.7204545454545455,1.0,0.27954545454545454,100,has_under_tail_color::black,cbm
168,Kentucky Warbler,29,6,1,23,0.20689655172413793,1,0.16666666666666666,1.0,0.15123412698412697,0.0,0.5,0.5,100,has_under_tail_color::black,cbm
28,Brown Creeper,29,2,14,27,0.06896551724137931,1,0.5,0.07142857142857142,0.5111702127659574,0.0,1.0,1.0,100,has_under_tail_color::black,cbm
9,Brewer Blackbird,29,21,25,8,0.7241379310344828,20,0.9523809523809523,0.8,0.953124478614992,0.85,1.0,0.15000000000000002,100,has_under_tail_color::black,cbm
166,Golden winged Warbler,29,12,15,17,0.41379310344827586,6,0.5,0.4,0.5091946777852351,0.2969117647058824,0.7566666666666663,0.4597549019607839,100,has_under_tail_color::black,cbm
23,Brandt Cormorant,29,11,21,18,0.3793103448275862,9,0.8181818181818182,0.42857142857142855,0.8381882937324114,0.5634469696969697,1.0,0.4365530303030303,100,has_under_tail_color::black,cbm
190,Red cockaded Woodpecker,29,17,26,12,0.5862068965517241,16,0.9411764705882353,0.6153846153846154,0.9383214131537089,0.8281862745098039,1.0,0.17181372549019613,100,has_under_tail_color::black,cbm
33,Yellow billed Cuckoo,29,9,8,20,0.3103448275862069,3,0.3333333333333333,0.375,0.3464547674547675,0.1111111111111111,0.6643749999999994,0.5532638888888883,100,has_under_tail_color::black,cbm
179,Tennessee Warbler,29,6,6,23,0.20689655172413793,2,0.3333333333333333,0.3333333333333333,0.3477961760461761,0.0,0.6666666666666666,0.6666666666666666,100,has_under_tail_color::black,cbm
19,Gray Catbird,29,10,16,19,0.3448275862068966,8,0.8,0.5,0.8148191808191808,0.5,1.0,0.5,100,has_under_tail_color::black,cbm
43,Yellow bellied Flycatcher,29,4,5,25,0.13793103448275862,1,0.25,0.2,0.23038720538720536,0.0,0.8874999999999993,0.8874999999999993,100,has_under_tail_color::black,cbm
117,Clay colored Sparrow,29,4,4,25,0.13793103448275862,1,0.25,0.25,0.24272214040255277,0.0,0.6666666666666666,0.6666666666666666,100,has_under_tail_color::black,cbm
141,Artic Tern,29,1,6,28,0.034482758620689655,0,0.0,0.0,0.0,0.0,0.0,0.0,100,has_under_tail_color::black,cbm
160,Black throated Blue Warbler,29,10,19,19,0.3448275862068966,8,0.8,0.42105263157894735,0.7881828726828725,0.5263888888888889,1.0,0.4736111111111111,100,has_under_tail_color::black,cbm
119,Field Sparrow,29,4,3,25,0.13793103448275862,1,0.25,0.3333333333333333,0.23807118807118804,0.0,0.9099999999999995,0.9099999999999995,100,has_under_tail_color::black,cbm
124,Le Conte Sparrow,29,9,9,20,0.3103448275862069,4,0.4444444444444444,0.4444444444444444,0.45516880341880345,0.19045454545454546,0.7762499999999996,0.5857954545454541,100,has_under_tail_color::black,cbm
125,Lincoln Sparrow,29,7,3,22,0.2413793103448276,1,0.14285714285714285,0.3333333333333333,0.12373204573204573,0.0,0.35520833333333296,0.35520833333333296,100,has_under_tail_color::black,cbm
115,Brewer Sparrow,29,5,5,24,0.1724137931034483,2,0.4,0.4,0.4487608225108226,0.0,1.0,1.0,100,has_under_tail_color::black,cbm
60,Glaucous winged Gull,29,0,6,29,0.0,0,,0.0,,,,,100,has_under_tail_color::black,cbm
78,Gray Kingbird,29,4,15,25,0.13793103448275862,3,0.75,0.2,0.7375180375180376,0.12857142857142861,1.0,0.8714285714285714,100,has_under_tail_color::black,cbm
97,Orchard Oriole,29,19,23,10,0.6551724137931034,17,0.8947368421052632,0.7391304347826086,0.8962920363109318,0.7260869565217392,1.0,0.27391304347826084,100,has_under_tail_color::black,cbm
149,Brown Thrasher,29,1,5,28,0.034482758620689655,1,1.0,0.2,1.0,1.0,1.0,0.0,100,has_under_tail_color::black,cbm
39,Least Flycatcher,29,4,8,25,0.13793103448275862,2,0.5,0.25,0.5069183902517236,0.0,1.0,1.0,100,has_under_tail_color::black,cbm
153,Philadelphia Vireo,29,1,1,28,0.034482758620689655,0,0.0,0.0,0.0,0.0,0.0,0.0,100,has_under_tail_color::black,cbm
37,Acadian Flycatcher,29,3,2,26,0.10344827586206896,1,0.3333333333333333,0.5,0.35000000000000003,0.0,1.0,1.0,100,has_under_tail_color::black,cbm
157,Yellow throated Vireo,29,5,13,24,0.1724137931034483,3,0.6,0.23076923076923078,0.6205285174982145,0.0,1.0,1.0,100,has_under_tail_color::black,cbm
34,Gray crowned Rosy Finch,29,14,11,15,0.4827586206896552,7,0.5,0.6363636363636364,0.5265895370539334,0.2579166666666667,0.7989898989898987,0.541073232323232,100,has_under_tail_color::black,cbm
3,Sooty Albatross,28,6,10,22,0.21428571428571427,5,0.8333333333333334,0.5,0.8749347041847041,0.585,1.0,0.41500000000000004,100,has_under_tail_color::black,cbm
15,Lazuli Bunting,28,5,11,23,0.17857142857142858,2,0.4,0.18181818181818182,0.41774062049062055,0.0,0.920833333333332,0.920833333333332,100,has_under_tail_color::black,cbm
16,Painted Bunting,28,2,3,26,0.07142857142857142,0,0.0,0.0,0.0,0.0,0.0,0.0,100,has_under_tail_color::black,cbm
58,Pigeon Guillemot,28,14,18,14,0.5,11,0.7857142857142857,0.6111111111111112,0.7802122831159208,0.5182692307692307,0.9374509803921568,0.4191817496229261,100,has_under_tail_color::black,cbm
17,Cardinal,27,5,2,22,0.18518518518518517,0,0.0,0.0,0.0,0.0,0.0,0.0,100,has_under_tail_color::black,cbm
75,Green Jay,27,2,2,25,0.07407407407407407,0,0.0,0.0,0.0,0.0,0.0,0.0,100,has_under_tail_color::black,cbm
178,Swainson Warbler,26,1,2,25,0.038461538461538464,0,0.0,0.0,0.0,0.0,0.0,0.0,100,has_under_tail_color::black,cbm
12,Yellow headed Blackbird,26,23,25,3,0.8846153846153846,22,0.9565217391304348,0.88,0.9511201073526016,0.8479807692307693,1.0,0.15201923076923074,100,has_under_tail_color::black,cbm
22,Chuck will Widow,26,3,9,23,0.11538461538461539,1,0.3333333333333333,0.1111111111111111,0.26483709273182954,0.0,1.0,1.0,100,has_under_tail_color::black,cbm
7,Parakeet Auklet,23,6,12,17,0.2608695652173913,5,0.8333333333333334,0.4166666666666667,0.827465007215007,0.5,1.0,0.5,100,has_under_tail_color::black,cbm
84,Red legged Kittiwake,23,5,4,18,0.21739130434782608,0,0.0,0.0,0.0,0.0,0.0,0.0,100,has_under_tail_color::black,cbm
32,Mangrove Cuckoo,23,8,12,15,0.34782608695652173,5,0.625,0.4166666666666667,0.6277583666333666,0.22375,1.0,0.77625,100,has_under_tail_color::black,cbm
24,Red faced Cormorant,22,7,22,15,0.3181818181818182,7,1.0,0.3181818181818182,1.0,1.0,1.0,0.0,100,has_under_tail_color::black,cbm
151,Black capped Vireo,21,6,7,15,0.2857142857142857,2,0.3333333333333333,0.2857142857142857,0.31816072816072816,0.0,0.75,0.75,100,has_under_tail_color::black,cbm
113,Baird Sparrow,20,3,2,17,0.15,1,0.3333333333333333,0.5,0.3505456349206349,0.0,1.0,1.0,100,has_under_tail_color::black,cbm
187,American Three toed Woodpecker,20,8,16,12,0.4,6,0.75,0.375,0.7448762626262626,0.4135714285714286,1.0,0.5864285714285714,100,has_under_tail_color::black,cbm
65,Slaty backed Gull,20,9,10,11,0.45,6,0.6666666666666666,0.6,0.6807376234876235,0.42857142857142855,1.0,0.5714285714285714,100,has_under_tail_color::black,cbm
101,White Pelican,20,0,1,20,0.0,0,,0.0,,,,,100,has_under_tail_color::black,cbm
105,Whip poor Will,19,6,6,13,0.3157894736842105,4,0.6666666666666666,0.6666666666666666,0.6630595238095238,0.2669642857142857,1.0,0.7330357142857142,100,has_under_tail_color::black,cbm
8,Rhinoceros Auklet,18,5,7,13,0.2777777777777778,1,0.2,0.14285714285714285,0.18826984126984125,0.0,0.5,0.5,100,has_under_tail_color::black,cbm
18,Spotted Catbird,15,2,2,13,0.13333333333333333,0,0.0,0.0,0.0,0.0,0.0,0.0,100,has_under_tail_color::black,cbm
5,Crested Auklet,14,3,8,11,0.21428571428571427,2,0.6666666666666666,0.25,0.7047368421052632,0.0,1.0,1.0,100,has_under_tail_color::black,cbm
6,Least Auklet,11,3,6,8,0.2727272727272727,2,0.6666666666666666,0.3333333333333333,0.6674185463659148,0.0,1.0,1.0,100,has_under_tail_color::black,cbm
1,Black footed Albatross,30,3,3,27,0.1,2,0.6666666666666666,0.6666666666666666,0.661038961038961,0.0,1.0,1.0,100,has_under_tail_color::white,cbm
143,Caspian Tern,30,21,30,9,0.7,21,1.0,0.7,1.0,1.0,1.0,0.0,100,has_under_tail_color::white,cbm
120,Fox Sparrow,30,5,5,25,0.16666666666666666,2,0.4,0.4,0.3936706349206349,0.0,1.0,1.0,100,has_under_tail_color::white,cbm
121,Grasshopper Sparrow,30,7,15,23,0.23333333333333334,5,0.7142857142857143,0.3333333333333333,0.7226338383838382,0.353125,1.0,0.646875,100,has_under_tail_color::white,cbm
122,Harris Sparrow,30,8,18,22,0.26666666666666666,6,0.75,0.3333333333333333,0.734254218004218,0.5,1.0,0.5,100,has_under_tail_color::white,cbm
123,Henslow Sparrow,30,3,15,27,0.1,2,0.6666666666666666,0.13333333333333333,0.6376600102406553,0.0,1.0,1.0,100,has_under_tail_color::white,cbm
126,Nelson Sharp tailed Sparrow,30,3,6,27,0.1,0,0.0,0.0,0.0,0.0,0.0,0.0,100,has_under_tail_color::white,cbm
127,Savannah Sparrow,30,9,11,21,0.3,4,0.4444444444444444,0.36363636363636365,0.4356544982794982,0.16666666666666666,0.7762499999999996,0.6095833333333329,100,has_under_tail_color::white,cbm
128,Seaside Sparrow,30,0,3,30,0.0,0,,0.0,,,,,100,has_under_tail_color::white,cbm
129,Song Sparrow,30,2,9,28,0.06666666666666667,1,0.5,0.1111111111111111,0.5356060606060606,0.0,1.0,1.0,100,has_under_tail_color::white,cbm
130,Tree Sparrow,30,5,16,25,0.16666666666666666,4,0.8,0.25,0.8132932900432901,0.4625,1.0,0.5375,100,has_under_tail_color::white,cbm
131,Vesper Sparrow,30,6,11,24,0.2,3,0.5,0.2727272727272727,0.5002109279609279,0.13166666666666665,0.9406249999999989,0.8089583333333323,100,has_under_tail_color::white,cbm
132,White crowned Sparrow,30,1,12,29,0.03333333333333333,0,0.0,0.0,0.0,0.0,0.0,0.0,100,has_under_tail_color::white,cbm
133,White throated Sparrow,30,0,9,30,0.0,0,,0.0,,,,,100,has_under_tail_color::white,cbm
134,Cape Glossy Starling,30,0,0,30,0.0,0,,,,,,,100,has_under_tail_color::white,cbm
135,Bank Swallow,30,6,11,24,0.2,1,0.16666666666666666,0.09090909090909091,0.1776677489177489,0.0,0.5,0.5,100,has_under_tail_color::white,cbm
136,Barn Swallow,30,3,2,27,0.1,0,0.0,0.0,0.0,0.0,0.0,0.0,100,has_under_tail_color::white,cbm
137,Cliff Swallow,30,1,11,29,0.03333333333333333,0,0.0,0.0,0.0,0.0,0.0,0.0,100,has_under_tail_color::white,cbm
138,Tree Swallow,30,6,9,24,0.2,3,0.5,0.3333333333333333,0.47637554112554115,0.05937500000000001,0.8458333333333331,0.786458333333333,100,has_under_tail_color::white,cbm
139,Scarlet Tanager,30,0,2,30,0.0,0,,0.0,,,,,100,has_under_tail_color::white,cbm
140,Summer Tanager,30,0,0,30,0.0,0,,,,,,,100,has_under_tail_color::white,cbm
118,House Sparrow,30,2,9,28,0.06666666666666667,1,0.5,0.1111111111111111,0.5535984848484848,0.0,1.0,1.0,100,has_under_tail_color::white,cbm
116,Chipping Sparrow,30,12,12,18,0.4,8,0.6666666666666666,0.6666666666666666,0.6768101336228272,0.4166666666666667,0.892897727272727,0.4762310606060603,100,has_under_tail_color::white,cbm
114,Black throated Sparrow,30,6,11,24,0.2,2,0.3333333333333333,0.18181818181818182,0.3750295815295815,0.0,0.7937499999999993,0.7937499999999993,100,has_under_tail_color::white,cbm
2,Laysan Albatross,30,8,22,22,0.26666666666666666,4,0.5,0.18181818181818182,0.5292445887445887,0.2,0.8333333333333334,0.6333333333333333,100,has_under_tail_color::white,cbm
92,Nighthawk,30,8,19,22,0.26666666666666666,6,0.75,0.3157894736842105,0.7528057775557774,0.47613636363636364,1.0,0.5238636363636364,100,has_under_tail_color::white,cbm
93,Clark Nutcracker,30,12,24,18,0.4,9,0.75,0.375,0.7403708407605467,0.4603030303030303,0.9683333333333328,0.5080303030303025,100,has_under_tail_color::white,cbm
94,White breasted Nuthatch,30,13,25,17,0.43333333333333335,11,0.8461538461538461,0.44,0.851458070524247,0.6253496503496504,1.0,0.3746503496503496,100,has_under_tail_color::white,cbm
95,Baltimore Oriole,30,2,6,28,0.06666666666666667,1,0.5,0.16666666666666666,0.4879310344827586,0.0,1.0,1.0,100,has_under_tail_color::white,cbm
96,Hooded Oriole,30,0,6,30,0.0,0,,0.0,,,,,100,has_under_tail_color::white,cbm
98,Scott Oriole,30,2,3,28,0.06666666666666667,0,0.0,0.0,0.0,0.0,0.0,0.0,100,has_under_tail_color::white,cbm
99,Ovenbird,30,0,16,30,0.0,0,,0.0,,,,,100,has_under_tail_color::white,cbm
100,Brown Pelican,30,1,17,29,0.03333333333333333,1,1.0,0.058823529411764705,1.0,1.0,1.0,0.0,100,has_under_tail_color::white,cbm
102,Western Wood Pewee,30,3,7,27,0.1,0,0.0,0.0,0.0,0.0,0.0,0.0,100,has_under_tail_color::white,cbm
112,Great Grey Shrike,30,8,19,22,0.26666666666666666,5,0.625,0.2631578947368421,0.6386497113997114,0.3333333333333333,1.0,0.6666666666666667,100,has_under_tail_color::white,cbm
103,Sayornis,30,1,7,29,0.03333333333333333,0,0.0,0.0,0.0,0.0,0.0,0.0,100,has_under_tail_color::white,cbm
104,American Pipit,30,5,5,25,0.16666666666666666,0,0.0,0.0,0.0,0.0,0.0,0.0,100,has_under_tail_color::white,cbm
106,Horned Puffin,30,3,13,27,0.1,2,0.6666666666666666,0.15384615384615385,0.6821264932089676,0.0,1.0,1.0,100,has_under_tail_color::white,cbm
107,Common Raven,30,0,0,30,0.0,0,,,,,,,100,has_under_tail_color::white,cbm
108,White necked Raven,30,0,2,30,0.0,0,,0.0,,,,,100,has_under_tail_color::white,cbm
109,American Redstart,30,2,3,28,0.06666666666666667,0,0.0,0.0,0.0,0.0,0.0,0.0,100,has_under_tail_color::white,cbm
110,Geococcyx,30,7,19,23,0.23333333333333334,4,0.5714285714285714,0.21052631578947367,0.5723903318903318,0.17386363636363636,1.0,0.8261363636363637,100,has_under_tail_color::white,cbm
111,Loggerhead Shrike,30,14,22,16,0.4666666666666667,12,0.8571428571428571,0.5454545454545454,0.8697962346820706,0.6959615384615384,1.0,0.3040384615384616,100,has_under_tail_color::white,cbm
142,Black Tern,30,12,21,18,0.4,9,0.75,0.42857142857142855,0.7363645072248013,0.5,1.0,0.5,100,has_under_tail_color::white,cbm
144,Common Tern,30,21,27,9,0.7,19,0.9047619047619048,0.7037037037037037,0.9019994349834368,0.75,1.0,0.25,100,has_under_tail_color::white,cbm
90,Red breasted Merganser,30,0,8,30,0.0,0,,0.0,,,,,100,has_under_tail_color::white,cbm
145,Elegant Tern,30,17,28,13,0.5666666666666667,16,0.9411764705882353,0.5714285714285714,0.9340797319295772,0.7944736842105263,1.0,0.20552631578947367,100,has_under_tail_color::white,cbm
176,Prairie Warbler,30,3,5,27,0.1,1,0.3333333333333333,0.2,0.32135416666666666,0.0,1.0,1.0,100,has_under_tail_color::white,cbm
177,Prothonotary Warbler,30,4,10,26,0.13333333333333333,1,0.25,0.1,0.2879970544918999,0.0,0.7799999999999997,0.7799999999999997,100,has_under_tail_color::white,cbm
180,Wilson Warbler,30,1,3,29,0.03333333333333333,0,0.0,0.0,0.0,0.0,0.0,0.0,100,has_under_tail_color::white,cbm
182,Yellow Warbler,30,0,6,30,0.0,0,,0.0,,,,,100,has_under_tail_color::white,cbm
183,Northern Waterthrush,30,1,6,29,0.03333333333333333,0,0.0,0.0,0.0,0.0,0.0,0.0,100,has_under_tail_color::white,cbm
184,Louisiana Waterthrush,30,2,13,28,0.06666666666666667,1,0.5,0.07692307692307693,0.4848314606741572,0.0,1.0,1.0,100,has_under_tail_color::white,cbm
185,Bohemian Waxwing,30,1,18,29,0.03333333333333333,1,1.0,0.05555555555555555,1.0,1.0,1.0,0.0,100,has_under_tail_color::white,cbm
186,Cedar Waxwing,30,6,12,24,0.2,4,0.6666666666666666,0.3333333333333333,0.6866803751803751,0.3158333333333333,1.0,0.6841666666666667,100,has_under_tail_color::white,cbm
188,Pileated Woodpecker,30,0,8,30,0.0,0,,0.0,,,,,100,has_under_tail_color::white,cbm
189,Red bellied Woodpecker,30,15,29,15,0.5,14,0.9333333333333333,0.4827586206896552,0.9352823180431541,0.781547619047619,1.0,0.21845238095238095,100,has_under_tail_color::white,cbm
191,Red headed Woodpecker,30,6,20,24,0.2,6,1.0,0.3,1.0,1.0,1.0,0.0,100,has_under_tail_color::white,cbm
192,Downy Woodpecker,30,16,28,14,0.5333333333333333,15,0.9375,0.5357142857142857,0.9449380395594893,0.8281862745098039,1.0,0.17181372549019613,100,has_under_tail_color::white,cbm
193,Bewick Wren,30,5,8,25,0.16666666666666666,3,0.6,0.375,0.5624642857142857,0.0,1.0,1.0,100,has_under_tail_color::white,cbm
194,Cactus Wren,30,10,19,20,0.3333333333333333,7,0.7,0.3684210526315789,0.704347879244938,0.3690340909090909,0.9200320512820512,0.5509979603729603,100,has_under_tail_color::white,cbm
195,Carolina Wren,30,2,11,28,0.06666666666666667,2,1.0,0.18181818181818182,1.0,1.0,1.0,0.0,100,has_under_tail_color::white,cbm
196,House Wren,30,4,5,26,0.13333333333333333,2,0.5,0.4,0.47237698412698415,0.0,1.0,1.0,100,has_under_tail_color::white,cbm
197,Marsh Wren,30,5,15,25,0.16666666666666666,3,0.6,0.2,0.6171316337983005,0.18166666666666667,1.0,0.8183333333333334,100,has_under_tail_color::white,cbm
198,Rock Wren,30,2,12,28,0.06666666666666667,0,0.0,0.0,0.0,0.0,0.0,0.0,100,has_under_tail_color::white,cbm
199,Winter Wren,30,3,4,27,0.1,1,0.3333333333333333,0.25,0.3144071914480078,0.0,1.0,1.0,100,has_under_tail_color::white,cbm
175,Pine Warbler,30,8,12,22,0.26666666666666666,4,0.5,0.3333333333333333,0.4621583139083139,0.16666666666666666,0.75,0.5833333333333334,100,has_under_tail_color::white,cbm
174,Palm Warbler,30,0,5,30,0.0,0,,0.0,,,,,100,has_under_tail_color::white,cbm
173,Orange crowned Warbler,30,1,1,29,0.03333333333333333,0,0.0,0.0,0.0,0.0,0.0,0.0,100,has_under_tail_color::white,cbm
158,Bay breasted Warbler,30,7,25,23,0.23333333333333334,5,0.7142857142857143,0.2,0.7181046176046177,0.3333333333333333,1.0,0.6666666666666667,100,has_under_tail_color::white,cbm
146,Forsters Tern,30,19,29,11,0.6333333333333333,18,0.9473684210526315,0.6206896551724138,0.954343458083174,0.8815972222222223,1.0,0.11840277777777775,100,has_under_tail_color::white,cbm
147,Least Tern,30,12,29,18,0.4,11,0.9166666666666666,0.3793103448275862,0.9281704155837284,0.75,1.0,0.25,100,has_under_tail_color::white,cbm
148,Green tailed Towhee,30,2,4,28,0.06666666666666667,0,0.0,0.0,0.0,0.0,0.0,0.0,100,has_under_tail_color::white,cbm
150,Sage Thrasher,30,5,11,25,0.16666666666666666,1,0.2,0.09090909090909091,0.23589285714285713,0.0,1.0,1.0,100,has_under_tail_color::white,cbm
152,Blue headed Vireo,30,6,20,24,0.2,5,0.8333333333333334,0.25,0.847255328005328,0.5,1.0,0.5,100,has_under_tail_color::white,cbm
154,Red eyed Vireo,30,4,15,26,0.13333333333333333,1,0.25,0.06666666666666667,0.2663670229996761,0.0,0.8583333333333343,0.8583333333333343,100,has_under_tail_color::white,cbm
155,Warbling Vireo,30,5,12,25,0.16666666666666666,3,0.6,0.25,0.5966636057545148,0.0,1.0,1.0,100,has_under_tail_color::white,cbm
156,White eyed Vireo,30,2,13,28,0.06666666666666667,1,0.5,0.07692307692307693,0.4996376811594203,0.0,1.0,1.0,100,has_under_tail_color::white,cbm
159,Black and white Warbler,30,19,30,11,0.6333333333333333,19,1.0,0.6333333333333333,1.0,1.0,1.0,0.0,100,has_under_tail_color::white,cbm
172,Nashville Warbler,30,1,5,29,0.03333333333333333,0,0.0,0.0,0.0,0.0,0.0,0.0,100,has_under_tail_color::white,cbm
161,Blue winged Warbler,30,6,11,24,0.2,3,0.5,0.2727272727272727,0.4641507936507936,0.05937500000000001,0.8571428571428571,0.797767857142857,100,has_under_tail_color::white,cbm
162,Canada Warbler,30,3,5,27,0.1,0,0.0,0.0,0.0,0.0,0.0,0.0,100,has_under_tail_color::white,cbm
163,Cape May Warbler,30,6,11,24,0.2,2,0.3333333333333333,0.18181818181818182,0.3614467182649001,0.0,0.8183333333333332,0.8183333333333332,100,has_under_tail_color::white,cbm
164,Cerulean Warbler,30,9,20,21,0.3,7,0.7777777777777778,0.35,0.7904559884559883,0.5,1.0,0.5,100,has_under_tail_color::white,cbm
165,Chestnut sided Warbler,30,5,26,25,0.16666666666666666,5,1.0,0.19230769230769232,1.0,1.0,1.0,0.0,100,has_under_tail_color::white,cbm
167,Hooded Warbler,30,3,2,27,0.1,0,0.0,0.0,0.0,0.0,0.0,0.0,100,has_under_tail_color::white,cbm
170,Mourning Warbler,30,0,2,30,0.0,0,,0.0,,,,,100,has_under_tail_color::white,cbm
171,Myrtle Warbler,30,8,16,22,0.26666666666666666,6,0.75,0.375,0.7591812631812632,0.5,1.0,0.5,100,has_under_tail_color::white,cbm
91,Mockingbird,30,3,19,27,0.1,1,0.3333333333333333,0.05263157894736842,0.34809434551702595,0.0,1.0,1.0,100,has_under_tail_color::white,cbm
200,Common Yellowthroat,30,0,2,30,0.0,0,,0.0,,,,,100,has_under_tail_color::white,cbm
89,Hooded Merganser,30,1,5,29,0.03333333333333333,0,0.0,0.0,0.0,0.0,0.0,0.0,100,has_under_tail_color::white,cbm
26,Bronzed Cowbird,30,1,0,29,0.03333333333333333,0,0.0,,0.0,0.0,0.0,0.0,100,has_under_tail_color::white,cbm
61,Heermann Gull,30,12,20,18,0.4,9,0.75,0.45,0.7536322313307607,0.5502525252525252,0.9285714285714286,0.3783189033189034,100,has_under_tail_color::white,cbm
59,California Gull,30,13,29,17,0.43333333333333335,12,0.9230769230769231,0.41379310344827586,0.9198153678536807,0.8,1.0,0.19999999999999996,100,has_under_tail_color::white,cbm
25,Pelagic Cormorant,30,2,2,28,0.06666666666666667,1,0.5,0.5,0.4630952380952381,0.0,1.0,1.0,100,has_under_tail_color::white,cbm
57,Rose breasted Grosbeak,30,11,26,19,0.36666666666666664,10,0.9090909090909091,0.38461538461538464,0.9078822843822845,0.6825,1.0,0.3175,100,has_under_tail_color::white,cbm
56,Pine Grosbeak,30,1,19,29,0.03333333333333333,1,1.0,0.05263157894736842,1.0,1.0,1.0,0.0,100,has_under_tail_color::white,cbm
55,Evening Grosbeak,30,2,19,28,0.06666666666666667,2,1.0,0.10526315789473684,1.0,1.0,1.0,0.0,100,has_under_tail_color::white,cbm
54,Blue Grosbeak,30,0,0,30,0.0,0,,,,,,,100,has_under_tail_color::white,cbm
53,Western Grebe,30,3,12,27,0.1,3,1.0,0.25,1.0,1.0,1.0,0.0,100,has_under_tail_color::white,cbm
52,Pied billed Grebe,30,3,2,27,0.1,0,0.0,0.0,0.0,0.0,0.0,0.0,100,has_under_tail_color::white,cbm
51,Horned Grebe,30,3,6,27,0.1,2,0.6666666666666666,0.3333333333333333,0.6493483709273183,0.0,1.0,1.0,100,has_under_tail_color::white,cbm
50,Eared Grebe,30,3,6,27,0.1,1,0.3333333333333333,0.16666666666666666,0.3328213005632361,0.0,1.0,1.0,100,has_under_tail_color::white,cbm
49,Boat tailed Grackle,30,2,0,28,0.06666666666666667,0,0.0,,0.0,0.0,0.0,0.0,100,has_under_tail_color::white,cbm
48,European Goldfinch,30,17,27,13,0.5666666666666667,15,0.8823529411764706,0.5555555555555556,0.8921470440292423,0.7246212121212121,1.0,0.2753787878787879,100,has_under_tail_color::white,cbm
47,American Goldfinch,30,13,22,17,0.43333333333333335,11,0.8461538461538461,0.5,0.8489546850208615,0.6073076923076923,1.0,0.3926923076923077,100,has_under_tail_color::white,cbm
63,Ivory Gull,30,27,28,3,0.9,25,0.9259259259259259,0.8928571428571429,0.9214442636740239,0.8171419098143237,1.0,0.18285809018567634,100,has_under_tail_color::white,cbm
46,Gadwall,30,1,13,29,0.03333333333333333,1,1.0,0.07692307692307693,1.0,1.0,1.0,0.0,100,has_under_tail_color::white,cbm
45,Northern Fulmar,30,10,24,20,0.3333333333333333,9,0.9,0.375,0.876964466089466,0.6253496503496504,1.0,0.3746503496503496,100,has_under_tail_color::white,cbm
44,Frigatebird,30,1,2,29,0.03333333333333333,0,0.0,0.0,0.0,0.0,0.0,0.0,100,has_under_tail_color::white,cbm
88,Western Meadowlark,30,5,13,25,0.16666666666666666,2,0.4,0.15384615384615385,0.4327738095238095,0.0,0.8571428571428571,0.8571428571428571,100,has_under_tail_color::white,cbm
42,Vermilion Flycatcher,30,1,3,29,0.03333333333333333,0,0.0,0.0,0.0,0.0,0.0,0.0,100,has_under_tail_color::white,cbm
41,Scissor tailed Flycatcher,30,10,20,20,0.3333333333333333,8,0.8,0.4,0.8061368076368075,0.5714285714285714,1.0,0.4285714285714286,100,has_under_tail_color::white,cbm
27,Shiny Cowbird,30,1,1,29,0.03333333333333333,0,0.0,0.0,0.0,0.0,0.0,0.0,100,has_under_tail_color::white,cbm
40,Olive sided Flycatcher,30,4,7,26,0.13333333333333333,3,0.75,0.42857142857142855,0.7635238095238094,0.3333333333333333,1.0,0.6666666666666667,100,has_under_tail_color::white,cbm
38,Great Crested Flycatcher,30,2,4,28,0.06666666666666667,1,0.5,0.25,0.5446360153256705,0.0,1.0,1.0,100,has_under_tail_color::white,cbm
36,Northern Flicker,30,4,20,26,0.13333333333333333,4,1.0,0.2,1.0,1.0,1.0,0.0,100,has_under_tail_color::white,cbm
29,American Crow,30,0,0,30,0.0,0,,,,,,,100,has_under_tail_color::white,cbm
35,Purple Finch,30,8,20,22,0.26666666666666666,8,1.0,0.4,1.0,1.0,1.0,0.0,100,has_under_tail_color::white,cbm
30,Fish Crow,30,0,0,30,0.0,0,,,,,,,100,has_under_tail_color::white,cbm
21,Eastern Towhee,30,5,8,25,0.16666666666666666,1,0.2,0.125,0.20112301587301584,0.0,0.6666666666666666,0.6666666666666666,100,has_under_tail_color::white,cbm
62,Herring Gull,30,20,28,10,0.6666666666666666,19,0.95,0.6785714285714286,0.9449751485046715,0.8533928571428571,1.0,0.14660714285714294,100,has_under_tail_color::white,cbm
64,Ring billed Gull,30,20,30,10,0.6666666666666666,20,1.0,0.6666666666666666,1.0,1.0,1.0,0.0,100,has_under_tail_color::white,cbm
73,Blue Jay,30,7,24,23,0.23333333333333334,5,0.7142857142857143,0.20833333333333334,0.7002568542568544,0.22375,1.0,0.77625,100,has_under_tail_color::white,cbm
87,Mallard,30,6,17,24,0.2,4,0.6666666666666666,0.23529411764705882,0.6656274141122623,0.2875,1.0,0.7125,100,has_under_tail_color::white,cbm
86,Pacific Loon,30,3,13,27,0.1,1,0.3333333333333333,0.07692307692307693,0.29189985272459495,0.0,1.0,1.0,100,has_under_tail_color::white,cbm
85,Horned Lark,30,4,11,26,0.13333333333333333,1,0.25,0.09090909090909091,0.24445646945646946,0.0,1.0,1.0,100,has_under_tail_color::white,cbm
4,Groove billed Ani,30,2,0,28,0.06666666666666667,0,0.0,,0.0,0.0,0.0,0.0,100,has_under_tail_color::white,cbm
83,White breasted Kingfisher,30,2,5,28,0.06666666666666667,1,0.5,0.2,0.4707865168539326,0.0,1.0,1.0,100,has_under_tail_color::white,cbm
82,Ringed Kingfisher,30,6,10,24,0.2,5,0.8333333333333334,0.5,0.8550584415584415,0.5,1.0,0.5,100,has_under_tail_color::white,cbm
81,Pied Kingfisher,30,13,30,17,0.43333333333333335,13,1.0,0.43333333333333335,1.0,1.0,1.0,0.0,100,has_under_tail_color::white,cbm
80,Green Kingfisher,30,8,20,22,0.26666666666666666,7,0.875,0.35,0.8706171606171607,0.6,1.0,0.4,100,has_under_tail_color::white,cbm
79,Belted Kingfisher,30,8,26,22,0.26666666666666666,8,1.0,0.3076923076923077,1.0,1.0,1.0,0.0,100,has_under_tail_color::white,cbm
10,Red winged Blackbird,30,1,1,29,0.03333333333333333,0,0.0,0.0,0.0,0.0,0.0,0.0,100,has_under_tail_color::white,cbm
77,Tropical Kingbird,30,1,3,29,0.03333333333333333,0,0.0,0.0,0.0,0.0,0.0,0.0,100,has_under_tail_color::white,cbm
11,Rusty Blackbird,30,1,2,29,0.03333333333333333,0,0.0,0.0,0.0,0.0,0.0,0.0,100,has_under_tail_color::white,cbm
74,Florida Jay,30,2,7,28,0.06666666666666667,1,0.5,0.14285714285714285,0.43703703703703695,0.0,1.0,1.0,100,has_under_tail_color::white,cbm
76,Dark eyed Junco,30,7,8,23,0.23333333333333334,4,0.5714285714285714,0.5,0.5353715728715729,0.0,1.0,1.0,100,has_under_tail_color::white,cbm
72,Pomarine Jaeger,30,5,9,25,0.16666666666666666,1,0.2,0.1111111111111111,0.2423590864917395,0.0,0.7145833333333336,0.7145833333333336,100,has_under_tail_color::white,cbm
14,Indigo Bunting,30,2,2,28,0.06666666666666667,0,0.0,0.0,0.0,0.0,0.0,0.0,100,has_under_tail_color::white,cbm
66,Western Gull,30,18,29,12,0.6,18,1.0,0.6206896551724138,1.0,1.0,1.0,0.0,100,has_under_tail_color::white,cbm
71,Long tailed Jaeger,30,4,15,26,0.13333333333333333,2,0.5,0.13333333333333333,0.5052738095238095,0.0,1.0,1.0,100,has_under_tail_color::white,cbm
67,Anna Hummingbird,30,2,9,28,0.06666666666666667,2,1.0,0.2222222222222222,1.0,1.0,1.0,0.0,100,has_under_tail_color::white,cbm
68,Ruby throated Hummingbird,30,7,14,23,0.23333333333333334,5,0.7142857142857143,0.35714285714285715,0.6904209956709957,0.15833333333333335,1.0,0.8416666666666667,100,has_under_tail_color::white,cbm
31,Black billed Cuckoo,30,3,17,27,0.1,3,1.0,0.17647058823529413,1.0,1.0,1.0,0.0,100,has_under_tail_color::white,cbm
69,Rufous Hummingbird,30,6,13,24,0.2,3,0.5,0.23076923076923078,0.5018589466089466,0.16666666666666666,0.9321428571428559,0.7654761904761893,100,has_under_tail_color::white,cbm
13,Bobolink,30,7,14,23,0.23333333333333334,3,0.42857142857142855,0.21428571428571427,0.4215339105339104,0.1375,0.7762499999999996,0.6387499999999995,100,has_under_tail_color::white,cbm
70,Green Violetear,30,1,2,29,0.03333333333333333,0,0.0,0.0,0.0,0.0,0.0,0.0,100,has_under_tail_color::white,cbm
181,Worm eating Warbler,29,1,2,28,0.034482758620689655,0,0.0,0.0,0.0,0.0,0.0,0.0,100,has_under_tail_color::white,cbm
20,Yellow breasted Chat,29,4,13,25,0.13793103448275862,1,0.25,0.07692307692307693,0.2348888888888889,0.0,0.75,0.75,100,has_under_tail_color::white,cbm
169,Magnolia Warbler,29,8,16,21,0.27586206896551724,6,0.75,0.375,0.7547749195249195,0.4,1.0,0.6,100,has_under_tail_color::white,cbm
168,Kentucky Warbler,29,0,2,29,0.0,0,,0.0,,,,,100,has_under_tail_color::white,cbm
28,Brown Creeper,29,6,23,23,0.20689655172413793,6,1.0,0.2608695652173913,1.0,1.0,1.0,0.0,100,has_under_tail_color::white,cbm
9,Brewer Blackbird,29,0,0,29,0.0,0,,,,,,,100,has_under_tail_color::white,cbm
166,Golden winged Warbler,29,3,17,26,0.10344827586206896,1,0.3333333333333333,0.058823529411764705,0.32827687776141384,0.0,1.0,1.0,100,has_under_tail_color::white,cbm
23,Brandt Cormorant,29,0,1,29,0.0,0,,0.0,,,,,100,has_under_tail_color::white,cbm
190,Red cockaded Woodpecker,29,12,26,17,0.41379310344827586,12,1.0,0.46153846153846156,1.0,1.0,1.0,0.0,100,has_under_tail_color::white,cbm
33,Yellow billed Cuckoo,29,8,16,21,0.27586206896551724,5,0.625,0.3125,0.6576277056277057,0.375,0.9604166666666659,0.5854166666666659,100,has_under_tail_color::white,cbm
179,Tennessee Warbler,29,3,12,26,0.10344827586206896,3,1.0,0.25,1.0,1.0,1.0,0.0,100,has_under_tail_color::white,cbm
19,Gray Catbird,29,0,6,29,0.0,0,,0.0,,,,,100,has_under_tail_color::white,cbm
43,Yellow bellied Flycatcher,29,3,9,26,0.10344827586206896,2,0.6666666666666666,0.2222222222222222,0.6500981836033383,0.0,1.0,1.0,100,has_under_tail_color::white,cbm
117,Clay colored Sparrow,29,6,15,23,0.20689655172413793,4,0.6666666666666666,0.26666666666666666,0.6491889499389499,0.25,1.0,0.75,100,has_under_tail_color::white,cbm
141,Artic Tern,29,19,27,10,0.6551724137931034,19,1.0,0.7037037037037037,1.0,1.0,1.0,0.0,100,has_under_tail_color::white,cbm
160,Black throated Blue Warbler,29,7,12,22,0.2413793103448276,3,0.42857142857142855,0.25,0.4202964812964813,0.0,0.75,0.75,100,has_under_tail_color::white,cbm
119,Field Sparrow,29,7,13,22,0.2413793103448276,3,0.42857142857142855,0.23076923076923078,0.37869710844710847,0.0,0.75,0.75,100,has_under_tail_color::white,cbm
124,Le Conte Sparrow,29,2,9,27,0.06896551724137931,0,0.0,0.0,0.0,0.0,0.0,0.0,100,has_under_tail_color::white,cbm
125,Lincoln Sparrow,29,2,10,27,0.06896551724137931,1,0.5,0.1,0.4721014492753623,0.0,1.0,1.0,100,has_under_tail_color::white,cbm
115,Brewer Sparrow,29,3,10,26,0.10344827586206896,1,0.3333333333333333,0.1,0.4075689223057644,0.0,1.0,1.0,100,has_under_tail_color::white,cbm
60,Glaucous winged Gull,29,17,28,12,0.5862068965517241,16,0.9411764705882353,0.5714285714285714,0.9492923029842535,0.81625,1.0,0.18374999999999997,100,has_under_tail_color::white,cbm
78,Gray Kingbird,29,5,12,24,0.1724137931034483,2,0.4,0.16666666666666666,0.4032951616284949,0.0,1.0,1.0,100,has_under_tail_color::white,cbm
97,Orchard Oriole,29,2,3,27,0.06896551724137931,0,0.0,0.0,0.0,0.0,0.0,0.0,100,has_under_tail_color::white,cbm
149,Brown Thrasher,29,2,12,27,0.06896551724137931,1,0.5,0.08333333333333333,0.5190196078431373,0.0,1.0,1.0,100,has_under_tail_color::white,cbm
39,Least Flycatcher,29,2,9,27,0.06896551724137931,1,0.5,0.1111111111111111,0.553639846743295,0.0,1.0,1.0,100,has_under_tail_color::white,cbm
153,Philadelphia Vireo,29,2,7,27,0.06896551724137931,2,1.0,0.2857142857142857,1.0,1.0,1.0,0.0,100,has_under_tail_color::white,cbm
37,Acadian Flycatcher,29,5,6,24,0.1724137931034483,3,0.6,0.5,0.6078690476190477,0.0,1.0,1.0,100,has_under_tail_color::white,cbm
157,Yellow throated Vireo,29,7,17,22,0.2413793103448276,5,0.7142857142857143,0.29411764705882354,0.7052039072039072,0.3333333333333333,1.0,0.6666666666666667,100,has_under_tail_color::white,cbm
34,Gray crowned Rosy Finch,29,9,8,20,0.3103448275862069,5,0.5555555555555556,0.625,0.5649749417249417,0.23541666666666666,0.8822916666666665,0.6468749999999999,100,has_under_tail_color::white,cbm
3,Sooty Albatross,28,2,10,26,0.07142857142857142,2,1.0,0.2,1.0,1.0,1.0,0.0,100,has_under_tail_color::white,cbm
15,Lazuli Bunting,28,5,17,23,0.17857142857142858,5,1.0,0.29411764705882354,1.0,1.0,1.0,0.0,100,has_under_tail_color::white,cbm
16,Painted Bunting,28,1,1,27,0.03571428571428571,0,0.0,0.0,0.0,0.0,0.0,0.0,100,has_under_tail_color::white,cbm
58,Pigeon Guillemot,28,2,2,26,0.07142857142857142,0,0.0,0.0,0.0,0.0,0.0,0.0,100,has_under_tail_color::white,cbm
17,Cardinal,27,0,1,27,0.0,0,,0.0,,,,,100,has_under_tail_color::white,cbm
75,Green Jay,27,0,1,27,0.0,0,,0.0,,,,,100,has_under_tail_color::white,cbm
178,Swainson Warbler,26,2,7,24,0.07692307692307693,0,0.0,0.0,0.0,0.0,0.0,0.0,100,has_under_tail_color::white,cbm
12,Yellow headed Blackbird,26,0,5,26,0.0,0,,0.0,,,,,100,has_under_tail_color::white,cbm
22,Chuck will Widow,26,0,7,26,0.0,0,,0.0,,,,,100,has_under_tail_color::white,cbm
7,Parakeet Auklet,23,7,6,16,0.30434782608695654,4,0.5714285714285714,0.6666666666666666,0.5292501942501943,0.2,0.875,0.675,100,has_under_tail_color::white,cbm
84,Red legged Kittiwake,23,12,23,11,0.5217391304347826,12,1.0,0.5217391304347826,1.0,1.0,1.0,0.0,100,has_under_tail_color::white,cbm
32,Mangrove Cuckoo,23,8,5,15,0.34782608695652173,1,0.125,0.2,0.11930205905205904,0.0,0.5,0.5,100,has_under_tail_color::white,cbm
24,Red faced Cormorant,22,0,0,22,0.0,0,,,,,,,100,has_under_tail_color::white,cbm
151,Black capped Vireo,21,6,8,15,0.2857142857142857,3,0.5,0.375,0.4973629148629148,0.07916666666666668,0.8458333333333331,0.7666666666666664,100,has_under_tail_color::white,cbm
113,Baird Sparrow,20,5,13,15,0.25,3,0.6,0.23076923076923078,0.6222857142857143,0.0,1.0,1.0,100,has_under_tail_color::white,cbm
187,American Three toed Woodpecker,20,6,14,14,0.3,6,1.0,0.42857142857142855,1.0,1.0,1.0,0.0,100,has_under_tail_color::white,cbm
65,Slaty backed Gull,20,14,18,6,0.7,12,0.8571428571428571,0.6666666666666666,0.8602265887707063,0.6541666666666667,1.0,0.3458333333333333,100,has_under_tail_color::white,cbm
101,White Pelican,20,12,20,8,0.6,12,1.0,0.6,1.0,1.0,1.0,0.0,100,has_under_tail_color::white,cbm
105,Whip poor Will,19,3,6,16,0.15789473684210525,2,0.6666666666666666,0.3333333333333333,0.6108789260385005,0.0,1.0,1.0,100,has_under_tail_color::white,cbm
8,Rhinoceros Auklet,18,0,1,18,0.0,0,,0.0,,,,,100,has_under_tail_color::white,cbm
18,Spotted Catbird,15,0,4,15,0.0,0,,0.0,,,,,100,has_under_tail_color::white,cbm
5,Crested Auklet,14,0,0,14,0.0,0,,,,,,,100,has_under_tail_color::white,cbm
6,Least Auklet,11,4,6,7,0.36363636363636365,2,0.5,0.3333333333333333,0.4816859066859066,0.0,1.0,1.0,100,has_under_tail_color::white,cbm
