species_id,species_name,n,n_pos_bin,n_neg_bin,prevalence_bin,mean_pred,mean_w,soft_recall,concept,j
1,Black footed Albatross,30,7,23,0.23333333333333334,0.7412569522857666,0.761997640132904,0.8270737178953367,"a large, hawk-like body",62
90,Red breasted Merganser,30,0,30,0.0,0.4301377534866333,0.7001305818557739,,"a large, hawk-like body",62
121,Grasshopper Sparrow,30,3,27,0.1,0.4513164162635803,0.7141821980476379,0.4330298063103207,"a large, hawk-like body",62
122,Harris Sparrow,30,1,29,0.03333333333333333,0.359473317861557,0.7080278992652893,0.6787441056291248,"a large, hawk-like body",62
123,Henslow Sparrow,30,1,29,0.03333333333333333,0.46327632665634155,0.6954314708709717,0.38470344941572343,"a large, hawk-like body",62
126,Nelson Sharp tailed Sparrow,30,4,26,0.13333333333333333,0.5523356795310974,0.7218034267425537,0.5067514101061102,"a large, hawk-like body",62
127,Savannah Sparrow,30,0,30,0.0,0.571563720703125,0.7123109698295593,,"a large, hawk-like body",62
128,Seaside Sparrow,30,2,28,0.06666666666666667,0.5236449837684631,0.7236446738243103,0.7610454763017054,"a large, hawk-like body",62
129,Song Sparrow,30,3,27,0.1,0.6335118412971497,0.7346926927566528,0.6617643658212741,"a large, hawk-like body",62
130,Tree Sparrow,30,1,29,0.03333333333333333,0.4038282036781311,0.7045122981071472,0.43787299721973094,"a large, hawk-like body",62
131,Vesper Sparrow,30,2,28,0.06666666666666667,0.6296078562736511,0.7259435057640076,0.6762278914003098,"a large, hawk-like body",62
132,White crowned Sparrow,30,1,29,0.03333333333333333,0.38178297877311707,0.7074530720710754,0.6025301665367494,"a large, hawk-like body",62
133,White throated Sparrow,30,0,30,0.0,0.3892032206058502,0.6941101551055908,,"a large, hawk-like body",62
134,Cape Glossy Starling,30,1,29,0.03333333333333333,0.28856250643730164,0.7136415839195251,0.17007449115852682,"a large, hawk-like body",62
135,Bank Swallow,30,11,19,0.36666666666666664,0.6398967504501343,0.7695304751396179,0.7187271471729549,"a large, hawk-like body",62
136,Barn Swallow,30,3,27,0.1,0.4352741837501526,0.7488683462142944,0.4801176528871346,"a large, hawk-like body",62
137,Cliff Swallow,30,10,20,0.3333333333333333,0.5571183562278748,0.7773420214653015,0.5812480700334954,"a large, hawk-like body",62
138,Tree Swallow,30,6,24,0.2,0.38749760389328003,0.7453812956809998,0.4326326364121134,"a large, hawk-like body",62
139,Scarlet Tanager,30,1,29,0.03333333333333333,0.4596872627735138,0.7261829376220703,0.5204881009185326,"a large, hawk-like body",62
140,Summer Tanager,30,0,30,0.0,0.5230629444122314,0.7120301127433777,,"a large, hawk-like body",62
142,Black Tern,30,2,28,0.06666666666666667,0.6168581247329712,0.7257868051528931,0.5818696136378765,"a large, hawk-like body",62
120,Fox Sparrow,30,4,26,0.13333333333333333,0.6569127440452576,0.7501658797264099,0.6339667940723763,"a large, hawk-like body",62
118,House Sparrow,30,2,28,0.06666666666666667,0.40692970156669617,0.7184391021728516,0.42832407135153705,"a large, hawk-like body",62
116,Chipping Sparrow,30,0,30,0.0,0.3388387858867645,0.6956374645233154,,"a large, hawk-like body",62
2,Laysan Albatross,30,4,26,0.13333333333333333,0.5813357830047607,0.725852906703949,0.6211745308957544,"a large, hawk-like body",62
92,Nighthawk,30,24,6,0.8,0.9288464188575745,0.8415718078613281,0.9318102854021609,"a large, hawk-like body",62
93,Clark Nutcracker,30,3,27,0.1,0.4455545246601105,0.7444495558738708,0.5931166536979722,"a large, hawk-like body",62
94,White breasted Nuthatch,30,1,29,0.03333333333333333,0.4323083758354187,0.7100226283073425,0.4035173674336359,"a large, hawk-like body",62
95,Baltimore Oriole,30,0,30,0.0,0.41418400406837463,0.6958160996437073,,"a large, hawk-like body",62
96,Hooded Oriole,30,0,30,0.0,0.453520268201828,0.6847049593925476,,"a large, hawk-like body",62
98,Scott Oriole,30,1,29,0.03333333333333333,0.5251086354255676,0.7140637636184692,0.8158644710065625,"a large, hawk-like body",62
99,Ovenbird,30,3,27,0.1,0.3316868543624878,0.7291626334190369,0.42581945685326333,"a large, hawk-like body",62
100,Brown Pelican,30,0,30,0.0,0.5362127423286438,0.7000247240066528,,"a large, hawk-like body",62
102,Western Wood Pewee,30,2,28,0.06666666666666667,0.5997439622879028,0.7312029004096985,0.7494158893045024,"a large, hawk-like body",62
114,Black throated Sparrow,30,1,29,0.03333333333333333,0.5625292062759399,0.7323978543281555,0.5402067152521304,"a large, hawk-like body",62
103,Sayornis,30,0,30,0.0,0.4651990234851837,0.7211253046989441,,"a large, hawk-like body",62
104,American Pipit,30,2,28,0.06666666666666667,0.4621124267578125,0.7211641669273376,0.6899200272414021,"a large, hawk-like body",62
106,Horned Puffin,30,0,30,0.0,0.4385348856449127,0.6838066577911377,,"a large, hawk-like body",62
107,Common Raven,30,5,25,0.16666666666666666,0.6983444094657898,0.7511091828346252,0.7591555323716034,"a large, hawk-like body",62
109,American Redstart,30,0,30,0.0,0.4089554250240326,0.7038058638572693,,"a large, hawk-like body",62
110,Geococcyx,30,10,20,0.3333333333333333,0.746576189994812,0.7783563733100891,0.7127278071414423,"a large, hawk-like body",62
111,Loggerhead Shrike,30,4,26,0.13333333333333333,0.5519668459892273,0.7481998205184937,0.7264215158330988,"a large, hawk-like body",62
112,Great Grey Shrike,30,3,27,0.1,0.6063662171363831,0.7417828440666199,0.7232858669590678,"a large, hawk-like body",62
143,Caspian Tern,30,0,30,0.0,0.5704537630081177,0.7048531174659729,,"a large, hawk-like body",62
144,Common Tern,30,1,29,0.03333333333333333,0.4583889842033386,0.6945063471794128,0.3689722269654717,"a large, hawk-like body",62
145,Elegant Tern,30,0,30,0.0,0.47980397939682007,0.7075255513191223,,"a large, hawk-like body",62
189,Red bellied Woodpecker,30,1,29,0.03333333333333333,0.4602441191673279,0.7199479937553406,0.7478794677297473,"a large, hawk-like body",62
177,Prothonotary Warbler,30,0,30,0.0,0.34802138805389404,0.6865366101264954,,"a large, hawk-like body",62
180,Wilson Warbler,30,0,30,0.0,0.306366890668869,0.6635220050811768,,"a large, hawk-like body",62
182,Yellow Warbler,30,0,30,0.0,0.47150474786758423,0.6770680546760559,,"a large, hawk-like body",62
183,Northern Waterthrush,30,4,26,0.13333333333333333,0.5479542016983032,0.7259268164634705,0.5957221522459891,"a large, hawk-like body",62
184,Louisiana Waterthrush,30,2,28,0.06666666666666667,0.5526988506317139,0.7218236327171326,0.27984866338952064,"a large, hawk-like body",62
185,Bohemian Waxwing,30,3,27,0.1,0.5225867629051208,0.7298819422721863,0.644053754753725,"a large, hawk-like body",62
186,Cedar Waxwing,30,6,24,0.2,0.48521900177001953,0.7549628615379333,0.5258946819408128,"a large, hawk-like body",62
188,Pileated Woodpecker,30,1,29,0.03333333333333333,0.6129668354988098,0.7382446527481079,0.7928601409928123,"a large, hawk-like body",62
191,Red headed Woodpecker,30,2,28,0.06666666666666667,0.4762360453605652,0.7372770309448242,0.6725861701945796,"a large, hawk-like body",62
175,Pine Warbler,30,0,30,0.0,0.28604230284690857,0.6748651266098022,,"a large, hawk-like body",62
192,Downy Woodpecker,30,1,29,0.03333333333333333,0.6513763070106506,0.7307202219963074,0.7238782434819675,"a large, hawk-like body",62
193,Bewick Wren,30,1,29,0.03333333333333333,0.487153023481369,0.7180843353271484,0.5224954324426886,"a large, hawk-like body",62
194,Cactus Wren,30,7,23,0.23333333333333334,0.8267955780029297,0.7669851183891296,0.8458517564752782,"a large, hawk-like body",62
195,Carolina Wren,30,4,26,0.13333333333333333,0.5467250347137451,0.7500722408294678,0.6196196534193713,"a large, hawk-like body",62
196,House Wren,30,3,27,0.1,0.47994667291641235,0.7218897342681885,0.5901899629004519,"a large, hawk-like body",62
197,Marsh Wren,30,0,30,0.0,0.4604176878929138,0.6828101277351379,,"a large, hawk-like body",62
198,Rock Wren,30,2,28,0.06666666666666667,0.4690360724925995,0.7089839577674866,0.6495044471609119,"a large, hawk-like body",62
199,Winter Wren,30,2,28,0.06666666666666667,0.5828297138214111,0.7211728692054749,0.7595149430440565,"a large, hawk-like body",62
176,Prairie Warbler,30,0,30,0.0,0.2542378902435303,0.6593297719955444,,"a large, hawk-like body",62
174,Palm Warbler,30,0,30,0.0,0.3218611776828766,0.6922976970672607,,"a large, hawk-like body",62
146,Forsters Tern,30,1,29,0.03333333333333333,0.38332316279411316,0.6980472207069397,0.14117182739724232,"a large, hawk-like body",62
159,Black and white Warbler,30,4,26,0.13333333333333333,0.6322545409202576,0.7391370534896851,0.8233580562685461,"a large, hawk-like body",62
147,Least Tern,30,2,28,0.06666666666666667,0.36424925923347473,0.7110435962677002,0.731376865180068,"a large, hawk-like body",62
148,Green tailed Towhee,30,0,30,0.0,0.25188949704170227,0.6843181252479553,,"a large, hawk-like body",62
150,Sage Thrasher,30,4,26,0.13333333333333333,0.5416000485420227,0.7359234690666199,0.6649525480035398,"a large, hawk-like body",62
152,Blue headed Vireo,30,1,29,0.03333333333333333,0.5028075575828552,0.708380937576294,0.5289372164180915,"a large, hawk-like body",62
154,Red eyed Vireo,30,0,30,0.0,0.4951046407222748,0.701570451259613,,"a large, hawk-like body",62
155,Warbling Vireo,30,0,30,0.0,0.47088298201560974,0.7020791172981262,,"a large, hawk-like body",62
156,White eyed Vireo,30,0,30,0.0,0.4406530261039734,0.6909118890762329,,"a large, hawk-like body",62
158,Bay breasted Warbler,30,2,28,0.06666666666666667,0.5117563605308533,0.7326003909111023,0.6174799271043373,"a large, hawk-like body",62
161,Blue winged Warbler,30,1,29,0.03333333333333333,0.3983902335166931,0.7017760872840881,0.6761598452690081,"a large, hawk-like body",62
173,Orange crowned Warbler,30,0,30,0.0,0.31975045800209045,0.6720673441886902,,"a large, hawk-like body",62
162,Canada Warbler,30,0,30,0.0,0.3879750072956085,0.7095027565956116,,"a large, hawk-like body",62
163,Cape May Warbler,30,0,30,0.0,0.5131002068519592,0.7016721367835999,,"a large, hawk-like body",62
164,Cerulean Warbler,30,1,29,0.03333333333333333,0.27988943457603455,0.7138356566429138,0.46491836192982233,"a large, hawk-like body",62
165,Chestnut sided Warbler,30,0,30,0.0,0.3836405575275421,0.6852038502693176,,"a large, hawk-like body",62
167,Hooded Warbler,30,0,30,0.0,0.38836899399757385,0.6646292805671692,,"a large, hawk-like body",62
170,Mourning Warbler,30,1,29,0.03333333333333333,0.5153610706329346,0.6858790516853333,0.7694941302548658,"a large, hawk-like body",62
171,Myrtle Warbler,30,3,27,0.1,0.44035348296165466,0.7128137350082397,0.5311357524512875,"a large, hawk-like body",62
172,Nashville Warbler,30,0,30,0.0,0.3745085597038269,0.6714328527450562,,"a large, hawk-like body",62
91,Mockingbird,30,2,28,0.06666666666666667,0.4973764717578888,0.7340627312660217,0.6287448404256274,"a large, hawk-like body",62
200,Common Yellowthroat,30,0,30,0.0,0.3731826841831207,0.6535158157348633,,"a large, hawk-like body",62
89,Hooded Merganser,30,0,30,0.0,0.5058994889259338,0.7089836001396179,,"a large, hawk-like body",62
62,Herring Gull,30,8,22,0.26666666666666666,0.49239951372146606,0.7675714492797852,0.5455045202566561,"a large, hawk-like body",62
88,Western Meadowlark,30,1,29,0.03333333333333333,0.5194677710533142,0.7061850428581238,0.6454972351665287,"a large, hawk-like body",62
45,Northern Fulmar,30,3,27,0.1,0.6366555690765381,0.7386148571968079,0.8083941440699579,"a large, hawk-like body",62
46,Gadwall,30,2,28,0.06666666666666667,0.4885558784008026,0.7156727910041809,0.5337323954188526,"a large, hawk-like body",62
47,American Goldfinch,30,0,30,0.0,0.33845800161361694,0.6785233020782471,,"a large, hawk-like body",62
48,European Goldfinch,30,2,28,0.06666666666666667,0.31413209438323975,0.6962023377418518,0.6389547848437958,"a large, hawk-like body",62
49,Boat tailed Grackle,30,1,29,0.03333333333333333,0.509774923324585,0.7197533249855042,0.4551495333312702,"a large, hawk-like body",62
50,Eared Grebe,30,2,28,0.06666666666666667,0.4763941168785095,0.701252818107605,0.615139282297029,"a large, hawk-like body",62
51,Horned Grebe,30,0,30,0.0,0.4459911584854126,0.7050945162773132,,"a large, hawk-like body",62
52,Pied billed Grebe,30,2,28,0.06666666666666667,0.6492716670036316,0.733659565448761,0.7999113122192456,"a large, hawk-like body",62
53,Western Grebe,30,0,30,0.0,0.4869627058506012,0.7071603536605835,,"a large, hawk-like body",62
54,Blue Grosbeak,30,2,28,0.06666666666666667,0.5159940123558044,0.7253349423408508,0.41386814481341216,"a large, hawk-like body",62
55,Evening Grosbeak,30,2,28,0.06666666666666667,0.4318053424358368,0.7286047339439392,0.5503108066549152,"a large, hawk-like body",62
56,Pine Grosbeak,30,2,28,0.06666666666666667,0.41229158639907837,0.7191895246505737,0.5891394824284408,"a large, hawk-like body",62
57,Rose breasted Grosbeak,30,1,29,0.03333333333333333,0.3901307284832001,0.7177610993385315,0.5014596564641587,"a large, hawk-like body",62
59,California Gull,30,10,20,0.3333333333333333,0.5231778025627136,0.7601202726364136,0.5509046134949145,"a large, hawk-like body",62
42,Vermilion Flycatcher,30,0,30,0.0,0.3711789846420288,0.6980078220367432,,"a large, hawk-like body",62
41,Scissor tailed Flycatcher,30,4,26,0.13333333333333333,0.5559927821159363,0.7372989058494568,0.6952714940608146,"a large, hawk-like body",62
40,Olive sided Flycatcher,30,10,20,0.3333333333333333,0.68110191822052,0.7727780938148499,0.7519290312210624,"a large, hawk-like body",62
25,Pelagic Cormorant,30,2,28,0.06666666666666667,0.5666704177856445,0.715561032295227,0.5280053920118295,"a large, hawk-like body",62
4,Groove billed Ani,30,25,5,0.8333333333333334,0.8261345028877258,0.8330592513084412,0.8209720689157458,"a large, hawk-like body",62
10,Red winged Blackbird,30,1,29,0.03333333333333333,0.45167988538742065,0.7036839127540588,0.8809200874539924,"a large, hawk-like body",62
11,Rusty Blackbird,30,9,21,0.3,0.5384758114814758,0.7645037174224854,0.6212513500673046,"a large, hawk-like body",62
13,Bobolink,30,3,27,0.1,0.6085613369941711,0.7244182229042053,0.7137788535706078,"a large, hawk-like body",62
14,Indigo Bunting,30,0,30,0.0,0.5286555886268616,0.7089418768882751,,"a large, hawk-like body",62
21,Eastern Towhee,30,3,27,0.1,0.428618460893631,0.7386907339096069,0.5099117785401697,"a large, hawk-like body",62
26,Bronzed Cowbird,30,3,27,0.1,0.3473626673221588,0.7251363396644592,0.5178165159553003,"a large, hawk-like body",62
38,Great Crested Flycatcher,30,2,28,0.06666666666666667,0.4455898404121399,0.7251530885696411,0.5876169019327597,"a large, hawk-like body",62
27,Shiny Cowbird,30,1,29,0.03333333333333333,0.5415974855422974,0.7313873767852783,0.970822832882002,"a large, hawk-like body",62
29,American Crow,30,11,19,0.36666666666666664,0.6544319987297058,0.7664045691490173,0.6661467156637418,"a large, hawk-like body",62
30,Fish Crow,30,9,21,0.3,0.658598780632019,0.7705405950546265,0.7941485030739258,"a large, hawk-like body",62
31,Black billed Cuckoo,30,8,22,0.26666666666666666,0.6747090816497803,0.7621821165084839,0.7167565132959841,"a large, hawk-like body",62
35,Purple Finch,30,3,27,0.1,0.3916303217411041,0.7294595837593079,0.5350557410006181,"a large, hawk-like body",62
36,Northern Flicker,30,4,26,0.13333333333333333,0.49650514125823975,0.7473532557487488,0.5767136323696244,"a large, hawk-like body",62
61,Heermann Gull,30,5,25,0.16666666666666666,0.45385852456092834,0.749203085899353,0.39627622556607506,"a large, hawk-like body",62
44,Frigatebird,30,5,25,0.16666666666666666,0.772019624710083,0.7464879155158997,0.8977070759750659,"a large, hawk-like body",62
71,Long tailed Jaeger,30,8,22,0.26666666666666666,0.7954684495925903,0.7736247181892395,0.8193055217473607,"a large, hawk-like body",62
69,Rufous Hummingbird,30,0,30,0.0,0.3890809416770935,0.6872990131378174,,"a large, hawk-like body",62
76,Dark eyed Junco,30,1,29,0.03333333333333333,0.46084916591644287,0.7061905264854431,0.4940824041682556,"a large, hawk-like body",62
79,Belted Kingfisher,30,7,23,0.23333333333333334,0.5972551107406616,0.7539181113243103,0.7035827376741628,"a large, hawk-like body",62
80,Green Kingfisher,30,7,23,0.23333333333333334,0.5491378307342529,0.7425612807273865,0.5681054378252149,"a large, hawk-like body",62
81,Pied Kingfisher,30,5,25,0.16666666666666666,0.7140599489212036,0.7489199042320251,0.7424192476577045,"a large, hawk-like body",62
74,Florida Jay,30,2,28,0.06666666666666667,0.4345077872276306,0.7244928479194641,0.36776827367417864,"a large, hawk-like body",62
82,Ringed Kingfisher,30,9,21,0.3,0.6105936765670776,0.7696178555488586,0.7131325632785169,"a large, hawk-like body",62
73,Blue Jay,30,2,28,0.06666666666666667,0.412101149559021,0.7272536754608154,0.40730458095786587,"a large, hawk-like body",62
72,Pomarine Jaeger,30,12,18,0.4,0.821411669254303,0.7848278880119324,0.8954365850145236,"a large, hawk-like body",62
70,Green Violetear,30,1,29,0.03333333333333333,0.4281129539012909,0.7131751775741577,0.758423245534606,"a large, hawk-like body",62
77,Tropical Kingbird,30,3,27,0.1,0.48971793055534363,0.7273769378662109,0.5603436110912817,"a large, hawk-like body",62
86,Pacific Loon,30,5,25,0.16666666666666666,0.650375485420227,0.7345555424690247,0.7303671449220154,"a large, hawk-like body",62
67,Anna Hummingbird,30,1,29,0.03333333333333333,0.3686263859272003,0.7037838697433472,0.8586501030164968,"a large, hawk-like body",62
83,White breasted Kingfisher,30,2,28,0.06666666666666667,0.5145192742347717,0.7232003808021545,0.6733820305118147,"a large, hawk-like body",62
66,Western Gull,30,1,29,0.03333333333333333,0.49646052718162537,0.7474210262298584,0.4964158374410034,"a large, hawk-like body",62
68,Ruby throated Hummingbird,30,0,30,0.0,0.30830299854278564,0.6873801350593567,,"a large, hawk-like body",62
64,Ring billed Gull,30,8,22,0.26666666666666666,0.4641168713569641,0.7736417651176453,0.49351088867165577,"a large, hawk-like body",62
85,Horned Lark,30,0,30,0.0,0.38079383969306946,0.7059164643287659,,"a large, hawk-like body",62
19,Gray Catbird,29,2,27,0.06896551724137931,0.42037665843963623,0.7202936410903931,0.5709888170364754,"a large, hawk-like body",62
169,Magnolia Warbler,29,0,29,0.0,0.4230179488658905,0.6977888941764832,,"a large, hawk-like body",62
60,Glaucous winged Gull,29,7,22,0.2413793103448276,0.42264196276664734,0.7622972726821899,0.4125655052585991,"a large, hawk-like body",62
87,Mallard,29,0,29,0.0,0.3509896397590637,0.7031211853027344,,"a large, hawk-like body",62
166,Golden winged Warbler,29,0,29,0.0,0.39255788922309875,0.6923390626907349,,"a large, hawk-like body",62
28,Brown Creeper,29,5,24,0.1724137931034483,0.8377413749694824,0.7525662779808044,0.872950385762094,"a large, hawk-like body",62
168,Kentucky Warbler,29,0,29,0.0,0.4239310324192047,0.6843610405921936,,"a large, hawk-like body",62
190,Red cockaded Woodpecker,29,14,15,0.4827586206896552,0.8445273637771606,0.7944881319999695,0.8552783283373446,"a large, hawk-like body",62
23,Brandt Cormorant,29,3,26,0.10344827586206896,0.6468692421913147,0.7040179967880249,0.5867407921068404,"a large, hawk-like body",62
97,Orchard Oriole,29,4,25,0.13793103448275862,0.4809494614601135,0.72845059633255,0.6404512439452671,"a large, hawk-like body",62
33,Yellow billed Cuckoo,29,12,17,0.41379310344827586,0.7380496859550476,0.7816003561019897,0.7507778310786656,"a large, hawk-like body",62
181,Worm eating Warbler,29,1,28,0.034482758620689655,0.4217323958873749,0.7159389853477478,0.6626200391561188,"a large, hawk-like body",62
20,Yellow breasted Chat,29,1,28,0.034482758620689655,0.5066118836402893,0.7207505702972412,0.7679094656495078,"a large, hawk-like body",62
179,Tennessee Warbler,29,0,29,0.0,0.28398171067237854,0.6782679557800293,,"a large, hawk-like body",62
125,Lincoln Sparrow,29,0,29,0.0,0.5576752424240112,0.6930797100067139,,"a large, hawk-like body",62
78,Gray Kingbird,29,9,20,0.3103448275862069,0.5571164488792419,0.7625569105148315,0.6516359947997197,"a large, hawk-like body",62
117,Clay colored Sparrow,29,0,29,0.0,0.4465220868587494,0.6914656162261963,,"a large, hawk-like body",62
124,Le Conte Sparrow,29,2,27,0.06896551724137931,0.4700564444065094,0.7190703749656677,0.6734122738717911,"a large, hawk-like body",62
119,Field Sparrow,29,0,29,0.0,0.4109499454498291,0.7149314284324646,,"a large, hawk-like body",62
160,Black throated Blue Warbler,29,1,28,0.034482758620689655,0.4302031695842743,0.7217739820480347,0.5350849128746457,"a large, hawk-like body",62
115,Brewer Sparrow,29,1,28,0.034482758620689655,0.5013934373855591,0.7067449688911438,0.7896325386020743,"a large, hawk-like body",62
141,Artic Tern,29,0,29,0.0,0.33848536014556885,0.6917394995689392,,"a large, hawk-like body",62
43,Yellow bellied Flycatcher,29,0,29,0.0,0.5469228029251099,0.7062316536903381,,"a large, hawk-like body",62
108,White necked Raven,29,11,18,0.3793103448275862,0.7264004945755005,0.7841542363166809,0.7625130577816763,"a large, hawk-like body",62
149,Brown Thrasher,29,12,17,0.41379310344827586,0.49857935309410095,0.7755625247955322,0.5119323521406774,"a large, hawk-like body",62
63,Ivory Gull,29,0,29,0.0,0.42144688963890076,0.7160130143165588,,"a large, hawk-like body",62
39,Least Flycatcher,29,0,29,0.0,0.5703392028808594,0.716025710105896,,"a large, hawk-like body",62
153,Philadelphia Vireo,29,0,29,0.0,0.5018035769462585,0.6862590909004211,,"a large, hawk-like body",62
37,Acadian Flycatcher,29,0,29,0.0,0.4931492209434509,0.7182211875915527,,"a large, hawk-like body",62
157,Yellow throated Vireo,29,0,29,0.0,0.4482913911342621,0.6865124702453613,,"a large, hawk-like body",62
34,Gray crowned Rosy Finch,29,4,25,0.13793103448275862,0.6037143468856812,0.7507889866828918,0.6031004438542547,"a large, hawk-like body",62
9,Brewer Blackbird,28,3,25,0.10714285714285714,0.46203354001045227,0.7212209105491638,0.6596758437537179,"a large, hawk-like body",62
3,Sooty Albatross,28,0,28,0.0,0.6512508392333984,0.7120314240455627,,"a large, hawk-like body",62
58,Pigeon Guillemot,28,2,26,0.07142857142857142,0.4532405436038971,0.695835530757904,0.6650091649228133,"a large, hawk-like body",62
16,Painted Bunting,28,0,28,0.0,0.3987044394016266,0.6813687086105347,,"a large, hawk-like body",62
15,Lazuli Bunting,28,1,27,0.03571428571428571,0.4559713900089264,0.7132581472396851,0.19896623675249808,"a large, hawk-like body",62
75,Green Jay,27,1,26,0.037037037037037035,0.5700881481170654,0.696603000164032,0.516034023013117,"a large, hawk-like body",62
17,Cardinal,27,0,27,0.0,0.31759190559387207,0.6823084354400635,,"a large, hawk-like body",62
12,Yellow headed Blackbird,26,1,25,0.038461538461538464,0.4940793216228485,0.7169466018676758,0.4618787886233555,"a large, hawk-like body",62
178,Swainson Warbler,26,3,23,0.11538461538461539,0.4174688756465912,0.7154207229614258,0.5865522313963106,"a large, hawk-like body",62
22,Chuck will Widow,26,18,8,0.6923076923076923,0.9144524931907654,0.8199602961540222,0.9286317674227824,"a large, hawk-like body",62
7,Parakeet Auklet,23,0,23,0.0,0.5658044815063477,0.7084832191467285,,"a large, hawk-like body",62
32,Mangrove Cuckoo,23,11,12,0.4782608695652174,0.7520444989204407,0.8023925423622131,0.8042615508110578,"a large, hawk-like body",62
84,Red legged Kittiwake,23,2,21,0.08695652173913043,0.42206475138664246,0.748315155506134,0.463887743552555,"a large, hawk-like body",62
24,Red faced Cormorant,22,0,22,0.0,0.5757024884223938,0.71600341796875,,"a large, hawk-like body",62
151,Black capped Vireo,21,0,21,0.0,0.5060994029045105,0.6904816031455994,,"a large, hawk-like body",62
65,Slaty backed Gull,20,8,12,0.4,0.6157068014144897,0.7823171615600586,0.6496775682575401,"a large, hawk-like body",62
187,American Three toed Woodpecker,20,8,12,0.4,0.8693860769271851,0.7762600779533386,0.8763396986688727,"a large, hawk-like body",62
113,Baird Sparrow,20,1,19,0.05,0.5562988519668579,0.707792341709137,0.8211339681466776,"a large, hawk-like body",62
101,White Pelican,20,0,20,0.0,0.3980135917663574,0.7162908315658569,,"a large, hawk-like body",62
105,Whip poor Will,19,9,10,0.47368421052631576,0.9107937216758728,0.7892606854438782,0.9393302278098499,"a large, hawk-like body",62
8,Rhinoceros Auklet,18,4,14,0.2222222222222222,0.5566419363021851,0.7423167824745178,0.5589683305543718,"a large, hawk-like body",62
18,Spotted Catbird,15,7,8,0.4666666666666667,0.7821263670921326,0.7837264537811279,0.855651175147442,"a large, hawk-like body",62
5,Crested Auklet,14,0,14,0.0,0.5053691267967224,0.7189609408378601,,"a large, hawk-like body",62
6,Least Auklet,11,1,10,0.09090909090909091,0.6090118885040283,0.7363113760948181,0.7489758876411571,"a large, hawk-like body",62
1,Black footed Albatross,30,19,11,0.6333333333333333,0.8917393088340759,0.8791144490242004,0.9281521669740013,long wingspan,191
90,Red breasted Merganser,30,1,29,0.03333333333333333,0.755411684513092,0.789381742477417,0.809624959646,long wingspan,191
121,Grasshopper Sparrow,30,1,29,0.03333333333333333,0.3242342174053192,0.7685190439224243,0.3723366467224316,long wingspan,191
122,Harris Sparrow,30,0,30,0.0,0.2697189450263977,0.7322725057601929,,long wingspan,191
123,Henslow Sparrow,30,0,30,0.0,0.3490467369556427,0.7560526728630066,,long wingspan,191
126,Nelson Sharp tailed Sparrow,30,0,30,0.0,0.4223320186138153,0.7347170114517212,,long wingspan,191
127,Savannah Sparrow,30,0,30,0.0,0.3907008171081543,0.7524470090866089,,long wingspan,191
128,Seaside Sparrow,30,0,30,0.0,0.3755508065223694,0.7623088359832764,,long wingspan,191
129,Song Sparrow,30,0,30,0.0,0.3599189221858978,0.7718682885169983,,long wingspan,191
130,Tree Sparrow,30,0,30,0.0,0.33405569195747375,0.746653139591217,,long wingspan,191
131,Vesper Sparrow,30,0,30,0.0,0.3060864508152008,0.7569529414176941,,long wingspan,191
132,White crowned Sparrow,30,0,30,0.0,0.3713126480579376,0.7575557231903076,,long wingspan,191
133,White throated Sparrow,30,0,30,0.0,0.3110901713371277,0.7557545900344849,,long wingspan,191
134,Cape Glossy Starling,30,0,30,0.0,0.34311217069625854,0.804795503616333,,long wingspan,191
135,Bank Swallow,30,3,27,0.1,0.5954229235649109,0.7949291467666626,0.7541789733735551,long wingspan,191
136,Barn Swallow,30,2,28,0.06666666666666667,0.5389968156814575,0.8060795068740845,0.5518094129178247,long wingspan,191
137,Cliff Swallow,30,5,25,0.16666666666666666,0.5980018973350525,0.8158600330352783,0.7739570718809501,long wingspan,191
138,Tree Swallow,30,1,29,0.03333333333333333,0.5745811462402344,0.8066534399986267,0.6056116581705675,long wingspan,191
139,Scarlet Tanager,30,0,30,0.0,0.48171567916870117,0.7710605263710022,,long wingspan,191
140,Summer Tanager,30,0,30,0.0,0.4543754458427429,0.7734640836715698,,long wingspan,191
142,Black Tern,30,15,15,0.5,0.7945614457130432,0.8515201807022095,0.8707907102186014,long wingspan,191
120,Fox Sparrow,30,0,30,0.0,0.3547573983669281,0.7646156549453735,,long wingspan,191
118,House Sparrow,30,0,30,0.0,0.4129278361797333,0.7531797885894775,,long wingspan,191
116,Chipping Sparrow,30,1,29,0.03333333333333333,0.2706905007362366,0.7425952553749084,0.39186845918720997,long wingspan,191
2,Laysan Albatross,30,15,15,0.5,0.81418377161026,0.8530521988868713,0.8592888829428827,long wingspan,191
92,Nighthawk,30,13,17,0.43333333333333335,0.671126663684845,0.8499785661697388,0.7572056300104911,long wingspan,191
93,Clark Nutcracker,30,0,30,0.0,0.44218170642852783,0.786806046962738,,long wingspan,191
94,White breasted Nuthatch,30,3,27,0.1,0.5391371846199036,0.8094128966331482,0.6164420223644758,long wingspan,191
95,Baltimore Oriole,30,0,30,0.0,0.429834246635437,0.7871884107589722,,long wingspan,191
96,Hooded Oriole,30,1,29,0.03333333333333333,0.4378315508365631,0.7590363025665283,0.570724653350543,long wingspan,191
98,Scott Oriole,30,0,30,0.0,0.399667888879776,0.7723498940467834,,long wingspan,191
99,Ovenbird,30,0,30,0.0,0.25621217489242554,0.7575744986534119,,long wingspan,191
100,Brown Pelican,30,8,22,0.26666666666666666,0.8507758378982544,0.8524892926216125,0.8916556804951903,long wingspan,191
102,Western Wood Pewee,30,1,29,0.03333333333333333,0.4371844530105591,0.7890833616256714,0.860235588919133,long wingspan,191
114,Black throated Sparrow,30,1,29,0.03333333333333333,0.32934606075286865,0.7672559022903442,0.8121173908920594,long wingspan,191
103,Sayornis,30,0,30,0.0,0.3804037868976593,0.7685302495956421,,long wingspan,191
104,American Pipit,30,0,30,0.0,0.32993897795677185,0.7536636590957642,,long wingspan,191
106,Horned Puffin,30,2,28,0.06666666666666667,0.7365175485610962,0.7907955050468445,0.8582150292475591,long wingspan,191
107,Common Raven,30,2,28,0.06666666666666667,0.6768744587898254,0.8188375234603882,0.7809461057435401,long wingspan,191
109,American Redstart,30,2,28,0.06666666666666667,0.3008498251438141,0.808239221572876,0.2582220377102128,long wingspan,191
110,Geococcyx,30,13,17,0.43333333333333335,0.5677608847618103,0.8511671423912048,0.5534793825107649,long wingspan,191
111,Loggerhead Shrike,30,0,30,0.0,0.5629501342773438,0.7749110460281372,,long wingspan,191
112,Great Grey Shrike,30,2,28,0.06666666666666667,0.5796474814414978,0.7805172801017761,0.7256175942861193,long wingspan,191
143,Caspian Tern,30,16,14,0.5333333333333333,0.8552513718605042,0.8632829785346985,0.8415616809689418,long wingspan,191
144,Common Tern,30,14,16,0.4666666666666667,0.7972546815872192,0.8385151624679565,0.8310577408466853,long wingspan,191
145,Elegant Tern,30,14,16,0.4666666666666667,0.7949197888374329,0.8629451394081116,0.8446868164945206,long wingspan,191
189,Red bellied Woodpecker,30,1,29,0.03333333333333333,0.4877750277519226,0.8062189817428589,0.5545286651992108,long wingspan,191
177,Prothonotary Warbler,30,1,29,0.03333333333333333,0.4080027937889099,0.7876194715499878,0.5780329049021223,long wingspan,191
180,Wilson Warbler,30,0,30,0.0,0.34569552540779114,0.7602928876876831,,long wingspan,191
182,Yellow Warbler,30,0,30,0.0,0.38580092787742615,0.765612781047821,,long wingspan,191
183,Northern Waterthrush,30,1,29,0.03333333333333333,0.3779815137386322,0.7791283130645752,0.5797458873674106,long wingspan,191
184,Louisiana Waterthrush,30,0,30,0.0,0.351642906665802,0.7643364071846008,,long wingspan,191
185,Bohemian Waxwing,30,0,30,0.0,0.5897557735443115,0.7738091349601746,,long wingspan,191
186,Cedar Waxwing,30,0,30,0.0,0.48598942160606384,0.7733286619186401,,long wingspan,191
188,Pileated Woodpecker,30,4,26,0.13333333333333333,0.4990302324295044,0.8307670950889587,0.5621731148408993,long wingspan,191
191,Red headed Woodpecker,30,1,29,0.03333333333333333,0.5513994693756104,0.8025562167167664,0.7725177043178686,long wingspan,191
175,Pine Warbler,30,0,30,0.0,0.3165590465068817,0.7652857899665833,,long wingspan,191
192,Downy Woodpecker,30,2,28,0.06666666666666667,0.44807031750679016,0.8058121800422668,0.41737889763593117,long wingspan,191
193,Bewick Wren,30,0,30,0.0,0.49088653922080994,0.8011550307273865,,long wingspan,191
194,Cactus Wren,30,5,25,0.16666666666666666,0.561211884021759,0.8166787028312683,0.703140526152895,long wingspan,191
195,Carolina Wren,30,2,28,0.06666666666666667,0.5241451859474182,0.800353467464447,0.6593667050578053,long wingspan,191
196,House Wren,30,2,28,0.06666666666666667,0.5549702048301697,0.7934062480926514,0.6043554319270507,long wingspan,191
197,Marsh Wren,30,1,29,0.03333333333333333,0.5737475752830505,0.7857624888420105,0.5511784455590489,long wingspan,191
198,Rock Wren,30,0,30,0.0,0.45218631625175476,0.7800559997558594,,long wingspan,191
199,Winter Wren,30,1,29,0.03333333333333333,0.5819286704063416,0.8032693266868591,0.7043126721240736,long wingspan,191
176,Prairie Warbler,30,0,30,0.0,0.2955894470214844,0.7787711024284363,,long wingspan,191
174,Palm Warbler,30,0,30,0.0,0.2561563551425934,0.7684892416000366,,long wingspan,191
146,Forsters Tern,30,11,19,0.36666666666666664,0.7832379937171936,0.8272984623908997,0.8864849157698678,long wingspan,191
159,Black and white Warbler,30,2,28,0.06666666666666667,0.3978051245212555,0.7887038588523865,0.4480667476718118,long wingspan,191
147,Least Tern,30,6,24,0.2,0.691598653793335,0.8055931925773621,0.7912821375841668,long wingspan,191
148,Green tailed Towhee,30,1,29,0.03333333333333333,0.2274753749370575,0.7495602369308472,0.43180380210388036,long wingspan,191
150,Sage Thrasher,30,0,30,0.0,0.34465280175209045,0.7699995040893555,,long wingspan,191
152,Blue headed Vireo,30,0,30,0.0,0.3723546862602234,0.7747039794921875,,long wingspan,191
154,Red eyed Vireo,30,0,30,0.0,0.3245578110218048,0.7704371213912964,,long wingspan,191
155,Warbling Vireo,30,0,30,0.0,0.33038660883903503,0.7715300917625427,,long wingspan,191
156,White eyed Vireo,30,0,30,0.0,0.28407055139541626,0.7467136383056641,,long wingspan,191
158,Bay breasted Warbler,30,0,30,0.0,0.33378487825393677,0.7765395045280457,,long wingspan,191
161,Blue winged Warbler,30,1,29,0.03333333333333333,0.4040638506412506,0.7864700555801392,0.4749356430718299,long wingspan,191
173,Orange crowned Warbler,30,0,30,0.0,0.3585647940635681,0.7551729679107666,,long wingspan,191
162,Canada Warbler,30,0,30,0.0,0.36200159788131714,0.7786461710929871,,long wingspan,191
163,Cape May Warbler,30,0,30,0.0,0.331971138715744,0.7730404734611511,,long wingspan,191
164,Cerulean Warbler,30,0,30,0.0,0.3632793128490448,0.7933416366577148,,long wingspan,191
165,Chestnut sided Warbler,30,0,30,0.0,0.3193909227848053,0.7751429677009583,,long wingspan,191
167,Hooded Warbler,30,1,29,0.03333333333333333,0.37736284732818604,0.7692819833755493,0.45244194184219955,long wingspan,191
170,Mourning Warbler,30,0,30,0.0,0.3775724768638611,0.7728160619735718,,long wingspan,191
171,Myrtle Warbler,30,0,30,0.0,0.3120192885398865,0.7779204845428467,,long wingspan,191
172,Nashville Warbler,30,0,30,0.0,0.3359435498714447,0.7674095630645752,,long wingspan,191
91,Mockingbird,30,1,29,0.03333333333333333,0.41752344369888306,0.7846105694770813,0.649628194610915,long wingspan,191
200,Common Yellowthroat,30,1,29,0.03333333333333333,0.42989951372146606,0.7713047862052917,0.47895150594450764,long wingspan,191
89,Hooded Merganser,30,0,30,0.0,0.6987305283546448,0.7848056554794312,,long wingspan,191
62,Herring Gull,30,12,18,0.4,0.7524811029434204,0.8407337665557861,0.7848688805396318,long wingspan,191
88,Western Meadowlark,30,0,30,0.0,0.5097858905792236,0.7885244488716125,,long wingspan,191
45,Northern Fulmar,30,7,23,0.23333333333333334,0.768970251083374,0.8175860047340393,0.8763034254151462,long wingspan,191
46,Gadwall,30,2,28,0.06666666666666667,0.7466181516647339,0.7932763695716858,0.8395041759371163,long wingspan,191
47,American Goldfinch,30,0,30,0.0,0.37194472551345825,0.7553257346153259,,long wingspan,191
48,European Goldfinch,30,1,29,0.03333333333333333,0.3278544843196869,0.7612590789794922,0.47329201203514704,long wingspan,191
49,Boat tailed Grackle,30,2,28,0.06666666666666667,0.6216772794723511,0.8143736124038696,0.7015091120604168,long wingspan,191
50,Eared Grebe,30,0,30,0.0,0.6004068851470947,0.7894573211669922,,long wingspan,191
51,Horned Grebe,30,1,29,0.03333333333333333,0.6299808025360107,0.7783050537109375,0.7477065854183553,long wingspan,191
52,Pied billed Grebe,30,1,29,0.03333333333333333,0.7181090116500854,0.7761409878730774,0.9127467385599507,long wingspan,191
53,Western Grebe,30,3,27,0.1,0.7613469362258911,0.8140794038772583,0.8737098248828954,long wingspan,191
54,Blue Grosbeak,30,0,30,0.0,0.4160482585430145,0.7772629857063293,,long wingspan,191
55,Evening Grosbeak,30,0,30,0.0,0.38052627444267273,0.7447407841682434,,long wingspan,191
56,Pine Grosbeak,30,0,30,0.0,0.4143649935722351,0.7471421957015991,,long wingspan,191
57,Rose breasted Grosbeak,30,0,30,0.0,0.37090712785720825,0.7822622060775757,,long wingspan,191
59,California Gull,30,5,25,0.16666666666666666,0.7091566920280457,0.826416552066803,0.8055101686561368,long wingspan,191
42,Vermilion Flycatcher,30,5,25,0.16666666666666666,0.49242180585861206,0.7840409874916077,0.697587155623125,long wingspan,191
41,Scissor tailed Flycatcher,30,8,22,0.26666666666666666,0.6736170053482056,0.8170327544212341,0.7440812944160163,long wingspan,191
40,Olive sided Flycatcher,30,2,28,0.06666666666666667,0.5335015654563904,0.7999037504196167,0.7143616785794805,long wingspan,191
25,Pelagic Cormorant,30,13,17,0.43333333333333335,0.7835513353347778,0.8550916314125061,0.8623164055735173,long wingspan,191
4,Groove billed Ani,30,6,24,0.2,0.5197898745536804,0.8261305689811707,0.6481796605755203,long wingspan,191
10,Red winged Blackbird,30,3,27,0.1,0.4989203214645386,0.8116940259933472,0.6066489996768761,long wingspan,191
11,Rusty Blackbird,30,0,30,0.0,0.5111972689628601,0.7958784103393555,,long wingspan,191
13,Bobolink,30,0,30,0.0,0.6113595962524414,0.7711750864982605,,long wingspan,191
14,Indigo Bunting,30,0,30,0.0,0.42124998569488525,0.7701044678688049,,long wingspan,191
21,Eastern Towhee,30,1,29,0.03333333333333333,0.34271806478500366,0.7814915180206299,0.4705990098325327,long wingspan,191
26,Bronzed Cowbird,30,0,30,0.0,0.31956613063812256,0.7891520857810974,,long wingspan,191
38,Great Crested Flycatcher,30,0,30,0.0,0.3850494921207428,0.7686614394187927,,long wingspan,191
27,Shiny Cowbird,30,1,29,0.03333333333333333,0.5247263312339783,0.7958930730819702,0.6999670182704667,long wingspan,191
29,American Crow,30,4,26,0.13333333333333333,0.6860187649726868,0.8277611136436462,0.7249451370037594,long wingspan,191
30,Fish Crow,30,9,21,0.3,0.7373617887496948,0.8416900038719177,0.8264731898537355,long wingspan,191
31,Black billed Cuckoo,30,0,30,0.0,0.41744381189346313,0.7894147634506226,,long wingspan,191
35,Purple Finch,30,0,30,0.0,0.3943790793418884,0.7645789980888367,,long wingspan,191
36,Northern Flicker,30,2,28,0.06666666666666667,0.45131808519363403,0.798516035079956,0.3931891441786852,long wingspan,191
61,Heermann Gull,30,1,29,0.03333333333333333,0.5681906342506409,0.8107394576072693,0.47652764854414564,long wingspan,191
44,Frigatebird,30,22,8,0.7333333333333333,0.898348867893219,0.8957840800285339,0.9396122273486176,long wingspan,191
71,Long tailed Jaeger,30,20,10,0.6666666666666666,0.8767423629760742,0.8775779604911804,0.9079189708047524,long wingspan,191
69,Rufous Hummingbird,30,17,13,0.5666666666666667,0.752338707447052,0.8527531027793884,0.7735311138776876,long wingspan,191
76,Dark eyed Junco,30,0,30,0.0,0.36189135909080505,0.7487151622772217,,long wingspan,191
79,Belted Kingfisher,30,3,27,0.1,0.6862497925758362,0.811956524848938,0.9112475929010283,long wingspan,191
80,Green Kingfisher,30,3,27,0.1,0.5901219844818115,0.8217633366584778,0.6681601309931972,long wingspan,191
81,Pied Kingfisher,30,9,21,0.3,0.6516384482383728,0.840488612651825,0.7338199107792213,long wingspan,191
74,Florida Jay,30,1,29,0.03333333333333333,0.4023294150829315,0.7775736451148987,0.4267211826302278,long wingspan,191
82,Ringed Kingfisher,30,4,26,0.13333333333333333,0.7104833722114563,0.8169814944267273,0.7411707323699279,long wingspan,191
73,Blue Jay,30,0,30,0.0,0.4268572926521301,0.7962461709976196,,long wingspan,191
72,Pomarine Jaeger,30,23,7,0.7666666666666667,0.8908477425575256,0.8850857019424438,0.9186963476181262,long wingspan,191
70,Green Violetear,30,13,17,0.43333333333333335,0.5506120920181274,0.8567863702774048,0.5644152193799632,long wingspan,191
77,Tropical Kingbird,30,0,30,0.0,0.5070813894271851,0.7833071351051331,,long wingspan,191
86,Pacific Loon,30,3,27,0.1,0.8227870464324951,0.8175916075706482,0.8876021089924064,long wingspan,191
67,Anna Hummingbird,30,10,20,0.3333333333333333,0.6131426692008972,0.8374617695808411,0.6676832305799711,long wingspan,191
83,White breasted Kingfisher,30,2,28,0.06666666666666667,0.5702382922172546,0.801195502281189,0.5032571269937672,long wingspan,191
66,Western Gull,30,3,27,0.1,0.7084095478057861,0.8312931060791016,0.7637408591251634,long wingspan,191
68,Ruby throated Hummingbird,30,13,17,0.43333333333333335,0.698006808757782,0.8557958006858826,0.748670761228442,long wingspan,191
64,Ring billed Gull,30,8,22,0.26666666666666666,0.697453498840332,0.8392484188079834,0.7649087616526853,long wingspan,191
85,Horned Lark,30,0,30,0.0,0.34295907616615295,0.7477791905403137,,long wingspan,191
19,Gray Catbird,29,1,28,0.034482758620689655,0.42535579204559326,0.7887729406356812,0.6966110941493693,long wingspan,191
169,Magnolia Warbler,29,0,29,0.0,0.38443461060523987,0.78583163022995,,long wingspan,191
60,Glaucous winged Gull,29,6,23,0.20689655172413793,0.6850692629814148,0.8304147124290466,0.6678590003604911,long wingspan,191
87,Mallard,29,1,28,0.034482758620689655,0.6384381055831909,0.7831006050109863,0.6394202978311437,long wingspan,191
166,Golden winged Warbler,29,2,27,0.06896551724137931,0.3411876857280731,0.7851712703704834,0.6097191843439518,long wingspan,191
28,Brown Creeper,29,11,18,0.3793103448275862,0.47755539417266846,0.8372120261192322,0.4871846628818306,long wingspan,191
168,Kentucky Warbler,29,1,28,0.034482758620689655,0.3826611042022705,0.7787144184112549,0.324155965232162,long wingspan,191
190,Red cockaded Woodpecker,29,9,20,0.3103448275862069,0.5734908580780029,0.832428514957428,0.6131618172903592,long wingspan,191
23,Brandt Cormorant,29,8,21,0.27586206896551724,0.81162029504776,0.8316066265106201,0.8679918950457,long wingspan,191
97,Orchard Oriole,29,1,28,0.034482758620689655,0.4106169641017914,0.7730004787445068,0.6997470369357134,long wingspan,191
33,Yellow billed Cuckoo,29,3,26,0.10344827586206896,0.49852415919303894,0.7971825003623962,0.5486995635620832,long wingspan,191
181,Worm eating Warbler,29,1,28,0.034482758620689655,0.3764917254447937,0.797006368637085,0.3411332131516082,long wingspan,191
20,Yellow breasted Chat,29,1,28,0.034482758620689655,0.4365268051624298,0.7818776965141296,0.4951403290730333,long wingspan,191
179,Tennessee Warbler,29,0,29,0.0,0.3542705476284027,0.7656034827232361,,long wingspan,191
125,Lincoln Sparrow,29,0,29,0.0,0.2870642840862274,0.757030725479126,,long wingspan,191
78,Gray Kingbird,29,3,26,0.10344827586206896,0.546801745891571,0.8058237433433533,0.5961847438612868,long wingspan,191
117,Clay colored Sparrow,29,0,29,0.0,0.22071383893489838,0.7381706237792969,,long wingspan,191
124,Le Conte Sparrow,29,0,29,0.0,0.4234074652194977,0.7502223253250122,,long wingspan,191
119,Field Sparrow,29,0,29,0.0,0.2755362391471863,0.7509950399398804,,long wingspan,191
160,Black throated Blue Warbler,29,0,29,0.0,0.3731590211391449,0.7858865857124329,,long wingspan,191
115,Brewer Sparrow,29,0,29,0.0,0.2770042419433594,0.7516162991523743,,long wingspan,191
141,Artic Tern,29,10,19,0.3448275862068966,0.7471187114715576,0.8392699956893921,0.830567086175619,long wingspan,191
43,Yellow bellied Flycatcher,29,0,29,0.0,0.35469818115234375,0.7493736147880554,,long wingspan,191
108,White necked Raven,29,11,18,0.3793103448275862,0.7463104128837585,0.8408847451210022,0.8002503730510191,long wingspan,191
149,Brown Thrasher,29,2,27,0.06896551724137931,0.45803704857826233,0.8064563870429993,0.42253744563162415,long wingspan,191
63,Ivory Gull,29,7,22,0.2413793103448276,0.6237954497337341,0.8213934302330017,0.8209063459642894,long wingspan,191
39,Least Flycatcher,29,1,28,0.034482758620689655,0.3513639271259308,0.7685031294822693,0.43027815138875136,long wingspan,191
153,Philadelphia Vireo,29,0,29,0.0,0.3968657851219177,0.75782710313797,,long wingspan,191
37,Acadian Flycatcher,29,1,28,0.034482758620689655,0.3121628165245056,0.7732069492340088,0.3542117045352547,long wingspan,191
157,Yellow throated Vireo,29,0,29,0.0,0.3692503571510315,0.7620105743408203,,long wingspan,191
34,Gray crowned Rosy Finch,29,0,29,0.0,0.5288287997245789,0.7398660182952881,,long wingspan,191
9,Brewer Blackbird,28,3,25,0.10714285714285714,0.5666236877441406,0.8101211786270142,0.6105801351133143,long wingspan,191
3,Sooty Albatross,28,16,12,0.5714285714285714,0.8526438474655151,0.858100950717926,0.9234145028142987,long wingspan,191
58,Pigeon Guillemot,28,3,25,0.10714285714285714,0.7484720945358276,0.8091875910758972,0.8086504669621682,long wingspan,191
16,Painted Bunting,28,0,28,0.0,0.35168957710266113,0.7646098732948303,,long wingspan,191
15,Lazuli Bunting,28,0,28,0.0,0.3460743725299835,0.7569068074226379,,long wingspan,191
75,Green Jay,27,0,27,0.0,0.42080575227737427,0.7756123542785645,,long wingspan,191
17,Cardinal,27,0,27,0.0,0.47232314944267273,0.7925878167152405,,long wingspan,191
12,Yellow headed Blackbird,26,0,26,0.0,0.5218490362167358,0.7694100737571716,,long wingspan,191
178,Swainson Warbler,26,1,25,0.038461538461538464,0.3882371783256531,0.7660090327262878,0.5704665047039188,long wingspan,191
22,Chuck will Widow,26,8,18,0.3076923076923077,0.4602646827697754,0.8184167146682739,0.47760262735081,long wingspan,191
7,Parakeet Auklet,23,0,23,0.0,0.48134878277778625,0.7671631574630737,,long wingspan,191
32,Mangrove Cuckoo,23,1,22,0.043478260869565216,0.5285328030586243,0.7986355423927307,0.6981287112832586,long wingspan,191
84,Red legged Kittiwake,23,4,19,0.17391304347826086,0.6508885622024536,0.8066902160644531,0.8266933297426702,long wingspan,191
24,Red faced Cormorant,22,5,17,0.22727272727272727,0.7067539691925049,0.8204360604286194,0.7867853119918046,long wingspan,191
151,Black capped Vireo,21,0,21,0.0,0.3054446280002594,0.7573347687721252,,long wingspan,191
65,Slaty backed Gull,20,3,17,0.15,0.734122097492218,0.8191412091255188,0.8460668212426176,long wingspan,191
187,American Three toed Woodpecker,20,2,18,0.1,0.525715708732605,0.8240110278129578,0.47846965236372435,long wingspan,191
113,Baird Sparrow,20,0,20,0.0,0.3455299437046051,0.7305585145950317,,long wingspan,191
101,White Pelican,20,3,17,0.15,0.8026334047317505,0.8359078168869019,0.8391873432952194,long wingspan,191
105,Whip poor Will,19,7,12,0.3684210526315789,0.4445079565048218,0.8390573859214783,0.4085992710861496,long wingspan,191
8,Rhinoceros Auklet,18,0,18,0.0,0.7271193861961365,0.801183819770813,,long wingspan,191
18,Spotted Catbird,15,0,15,0.0,0.39414283633232117,0.78110271692276,,long wingspan,191
5,Crested Auklet,14,0,14,0.0,0.6092880964279175,0.795333981513977,,long wingspan,191
6,Least Auklet,11,0,11,0.0,0.38085511326789856,0.7548675537109375,,long wingspan,191
1,Black footed Albatross,30,2,28,0.06666666666666667,0.6192424893379211,0.6886721253395081,0.6031728662163042,a red head,82
90,Red breasted Merganser,30,4,26,0.13333333333333333,0.5430002808570862,0.7434655427932739,0.552624198594003,a red head,82
121,Grasshopper Sparrow,30,0,30,0.0,0.3259022831916809,0.6522684097290039,,a red head,82
122,Harris Sparrow,30,0,30,0.0,0.3874902129173279,0.6916416883468628,,a red head,82
123,Henslow Sparrow,30,0,30,0.0,0.4195649325847626,0.641234815120697,,a red head,82
126,Nelson Sharp tailed Sparrow,30,3,27,0.1,0.5446106195449829,0.7151626348495483,0.6262903848127612,a red head,82
127,Savannah Sparrow,30,0,30,0.0,0.33412590622901917,0.6241301894187927,,a red head,82
128,Seaside Sparrow,30,0,30,0.0,0.3914025127887726,0.6634654998779297,,a red head,82
129,Song Sparrow,30,2,28,0.06666666666666667,0.5341703295707703,0.7102399468421936,0.4572585648109278,a red head,82
130,Tree Sparrow,30,4,26,0.13333333333333333,0.6914086937904358,0.7332495450973511,0.8162568300971434,a red head,82
131,Vesper Sparrow,30,0,30,0.0,0.3902019262313843,0.6634148359298706,,a red head,82
132,White crowned Sparrow,30,0,30,0.0,0.37192264199256897,0.5926981568336487,,a red head,82
133,White throated Sparrow,30,0,30,0.0,0.32533103227615356,0.5885390043258667,,a red head,82
134,Cape Glossy Starling,30,2,28,0.06666666666666667,0.5267101526260376,0.7015083432197571,0.5695542912483514,a red head,82
135,Bank Swallow,30,6,24,0.2,0.5108778476715088,0.7226863503456116,0.6390027537359501,a red head,82
136,Barn Swallow,30,7,23,0.23333333333333334,0.5893628597259521,0.7714534401893616,0.6605215478072435,a red head,82
137,Cliff Swallow,30,19,11,0.6333333333333333,0.6571783423423767,0.8132026195526123,0.6748738095818052,a red head,82
138,Tree Swallow,30,0,30,0.0,0.33450037240982056,0.6939833164215088,,a red head,82
139,Scarlet Tanager,30,30,0,1.0,0.9436969757080078,0.9131895303726196,0.9440322924601081,a red head,82
140,Summer Tanager,30,30,0,1.0,0.9629418849945068,0.915858268737793,0.9629823386754646,a red head,82
142,Black Tern,30,0,30,0.0,0.35785847902297974,0.6026771068572998,,a red head,82
120,Fox Sparrow,30,4,26,0.13333333333333333,0.5542821884155273,0.7407402396202087,0.7186394161466025,a red head,82
118,House Sparrow,30,6,24,0.2,0.5629591345787048,0.7329429984092712,0.5930265691430046,a red head,82
116,Chipping Sparrow,30,1,29,0.03333333333333333,0.6619727611541748,0.6747724413871765,0.7956971019988535,a red head,82
2,Laysan Albatross,30,0,30,0.0,0.4921033978462219,0.6627094149589539,,a red head,82
92,Nighthawk,30,1,29,0.03333333333333333,0.4984331429004669,0.6938959360122681,0.37398646825604626,a red head,82
93,Clark Nutcracker,30,0,30,0.0,0.33423468470573425,0.6507364511489868,,a red head,82
94,White breasted Nuthatch,30,0,30,0.0,0.4004665017127991,0.5880300998687744,,a red head,82
95,Baltimore Oriole,30,1,29,0.03333333333333333,0.6738645434379578,0.7365924119949341,0.7729117809609293,a red head,82
96,Hooded Oriole,30,1,29,0.03333333333333333,0.7052692174911499,0.703083336353302,0.8086648470111438,a red head,82
98,Scott Oriole,30,4,26,0.13333333333333333,0.49165499210357666,0.7190712690353394,0.5960092667374429,a red head,82
99,Ovenbird,30,3,27,0.1,0.36241570115089417,0.6875020861625671,0.604757590503756,a red head,82
100,Brown Pelican,30,0,30,0.0,0.5115647912025452,0.6198741793632507,,a red head,82
102,Western Wood Pewee,30,0,30,0.0,0.634310781955719,0.6616305708885193,,a red head,82
114,Black throated Sparrow,30,0,30,0.0,0.36163854598999023,0.6391966938972473,,a red head,82
103,Sayornis,30,1,29,0.03333333333333333,0.502017080783844,0.6828212141990662,0.33639855874549185,a red head,82
104,American Pipit,30,0,30,0.0,0.49124038219451904,0.6495822668075562,,a red head,82
106,Horned Puffin,30,0,30,0.0,0.45779484510421753,0.6802291870117188,,a red head,82
107,Common Raven,30,0,30,0.0,0.5129883289337158,0.6770140528678894,,a red head,82
109,American Redstart,30,1,29,0.03333333333333333,0.4205441176891327,0.7024547457695007,0.488655258074562,a red head,82
110,Geococcyx,30,0,30,0.0,0.41278159618377686,0.6516940593719482,,a red head,82
111,Loggerhead Shrike,30,0,30,0.0,0.3611031472682953,0.6502847075462341,,a red head,82
112,Great Grey Shrike,30,0,30,0.0,0.37804824113845825,0.6357578635215759,,a red head,82
143,Caspian Tern,30,0,30,0.0,0.40667805075645447,0.6535375118255615,,a red head,82
144,Common Tern,30,0,30,0.0,0.37659186124801636,0.650099515914917,,a red head,82
145,Elegant Tern,30,0,30,0.0,0.3358856737613678,0.6240140199661255,,a red head,82
189,Red bellied Woodpecker,30,5,25,0.16666666666666666,0.798512876033783,0.7615444660186768,0.8059985616319786,a red head,82
177,Prothonotary Warbler,30,1,29,0.03333333333333333,0.705558717250824,0.6841275095939636,0.7498939659515163,a red head,82
180,Wilson Warbler,30,1,29,0.03333333333333333,0.5163158178329468,0.6511757373809814,0.8203369312791764,a red head,82
182,Yellow Warbler,30,2,28,0.06666666666666667,0.6897676587104797,0.6856042742729187,0.7336776725392349,a red head,82
183,Northern Waterthrush,30,0,30,0.0,0.2722948491573334,0.5906328558921814,,a red head,82
184,Louisiana Waterthrush,30,0,30,0.0,0.21600836515426636,0.5894848108291626,,a red head,82
185,Bohemian Waxwing,30,3,27,0.1,0.6791720986366272,0.7309999465942383,0.7117692771473365,a red head,82
186,Cedar Waxwing,30,4,26,0.13333333333333333,0.6741753220558167,0.7447617650032043,0.6115841422153554,a red head,82
188,Pileated Woodpecker,30,3,27,0.1,0.7653966546058655,0.7090612649917603,0.7193892072979899,a red head,82
191,Red headed Woodpecker,30,26,4,0.8666666666666667,0.832127034664154,0.8833732604980469,0.8295095706590213,a red head,82
175,Pine Warbler,30,0,30,0.0,0.6255730986595154,0.6745038628578186,,a red head,82
192,Downy Woodpecker,30,0,30,0.0,0.5393852591514587,0.6549522876739502,,a red head,82
193,Bewick Wren,30,0,30,0.0,0.5075836181640625,0.6287844777107239,,a red head,82
194,Cactus Wren,30,0,30,0.0,0.4201282262802124,0.6404522657394409,,a red head,82
195,Carolina Wren,30,0,30,0.0,0.6598117351531982,0.7006312012672424,,a red head,82
196,House Wren,30,1,29,0.03333333333333333,0.450782835483551,0.6566207408905029,0.6353115091720486,a red head,82
197,Marsh Wren,30,0,30,0.0,0.4834403097629547,0.631512463092804,,a red head,82
198,Rock Wren,30,0,30,0.0,0.39940354228019714,0.6487918496131897,,a red head,82
199,Winter Wren,30,3,27,0.1,0.593710720539093,0.7073110342025757,0.7706677193757696,a red head,82
176,Prairie Warbler,30,0,30,0.0,0.3980443775653839,0.611562192440033,,a red head,82
174,Palm Warbler,30,0,30,0.0,0.48040807247161865,0.6612740159034729,,a red head,82
146,Forsters Tern,30,0,30,0.0,0.3149755597114563,0.6260064840316772,,a red head,82
159,Black and white Warbler,30,0,30,0.0,0.3120945692062378,0.6056201457977295,,a red head,82
147,Least Tern,30,0,30,0.0,0.2139725387096405,0.5992082953453064,,a red head,82
148,Green tailed Towhee,30,4,26,0.13333333333333333,0.6383435726165771,0.7261675000190735,0.7514479368006912,a red head,82
150,Sage Thrasher,30,0,30,0.0,0.3826322853565216,0.6062692999839783,,a red head,82
152,Blue headed Vireo,30,0,30,0.0,0.3117789626121521,0.6083236932754517,,a red head,82
154,Red eyed Vireo,30,0,30,0.0,0.3074774146080017,0.6134154200553894,,a red head,82
155,Warbling Vireo,30,0,30,0.0,0.33026260137557983,0.6265206933021545,,a red head,82
156,White eyed Vireo,30,0,30,0.0,0.40125080943107605,0.6162741184234619,,a red head,82
158,Bay breasted Warbler,30,12,18,0.4,0.801699697971344,0.7832375764846802,0.8214649128181489,a red head,82
161,Blue winged Warbler,30,0,30,0.0,0.6345131993293762,0.6683288812637329,,a red head,82
173,Orange crowned Warbler,30,0,30,0.0,0.5202797651290894,0.6552258729934692,,a red head,82
162,Canada Warbler,30,0,30,0.0,0.28029099106788635,0.5897423624992371,,a red head,82
163,Cape May Warbler,30,0,30,0.0,0.4007071852684021,0.657140851020813,,a red head,82
164,Cerulean Warbler,30,0,30,0.0,0.35093173384666443,0.6370826363563538,,a red head,82
165,Chestnut sided Warbler,30,0,30,0.0,0.47153109312057495,0.6438114047050476,,a red head,82
167,Hooded Warbler,30,0,30,0.0,0.43502989411354065,0.6162748336791992,,a red head,82
170,Mourning Warbler,30,1,29,0.03333333333333333,0.3957439661026001,0.6320704221725464,0.6708482141898934,a red head,82
171,Myrtle Warbler,30,0,30,0.0,0.3529214859008789,0.5972269177436829,,a red head,82
172,Nashville Warbler,30,0,30,0.0,0.3448162078857422,0.6372455358505249,,a red head,82
91,Mockingbird,30,0,30,0.0,0.5130499601364136,0.623694121837616,,a red head,82
200,Common Yellowthroat,30,0,30,0.0,0.34469810128211975,0.5949583649635315,,a red head,82
89,Hooded Merganser,30,5,25,0.16666666666666666,0.44663354754447937,0.7331535816192627,0.553907842466994,a red head,82
62,Herring Gull,30,1,29,0.03333333333333333,0.36466124653816223,0.7072393894195557,0.35811879025357796,a red head,82
88,Western Meadowlark,30,0,30,0.0,0.294337660074234,0.5879068970680237,,a red head,82
45,Northern Fulmar,30,0,30,0.0,0.4783940315246582,0.6825061440467834,,a red head,82
46,Gadwall,30,0,30,0.0,0.2639438509941101,0.7258214950561523,,a red head,82
47,American Goldfinch,30,0,30,0.0,0.48887449502944946,0.721362829208374,,a red head,82
48,European Goldfinch,30,8,22,0.26666666666666666,0.4541473984718323,0.7557380795478821,0.5224770567418928,a red head,82
49,Boat tailed Grackle,30,1,29,0.03333333333333333,0.4603632688522339,0.6976950168609619,0.5183563967083223,a red head,82
50,Eared Grebe,30,3,27,0.1,0.5726377964019775,0.6736872792243958,0.7572757561009519,a red head,82
51,Horned Grebe,30,8,22,0.26666666666666666,0.6981143355369568,0.7351805567741394,0.7833789091851918,a red head,82
52,Pied billed Grebe,30,4,26,0.13333333333333333,0.4548359215259552,0.745808482170105,0.41704392645211275,a red head,82
53,Western Grebe,30,0,30,0.0,0.3782041668891907,0.6231859922409058,,a red head,82
54,Blue Grosbeak,30,16,14,0.5333333333333333,0.7127140164375305,0.791565477848053,0.7242514137655246,a red head,82
55,Evening Grosbeak,30,11,19,0.36666666666666664,0.3778000473976135,0.7702543139457703,0.35304050389833724,a red head,82
56,Pine Grosbeak,30,28,2,0.9333333333333333,0.9274574518203735,0.881295382976532,0.9404928299042413,a red head,82
57,Rose breasted Grosbeak,30,25,5,0.8333333333333334,0.6241735219955444,0.8308423757553101,0.6343297192307041,a red head,82
59,California Gull,30,0,30,0.0,0.3564503490924835,0.7119427919387817,,a red head,82
42,Vermilion Flycatcher,30,29,1,0.9666666666666667,0.9101234674453735,0.8743377923965454,0.9130466245368324,a red head,82
41,Scissor tailed Flycatcher,30,0,30,0.0,0.6263381838798523,0.6826053857803345,,a red head,82
40,Olive sided Flycatcher,30,0,30,0.0,0.5186581611633301,0.6794097423553467,,a red head,82
25,Pelagic Cormorant,30,0,30,0.0,0.49420803785324097,0.6599208116531372,,a red head,82
4,Groove billed Ani,30,5,25,0.16666666666666666,0.5535414218902588,0.74211585521698,0.6037273149213164,a red head,82
10,Red winged Blackbird,30,6,24,0.2,0.6133451461791992,0.7484198212623596,0.6133023011092038,a red head,82
11,Rusty Blackbird,30,5,25,0.16666666666666666,0.531038224697113,0.7381993532180786,0.7065172072221086,a red head,82
13,Bobolink,30,2,28,0.06666666666666667,0.5286706686019897,0.7119234800338745,0.6068378183470391,a red head,82
14,Indigo Bunting,30,8,22,0.26666666666666666,0.674869954586029,0.7820156216621399,0.6683286685284886,a red head,82
21,Eastern Towhee,30,16,14,0.5333333333333333,0.5642957091331482,0.8019363284111023,0.5926704628678776,a red head,82
26,Bronzed Cowbird,30,1,29,0.03333333333333333,0.6374892592430115,0.7285975813865662,0.7521630403741049,a red head,82
38,Great Crested Flycatcher,30,2,28,0.06666666666666667,0.630605936050415,0.6908237934112549,0.6052446643114524,a red head,82
27,Shiny Cowbird,30,1,29,0.03333333333333333,0.5289532542228699,0.7109777927398682,0.7948715012525144,a red head,82
29,American Crow,30,2,28,0.06666666666666667,0.5531654357910156,0.6986456513404846,0.6509526425166583,a red head,82
30,Fish Crow,30,0,30,0.0,0.5314150452613831,0.7032110691070557,,a red head,82
31,Black billed Cuckoo,30,1,29,0.03333333333333333,0.6051820516586304,0.7172912359237671,0.7387222689042645,a red head,82
35,Purple Finch,30,30,0,1.0,0.9457249045372009,0.9098089933395386,0.9463701684507152,a red head,82
36,Northern Flicker,30,3,27,0.1,0.6102935671806335,0.7043535113334656,0.6971128292459111,a red head,82
61,Heermann Gull,30,5,25,0.16666666666666666,0.4258708953857422,0.7304506897926331,0.48776434022226617,a red head,82
44,Frigatebird,30,1,29,0.03333333333333333,0.6186914443969727,0.6683082580566406,0.7471807418413412,a red head,82
71,Long tailed Jaeger,30,0,30,0.0,0.47248131036758423,0.6410773992538452,,a red head,82
69,Rufous Hummingbird,30,7,23,0.23333333333333334,0.7121284008026123,0.7356564998626709,0.810947161634627,a red head,82
76,Dark eyed Junco,30,3,27,0.1,0.46483534574508667,0.7265516519546509,0.5487971255335082,a red head,82
79,Belted Kingfisher,30,1,29,0.03333333333333333,0.4002907872200012,0.6240198612213135,0.5346866289587909,a red head,82
80,Green Kingfisher,30,2,28,0.06666666666666667,0.4784805476665497,0.6893971562385559,0.6294647163651543,a red head,82
81,Pied Kingfisher,30,0,30,0.0,0.282645046710968,0.6015352010726929,,a red head,82
74,Florida Jay,30,0,30,0.0,0.3868274688720703,0.675202488899231,,a red head,82
82,Ringed Kingfisher,30,4,26,0.13333333333333333,0.5653547048568726,0.696368396282196,0.3930754688215018,a red head,82
73,Blue Jay,30,0,30,0.0,0.4549296796321869,0.6493704319000244,,a red head,82
72,Pomarine Jaeger,30,0,30,0.0,0.4727504551410675,0.6675408482551575,,a red head,82
70,Green Violetear,30,1,29,0.03333333333333333,0.5096296668052673,0.6914061307907104,0.6367307351663749,a red head,82
77,Tropical Kingbird,30,0,30,0.0,0.43423715233802795,0.6292135119438171,,a red head,82
86,Pacific Loon,30,1,29,0.03333333333333333,0.47335338592529297,0.6155380010604858,0.6972370490854384,a red head,82
67,Anna Hummingbird,30,3,27,0.1,0.5811176300048828,0.697378933429718,0.7683555986745689,a red head,82
83,White breasted Kingfisher,30,13,17,0.43333333333333335,0.818048894405365,0.7876253724098206,0.8333014669906971,a red head,82
66,Western Gull,30,1,29,0.03333333333333333,0.37149059772491455,0.710910439491272,0.3561860602889422,a red head,82
68,Ruby throated Hummingbird,30,1,29,0.03333333333333333,0.5256779193878174,0.6851969361305237,0.6120313818727623,a red head,82
64,Ring billed Gull,30,1,29,0.03333333333333333,0.3461207449436188,0.7052124738693237,0.6616159335386357,a red head,82
85,Horned Lark,30,0,30,0.0,0.28259286284446716,0.6173056364059448,,a red head,82
19,Gray Catbird,29,0,29,0.0,0.38411620259284973,0.6230989098548889,,a red head,82
169,Magnolia Warbler,29,0,29,0.0,0.30449777841567993,0.6130763292312622,,a red head,82
60,Glaucous winged Gull,29,1,28,0.034482758620689655,0.3413456082344055,0.7160401940345764,0.511407214512922,a red head,82
87,Mallard,29,5,24,0.1724137931034483,0.3299873471260071,0.7596954703330994,0.4560025659220235,a red head,82
166,Golden winged Warbler,29,0,29,0.0,0.3158945143222809,0.5540617108345032,,a red head,82
28,Brown Creeper,29,0,29,0.0,0.5566011071205139,0.6332882046699524,,a red head,82
168,Kentucky Warbler,29,0,29,0.0,0.3024304211139679,0.5958573818206787,,a red head,82
190,Red cockaded Woodpecker,29,0,29,0.0,0.5534921884536743,0.6378238797187805,,a red head,82
23,Brandt Cormorant,29,0,29,0.0,0.48978132009506226,0.6264318823814392,,a red head,82
97,Orchard Oriole,29,12,17,0.41379310344827586,0.7854728102684021,0.7873015999794006,0.8143652117847018,a red head,82
33,Yellow billed Cuckoo,29,0,29,0.0,0.4968535900115967,0.6728264093399048,,a red head,82
181,Worm eating Warbler,29,0,29,0.0,0.3717205822467804,0.6200886964797974,,a red head,82
20,Yellow breasted Chat,29,0,29,0.0,0.3585977256298065,0.6567676663398743,,a red head,82
179,Tennessee Warbler,29,0,29,0.0,0.4223056137561798,0.6427921652793884,,a red head,82
125,Lincoln Sparrow,29,0,29,0.0,0.401014506816864,0.6268651485443115,,a red head,82
78,Gray Kingbird,29,0,29,0.0,0.4259059429168701,0.6529717445373535,,a red head,82
117,Clay colored Sparrow,29,0,29,0.0,0.3701111674308777,0.6346893310546875,,a red head,82
124,Le Conte Sparrow,29,1,28,0.034482758620689655,0.5268205404281616,0.6988810300827026,0.5203631075570643,a red head,82
119,Field Sparrow,29,5,24,0.1724137931034483,0.6704272627830505,0.7390952706336975,0.6913599584436914,a red head,82
160,Black throated Blue Warbler,29,0,29,0.0,0.3664977550506592,0.6560052633285522,,a red head,82
115,Brewer Sparrow,29,0,29,0.0,0.35839584469795227,0.6474754214286804,,a red head,82
141,Artic Tern,29,0,29,0.0,0.35863402485847473,0.6694236993789673,,a red head,82
43,Yellow bellied Flycatcher,29,0,29,0.0,0.6551889777183533,0.6711890697479248,,a red head,82
108,White necked Raven,29,1,28,0.034482758620689655,0.5233932733535767,0.6840698719024658,0.4419066729424701,a red head,82
149,Brown Thrasher,29,11,18,0.3793103448275862,0.7364827394485474,0.7804630398750305,0.8511451969034587,a red head,82
63,Ivory Gull,29,0,29,0.0,0.46320587396621704,0.6719418168067932,,a red head,82
39,Least Flycatcher,29,0,29,0.0,0.6064053177833557,0.655144453048706,,a red head,82
153,Philadelphia Vireo,29,0,29,0.0,0.3957937955856323,0.6042051911354065,,a red head,82
37,Acadian Flycatcher,29,0,29,0.0,0.6266950368881226,0.6735411286354065,,a red head,82
157,Yellow throated Vireo,29,0,29,0.0,0.5713074207305908,0.6560942530632019,,a red head,82
34,Gray crowned Rosy Finch,29,14,15,0.4827586206896552,0.729317307472229,0.8008197546005249,0.7823804136894259,a red head,82
9,Brewer Blackbird,28,0,28,0.0,0.4677201807498932,0.6878700256347656,,a red head,82
3,Sooty Albatross,28,0,28,0.0,0.4298378527164459,0.6500610113143921,,a red head,82
58,Pigeon Guillemot,28,4,24,0.14285714285714285,0.4099898934364319,0.7199656367301941,0.3359332639628806,a red head,82
16,Painted Bunting,28,10,18,0.35714285714285715,0.8143172264099121,0.7766467332839966,0.878695748271212,a red head,82
15,Lazuli Bunting,28,10,18,0.35714285714285715,0.6474588513374329,0.7711704969406128,0.6907197570765379,a red head,82
75,Green Jay,27,1,26,0.037037037037037035,0.4188920259475708,0.6521316170692444,0.7771996453903623,a red head,82
17,Cardinal,27,26,1,0.9629629629629629,0.9244517683982849,0.8807607293128967,0.9271463797540475,a red head,82
12,Yellow headed Blackbird,26,1,25,0.038461538461538464,0.6033283472061157,0.7166668176651001,0.609712740383262,a red head,82
178,Swainson Warbler,26,1,25,0.038461538461538464,0.44891563057899475,0.66950523853302,0.805311645928346,a red head,82
22,Chuck will Widow,26,0,26,0.0,0.7234764695167542,0.7213894128799438,,a red head,82
7,Parakeet Auklet,23,0,23,0.0,0.44100838899612427,0.7115341424942017,,a red head,82
32,Mangrove Cuckoo,23,1,22,0.043478260869565216,0.5415412783622742,0.659700870513916,0.6607630724740368,a red head,82
84,Red legged Kittiwake,23,5,18,0.21739130434782608,0.37860772013664246,0.7374045252799988,0.40140752305906097,a red head,82
24,Red faced Cormorant,22,0,22,0.0,0.5972130298614502,0.6695045828819275,,a red head,82
151,Black capped Vireo,21,0,21,0.0,0.2936480939388275,0.6022899746894836,,a red head,82
65,Slaty backed Gull,20,3,17,0.15,0.3855850100517273,0.7271038293838501,0.3305604845433872,a red head,82
187,American Three toed Woodpecker,20,0,20,0.0,0.500975489616394,0.6172096133232117,,a red head,82
113,Baird Sparrow,20,0,20,0.0,0.3252643048763275,0.6501017808914185,,a red head,82
101,White Pelican,20,0,20,0.0,0.5748561024665833,0.695703387260437,,a red head,82
105,Whip poor Will,19,1,18,0.05263157894736842,0.63407301902771,0.6914429068565369,0.4983266803090819,a red head,82
8,Rhinoceros Auklet,18,0,18,0.0,0.42577704787254333,0.6616755723953247,,a red head,82
18,Spotted Catbird,15,3,12,0.2,0.43363770842552185,0.7316388487815857,0.38037497684663896,a red head,82
5,Crested Auklet,14,0,14,0.0,0.502707839012146,0.6969469785690308,,a red head,82
6,Least Auklet,11,0,11,0.0,0.386343389749527,0.6941349506378174,,a red head,82
1,Black footed Albatross,30,0,30,0.0,0.6063573360443115,0.7243104577064514,,red shoulders,213
90,Red breasted Merganser,30,4,26,0.13333333333333333,0.6348474025726318,0.7880371809005737,0.6464180132853866,red shoulders,213
121,Grasshopper Sparrow,30,1,29,0.03333333333333333,0.31201645731925964,0.7361409664154053,0.23247058154274544,red shoulders,213
122,Harris Sparrow,30,1,29,0.03333333333333333,0.4055992662906647,0.7340877056121826,0.49842390006919357,red shoulders,213
123,Henslow Sparrow,30,0,30,0.0,0.3634820878505707,0.7289310097694397,,red shoulders,213
126,Nelson Sharp tailed Sparrow,30,1,29,0.03333333333333333,0.4928056001663208,0.7362393736839294,0.6190929571517358,red shoulders,213
127,Savannah Sparrow,30,0,30,0.0,0.38220950961112976,0.7255862951278687,,red shoulders,213
128,Seaside Sparrow,30,1,29,0.03333333333333333,0.39572271704673767,0.7422052621841431,0.34026997207868603,red shoulders,213
129,Song Sparrow,30,2,28,0.06666666666666667,0.5259756445884705,0.7519370317459106,0.45141001404636955,red shoulders,213
130,Tree Sparrow,30,1,29,0.03333333333333333,0.6579881906509399,0.7496100664138794,0.8697551206628945,red shoulders,213
131,Vesper Sparrow,30,0,30,0.0,0.3868788480758667,0.7265791296958923,,red shoulders,213
132,White crowned Sparrow,30,0,30,0.0,0.42207464575767517,0.7398020029067993,,red shoulders,213
133,White throated Sparrow,30,0,30,0.0,0.32842153310775757,0.706874430179596,,red shoulders,213
134,Cape Glossy Starling,30,1,29,0.03333333333333333,0.4476599395275116,0.752032995223999,0.6590948195466874,red shoulders,213
135,Bank Swallow,30,2,28,0.06666666666666667,0.5971928834915161,0.7589666247367859,0.5258683488313967,red shoulders,213
136,Barn Swallow,30,6,24,0.2,0.5200541019439697,0.7933438420295715,0.5512268552341897,red shoulders,213
137,Cliff Swallow,30,13,17,0.43333333333333335,0.6667671203613281,0.8251286149024963,0.6726691454563473,red shoulders,213
138,Tree Swallow,30,0,30,0.0,0.4273942708969116,0.7464520335197449,,red shoulders,213
139,Scarlet Tanager,30,30,0,1.0,0.934391438961029,0.9196443557739258,0.9350797853126106,red shoulders,213
140,Summer Tanager,30,30,0,1.0,0.9648565649986267,0.9310006499290466,0.9648841858440204,red shoulders,213
142,Black Tern,30,1,29,0.03333333333333333,0.5493600368499756,0.7328962087631226,0.49526661193930577,red shoulders,213
120,Fox Sparrow,30,2,28,0.06666666666666667,0.458947092294693,0.75271075963974,0.7581704246685483,red shoulders,213
118,House Sparrow,30,2,28,0.06666666666666667,0.5872991681098938,0.7628480195999146,0.6911377420059438,red shoulders,213
116,Chipping Sparrow,30,3,27,0.1,0.6817580461502075,0.7643075585365295,0.8434806310928377,red shoulders,213
2,Laysan Albatross,30,0,30,0.0,0.516190767288208,0.7006270289421082,,red shoulders,213
92,Nighthawk,30,1,29,0.03333333333333333,0.38833746314048767,0.7479159235954285,0.36890838586702973,red shoulders,213
93,Clark Nutcracker,30,0,30,0.0,0.35014092922210693,0.6963297128677368,,red shoulders,213
94,White breasted Nuthatch,30,0,30,0.0,0.3954438269138336,0.6989708542823792,,red shoulders,213
95,Baltimore Oriole,30,0,30,0.0,0.5721266269683838,0.7128934264183044,,red shoulders,213
96,Hooded Oriole,30,0,30,0.0,0.5853853821754456,0.6840124726295471,,red shoulders,213
98,Scott Oriole,30,0,30,0.0,0.30995720624923706,0.6911424398422241,,red shoulders,213
99,Ovenbird,30,1,29,0.03333333333333333,0.3955491781234741,0.7236374020576477,0.48172695007710364,red shoulders,213
100,Brown Pelican,30,0,30,0.0,0.5207750797271729,0.700149655342102,,red shoulders,213
102,Western Wood Pewee,30,2,28,0.06666666666666667,0.680406391620636,0.7604337930679321,0.8236573518856789,red shoulders,213
114,Black throated Sparrow,30,0,30,0.0,0.39272820949554443,0.7492557168006897,,red shoulders,213
103,Sayornis,30,1,29,0.03333333333333333,0.5115417838096619,0.7440293431282043,0.6495930292096577,red shoulders,213
104,American Pipit,30,0,30,0.0,0.4227832853794098,0.7290699481964111,,red shoulders,213
106,Horned Puffin,30,0,30,0.0,0.45285481214523315,0.7062956094741821,,red shoulders,213
107,Common Raven,30,0,30,0.0,0.4312906265258789,0.7136675715446472,,red shoulders,213
109,American Redstart,30,0,30,0.0,0.4044874906539917,0.7515445947647095,,red shoulders,213
110,Geococcyx,30,0,30,0.0,0.3882821500301361,0.7053442001342773,,red shoulders,213
111,Loggerhead Shrike,30,0,30,0.0,0.48884284496307373,0.7255497574806213,,red shoulders,213
112,Great Grey Shrike,30,0,30,0.0,0.4771403670310974,0.7340700626373291,,red shoulders,213
143,Caspian Tern,30,12,18,0.4,0.66544109582901,0.8254609704017639,0.7095210603478991,red shoulders,213
144,Common Tern,30,11,19,0.36666666666666664,0.6451038122177124,0.8127204179763794,0.7070976248489035,red shoulders,213
145,Elegant Tern,30,7,23,0.23333333333333334,0.5352292656898499,0.7815096974372864,0.6371497870567829,red shoulders,213
189,Red bellied Woodpecker,30,16,14,0.5333333333333333,0.8408661484718323,0.8506009578704834,0.8572488033880272,red shoulders,213
177,Prothonotary Warbler,30,0,30,0.0,0.6035009622573853,0.6978176832199097,,red shoulders,213
180,Wilson Warbler,30,0,30,0.0,0.4373723864555359,0.713941216468811,,red shoulders,213
182,Yellow Warbler,30,0,30,0.0,0.6252431273460388,0.7040037512779236,,red shoulders,213
183,Northern Waterthrush,30,0,30,0.0,0.3588382303714752,0.7281134724617004,,red shoulders,213
184,Louisiana Waterthrush,30,0,30,0.0,0.2810903489589691,0.714123547077179,,red shoulders,213
185,Bohemian Waxwing,30,9,21,0.3,0.6597010493278503,0.8058834075927734,0.7048253349497714,red shoulders,213
186,Cedar Waxwing,30,6,24,0.2,0.6905646920204163,0.7802543640136719,0.6835668772876636,red shoulders,213
188,Pileated Woodpecker,30,22,8,0.7333333333333333,0.8281729221343994,0.8563655614852905,0.8411851340382194,red shoulders,213
191,Red headed Woodpecker,30,26,4,0.8666666666666667,0.857598066329956,0.8949068784713745,0.8542139696383427,red shoulders,213
175,Pine Warbler,30,1,29,0.03333333333333333,0.4084826111793518,0.7058662176132202,0.6636267625315581,red shoulders,213
192,Downy Woodpecker,30,5,25,0.16666666666666666,0.5467413663864136,0.781344473361969,0.6361655721357932,red shoulders,213
193,Bewick Wren,30,1,29,0.03333333333333333,0.5459829568862915,0.7500725388526917,0.8215319109637008,red shoulders,213
194,Cactus Wren,30,0,30,0.0,0.43478119373321533,0.7397712469100952,,red shoulders,213
195,Carolina Wren,30,0,30,0.0,0.5307086110115051,0.7472732663154602,,red shoulders,213
196,House Wren,30,1,29,0.03333333333333333,0.4650602638721466,0.7512262463569641,0.6212693705126724,red shoulders,213
197,Marsh Wren,30,1,29,0.03333333333333333,0.5098320245742798,0.7349840998649597,0.58035821292085,red shoulders,213
198,Rock Wren,30,1,29,0.03333333333333333,0.43526554107666016,0.7660072445869446,0.8170877871416713,red shoulders,213
199,Winter Wren,30,1,29,0.03333333333333333,0.4992232024669647,0.7709032297134399,0.30634769142143625,red shoulders,213
176,Prairie Warbler,30,0,30,0.0,0.3981373906135559,0.6891460418701172,,red shoulders,213
174,Palm Warbler,30,1,29,0.03333333333333333,0.4327312409877777,0.7596340775489807,0.8251885056079876,red shoulders,213
146,Forsters Tern,30,7,23,0.23333333333333334,0.5747667551040649,0.7926402688026428,0.616919348288248,red shoulders,213
159,Black and white Warbler,30,0,30,0.0,0.3084610104560852,0.694714367389679,,red shoulders,213
147,Least Tern,30,0,30,0.0,0.3748513460159302,0.712955117225647,,red shoulders,213
148,Green tailed Towhee,30,4,26,0.13333333333333333,0.6630305647850037,0.7954397797584534,0.7517503134418078,red shoulders,213
150,Sage Thrasher,30,0,30,0.0,0.3980107307434082,0.7375909686088562,,red shoulders,213
152,Blue headed Vireo,30,0,30,0.0,0.2772786319255829,0.6974865198135376,,red shoulders,213
154,Red eyed Vireo,30,0,30,0.0,0.3174556791782379,0.7343069911003113,,red shoulders,213
155,Warbling Vireo,30,0,30,0.0,0.3326948583126068,0.740100085735321,,red shoulders,213
156,White eyed Vireo,30,0,30,0.0,0.2553927004337311,0.6742337346076965,,red shoulders,213
158,Bay breasted Warbler,30,4,26,0.13333333333333333,0.6403062343597412,0.7752363681793213,0.7264206857848937,red shoulders,213
161,Blue winged Warbler,30,0,30,0.0,0.5498653054237366,0.7034963369369507,,red shoulders,213
173,Orange crowned Warbler,30,0,30,0.0,0.4623212218284607,0.7290781736373901,,red shoulders,213
162,Canada Warbler,30,0,30,0.0,0.2989259362220764,0.6914223432540894,,red shoulders,213
163,Cape May Warbler,30,1,29,0.03333333333333333,0.37949270009994507,0.7157709002494812,0.6493705322564607,red shoulders,213
164,Cerulean Warbler,30,0,30,0.0,0.29774948954582214,0.7004678845405579,,red shoulders,213
165,Chestnut sided Warbler,30,1,29,0.03333333333333333,0.39708027243614197,0.7119801044464111,0.572210259841929,red shoulders,213
167,Hooded Warbler,30,0,30,0.0,0.34178367257118225,0.6777106523513794,,red shoulders,213
170,Mourning Warbler,30,0,30,0.0,0.3583626449108124,0.7049506902694702,,red shoulders,213
171,Myrtle Warbler,30,0,30,0.0,0.31678110361099243,0.6767991781234741,,red shoulders,213
172,Nashville Warbler,30,0,30,0.0,0.277702659368515,0.7263550162315369,,red shoulders,213
91,Mockingbird,30,0,30,0.0,0.5028970837593079,0.7242633700370789,,red shoulders,213
200,Common Yellowthroat,30,0,30,0.0,0.3775196969509125,0.6992015838623047,,red shoulders,213
89,Hooded Merganser,30,1,29,0.03333333333333333,0.38155847787857056,0.7259628772735596,0.8489870872229032,red shoulders,213
62,Herring Gull,30,1,29,0.03333333333333333,0.4087904989719391,0.7598953247070312,0.6962170385466232,red shoulders,213
88,Western Meadowlark,30,0,30,0.0,0.3629942238330841,0.7148077487945557,,red shoulders,213
45,Northern Fulmar,30,0,30,0.0,0.5174961090087891,0.7203487157821655,,red shoulders,213
46,Gadwall,30,2,28,0.06666666666666667,0.3008197247982025,0.7793926000595093,0.11645578974518257,red shoulders,213
47,American Goldfinch,30,0,30,0.0,0.39986374974250793,0.6951890587806702,,red shoulders,213
48,European Goldfinch,30,5,25,0.16666666666666666,0.49074190855026245,0.759611189365387,0.6576056081577706,red shoulders,213
49,Boat tailed Grackle,30,0,30,0.0,0.40926292538642883,0.730241596698761,,red shoulders,213
50,Eared Grebe,30,6,24,0.2,0.7192150354385376,0.8023750185966492,0.7930738138193275,red shoulders,213
51,Horned Grebe,30,11,19,0.36666666666666664,0.799452006816864,0.8254701495170593,0.8358731149980385,red shoulders,213
52,Pied billed Grebe,30,1,29,0.03333333333333333,0.49321284890174866,0.7835705280303955,0.443776309636297,red shoulders,213
53,Western Grebe,30,0,30,0.0,0.5514715313911438,0.7480409741401672,,red shoulders,213
54,Blue Grosbeak,30,0,30,0.0,0.5603917837142944,0.7606416344642639,,red shoulders,213
55,Evening Grosbeak,30,0,30,0.0,0.26003286242485046,0.6860219240188599,,red shoulders,213
56,Pine Grosbeak,30,22,8,0.7333333333333333,0.8975813388824463,0.863736093044281,0.9272740567120268,red shoulders,213
57,Rose breasted Grosbeak,30,22,8,0.7333333333333333,0.6157218813896179,0.8761085867881775,0.6313764422689079,red shoulders,213
59,California Gull,30,0,30,0.0,0.3922663927078247,0.7558889985084534,,red shoulders,213
42,Vermilion Flycatcher,30,30,0,1.0,0.9445750713348389,0.9324986934661865,0.9450301003563052,red shoulders,213
41,Scissor tailed Flycatcher,30,1,29,0.03333333333333333,0.6638299822807312,0.7410154938697815,0.6459278318149048,red shoulders,213
40,Olive sided Flycatcher,30,0,30,0.0,0.6079896688461304,0.7552852034568787,,red shoulders,213
25,Pelagic Cormorant,30,0,30,0.0,0.49499091506004333,0.7497826814651489,,red shoulders,213
4,Groove billed Ani,30,2,28,0.06666666666666667,0.4561313986778259,0.7555984854698181,0.6660593713440315,red shoulders,213
10,Red winged Blackbird,30,15,15,0.5,0.5592150092124939,0.8382365703582764,0.639498087125098,red shoulders,213
11,Rusty Blackbird,30,1,29,0.03333333333333333,0.4480336606502533,0.7665297389030457,0.6873845610670227,red shoulders,213
13,Bobolink,30,0,30,0.0,0.41498878598213196,0.6879203915596008,,red shoulders,213
14,Indigo Bunting,30,0,30,0.0,0.5513004660606384,0.7454628348350525,,red shoulders,213
21,Eastern Towhee,30,1,29,0.03333333333333333,0.44876351952552795,0.7669039368629456,0.26645660468831955,red shoulders,213
26,Bronzed Cowbird,30,3,27,0.1,0.5929241180419922,0.7878962159156799,0.6376945072382123,red shoulders,213
38,Great Crested Flycatcher,30,0,30,0.0,0.5644953846931458,0.7182176113128662,,red shoulders,213
27,Shiny Cowbird,30,0,30,0.0,0.4422883093357086,0.731016993522644,,red shoulders,213
29,American Crow,30,0,30,0.0,0.48208779096603394,0.7310209274291992,,red shoulders,213
30,Fish Crow,30,0,30,0.0,0.4593361020088196,0.7501146793365479,,red shoulders,213
31,Black billed Cuckoo,30,9,21,0.3,0.665136456489563,0.7901906371116638,0.7333881192552351,red shoulders,213
35,Purple Finch,30,28,2,0.9333333333333333,0.9229780435562134,0.9049866199493408,0.9253076123664045,red shoulders,213
36,Northern Flicker,30,11,19,0.36666666666666664,0.6764767169952393,0.816001296043396,0.8018534627595106,red shoulders,213
61,Heermann Gull,30,16,14,0.5333333333333333,0.5918558835983276,0.8292742371559143,0.609775069803191,red shoulders,213
44,Frigatebird,30,4,26,0.13333333333333333,0.6604343056678772,0.7399665117263794,0.7443866331764141,red shoulders,213
71,Long tailed Jaeger,30,0,30,0.0,0.5543810129165649,0.7328425645828247,,red shoulders,213
69,Rufous Hummingbird,30,8,22,0.26666666666666666,0.7612267136573792,0.8086668252944946,0.8145682444693881,red shoulders,213
76,Dark eyed Junco,30,0,30,0.0,0.47712233662605286,0.7495138049125671,,red shoulders,213
79,Belted Kingfisher,30,1,29,0.03333333333333333,0.5238789319992065,0.7365719676017761,0.555708458733924,red shoulders,213
80,Green Kingfisher,30,4,26,0.13333333333333333,0.514835000038147,0.7473810315132141,0.6250988959699275,red shoulders,213
81,Pied Kingfisher,30,0,30,0.0,0.359009325504303,0.7150589823722839,,red shoulders,213
74,Florida Jay,30,0,30,0.0,0.3124299943447113,0.7039983868598938,,red shoulders,213
82,Ringed Kingfisher,30,2,28,0.06666666666666667,0.6323588490486145,0.7603389024734497,0.5244948606697963,red shoulders,213
73,Blue Jay,30,0,30,0.0,0.32150956988334656,0.6778603196144104,,red shoulders,213
72,Pomarine Jaeger,30,0,30,0.0,0.5012974739074707,0.72693932056427,,red shoulders,213
70,Green Violetear,30,0,30,0.0,0.48551681637763977,0.7509064078330994,,red shoulders,213
77,Tropical Kingbird,30,0,30,0.0,0.49300339818000793,0.7088330388069153,,red shoulders,213
86,Pacific Loon,30,0,30,0.0,0.5160610675811768,0.7188696265220642,,red shoulders,213
67,Anna Hummingbird,30,9,21,0.3,0.6969959139823914,0.8036205768585205,0.7867520222578013,red shoulders,213
83,White breasted Kingfisher,30,3,27,0.1,0.7535667419433594,0.7781689167022705,0.8044358426159313,red shoulders,213
66,Western Gull,30,0,30,0.0,0.4104430079460144,0.7638186812400818,,red shoulders,213
68,Ruby throated Hummingbird,30,5,25,0.16666666666666666,0.6579810380935669,0.7935755252838135,0.7142857371721042,red shoulders,213
64,Ring billed Gull,30,1,29,0.03333333333333333,0.3948575556278229,0.7457618117332458,0.7148374088930989,red shoulders,213
85,Horned Lark,30,0,30,0.0,0.2925514876842499,0.7290138006210327,,red shoulders,213
19,Gray Catbird,29,1,28,0.034482758620689655,0.45557019114494324,0.7672545909881592,0.610189189612293,red shoulders,213
169,Magnolia Warbler,29,0,29,0.0,0.27508217096328735,0.6835370063781738,,red shoulders,213
60,Glaucous winged Gull,29,3,26,0.10344827586206896,0.4109245538711548,0.7738222479820251,0.3966066076968886,red shoulders,213
87,Mallard,29,3,26,0.10344827586206896,0.3238011598587036,0.7881385684013367,0.3806059299242173,red shoulders,213
166,Golden winged Warbler,29,0,29,0.0,0.3160647451877594,0.6839237213134766,,red shoulders,213
28,Brown Creeper,29,0,29,0.0,0.6501576900482178,0.7341632843017578,,red shoulders,213
168,Kentucky Warbler,29,0,29,0.0,0.26241037249565125,0.6829606294631958,,red shoulders,213
190,Red cockaded Woodpecker,29,0,29,0.0,0.612783670425415,0.7613005638122559,,red shoulders,213
23,Brandt Cormorant,29,0,29,0.0,0.465019553899765,0.7154674530029297,,red shoulders,213
97,Orchard Oriole,29,5,24,0.1724137931034483,0.5774670839309692,0.7701287865638733,0.6559819914374947,red shoulders,213
33,Yellow billed Cuckoo,29,2,27,0.06896551724137931,0.5880329012870789,0.7706954479217529,0.6047753814449958,red shoulders,213
181,Worm eating Warbler,29,0,29,0.0,0.35748645663261414,0.7224305272102356,,red shoulders,213
20,Yellow breasted Chat,29,1,28,0.034482758620689655,0.36256375908851624,0.7186933755874634,0.2302447803104298,red shoulders,213
179,Tennessee Warbler,29,1,28,0.034482758620689655,0.3705558776855469,0.7270115613937378,0.6239326126924616,red shoulders,213
125,Lincoln Sparrow,29,1,28,0.034482758620689655,0.36556270718574524,0.7253504991531372,0.48849812477036914,red shoulders,213
78,Gray Kingbird,29,0,29,0.0,0.6398106217384338,0.7635220289230347,,red shoulders,213
117,Clay colored Sparrow,29,0,29,0.0,0.3680611252784729,0.7224348187446594,,red shoulders,213
124,Le Conte Sparrow,29,0,29,0.0,0.46445390582084656,0.7309029698371887,,red shoulders,213
119,Field Sparrow,29,3,26,0.10344827586206896,0.6409939527511597,0.7607167959213257,0.7210503961648341,red shoulders,213
160,Black throated Blue Warbler,29,0,29,0.0,0.3042045831680298,0.7070386409759521,,red shoulders,213
115,Brewer Sparrow,29,0,29,0.0,0.43347612023353577,0.7262290716171265,,red shoulders,213
141,Artic Tern,29,15,14,0.5172413793103449,0.6322836875915527,0.830682635307312,0.6506787378111004,red shoulders,213
43,Yellow bellied Flycatcher,29,0,29,0.0,0.5174634456634521,0.7195906639099121,,red shoulders,213
108,White necked Raven,29,0,29,0.0,0.45686712861061096,0.7150849103927612,,red shoulders,213
149,Brown Thrasher,29,2,27,0.06896551724137931,0.6586698293685913,0.7669544219970703,0.5321075115261851,red shoulders,213
63,Ivory Gull,29,0,29,0.0,0.40405789017677307,0.7429254055023193,,red shoulders,213
39,Least Flycatcher,29,0,29,0.0,0.5271348357200623,0.7394608855247498,,red shoulders,213
153,Philadelphia Vireo,29,0,29,0.0,0.32402846217155457,0.7125524282455444,,red shoulders,213
37,Acadian Flycatcher,29,0,29,0.0,0.5102481245994568,0.7348282933235168,,red shoulders,213
157,Yellow throated Vireo,29,0,29,0.0,0.4173012375831604,0.6861085295677185,,red shoulders,213
34,Gray crowned Rosy Finch,29,7,22,0.2413793103448276,0.5813385248184204,0.7857992053031921,0.6853173009990849,red shoulders,213
9,Brewer Blackbird,28,0,28,0.0,0.3926681876182556,0.7410734295845032,,red shoulders,213
3,Sooty Albatross,28,0,28,0.0,0.5119410157203674,0.7219675183296204,,red shoulders,213
58,Pigeon Guillemot,28,9,19,0.32142857142857145,0.44024696946144104,0.7997798919677734,0.48262401408799155,red shoulders,213
16,Painted Bunting,28,8,20,0.2857142857142857,0.7022151350975037,0.7970892786979675,0.7630953712331918,red shoulders,213
15,Lazuli Bunting,28,0,28,0.0,0.40610289573669434,0.7221447825431824,,red shoulders,213
75,Green Jay,27,0,27,0.0,0.2941738963127136,0.6625548005104065,,red shoulders,213
17,Cardinal,27,26,1,0.9629629629629629,0.9457342624664307,0.9174246788024902,0.9451332099828331,red shoulders,213
12,Yellow headed Blackbird,26,0,26,0.0,0.5649135112762451,0.6877860426902771,,red shoulders,213
178,Swainson Warbler,26,0,26,0.0,0.5374513268470764,0.7281987071037292,,red shoulders,213
22,Chuck will Widow,26,0,26,0.0,0.5856462121009827,0.7550397515296936,,red shoulders,213
7,Parakeet Auklet,23,6,17,0.2608695652173913,0.6370079517364502,0.8009302616119385,0.6529289190272999,red shoulders,213
32,Mangrove Cuckoo,23,2,21,0.08695652173913043,0.546329140663147,0.7568891048431396,0.6778804396674154,red shoulders,213
84,Red legged Kittiwake,23,8,15,0.34782608695652173,0.4519590437412262,0.8012706637382507,0.49092211793160684,red shoulders,213
24,Red faced Cormorant,22,1,21,0.045454545454545456,0.6191445589065552,0.7650161981582642,0.6202961460926468,red shoulders,213
151,Black capped Vireo,21,0,21,0.0,0.30217233300209045,0.6897007822990417,,red shoulders,213
65,Slaty backed Gull,20,1,19,0.05,0.3818157911300659,0.7601916790008545,0.37426208002540723,red shoulders,213
187,American Three toed Woodpecker,20,0,20,0.0,0.48619136214256287,0.7226063013076782,,red shoulders,213
113,Baird Sparrow,20,0,20,0.0,0.3499278724193573,0.7115922570228577,,red shoulders,213
101,White Pelican,20,2,18,0.1,0.5737833380699158,0.7486571669578552,0.6222138684086586,red shoulders,213
105,Whip poor Will,19,0,19,0.0,0.4846687912940979,0.751504123210907,,red shoulders,213
8,Rhinoceros Auklet,18,0,18,0.0,0.46035125851631165,0.7215566635131836,,red shoulders,213
18,Spotted Catbird,15,0,15,0.0,0.3985404372215271,0.7246120572090149,,red shoulders,213
5,Crested Auklet,14,2,12,0.14285714285714285,0.6683193445205688,0.7810637354850769,0.7733629366151026,red shoulders,213
6,Least Auklet,11,1,10,0.09090909090909091,0.4300697147846222,0.758925199508667,0.6050085472456181,red shoulders,213
1,Black footed Albatross,30,0,30,0.0,0.5587003231048584,0.6733748316764832,,red feathers,211
90,Red breasted Merganser,30,3,27,0.1,0.6048774123191833,0.7781486511230469,0.5809252825836894,red feathers,211
121,Grasshopper Sparrow,30,1,29,0.03333333333333333,0.35709282755851746,0.7484331727027893,0.3449789365542342,red feathers,211
122,Harris Sparrow,30,3,27,0.1,0.4182502031326294,0.7720234990119934,0.4755410050071982,red feathers,211
123,Henslow Sparrow,30,4,26,0.13333333333333333,0.5283892750740051,0.7793625593185425,0.7103361983212623,red feathers,211
126,Nelson Sharp tailed Sparrow,30,3,27,0.1,0.5580963492393494,0.7721933126449585,0.5634385750855425,red feathers,211
127,Savannah Sparrow,30,1,29,0.03333333333333333,0.44141262769699097,0.7719446420669556,0.42327160369565286,red feathers,211
128,Seaside Sparrow,30,7,23,0.23333333333333334,0.432050883769989,0.7835121154785156,0.5732056843683679,red feathers,211
129,Song Sparrow,30,13,17,0.43333333333333335,0.6040287613868713,0.8139860033988953,0.6551550967139574,red feathers,211
130,Tree Sparrow,30,5,25,0.16666666666666666,0.6970916390419006,0.783413290977478,0.7901379738844613,red feathers,211
131,Vesper Sparrow,30,2,28,0.06666666666666667,0.4865477979183197,0.7682740688323975,0.5412683933975605,red feathers,211
132,White crowned Sparrow,30,0,30,0.0,0.42503082752227783,0.7400187849998474,,red feathers,211
133,White throated Sparrow,30,1,29,0.03333333333333333,0.33214715123176575,0.7294202446937561,0.48218865223922025,red feathers,211
134,Cape Glossy Starling,30,0,30,0.0,0.4640156924724579,0.7379249334335327,,red feathers,211
135,Bank Swallow,30,0,30,0.0,0.46739110350608826,0.7129337787628174,,red feathers,211
136,Barn Swallow,30,7,23,0.23333333333333334,0.404664009809494,0.7791813015937805,0.38058207671376953,red feathers,211
137,Cliff Swallow,30,8,22,0.26666666666666666,0.5775101780891418,0.7913264632225037,0.6195780295598542,red feathers,211
138,Tree Swallow,30,0,30,0.0,0.2489309161901474,0.7078336477279663,,red feathers,211
139,Scarlet Tanager,30,30,0,1.0,0.9466711282730103,0.9126057028770447,0.9471443140738988,red feathers,211
140,Summer Tanager,30,30,0,1.0,0.9678335189819336,0.9162282943725586,0.9679249741083298,red feathers,211
142,Black Tern,30,1,29,0.03333333333333333,0.47171875834465027,0.7039670944213867,0.4645476891207068,red feathers,211
120,Fox Sparrow,30,7,23,0.23333333333333334,0.5046178102493286,0.8063291907310486,0.6018807500457617,red feathers,211
118,House Sparrow,30,3,27,0.1,0.5819242000579834,0.7626701593399048,0.7440488913857674,red feathers,211
116,Chipping Sparrow,30,5,25,0.16666666666666666,0.6977193355560303,0.781978964805603,0.7712155337635593,red feathers,211
2,Laysan Albatross,30,0,30,0.0,0.42108312249183655,0.6550799012184143,,red feathers,211
92,Nighthawk,30,2,28,0.06666666666666667,0.427096962928772,0.76878821849823,0.4670350550381619,red feathers,211
93,Clark Nutcracker,30,0,30,0.0,0.283397376537323,0.6940476298332214,,red feathers,211
94,White breasted Nuthatch,30,0,30,0.0,0.3501438498497009,0.7015492916107178,,red feathers,211
95,Baltimore Oriole,30,0,30,0.0,0.7194475531578064,0.7396790385246277,,red feathers,211
96,Hooded Oriole,30,1,29,0.03333333333333333,0.6899251937866211,0.7151758074760437,0.8380742623696341,red feathers,211
98,Scott Oriole,30,1,29,0.03333333333333333,0.5018609762191772,0.714921236038208,0.602337763638855,red feathers,211
99,Ovenbird,30,3,27,0.1,0.44819068908691406,0.7446747422218323,0.6293659352693471,red feathers,211
100,Brown Pelican,30,0,30,0.0,0.47676363587379456,0.6962023377418518,,red feathers,211
102,Western Wood Pewee,30,0,30,0.0,0.6281232237815857,0.745414674282074,,red feathers,211
114,Black throated Sparrow,30,0,30,0.0,0.3674241304397583,0.739345371723175,,red feathers,211
103,Sayornis,30,1,29,0.03333333333333333,0.5260397791862488,0.7369658350944519,0.6382289404728918,red feathers,211
104,American Pipit,30,1,29,0.03333333333333333,0.5392714142799377,0.7446319460868835,0.6876859665915291,red feathers,211
106,Horned Puffin,30,0,30,0.0,0.37619102001190186,0.6879705786705017,,red feathers,211
107,Common Raven,30,0,30,0.0,0.5177825093269348,0.7260913848876953,,red feathers,211
109,American Redstart,30,1,29,0.03333333333333333,0.40944454073905945,0.7618242502212524,0.40910727288216914,red feathers,211
110,Geococcyx,30,1,29,0.03333333333333333,0.41356122493743896,0.7688862681388855,0.5997480753627487,red feathers,211
111,Loggerhead Shrike,30,0,30,0.0,0.38554075360298157,0.6938249468803406,,red feathers,211
112,Great Grey Shrike,30,0,30,0.0,0.3904147446155548,0.7054229974746704,,red feathers,211
143,Caspian Tern,30,6,24,0.2,0.6003113389015198,0.790847897529602,0.6333485602928706,red feathers,211
144,Common Tern,30,6,24,0.2,0.5669885873794556,0.7821539640426636,0.6020337237690101,red feathers,211
145,Elegant Tern,30,6,24,0.2,0.52927166223526,0.7689856886863708,0.6306314748546001,red feathers,211
189,Red bellied Woodpecker,30,13,17,0.43333333333333335,0.7541196346282959,0.8173666000366211,0.7707850912354547,red feathers,211
177,Prothonotary Warbler,30,0,30,0.0,0.6613329648971558,0.7159528136253357,,red feathers,211
180,Wilson Warbler,30,0,30,0.0,0.48445308208465576,0.7223047614097595,,red feathers,211
182,Yellow Warbler,30,1,29,0.03333333333333333,0.6784386038780212,0.7436981797218323,0.7196426573416416,red feathers,211
183,Northern Waterthrush,30,0,30,0.0,0.4031611382961273,0.7571764588356018,,red feathers,211
184,Louisiana Waterthrush,30,0,30,0.0,0.32169437408447266,0.730668842792511,,red feathers,211
185,Bohemian Waxwing,30,3,27,0.1,0.6798416376113892,0.7762211561203003,0.7979311036129542,red feathers,211
186,Cedar Waxwing,30,0,30,0.0,0.6264802813529968,0.7126867175102234,,red feathers,211
188,Pileated Woodpecker,30,9,21,0.3,0.7145366072654724,0.804304301738739,0.6957782747439125,red feathers,211
191,Red headed Woodpecker,30,22,8,0.7333333333333333,0.736405611038208,0.8419584035873413,0.7306209183030731,red feathers,211
175,Pine Warbler,30,0,30,0.0,0.5078022480010986,0.719751238822937,,red feathers,211
192,Downy Woodpecker,30,1,29,0.03333333333333333,0.5150074362754822,0.7585801482200623,0.5949764753671781,red feathers,211
193,Bewick Wren,30,3,27,0.1,0.5325857400894165,0.7514618635177612,0.5894272937310647,red feathers,211
194,Cactus Wren,30,4,26,0.13333333333333333,0.3918909430503845,0.7845813035964966,0.3306214749431809,red feathers,211
195,Carolina Wren,30,0,30,0.0,0.5129026770591736,0.7660427093505859,,red feathers,211
196,House Wren,30,1,29,0.03333333333333333,0.4161820709705353,0.763446569442749,0.5345500589498438,red feathers,211
197,Marsh Wren,30,1,29,0.03333333333333333,0.4566231966018677,0.758722186088562,0.3900207338305149,red feathers,211
198,Rock Wren,30,0,30,0.0,0.3884565532207489,0.7519913911819458,,red feathers,211
199,Winter Wren,30,13,17,0.43333333333333335,0.5167331099510193,0.8068050742149353,0.5011934309341056,red feathers,211
176,Prairie Warbler,30,0,30,0.0,0.4641396701335907,0.7163782119750977,,red feathers,211
174,Palm Warbler,30,4,26,0.13333333333333333,0.5655562877655029,0.7680211663246155,0.7105188713341514,red feathers,211
146,Forsters Tern,30,0,30,0.0,0.5044787526130676,0.7555849552154541,,red feathers,211
159,Black and white Warbler,30,0,30,0.0,0.35590660572052,0.7329806685447693,,red feathers,211
147,Least Tern,30,0,30,0.0,0.2821764647960663,0.7093379497528076,,red feathers,211
148,Green tailed Towhee,30,6,24,0.2,0.7096629738807678,0.7896435260772705,0.722559891428803,red feathers,211
150,Sage Thrasher,30,2,28,0.06666666666666667,0.4771965444087982,0.7783164381980896,0.5104303093923547,red feathers,211
152,Blue headed Vireo,30,0,30,0.0,0.251325398683548,0.6763219833374023,,red feathers,211
154,Red eyed Vireo,30,0,30,0.0,0.3019418716430664,0.7067827582359314,,red feathers,211
155,Warbling Vireo,30,0,30,0.0,0.3088598847389221,0.7284485697746277,,red feathers,211
156,White eyed Vireo,30,0,30,0.0,0.2761954665184021,0.6730626225471497,,red feathers,211
158,Bay breasted Warbler,30,8,22,0.26666666666666666,0.6609650254249573,0.7835382223129272,0.776056164822951,red feathers,211
161,Blue winged Warbler,30,0,30,0.0,0.6250375509262085,0.7070656418800354,,red feathers,211
173,Orange crowned Warbler,30,0,30,0.0,0.5475906729698181,0.7247506976127625,,red feathers,211
162,Canada Warbler,30,0,30,0.0,0.28421491384506226,0.6920779347419739,,red feathers,211
163,Cape May Warbler,30,2,28,0.06666666666666667,0.38079068064689636,0.745469868183136,0.6277460492874005,red feathers,211
164,Cerulean Warbler,30,0,30,0.0,0.3505595326423645,0.7120030522346497,,red feathers,211
165,Chestnut sided Warbler,30,2,28,0.06666666666666667,0.3970726430416107,0.72419273853302,0.486509124880583,red feathers,211
167,Hooded Warbler,30,0,30,0.0,0.4234108030796051,0.6854901909828186,,red feathers,211
170,Mourning Warbler,30,0,30,0.0,0.39063650369644165,0.7161223888397217,,red feathers,211
171,Myrtle Warbler,30,0,30,0.0,0.38044390082359314,0.6786328554153442,,red feathers,211
172,Nashville Warbler,30,0,30,0.0,0.29351750016212463,0.7104942202568054,,red feathers,211
91,Mockingbird,30,0,30,0.0,0.5308401584625244,0.7198637127876282,,red feathers,211
200,Common Yellowthroat,30,0,30,0.0,0.3317861557006836,0.6952993273735046,,red feathers,211
89,Hooded Merganser,30,1,29,0.03333333333333333,0.4079650938510895,0.7021786570549011,0.793312645482943,red feathers,211
62,Herring Gull,30,0,30,0.0,0.40797507762908936,0.7094990015029907,,red feathers,211
88,Western Meadowlark,30,0,30,0.0,0.3662777543067932,0.7221291661262512,,red feathers,211
45,Northern Fulmar,30,0,30,0.0,0.49642592668533325,0.6813675165176392,,red feathers,211
46,Gadwall,30,0,30,0.0,0.2543737292289734,0.7173009514808655,,red feathers,211
47,American Goldfinch,30,0,30,0.0,0.4168790578842163,0.7222545146942139,,red feathers,211
48,European Goldfinch,30,3,27,0.1,0.39048781991004944,0.7543738484382629,0.4293509327128564,red feathers,211
49,Boat tailed Grackle,30,0,30,0.0,0.42590969800949097,0.7299289107322693,,red feathers,211
50,Eared Grebe,30,2,28,0.06666666666666667,0.6129671931266785,0.7443546056747437,0.8475439401855572,red feathers,211
51,Horned Grebe,30,4,26,0.13333333333333333,0.722463071346283,0.7631202936172485,0.8458023892657154,red feathers,211
52,Pied billed Grebe,30,0,30,0.0,0.40140044689178467,0.7362940311431885,,red feathers,211
53,Western Grebe,30,0,30,0.0,0.43125203251838684,0.7269266843795776,,red feathers,211
54,Blue Grosbeak,30,1,29,0.03333333333333333,0.6371224522590637,0.7691203355789185,0.4906047907621662,red feathers,211
55,Evening Grosbeak,30,0,30,0.0,0.2829343378543854,0.6922692656517029,,red feathers,211
56,Pine Grosbeak,30,23,7,0.7666666666666667,0.9208991527557373,0.8720365166664124,0.9552569472688834,red feathers,211
57,Rose breasted Grosbeak,30,25,5,0.8333333333333334,0.6434869170188904,0.8571814894676208,0.6469099522642668,red feathers,211
59,California Gull,30,0,30,0.0,0.3585952818393707,0.6980605721473694,,red feathers,211
42,Vermilion Flycatcher,30,30,0,1.0,0.9515722393989563,0.9210414886474609,0.9516764652892338,red feathers,211
41,Scissor tailed Flycatcher,30,2,28,0.06666666666666667,0.5945022106170654,0.7310723662376404,0.6314212473975017,red feathers,211
40,Olive sided Flycatcher,30,0,30,0.0,0.5060082077980042,0.7333370447158813,,red feathers,211
25,Pelagic Cormorant,30,0,30,0.0,0.49836960434913635,0.7154514789581299,,red feathers,211
4,Groove billed Ani,30,4,26,0.13333333333333333,0.48461875319480896,0.7794927358627319,0.641916647644555,red feathers,211
10,Red winged Blackbird,30,24,6,0.8,0.6616384983062744,0.8610802888870239,0.6852366075755041,red feathers,211
11,Rusty Blackbird,30,2,28,0.06666666666666667,0.4769507050514221,0.7684438228607178,0.7380153349754962,red feathers,211
13,Bobolink,30,0,30,0.0,0.4817926287651062,0.7082313895225525,,red feathers,211
14,Indigo Bunting,30,1,29,0.03333333333333333,0.595295250415802,0.7544000148773193,0.9047360974724169,red feathers,211
21,Eastern Towhee,30,4,26,0.13333333333333333,0.459703654050827,0.7872731685638428,0.4725248356934643,red feathers,211
26,Bronzed Cowbird,30,4,26,0.13333333333333333,0.660496711730957,0.7849710583686829,0.7247894459461052,red feathers,211
38,Great Crested Flycatcher,30,0,30,0.0,0.5831800103187561,0.7188364863395691,,red feathers,211
27,Shiny Cowbird,30,0,30,0.0,0.5266765356063843,0.7422268390655518,,red feathers,211
29,American Crow,30,0,30,0.0,0.5739185214042664,0.7339054346084595,,red feathers,211
30,Fish Crow,30,0,30,0.0,0.542787492275238,0.7343956828117371,,red feathers,211
31,Black billed Cuckoo,30,3,27,0.1,0.585422694683075,0.7659388780593872,0.7785858739611368,red feathers,211
35,Purple Finch,30,29,1,0.9666666666666667,0.9423694610595703,0.8990439176559448,0.9423478267464697,red feathers,211
36,Northern Flicker,30,8,22,0.26666666666666666,0.6138091683387756,0.7978579998016357,0.7013560661891882,red feathers,211
61,Heermann Gull,30,4,26,0.13333333333333333,0.5341176390647888,0.7758338451385498,0.6039012530739771,red feathers,211
44,Frigatebird,30,2,28,0.06666666666666667,0.5883800387382507,0.7200475335121155,0.7936222788114635,red feathers,211
71,Long tailed Jaeger,30,0,30,0.0,0.4579172432422638,0.7059804797172546,,red feathers,211
69,Rufous Hummingbird,30,10,20,0.3333333333333333,0.7601065039634705,0.8024898767471313,0.809064543323472,red feathers,211
76,Dark eyed Junco,30,0,30,0.0,0.4668337404727936,0.7653966546058655,,red feathers,211
79,Belted Kingfisher,30,1,29,0.03333333333333333,0.42699235677719116,0.7405568957328796,0.5918429453460691,red feathers,211
80,Green Kingfisher,30,2,28,0.06666666666666667,0.5062061548233032,0.7439479231834412,0.5995453272897798,red feathers,211
81,Pied Kingfisher,30,0,30,0.0,0.4052692651748657,0.728702187538147,,red feathers,211
74,Florida Jay,30,0,30,0.0,0.3150630295276642,0.7195338606834412,,red feathers,211
82,Ringed Kingfisher,30,2,28,0.06666666666666667,0.5900054574012756,0.7699267268180847,0.5240997983182623,red feathers,211
73,Blue Jay,30,0,30,0.0,0.3244398832321167,0.6965723037719727,,red feathers,211
72,Pomarine Jaeger,30,0,30,0.0,0.4430893659591675,0.695216953754425,,red feathers,211
70,Green Violetear,30,0,30,0.0,0.5361152291297913,0.7524588108062744,,red feathers,211
77,Tropical Kingbird,30,0,30,0.0,0.49799272418022156,0.6912018060684204,,red feathers,211
86,Pacific Loon,30,0,30,0.0,0.4763341546058655,0.6748001575469971,,red feathers,211
67,Anna Hummingbird,30,8,22,0.26666666666666666,0.6831817626953125,0.7885818481445312,0.8041607264921097,red feathers,211
83,White breasted Kingfisher,30,3,27,0.1,0.7490598559379578,0.784442126750946,0.8783568762478596,red feathers,211
66,Western Gull,30,0,30,0.0,0.3659592568874359,0.7085229158401489,,red feathers,211
68,Ruby throated Hummingbird,30,6,24,0.2,0.6304212808609009,0.7734960317611694,0.6964832860993188,red feathers,211
64,Ring billed Gull,30,1,29,0.03333333333333333,0.4270661175251007,0.716105043888092,0.5766997280216828,red feathers,211
85,Horned Lark,30,0,30,0.0,0.3154875636100769,0.7101585268974304,,red feathers,211
19,Gray Catbird,29,0,29,0.0,0.45810002088546753,0.7640475034713745,,red feathers,211
169,Magnolia Warbler,29,0,29,0.0,0.29480645060539246,0.7055520415306091,,red feathers,211
60,Glaucous winged Gull,29,0,29,0.0,0.4091513156890869,0.7287828922271729,,red feathers,211
87,Mallard,29,0,29,0.0,0.26618635654449463,0.7165476083755493,,red feathers,211
166,Golden winged Warbler,29,0,29,0.0,0.3183523416519165,0.660026490688324,,red feathers,211
28,Brown Creeper,29,2,27,0.06896551724137931,0.5079130530357361,0.7575980424880981,0.43782171008029175,red feathers,211
168,Kentucky Warbler,29,0,29,0.0,0.30255821347236633,0.6781001687049866,,red feathers,211
190,Red cockaded Woodpecker,29,0,29,0.0,0.4638334810733795,0.7250962853431702,,red feathers,211
23,Brandt Cormorant,29,0,29,0.0,0.45300063490867615,0.6896518468856812,,red feathers,211
97,Orchard Oriole,29,7,22,0.2413793103448276,0.7444237470626831,0.7942328453063965,0.8168167009468928,red feathers,211
33,Yellow billed Cuckoo,29,1,28,0.034482758620689655,0.4610840380191803,0.7205543518066406,0.5350722053465969,red feathers,211
181,Worm eating Warbler,29,0,29,0.0,0.4597131609916687,0.7146144509315491,,red feathers,211
20,Yellow breasted Chat,29,0,29,0.0,0.2991107404232025,0.6931623220443726,,red feathers,211
179,Tennessee Warbler,29,1,28,0.034482758620689655,0.42013299465179443,0.7118544578552246,0.683732144862244,red feathers,211
125,Lincoln Sparrow,29,5,24,0.1724137931034483,0.5193330645561218,0.7840034365653992,0.6227826359677204,red feathers,211
78,Gray Kingbird,29,0,29,0.0,0.49852433800697327,0.7190967798233032,,red feathers,211
117,Clay colored Sparrow,29,3,26,0.10344827586206896,0.41808974742889404,0.7575056552886963,0.6003639112368888,red feathers,211
124,Le Conte Sparrow,29,2,27,0.06896551724137931,0.5406197905540466,0.7726263403892517,0.6744964625018962,red feathers,211
119,Field Sparrow,29,6,23,0.20689655172413793,0.6719286441802979,0.784106433391571,0.7013297093108521,red feathers,211
160,Black throated Blue Warbler,29,0,29,0.0,0.2616356611251831,0.7156535387039185,,red feathers,211
115,Brewer Sparrow,29,0,29,0.0,0.4532439112663269,0.7686920762062073,,red feathers,211
141,Artic Tern,29,9,20,0.3103448275862069,0.5656208395957947,0.803080141544342,0.6249557974449669,red feathers,211
43,Yellow bellied Flycatcher,29,0,29,0.0,0.5441026091575623,0.7271625399589539,,red feathers,211
108,White necked Raven,29,0,29,0.0,0.4874088168144226,0.7125557661056519,,red feathers,211
149,Brown Thrasher,29,10,19,0.3448275862068966,0.712149441242218,0.7999061346054077,0.7717207654645809,red feathers,211
63,Ivory Gull,29,0,29,0.0,0.5138214230537415,0.6966472864151001,,red feathers,211
39,Least Flycatcher,29,0,29,0.0,0.5575637221336365,0.7438575625419617,,red feathers,211
153,Philadelphia Vireo,29,0,29,0.0,0.32366251945495605,0.6901665329933167,,red feathers,211
37,Acadian Flycatcher,29,0,29,0.0,0.5638643503189087,0.7509748339653015,,red feathers,211
157,Yellow throated Vireo,29,0,29,0.0,0.4149436950683594,0.6683521866798401,,red feathers,211
34,Gray crowned Rosy Finch,29,14,15,0.4827586206896552,0.6426376700401306,0.8137761354446411,0.6850308533818684,red feathers,211
9,Brewer Blackbird,28,1,27,0.03571428571428571,0.4619552791118622,0.7332835793495178,0.6879480150741629,red feathers,211
3,Sooty Albatross,28,0,28,0.0,0.4107108414173126,0.6647353172302246,,red feathers,211
58,Pigeon Guillemot,28,5,23,0.17857142857142858,0.46578821539878845,0.7709367871284485,0.4393495692355288,red feathers,211
16,Painted Bunting,28,12,16,0.42857142857142855,0.7866679430007935,0.7995004057884216,0.847459011540906,red feathers,211
15,Lazuli Bunting,28,0,28,0.0,0.399059921503067,0.7224425673484802,,red feathers,211
75,Green Jay,27,0,27,0.0,0.28961652517318726,0.6606385111808777,,red feathers,211
17,Cardinal,27,27,0,1.0,0.9595935940742493,0.9170902371406555,0.9597222303530222,red feathers,211
12,Yellow headed Blackbird,26,0,26,0.0,0.5816625356674194,0.7253243327140808,,red feathers,211
178,Swainson Warbler,26,1,25,0.038461538461538464,0.5727475881576538,0.7304807305335999,0.8906171597335693,red feathers,211
22,Chuck will Widow,26,1,25,0.038461538461538464,0.584269106388092,0.7263144850730896,0.5719426835299947,red feathers,211
7,Parakeet Auklet,23,0,23,0.0,0.5464205741882324,0.7463459968566895,,red feathers,211
32,Mangrove Cuckoo,23,1,22,0.043478260869565216,0.4132789671421051,0.7266262769699097,0.7960007122640645,red feathers,211
84,Red legged Kittiwake,23,0,23,0.0,0.4105887711048126,0.7464688420295715,,red feathers,211
24,Red faced Cormorant,22,1,21,0.045454545454545456,0.6164849996566772,0.745028555393219,0.809307660605704,red feathers,211
151,Black capped Vireo,21,0,21,0.0,0.2571779787540436,0.6639811992645264,,red feathers,211
65,Slaty backed Gull,20,0,20,0.0,0.3808884620666504,0.7104805707931519,,red feathers,211
187,American Three toed Woodpecker,20,0,20,0.0,0.42785507440567017,0.7250663042068481,,red feathers,211
113,Baird Sparrow,20,0,20,0.0,0.42146173119544983,0.759139895439148,,red feathers,211
101,White Pelican,20,1,19,0.05,0.5654677152633667,0.7511033415794373,0.5989002569481879,red feathers,211
105,Whip poor Will,19,0,19,0.0,0.5265402793884277,0.7276930809020996,,red feathers,211
8,Rhinoceros Auklet,18,0,18,0.0,0.4588061571121216,0.6912087202072144,,red feathers,211
18,Spotted Catbird,15,1,14,0.06666666666666667,0.43150854110717773,0.7498180270195007,0.5560242468007833,red feathers,211
5,Crested Auklet,14,1,13,0.07142857142857142,0.6189323663711548,0.7572324872016907,0.7622683308476826,red feathers,211
6,Least Auklet,11,0,11,0.0,0.4266194999217987,0.7148551344871521,,red feathers,211
1,Black footed Albatross,30,2,28,0.06666666666666667,0.7060416340827942,0.765326201915741,0.6629637819142997,large feet,187
90,Red breasted Merganser,30,0,30,0.0,0.4902634024620056,0.7212008237838745,,large feet,187
121,Grasshopper Sparrow,30,1,29,0.03333333333333333,0.5797244310379028,0.7434632778167725,0.9087301198065177,large feet,187
122,Harris Sparrow,30,3,27,0.1,0.5805570483207703,0.7466846108436584,0.5084288360350319,large feet,187
123,Henslow Sparrow,30,1,29,0.03333333333333333,0.2757457196712494,0.7287660241127014,0.24137296278531462,large feet,187
126,Nelson Sharp tailed Sparrow,30,2,28,0.06666666666666667,0.312840074300766,0.7213632464408875,0.6567101894096053,large feet,187
127,Savannah Sparrow,30,0,30,0.0,0.5545995235443115,0.7408973574638367,,large feet,187
128,Seaside Sparrow,30,1,29,0.03333333333333333,0.39936313033103943,0.7517171502113342,0.3992530428102238,large feet,187
129,Song Sparrow,30,2,28,0.06666666666666667,0.5359033346176147,0.7415184378623962,0.7375043442678478,large feet,187
130,Tree Sparrow,30,1,29,0.03333333333333333,0.5346215963363647,0.7444767355918884,0.8113543489342265,large feet,187
131,Vesper Sparrow,30,0,30,0.0,0.5469570755958557,0.7179262638092041,,large feet,187
132,White crowned Sparrow,30,2,28,0.06666666666666667,0.7279363870620728,0.7616482377052307,0.8002338431032912,large feet,187
133,White throated Sparrow,30,1,29,0.03333333333333333,0.6520786881446838,0.7509053945541382,0.8700254066016314,large feet,187
134,Cape Glossy Starling,30,2,28,0.06666666666666667,0.5835669636726379,0.7507731914520264,0.8044211225996868,large feet,187
135,Bank Swallow,30,0,30,0.0,0.4741917550563812,0.7366530299186707,,large feet,187
136,Barn Swallow,30,0,30,0.0,0.49055662751197815,0.7481380105018616,,large feet,187
137,Cliff Swallow,30,1,29,0.03333333333333333,0.5361419916152954,0.7412838339805603,0.547995644720049,large feet,187
138,Tree Swallow,30,1,29,0.03333333333333333,0.6016416549682617,0.7641652822494507,0.830086360527001,large feet,187
139,Scarlet Tanager,30,0,30,0.0,0.35256722569465637,0.7390006184577942,,large feet,187
140,Summer Tanager,30,0,30,0.0,0.4339330792427063,0.7256377935409546,,large feet,187
142,Black Tern,30,3,27,0.1,0.6193952560424805,0.7574983239173889,0.7336971649328231,large feet,187
120,Fox Sparrow,30,0,30,0.0,0.6082534790039062,0.7287202477455139,,large feet,187
118,House Sparrow,30,3,27,0.1,0.6344650387763977,0.7444552183151245,0.7335506389743586,large feet,187
116,Chipping Sparrow,30,0,30,0.0,0.5550781488418579,0.7360110878944397,,large feet,187
2,Laysan Albatross,30,14,16,0.4666666666666667,0.7502383589744568,0.8015491962432861,0.8030683836656762,large feet,187
92,Nighthawk,30,2,28,0.06666666666666667,0.49001818895339966,0.7583865523338318,0.40499916099593564,large feet,187
93,Clark Nutcracker,30,8,22,0.26666666666666666,0.7464401125907898,0.7890647053718567,0.8097521779278225,large feet,187
94,White breasted Nuthatch,30,1,29,0.03333333333333333,0.5856180191040039,0.7523977160453796,0.6405756200060628,large feet,187
95,Baltimore Oriole,30,0,30,0.0,0.287148118019104,0.730667769908905,,large feet,187
96,Hooded Oriole,30,0,30,0.0,0.277975469827652,0.7183934450149536,,large feet,187
98,Scott Oriole,30,2,28,0.06666666666666667,0.3167324960231781,0.744531512260437,0.33484423174581146,large feet,187
99,Ovenbird,30,2,28,0.06666666666666667,0.39858901500701904,0.7334330677986145,0.7013399278280845,large feet,187
100,Brown Pelican,30,9,21,0.3,0.6011992692947388,0.7907507419586182,0.6292436828191141,large feet,187
102,Western Wood Pewee,30,1,29,0.03333333333333333,0.36420562863349915,0.7328105568885803,0.455557165129026,large feet,187
114,Black throated Sparrow,30,1,29,0.03333333333333333,0.5115599036216736,0.7489557862281799,0.7595456053443547,large feet,187
103,Sayornis,30,2,28,0.06666666666666667,0.42621490359306335,0.7414821982383728,0.7557589510003541,large feet,187
104,American Pipit,30,0,30,0.0,0.5336365103721619,0.7265456914901733,,large feet,187
106,Horned Puffin,30,12,18,0.4,0.6800246834754944,0.7987273931503296,0.7701901022019814,large feet,187
107,Common Raven,30,9,21,0.3,0.558253288269043,0.7910505533218384,0.6137155139437984,large feet,187
109,American Redstart,30,0,30,0.0,0.3056022524833679,0.729122519493103,,large feet,187
110,Geococcyx,30,2,28,0.06666666666666667,0.5531275868415833,0.7615336179733276,0.6633512153581752,large feet,187
111,Loggerhead Shrike,30,1,29,0.03333333333333333,0.49530336260795593,0.752966046333313,0.39834288565316656,large feet,187
112,Great Grey Shrike,30,2,28,0.06666666666666667,0.5322936177253723,0.7603291273117065,0.6307871404474263,large feet,187
143,Caspian Tern,30,4,26,0.13333333333333333,0.5820451974868774,0.7680131196975708,0.7451450596606886,large feet,187
144,Common Tern,30,9,21,0.3,0.6624908447265625,0.7800294756889343,0.8049168112028403,large feet,187
145,Elegant Tern,30,8,22,0.26666666666666666,0.6436062455177307,0.7782977223396301,0.8034739983397161,large feet,187
189,Red bellied Woodpecker,30,0,30,0.0,0.3799129128456116,0.7338305115699768,,large feet,187
177,Prothonotary Warbler,30,0,30,0.0,0.4389573335647583,0.7371150851249695,,large feet,187
180,Wilson Warbler,30,1,29,0.03333333333333333,0.4256046712398529,0.7225104570388794,0.8740207806512693,large feet,187
182,Yellow Warbler,30,0,30,0.0,0.3498339354991913,0.7195059657096863,,large feet,187
183,Northern Waterthrush,30,2,28,0.06666666666666667,0.47257664799690247,0.7459123134613037,0.559450276310608,large feet,187
184,Louisiana Waterthrush,30,1,29,0.03333333333333333,0.6631724238395691,0.7560449242591858,0.8888145810947241,large feet,187
185,Bohemian Waxwing,30,2,28,0.06666666666666667,0.6576921939849854,0.7531763315200806,0.7230329847010561,large feet,187
186,Cedar Waxwing,30,0,30,0.0,0.42411214113235474,0.7528241872787476,,large feet,187
188,Pileated Woodpecker,30,1,29,0.03333333333333333,0.4431268572807312,0.7597931623458862,0.4682758831769858,large feet,187
191,Red headed Woodpecker,30,2,28,0.06666666666666667,0.45652443170547485,0.7639728784561157,0.6623850216878412,large feet,187
175,Pine Warbler,30,0,30,0.0,0.3477177321910858,0.7342408895492554,,large feet,187
192,Downy Woodpecker,30,0,30,0.0,0.41767388582229614,0.741770327091217,,large feet,187
193,Bewick Wren,30,2,28,0.06666666666666667,0.47137829661369324,0.7414408922195435,0.6330462038379447,large feet,187
194,Cactus Wren,30,0,30,0.0,0.41424912214279175,0.7361125946044922,,large feet,187
195,Carolina Wren,30,1,29,0.03333333333333333,0.5028710961341858,0.7404384613037109,0.6063001038870148,large feet,187
196,House Wren,30,0,30,0.0,0.5517383813858032,0.7299405932426453,,large feet,187
197,Marsh Wren,30,0,30,0.0,0.40506282448768616,0.7305449843406677,,large feet,187
198,Rock Wren,30,0,30,0.0,0.5597959160804749,0.727543830871582,,large feet,187
199,Winter Wren,30,1,29,0.03333333333333333,0.5402143001556396,0.7528760433197021,0.9085492816980978,large feet,187
176,Prairie Warbler,30,1,29,0.03333333333333333,0.23208080232143402,0.7218650579452515,0.5098179073150546,large feet,187
174,Palm Warbler,30,1,29,0.03333333333333333,0.29500213265419006,0.7223283648490906,0.4612413367246057,large feet,187
146,Forsters Tern,30,8,22,0.26666666666666666,0.7325239777565002,0.7889382839202881,0.8505162500911605,large feet,187
159,Black and white Warbler,30,0,30,0.0,0.33099907636642456,0.7354431748390198,,large feet,187
147,Least Tern,30,17,13,0.5666666666666667,0.7459409236907959,0.8111144304275513,0.7705941470434099,large feet,187
148,Green tailed Towhee,30,1,29,0.03333333333333333,0.3627767562866211,0.7328636050224304,0.7710714027530733,large feet,187
150,Sage Thrasher,30,0,30,0.0,0.4547388255596161,0.7133932113647461,,large feet,187
152,Blue headed Vireo,30,1,29,0.03333333333333333,0.3275231420993805,0.7303940653800964,0.2975907906168709,large feet,187
154,Red eyed Vireo,30,1,29,0.03333333333333333,0.33367881178855896,0.733540415763855,0.3701422936563873,large feet,187
155,Warbling Vireo,30,0,30,0.0,0.3610197603702545,0.7240674495697021,,large feet,187
156,White eyed Vireo,30,0,30,0.0,0.265169620513916,0.7151733040809631,,large feet,187
158,Bay breasted Warbler,30,1,29,0.03333333333333333,0.2647283971309662,0.7379777431488037,0.34647796443517603,large feet,187
161,Blue winged Warbler,30,0,30,0.0,0.26271378993988037,0.7396222352981567,,large feet,187
173,Orange crowned Warbler,30,0,30,0.0,0.3323479890823364,0.7233878970146179,,large feet,187
162,Canada Warbler,30,0,30,0.0,0.3956208825111389,0.7205408811569214,,large feet,187
163,Cape May Warbler,30,0,30,0.0,0.21960683166980743,0.7080535888671875,,large feet,187
164,Cerulean Warbler,30,1,29,0.03333333333333333,0.423232764005661,0.7558678984642029,0.5112877504729884,large feet,187
165,Chestnut sided Warbler,30,0,30,0.0,0.3232533633708954,0.7160508036613464,,large feet,187
167,Hooded Warbler,30,0,30,0.0,0.30660444498062134,0.7120815515518188,,large feet,187
170,Mourning Warbler,30,1,29,0.03333333333333333,0.4468078315258026,0.7421256899833679,0.6414867298777847,large feet,187
171,Myrtle Warbler,30,0,30,0.0,0.3493683934211731,0.7196047902107239,,large feet,187
172,Nashville Warbler,30,0,30,0.0,0.35314640402793884,0.7134925127029419,,large feet,187
91,Mockingbird,30,1,29,0.03333333333333333,0.5130825638771057,0.7436342835426331,0.8320984889771852,large feet,187
200,Common Yellowthroat,30,0,30,0.0,0.360413521528244,0.7189027070999146,,large feet,187
89,Hooded Merganser,30,0,30,0.0,0.5827196836471558,0.7483572363853455,,large feet,187
62,Herring Gull,30,19,11,0.6333333333333333,0.8260205984115601,0.8257810473442078,0.8676657907665011,large feet,187
88,Western Meadowlark,30,0,30,0.0,0.4492954909801483,0.7296607494354248,,large feet,187
45,Northern Fulmar,30,5,25,0.16666666666666666,0.8023751378059387,0.773438036441803,0.8318038961325402,large feet,187
46,Gadwall,30,14,16,0.4666666666666667,0.7835127711296082,0.7980902194976807,0.8396109978249662,large feet,187
47,American Goldfinch,30,0,30,0.0,0.4104193449020386,0.7356506586074829,,large feet,187
48,European Goldfinch,30,2,28,0.06666666666666667,0.438897967338562,0.7517009973526001,0.7311736117335473,large feet,187
49,Boat tailed Grackle,30,3,27,0.1,0.5243328809738159,0.7794400453567505,0.623668586042563,large feet,187
50,Eared Grebe,30,0,30,0.0,0.3489876687526703,0.72231125831604,,large feet,187
51,Horned Grebe,30,0,30,0.0,0.37823164463043213,0.7126592993736267,,large feet,187
52,Pied billed Grebe,30,0,30,0.0,0.5117248892784119,0.7335971593856812,,large feet,187
53,Western Grebe,30,0,30,0.0,0.4358471930027008,0.73403400182724,,large feet,187
54,Blue Grosbeak,30,1,29,0.03333333333333333,0.41065895557403564,0.7456997632980347,0.7420235407754913,large feet,187
55,Evening Grosbeak,30,0,30,0.0,0.5449295043945312,0.747860848903656,,large feet,187
56,Pine Grosbeak,30,0,30,0.0,0.4311092793941498,0.7197421193122864,,large feet,187
57,Rose breasted Grosbeak,30,0,30,0.0,0.36110323667526245,0.7532724738121033,,large feet,187
59,California Gull,30,25,5,0.8333333333333334,0.8719215989112854,0.8610231876373291,0.8985681151233145,large feet,187
42,Vermilion Flycatcher,30,0,30,0.0,0.26533761620521545,0.7181724309921265,,large feet,187
41,Scissor tailed Flycatcher,30,0,30,0.0,0.5370771884918213,0.7082749009132385,,large feet,187
40,Olive sided Flycatcher,30,2,28,0.06666666666666667,0.42542341351509094,0.7542511820793152,0.5510938333197359,large feet,187
25,Pelagic Cormorant,30,5,25,0.16666666666666666,0.5474525094032288,0.7705719470977783,0.564768164995687,large feet,187
4,Groove billed Ani,30,3,27,0.1,0.37272152304649353,0.7748244404792786,0.4168197710701463,large feet,187
10,Red winged Blackbird,30,1,29,0.03333333333333333,0.3811226487159729,0.7530672550201416,0.6341665143084599,large feet,187
11,Rusty Blackbird,30,0,30,0.0,0.5428170561790466,0.7458375096321106,,large feet,187
13,Bobolink,30,0,30,0.0,0.45266956090927124,0.730190634727478,,large feet,187
14,Indigo Bunting,30,1,29,0.03333333333333333,0.46936097741127014,0.7603293061256409,0.7503370146013966,large feet,187
21,Eastern Towhee,30,0,30,0.0,0.4675976037979126,0.7457895874977112,,large feet,187
26,Bronzed Cowbird,30,3,27,0.1,0.4740745425224304,0.7653476595878601,0.6740542583884688,large feet,187
38,Great Crested Flycatcher,30,0,30,0.0,0.26450231671333313,0.7238367199897766,,large feet,187
27,Shiny Cowbird,30,4,26,0.13333333333333333,0.5187598466873169,0.7709770798683167,0.6630039282233369,large feet,187
29,American Crow,30,16,14,0.5333333333333333,0.5851085186004639,0.8105117678642273,0.6418275637441895,large feet,187
30,Fish Crow,30,11,19,0.36666666666666664,0.5301622748374939,0.7980339527130127,0.5869656145376817,large feet,187
31,Black billed Cuckoo,30,1,29,0.03333333333333333,0.3483521342277527,0.7312582731246948,0.8024190315267556,large feet,187
35,Purple Finch,30,0,30,0.0,0.4486919343471527,0.7455506920814514,,large feet,187
36,Northern Flicker,30,1,29,0.03333333333333333,0.40838342905044556,0.7205395102500916,0.21799742435830788,large feet,187
61,Heermann Gull,30,24,6,0.8,0.864033579826355,0.8494727611541748,0.8663485689873351,large feet,187
44,Frigatebird,30,0,30,0.0,0.5435790419578552,0.7576342821121216,,large feet,187
71,Long tailed Jaeger,30,3,27,0.1,0.6080167293548584,0.762216329574585,0.7532543559337727,large feet,187
69,Rufous Hummingbird,30,0,30,0.0,0.3500477969646454,0.7128444314002991,,large feet,187
76,Dark eyed Junco,30,4,26,0.13333333333333333,0.5670164227485657,0.7803856730461121,0.7237337482732515,large feet,187
79,Belted Kingfisher,30,2,28,0.06666666666666667,0.3824689984321594,0.7521932125091553,0.40462549439422724,large feet,187
80,Green Kingfisher,30,4,26,0.13333333333333333,0.32426944375038147,0.7541530132293701,0.33616796586567127,large feet,187
81,Pied Kingfisher,30,1,29,0.03333333333333333,0.4173547923564911,0.7620713710784912,0.7284704594906034,large feet,187
74,Florida Jay,30,3,27,0.1,0.6025310158729553,0.7617419958114624,0.663215176734251,large feet,187
82,Ringed Kingfisher,30,2,28,0.06666666666666667,0.4004178047180176,0.7538445591926575,0.37493211157301887,large feet,187
73,Blue Jay,30,2,28,0.06666666666666667,0.6090059280395508,0.7605903744697571,0.6688604121826759,large feet,187
72,Pomarine Jaeger,30,4,26,0.13333333333333333,0.7049531936645508,0.7664090991020203,0.906035089146866,large feet,187
70,Green Violetear,30,0,30,0.0,0.42323917150497437,0.7687785029411316,,large feet,187
77,Tropical Kingbird,30,2,28,0.06666666666666667,0.34840455651283264,0.7350305914878845,0.46979584360302684,large feet,187
86,Pacific Loon,30,1,29,0.03333333333333333,0.5587462186813354,0.7346639037132263,0.7058715409728569,large feet,187
67,Anna Hummingbird,30,2,28,0.06666666666666667,0.35628414154052734,0.7536278963088989,0.4947648973240791,large feet,187
83,White breasted Kingfisher,30,1,29,0.03333333333333333,0.5473283529281616,0.744123101234436,0.7904575755655476,large feet,187
66,Western Gull,30,27,3,0.9,0.9147151708602905,0.857995331287384,0.9197708370974034,large feet,187
68,Ruby throated Hummingbird,30,2,28,0.06666666666666667,0.3813176155090332,0.7510303854942322,0.3991999878810087,large feet,187
64,Ring billed Gull,30,18,12,0.6,0.8248111009597778,0.8339807391166687,0.887726067654554,large feet,187
85,Horned Lark,30,3,27,0.1,0.6053293943405151,0.750785231590271,0.6979897089454702,large feet,187
19,Gray Catbird,29,2,27,0.06896551724137931,0.5413852334022522,0.7529317140579224,0.7576527586253494,large feet,187
169,Magnolia Warbler,29,0,29,0.0,0.29588133096694946,0.7276903986930847,,large feet,187
60,Glaucous winged Gull,29,26,3,0.896551724137931,0.896490752696991,0.8769802451133728,0.9071047421711178,large feet,187
87,Mallard,29,15,14,0.5172413793103449,0.8048966526985168,0.8269625306129456,0.8398098138665023,large feet,187
166,Golden winged Warbler,29,1,28,0.034482758620689655,0.4258696436882019,0.7367199659347534,0.6386233367282939,large feet,187
28,Brown Creeper,29,4,25,0.13793103448275862,0.458284467458725,0.7632874250411987,0.4684248925065228,large feet,187
168,Kentucky Warbler,29,1,28,0.034482758620689655,0.43501338362693787,0.7382031679153442,0.532405382575144,large feet,187
190,Red cockaded Woodpecker,29,3,26,0.10344827586206896,0.36993643641471863,0.7659697532653809,0.31676729252181696,large feet,187
23,Brandt Cormorant,29,5,24,0.1724137931034483,0.5564512610435486,0.769737184047699,0.6597247788600429,large feet,187
97,Orchard Oriole,29,0,29,0.0,0.3036763370037079,0.7291547656059265,,large feet,187
33,Yellow billed Cuckoo,29,1,28,0.034482758620689655,0.4103811979293823,0.7351242303848267,0.38125481040746645,large feet,187
181,Worm eating Warbler,29,0,29,0.0,0.4610689878463745,0.7514962553977966,,large feet,187
20,Yellow breasted Chat,29,1,28,0.034482758620689655,0.2971077561378479,0.7255982160568237,0.46472399010551174,large feet,187
179,Tennessee Warbler,29,0,29,0.0,0.3311850130558014,0.7307997941970825,,large feet,187
125,Lincoln Sparrow,29,1,28,0.034482758620689655,0.3838125467300415,0.730986475944519,0.75107574550114,large feet,187
78,Gray Kingbird,29,4,25,0.13793103448275862,0.46644872426986694,0.756923496723175,0.4002749714667763,large feet,187
117,Clay colored Sparrow,29,0,29,0.0,0.5448456406593323,0.7460429072380066,,large feet,187
124,Le Conte Sparrow,29,0,29,0.0,0.2993212342262268,0.718410849571228,,large feet,187
119,Field Sparrow,29,1,28,0.034482758620689655,0.5463090538978577,0.7442343235015869,0.7739850023118147,large feet,187
160,Black throated Blue Warbler,29,1,28,0.034482758620689655,0.47926127910614014,0.7539731860160828,0.4032987492296632,large feet,187
115,Brewer Sparrow,29,1,28,0.034482758620689655,0.4855312407016754,0.7256463766098022,0.7844657751373861,large feet,187
141,Artic Tern,29,13,16,0.4482758620689655,0.6909826993942261,0.8094491362571716,0.7491145568905336,large feet,187
43,Yellow bellied Flycatcher,29,0,29,0.0,0.25059348344802856,0.7205640077590942,,large feet,187
108,White necked Raven,29,8,21,0.27586206896551724,0.6373758912086487,0.7859140038490295,0.6911634366918661,large feet,187
149,Brown Thrasher,29,1,28,0.034482758620689655,0.393322229385376,0.7320087552070618,0.5163236310338261,large feet,187
63,Ivory Gull,29,7,22,0.2413793103448276,0.8162063360214233,0.7877146601676941,0.8960045854437744,large feet,187
39,Least Flycatcher,29,0,29,0.0,0.28046339750289917,0.7308237552642822,,large feet,187
153,Philadelphia Vireo,29,1,28,0.034482758620689655,0.32049277424812317,0.7301430702209473,0.517163996834401,large feet,187
37,Acadian Flycatcher,29,1,28,0.034482758620689655,0.25170814990997314,0.7332783937454224,0.33139227264941373,large feet,187
157,Yellow throated Vireo,29,0,29,0.0,0.3163202106952667,0.7187703251838684,,large feet,187
34,Gray crowned Rosy Finch,29,0,29,0.0,0.5736499428749084,0.7295743227005005,,large feet,187
9,Brewer Blackbird,28,3,25,0.10714285714285714,0.615276038646698,0.7738524079322815,0.7977981802186012,large feet,187
3,Sooty Albatross,28,3,25,0.10714285714285714,0.696231484413147,0.7645357847213745,0.6866258189973332,large feet,187
58,Pigeon Guillemot,28,8,20,0.2857142857142857,0.7683072686195374,0.7979154586791992,0.8791852783112347,large feet,187
16,Painted Bunting,28,0,28,0.0,0.4385553002357483,0.7356957793235779,,large feet,187
15,Lazuli Bunting,28,2,26,0.07142857142857142,0.4267668128013611,0.7461968660354614,0.41312863051167437,large feet,187
75,Green Jay,27,3,24,0.1111111111111111,0.42971673607826233,0.7621250748634338,0.7046865777830501,large feet,187
17,Cardinal,27,0,27,0.0,0.40137046575546265,0.7404494881629944,,large feet,187
12,Yellow headed Blackbird,26,0,26,0.0,0.3568182587623596,0.7284488677978516,,large feet,187
178,Swainson Warbler,26,0,26,0.0,0.48888570070266724,0.7348619699478149,,large feet,187
22,Chuck will Widow,26,10,16,0.38461538461538464,0.4029019773006439,0.805915117263794,0.3795156501683255,large feet,187
7,Parakeet Auklet,23,9,14,0.391304347826087,0.6775908470153809,0.7992950081825256,0.7236766392626788,large feet,187
32,Mangrove Cuckoo,23,1,22,0.043478260869565216,0.38090527057647705,0.7564428448677063,0.4468351657815124,large feet,187
84,Red legged Kittiwake,23,13,10,0.5652173913043478,0.883271336555481,0.8408061265945435,0.938930628575257,large feet,187
24,Red faced Cormorant,22,3,19,0.13636363636363635,0.4787254333496094,0.7585974335670471,0.5606770532829355,large feet,187
151,Black capped Vireo,21,0,21,0.0,0.2733664810657501,0.7279787659645081,,large feet,187
65,Slaty backed Gull,20,14,6,0.7,0.855078399181366,0.8373492360115051,0.9099054496415417,large feet,187
187,American Three toed Woodpecker,20,2,18,0.1,0.33947983384132385,0.7614977359771729,0.2883181049371199,large feet,187
113,Baird Sparrow,20,0,20,0.0,0.3665357530117035,0.7234573364257812,,large feet,187
101,White Pelican,20,10,10,0.5,0.6511178612709045,0.814495861530304,0.662508075952339,large feet,187
105,Whip poor Will,19,6,13,0.3157894736842105,0.35573920607566833,0.7864203453063965,0.37811301430600114,large feet,187
8,Rhinoceros Auklet,18,6,12,0.3333333333333333,0.6460469961166382,0.7761054635047913,0.7670687254444504,large feet,187
18,Spotted Catbird,15,0,15,0.0,0.30252858996391296,0.7554247379302979,,large feet,187
5,Crested Auklet,14,2,12,0.14285714285714285,0.6724653244018555,0.7846794128417969,0.6113491221142102,large feet,187
6,Least Auklet,11,2,9,0.18181818181818182,0.574802041053772,0.7698491811752319,0.6151900577921714,large feet,187
1,Black footed Albatross,30,0,30,0.0,0.5416285991668701,0.6774638295173645,,a Scarlet-red body,6
90,Red breasted Merganser,30,2,28,0.06666666666666667,0.572611927986145,0.7456815242767334,0.4898350821851144,a Scarlet-red body,6
121,Grasshopper Sparrow,30,0,30,0.0,0.32661911845207214,0.7098467946052551,,a Scarlet-red body,6
122,Harris Sparrow,30,2,28,0.06666666666666667,0.38055479526519775,0.7279274463653564,0.5241761781854041,a Scarlet-red body,6
123,Henslow Sparrow,30,1,29,0.03333333333333333,0.418312668800354,0.7253974676132202,0.7938885819888349,a Scarlet-red body,6
126,Nelson Sharp tailed Sparrow,30,3,27,0.1,0.4847632348537445,0.7313573360443115,0.5306896491754546,a Scarlet-red body,6
127,Savannah Sparrow,30,0,30,0.0,0.3812054991722107,0.7201921343803406,,a Scarlet-red body,6
128,Seaside Sparrow,30,1,29,0.03333333333333333,0.4014793634414673,0.7316451668739319,0.44075232422563204,a Scarlet-red body,6
129,Song Sparrow,30,2,28,0.06666666666666667,0.5449418425559998,0.7469976544380188,0.4590370720413272,a Scarlet-red body,6
130,Tree Sparrow,30,0,30,0.0,0.6457081437110901,0.7316976189613342,,a Scarlet-red body,6
131,Vesper Sparrow,30,0,30,0.0,0.4216189384460449,0.7205568552017212,,a Scarlet-red body,6
132,White crowned Sparrow,30,0,30,0.0,0.39934539794921875,0.7122087478637695,,a Scarlet-red body,6
133,White throated Sparrow,30,0,30,0.0,0.3108580708503723,0.683513879776001,,a Scarlet-red body,6
134,Cape Glossy Starling,30,1,29,0.03333333333333333,0.572307825088501,0.7302778959274292,0.6656236184237432,a Scarlet-red body,6
135,Bank Swallow,30,1,29,0.03333333333333333,0.5054700970649719,0.7144283056259155,0.5676513457479628,a Scarlet-red body,6
136,Barn Swallow,30,6,24,0.2,0.4434884786605835,0.7579176425933838,0.44778292230649996,a Scarlet-red body,6
137,Cliff Swallow,30,10,20,0.3333333333333333,0.5698229074478149,0.7872644066810608,0.5964141978846619,a Scarlet-red body,6
138,Tree Swallow,30,0,30,0.0,0.3063738942146301,0.6955804824829102,,a Scarlet-red body,6
139,Scarlet Tanager,30,30,0,1.0,0.9612547755241394,0.9127727150917053,0.9614995061877843,a Scarlet-red body,6
140,Summer Tanager,30,30,0,1.0,0.9741292595863342,0.9139887690544128,0.9742539545624932,a Scarlet-red body,6
142,Black Tern,30,0,30,0.0,0.4097253382205963,0.679676353931427,,a Scarlet-red body,6
120,Fox Sparrow,30,4,26,0.13333333333333333,0.4741094410419464,0.7576629519462585,0.6152068949505632,a Scarlet-red body,6
118,House Sparrow,30,2,28,0.06666666666666667,0.5500512719154358,0.7322123646736145,0.7232598143981305,a Scarlet-red body,6
116,Chipping Sparrow,30,2,28,0.06666666666666667,0.6583883166313171,0.7363647818565369,0.8273884373076783,a Scarlet-red body,6
2,Laysan Albatross,30,0,30,0.0,0.4220927655696869,0.6569794416427612,,a Scarlet-red body,6
92,Nighthawk,30,0,30,0.0,0.4781753420829773,0.7108669281005859,,a Scarlet-red body,6
93,Clark Nutcracker,30,0,30,0.0,0.33987632393836975,0.684960126876831,,a Scarlet-red body,6
94,White breasted Nuthatch,30,0,30,0.0,0.32834750413894653,0.6868738532066345,,a Scarlet-red body,6
95,Baltimore Oriole,30,0,30,0.0,0.7243156433105469,0.730819821357727,,a Scarlet-red body,6
96,Hooded Oriole,30,0,30,0.0,0.7205508351325989,0.6970559358596802,,a Scarlet-red body,6
98,Scott Oriole,30,3,27,0.1,0.4651399254798889,0.7106755971908569,0.5397435485160875,a Scarlet-red body,6
99,Ovenbird,30,2,28,0.06666666666666667,0.4115472733974457,0.726199209690094,0.549542835581164,a Scarlet-red body,6
100,Brown Pelican,30,0,30,0.0,0.40333065390586853,0.6749946475028992,,a Scarlet-red body,6
102,Western Wood Pewee,30,0,30,0.0,0.646459698677063,0.7295593023300171,,a Scarlet-red body,6
114,Black throated Sparrow,30,0,30,0.0,0.3776068389415741,0.7230274081230164,,a Scarlet-red body,6
103,Sayornis,30,1,29,0.03333333333333333,0.4915335774421692,0.7213114500045776,0.6583097322409625,a Scarlet-red body,6
104,American Pipit,30,0,30,0.0,0.48512640595436096,0.7223111987113953,,a Scarlet-red body,6
106,Horned Puffin,30,0,30,0.0,0.37950965762138367,0.6905915141105652,,a Scarlet-red body,6
107,Common Raven,30,0,30,0.0,0.4903378486633301,0.7113210558891296,,a Scarlet-red body,6
109,American Redstart,30,4,26,0.13333333333333333,0.46312129497528076,0.7478869557380676,0.47484024233120375,a Scarlet-red body,6
110,Geococcyx,30,0,30,0.0,0.4662702977657318,0.700340986251831,,a Scarlet-red body,6
111,Loggerhead Shrike,30,0,30,0.0,0.42150071263313293,0.6946428418159485,,a Scarlet-red body,6
112,Great Grey Shrike,30,0,30,0.0,0.42536017298698425,0.7021311521530151,,a Scarlet-red body,6
143,Caspian Tern,30,3,27,0.1,0.49776098132133484,0.7539213299751282,0.4252224751506283,a Scarlet-red body,6
144,Common Tern,30,6,24,0.2,0.44734683632850647,0.7533466219902039,0.4881128076206025,a Scarlet-red body,6
145,Elegant Tern,30,2,28,0.06666666666666667,0.40926334261894226,0.7241146564483643,0.5463308311845396,a Scarlet-red body,6
189,Red bellied Woodpecker,30,17,13,0.5666666666666667,0.8332528471946716,0.8103703856468201,0.8492933511577601,a Scarlet-red body,6
177,Prothonotary Warbler,30,0,30,0.0,0.6736565828323364,0.7115947008132935,,a Scarlet-red body,6
180,Wilson Warbler,30,1,29,0.03333333333333333,0.5055680871009827,0.7160472869873047,0.47618368777000963,a Scarlet-red body,6
182,Yellow Warbler,30,1,29,0.03333333333333333,0.7004992961883545,0.7224929928779602,0.8003267656049979,a Scarlet-red body,6
183,Northern Waterthrush,30,0,30,0.0,0.3537279963493347,0.7188951969146729,,a Scarlet-red body,6
184,Louisiana Waterthrush,30,0,30,0.0,0.259724497795105,0.7136558294296265,,a Scarlet-red body,6
185,Bohemian Waxwing,30,7,23,0.23333333333333334,0.614997148513794,0.7653883695602417,0.63140174575726,a Scarlet-red body,6
186,Cedar Waxwing,30,3,27,0.1,0.6098060607910156,0.7366440892219543,0.6111854156124589,a Scarlet-red body,6
188,Pileated Woodpecker,30,19,11,0.6333333333333333,0.7894124984741211,0.8158129453659058,0.7830492585438399,a Scarlet-red body,6
191,Red headed Woodpecker,30,25,5,0.8333333333333334,0.8150705695152283,0.8569872975349426,0.8111710567239127,a Scarlet-red body,6
175,Pine Warbler,30,1,29,0.03333333333333333,0.4998086988925934,0.7013017535209656,0.6824411544895411,a Scarlet-red body,6
192,Downy Woodpecker,30,5,25,0.16666666666666666,0.5965685248374939,0.7545309066772461,0.681470491187063,a Scarlet-red body,6
193,Bewick Wren,30,1,29,0.03333333333333333,0.5087888240814209,0.7182656526565552,0.8179096785140682,a Scarlet-red body,6
194,Cactus Wren,30,1,29,0.03333333333333333,0.441401869058609,0.7228545546531677,0.2055186252215129,a Scarlet-red body,6
195,Carolina Wren,30,1,29,0.03333333333333333,0.5093457698822021,0.7401658892631531,0.6216167161674936,a Scarlet-red body,6
196,House Wren,30,2,28,0.06666666666666667,0.4446634352207184,0.7395566701889038,0.6141521872540034,a Scarlet-red body,6
197,Marsh Wren,30,0,30,0.0,0.46286478638648987,0.7112137675285339,,a Scarlet-red body,6
198,Rock Wren,30,1,29,0.03333333333333333,0.42016592621803284,0.744371771812439,0.7286962541588917,a Scarlet-red body,6
199,Winter Wren,30,1,29,0.03333333333333333,0.5096420645713806,0.7556366324424744,0.4606785452977553,a Scarlet-red body,6
176,Prairie Warbler,30,0,30,0.0,0.49106672406196594,0.6933087110519409,,a Scarlet-red body,6
174,Palm Warbler,30,3,27,0.1,0.48672446608543396,0.7455478310585022,0.7127289546566895,a Scarlet-red body,6
146,Forsters Tern,30,6,24,0.2,0.3946373164653778,0.7397049069404602,0.5104465750912862,a Scarlet-red body,6
159,Black and white Warbler,30,0,30,0.0,0.3871510326862335,0.70343416929245,,a Scarlet-red body,6
147,Least Tern,30,0,30,0.0,0.25681325793266296,0.6885623335838318,,a Scarlet-red body,6
148,Green tailed Towhee,30,7,23,0.23333333333333334,0.6874579787254333,0.7651669979095459,0.7335881321060912,a Scarlet-red body,6
150,Sage Thrasher,30,0,30,0.0,0.41248077154159546,0.7272250056266785,,a Scarlet-red body,6
152,Blue headed Vireo,30,0,30,0.0,0.3139624297618866,0.680069625377655,,a Scarlet-red body,6
154,Red eyed Vireo,30,0,30,0.0,0.36010944843292236,0.7118808627128601,,a Scarlet-red body,6
155,Warbling Vireo,30,0,30,0.0,0.35603195428848267,0.7188791632652283,,a Scarlet-red body,6
156,White eyed Vireo,30,0,30,0.0,0.33924388885498047,0.667987048625946,,a Scarlet-red body,6
158,Bay breasted Warbler,30,8,22,0.26666666666666666,0.682140588760376,0.7744867205619812,0.775872977452809,a Scarlet-red body,6
161,Blue winged Warbler,30,0,30,0.0,0.6363562345504761,0.6990836262702942,,a Scarlet-red body,6
173,Orange crowned Warbler,30,0,30,0.0,0.5253333449363708,0.7137657999992371,,a Scarlet-red body,6
162,Canada Warbler,30,1,29,0.03333333333333333,0.3190437853336334,0.68904048204422,0.4457877045987644,a Scarlet-red body,6
163,Cape May Warbler,30,3,27,0.1,0.4111628830432892,0.7228706479072571,0.645154825394211,a Scarlet-red body,6
164,Cerulean Warbler,30,0,30,0.0,0.3234159052371979,0.6847413182258606,,a Scarlet-red body,6
165,Chestnut sided Warbler,30,3,27,0.1,0.4434167146682739,0.7173364758491516,0.6303706689800452,a Scarlet-red body,6
167,Hooded Warbler,30,1,29,0.03333333333333333,0.4661044776439667,0.6784418821334839,0.6317169851491514,a Scarlet-red body,6
170,Mourning Warbler,30,1,29,0.03333333333333333,0.3976246416568756,0.6993160247802734,0.6062845013833889,a Scarlet-red body,6
171,Myrtle Warbler,30,0,30,0.0,0.3539409339427948,0.657448410987854,,a Scarlet-red body,6
172,Nashville Warbler,30,0,30,0.0,0.330304354429245,0.7080960869789124,,a Scarlet-red body,6
91,Mockingbird,30,0,30,0.0,0.5263726115226746,0.6922208070755005,,a Scarlet-red body,6
200,Common Yellowthroat,30,0,30,0.0,0.34666121006011963,0.6837092041969299,,a Scarlet-red body,6
89,Hooded Merganser,30,1,29,0.03333333333333333,0.39447930455207825,0.7063114643096924,0.7240765353768306,a Scarlet-red body,6
62,Herring Gull,30,0,30,0.0,0.33916157484054565,0.7001564502716064,,a Scarlet-red body,6
88,Western Meadowlark,30,0,30,0.0,0.3557814359664917,0.6938467621803284,,a Scarlet-red body,6
45,Northern Fulmar,30,0,30,0.0,0.4375635087490082,0.6680265069007874,,a Scarlet-red body,6
46,Gadwall,30,0,30,0.0,0.24098975956439972,0.703782856464386,,a Scarlet-red body,6
47,American Goldfinch,30,0,30,0.0,0.4423028230667114,0.6965569853782654,,a Scarlet-red body,6
48,European Goldfinch,30,4,26,0.13333333333333333,0.41257134079933167,0.7434960007667542,0.4867568630865536,a Scarlet-red body,6
49,Boat tailed Grackle,30,0,30,0.0,0.4419814348220825,0.698826014995575,,a Scarlet-red body,6
50,Eared Grebe,30,3,27,0.1,0.5849107503890991,0.7394260764122009,0.7869185708096872,a Scarlet-red body,6
51,Horned Grebe,30,7,23,0.23333333333333334,0.6843564510345459,0.7658935189247131,0.8247338734083253,a Scarlet-red body,6
52,Pied billed Grebe,30,0,30,0.0,0.402922123670578,0.7289890050888062,,a Scarlet-red body,6
53,Western Grebe,30,0,30,0.0,0.40293481945991516,0.7139540910720825,,a Scarlet-red body,6
54,Blue Grosbeak,30,0,30,0.0,0.6068809628486633,0.732401967048645,,a Scarlet-red body,6
55,Evening Grosbeak,30,0,30,0.0,0.29309362173080444,0.6897637248039246,,a Scarlet-red body,6
56,Pine Grosbeak,30,23,7,0.7666666666666667,0.9054445028305054,0.8329647779464722,0.9458386725593181,a Scarlet-red body,6
57,Rose breasted Grosbeak,30,28,2,0.9333333333333333,0.6445627212524414,0.8541473150253296,0.6524483668873265,a Scarlet-red body,6
59,California Gull,30,0,30,0.0,0.3317551612854004,0.700580894947052,,a Scarlet-red body,6
42,Vermilion Flycatcher,30,30,0,1.0,0.945105254650116,0.8902333378791809,0.9454242059796135,a Scarlet-red body,6
41,Scissor tailed Flycatcher,30,2,28,0.06666666666666667,0.6124685406684875,0.7171181440353394,0.5869622299674891,a Scarlet-red body,6
40,Olive sided Flycatcher,30,0,30,0.0,0.5191779732704163,0.734984815120697,,a Scarlet-red body,6
25,Pelagic Cormorant,30,0,30,0.0,0.508081316947937,0.7180032730102539,,a Scarlet-red body,6
4,Groove billed Ani,30,3,27,0.1,0.5724462866783142,0.7547871470451355,0.63854087603958,a Scarlet-red body,6
10,Red winged Blackbird,30,24,6,0.8,0.6754705309867859,0.833828866481781,0.6957637142762224,a Scarlet-red body,6
11,Rusty Blackbird,30,3,27,0.1,0.5122080445289612,0.7552822232246399,0.7567593652758361,a Scarlet-red body,6
13,Bobolink,30,0,30,0.0,0.48344284296035767,0.6839925050735474,,a Scarlet-red body,6
14,Indigo Bunting,30,1,29,0.03333333333333333,0.6108735203742981,0.7189757823944092,0.787529857213615,a Scarlet-red body,6
21,Eastern Towhee,30,5,25,0.16666666666666666,0.4957599639892578,0.7642621397972107,0.5429057148247239,a Scarlet-red body,6
26,Bronzed Cowbird,30,10,20,0.3333333333333333,0.6669467687606812,0.7891331315040588,0.7061154591444522,a Scarlet-red body,6
38,Great Crested Flycatcher,30,0,30,0.0,0.616969883441925,0.7134085297584534,,a Scarlet-red body,6
27,Shiny Cowbird,30,0,30,0.0,0.5537482500076294,0.7288421988487244,,a Scarlet-red body,6
29,American Crow,30,0,30,0.0,0.5499401688575745,0.7291004061698914,,a Scarlet-red body,6
30,Fish Crow,30,0,30,0.0,0.5246906876564026,0.7345007658004761,,a Scarlet-red body,6
31,Black billed Cuckoo,30,8,22,0.26666666666666666,0.6606177687644958,0.7688518166542053,0.7421294322302459,a Scarlet-red body,6
35,Purple Finch,30,30,0,1.0,0.9304891228675842,0.8725572824478149,0.9309829928128469,a Scarlet-red body,6
36,Northern Flicker,30,7,23,0.23333333333333334,0.6413608193397522,0.7796605229377747,0.7384875754873328,a Scarlet-red body,6
61,Heermann Gull,30,6,24,0.2,0.49688494205474854,0.7718449831008911,0.5750598210071802,a Scarlet-red body,6
44,Frigatebird,30,4,26,0.13333333333333333,0.6042131781578064,0.7041856050491333,0.7489898499159653,a Scarlet-red body,6
71,Long tailed Jaeger,30,0,30,0.0,0.435891330242157,0.6774752140045166,,a Scarlet-red body,6
69,Rufous Hummingbird,30,10,20,0.3333333333333333,0.7511484622955322,0.7893140316009521,0.7933499923254618,a Scarlet-red body,6
76,Dark eyed Junco,30,1,29,0.03333333333333333,0.42453834414482117,0.7247197031974792,0.5759674426294064,a Scarlet-red body,6
79,Belted Kingfisher,30,0,30,0.0,0.456771582365036,0.7183788418769836,,a Scarlet-red body,6
80,Green Kingfisher,30,5,25,0.16666666666666666,0.5505086183547974,0.7437548041343689,0.661605179787184,a Scarlet-red body,6
81,Pied Kingfisher,30,0,30,0.0,0.42702019214630127,0.6956946849822998,,a Scarlet-red body,6
74,Florida Jay,30,0,30,0.0,0.29411014914512634,0.6792522072792053,,a Scarlet-red body,6
82,Ringed Kingfisher,30,4,26,0.13333333333333333,0.6349709033966064,0.756836473941803,0.5233246967615037,a Scarlet-red body,6
73,Blue Jay,30,0,30,0.0,0.3362264335155487,0.6640905141830444,,a Scarlet-red body,6
72,Pomarine Jaeger,30,0,30,0.0,0.4085800051689148,0.6737614274024963,,a Scarlet-red body,6
70,Green Violetear,30,1,29,0.03333333333333333,0.5947200655937195,0.7327730059623718,0.6321675117418059,a Scarlet-red body,6
77,Tropical Kingbird,30,0,30,0.0,0.5334833860397339,0.690641462802887,,a Scarlet-red body,6
86,Pacific Loon,30,1,29,0.03333333333333333,0.45858851075172424,0.6898316144943237,0.6529068213409219,a Scarlet-red body,6
67,Anna Hummingbird,30,9,21,0.3,0.6900818347930908,0.7762144804000854,0.7894752305528343,a Scarlet-red body,6
83,White breasted Kingfisher,30,9,21,0.3,0.7942317724227905,0.7732599377632141,0.8265055805419277,a Scarlet-red body,6
66,Western Gull,30,0,30,0.0,0.31807100772857666,0.7050278186798096,,a Scarlet-red body,6
68,Ruby throated Hummingbird,30,7,23,0.23333333333333334,0.6297012567520142,0.7703456282615662,0.6946984503516556,a Scarlet-red body,6
64,Ring billed Gull,30,1,29,0.03333333333333333,0.3597220182418823,0.6979538798332214,0.6672740886965537,a Scarlet-red body,6
85,Horned Lark,30,0,30,0.0,0.30144160985946655,0.6954851150512695,,a Scarlet-red body,6
19,Gray Catbird,29,1,28,0.034482758620689655,0.4517159163951874,0.7371481657028198,0.5446708775356068,a Scarlet-red body,6
169,Magnolia Warbler,29,0,29,0.0,0.3255765438079834,0.6809597611427307,,a Scarlet-red body,6
60,Glaucous winged Gull,29,0,29,0.0,0.3274010419845581,0.7248787879943848,,a Scarlet-red body,6
87,Mallard,29,0,29,0.0,0.2977803945541382,0.7088907957077026,,a Scarlet-red body,6
166,Golden winged Warbler,29,0,29,0.0,0.3451789617538452,0.6627640128135681,,a Scarlet-red body,6
28,Brown Creeper,29,0,29,0.0,0.6319199800491333,0.7253679633140564,,a Scarlet-red body,6
168,Kentucky Warbler,29,0,29,0.0,0.3161252439022064,0.6779535412788391,,a Scarlet-red body,6
190,Red cockaded Woodpecker,29,3,26,0.10344827586206896,0.6250423789024353,0.7383351922035217,0.7459138942514534,a Scarlet-red body,6
23,Brandt Cormorant,29,0,29,0.0,0.4469289183616638,0.677359402179718,,a Scarlet-red body,6
97,Orchard Oriole,29,10,19,0.3448275862068966,0.7306573390960693,0.783025860786438,0.781215694059319,a Scarlet-red body,6
33,Yellow billed Cuckoo,29,1,28,0.034482758620689655,0.5668545365333557,0.737122654914856,0.6107277612339845,a Scarlet-red body,6
181,Worm eating Warbler,29,0,29,0.0,0.40915024280548096,0.7107380628585815,,a Scarlet-red body,6
20,Yellow breasted Chat,29,1,28,0.034482758620689655,0.35190173983573914,0.7085933089256287,0.2142157905215179,a Scarlet-red body,6
179,Tennessee Warbler,29,1,28,0.034482758620689655,0.44394880533218384,0.7199009656906128,0.675099344243044,a Scarlet-red body,6
125,Lincoln Sparrow,29,1,28,0.034482758620689655,0.42452728748321533,0.7178377509117126,0.4991662279996188,a Scarlet-red body,6
78,Gray Kingbird,29,0,29,0.0,0.528127908706665,0.7204044461250305,,a Scarlet-red body,6
117,Clay colored Sparrow,29,0,29,0.0,0.37239664793014526,0.7102783918380737,,a Scarlet-red body,6
124,Le Conte Sparrow,29,0,29,0.0,0.4635414481163025,0.7234720587730408,,a Scarlet-red body,6
119,Field Sparrow,29,3,26,0.10344827586206896,0.6301673650741577,0.7383445501327515,0.6824314613215833,a Scarlet-red body,6
160,Black throated Blue Warbler,29,0,29,0.0,0.2994791269302368,0.7005564570426941,,a Scarlet-red body,6
115,Brewer Sparrow,29,0,29,0.0,0.39667564630508423,0.7098940014839172,,a Scarlet-red body,6
141,Artic Tern,29,6,23,0.20689655172413793,0.41709011793136597,0.7712603211402893,0.5357626249926384,a Scarlet-red body,6
43,Yellow bellied Flycatcher,29,0,29,0.0,0.581989049911499,0.7086649537086487,,a Scarlet-red body,6
108,White necked Raven,29,0,29,0.0,0.4912205934524536,0.6983819007873535,,a Scarlet-red body,6
149,Brown Thrasher,29,3,26,0.10344827586206896,0.6873731017112732,0.7624900341033936,0.7172896335342412,a Scarlet-red body,6
63,Ivory Gull,29,0,29,0.0,0.4510478973388672,0.6787654161453247,,a Scarlet-red body,6
39,Least Flycatcher,29,0,29,0.0,0.5866923928260803,0.7217935919761658,,a Scarlet-red body,6
153,Philadelphia Vireo,29,0,29,0.0,0.3745093047618866,0.6895419359207153,,a Scarlet-red body,6
37,Acadian Flycatcher,29,0,29,0.0,0.571472704410553,0.730122983455658,,a Scarlet-red body,6
157,Yellow throated Vireo,29,0,29,0.0,0.4717870354652405,0.6726329922676086,,a Scarlet-red body,6
34,Gray crowned Rosy Finch,29,8,21,0.27586206896551724,0.6059760451316833,0.7817167043685913,0.6658212476368885,a Scarlet-red body,6
9,Brewer Blackbird,28,0,28,0.0,0.4769730567932129,0.7164737582206726,,a Scarlet-red body,6
3,Sooty Albatross,28,0,28,0.0,0.3817248046398163,0.6522771120071411,,a Scarlet-red body,6
58,Pigeon Guillemot,28,7,21,0.25,0.4372701048851013,0.763731062412262,0.48134649736704976,a Scarlet-red body,6
16,Painted Bunting,28,10,18,0.35714285714285715,0.7929000854492188,0.774288535118103,0.8632946109665782,a Scarlet-red body,6
15,Lazuli Bunting,28,0,28,0.0,0.45246797800064087,0.694216787815094,,a Scarlet-red body,6
75,Green Jay,27,0,27,0.0,0.376870721578598,0.6438153386116028,,a Scarlet-red body,6
17,Cardinal,27,25,2,0.9259259259259259,0.9422047138214111,0.8707190752029419,0.9434674492214175,a Scarlet-red body,6
12,Yellow headed Blackbird,26,0,26,0.0,0.6152644753456116,0.6979589462280273,,a Scarlet-red body,6
178,Swainson Warbler,26,1,25,0.038461538461538464,0.5120724439620972,0.7282049655914307,0.8277208328331307,a Scarlet-red body,6
22,Chuck will Widow,26,0,26,0.0,0.6864920258522034,0.7355838418006897,,a Scarlet-red body,6
7,Parakeet Auklet,23,3,20,0.13043478260869565,0.47229090332984924,0.7512190341949463,0.5244661463716394,a Scarlet-red body,6
32,Mangrove Cuckoo,23,2,21,0.08695652173913043,0.5199311971664429,0.7230693697929382,0.6437183762845595,a Scarlet-red body,6
84,Red legged Kittiwake,23,4,19,0.17391304347826086,0.3227524161338806,0.735614538192749,0.38830827222722275,a Scarlet-red body,6
24,Red faced Cormorant,22,1,21,0.045454545454545456,0.6274382472038269,0.7284530401229858,0.5741848969297471,a Scarlet-red body,6
151,Black capped Vireo,21,0,21,0.0,0.32119640707969666,0.6811901926994324,,a Scarlet-red body,6
65,Slaty backed Gull,20,0,20,0.0,0.3411591947078705,0.7098685503005981,,a Scarlet-red body,6
187,American Three toed Woodpecker,20,0,20,0.0,0.4965077340602875,0.7161240577697754,,a Scarlet-red body,6
113,Baird Sparrow,20,0,20,0.0,0.3741742968559265,0.7159932851791382,,a Scarlet-red body,6
101,White Pelican,20,0,20,0.0,0.48601192235946655,0.7207586169242859,,a Scarlet-red body,6
105,Whip poor Will,19,2,17,0.10526315789473684,0.5910732746124268,0.731850802898407,0.639434646642,a Scarlet-red body,6
8,Rhinoceros Auklet,18,0,18,0.0,0.4022732079029083,0.697260320186615,,a Scarlet-red body,6
18,Spotted Catbird,15,0,15,0.0,0.5102742910385132,0.7269629240036011,,a Scarlet-red body,6
5,Crested Auklet,14,2,12,0.14285714285714285,0.5634557604789734,0.723475992679596,0.7490360718373608,a Scarlet-red body,6
6,Least Auklet,11,0,11,0.0,0.3793802261352539,0.7156916856765747,,a Scarlet-red body,6
1,Black footed Albatross,30,0,30,0.0,0.5234307050704956,0.7320106029510498,,a red cap on the head,78
90,Red breasted Merganser,30,3,27,0.1,0.6546735763549805,0.7621446251869202,0.6339976710926176,a red cap on the head,78
121,Grasshopper Sparrow,30,0,30,0.0,0.2725979685783386,0.6976230144500732,,a red cap on the head,78
122,Harris Sparrow,30,2,28,0.06666666666666667,0.33300524950027466,0.7045819759368896,0.3629724324641716,a red cap on the head,78
123,Henslow Sparrow,30,0,30,0.0,0.3338211476802826,0.6826978325843811,,a red cap on the head,78
126,Nelson Sharp tailed Sparrow,30,0,30,0.0,0.42577454447746277,0.7128404974937439,,a red cap on the head,78
127,Savannah Sparrow,30,0,30,0.0,0.3059951663017273,0.6863425374031067,,a red cap on the head,78
128,Seaside Sparrow,30,2,28,0.06666666666666667,0.3607143461704254,0.7254083156585693,0.48203746948278736,a red cap on the head,78
129,Song Sparrow,30,2,28,0.06666666666666667,0.4243292510509491,0.721118152141571,0.4310458681149979,a red cap on the head,78
130,Tree Sparrow,30,0,30,0.0,0.587812602519989,0.7407168745994568,,a red cap on the head,78
131,Vesper Sparrow,30,0,30,0.0,0.40306803584098816,0.6996882557868958,,a red cap on the head,78
132,White crowned Sparrow,30,0,30,0.0,0.44317826628685,0.7235422730445862,,a red cap on the head,78
133,White throated Sparrow,30,0,30,0.0,0.29011818766593933,0.6686439514160156,,a red cap on the head,78
134,Cape Glossy Starling,30,3,27,0.1,0.497137188911438,0.7409036755561829,0.560498428214493,a red cap on the head,78
135,Bank Swallow,30,2,28,0.06666666666666667,0.4821692705154419,0.7495464086532593,0.49948646870094526,a red cap on the head,78
136,Barn Swallow,30,7,23,0.23333333333333334,0.5168436765670776,0.789596676826477,0.5390163857391613,a red cap on the head,78
137,Cliff Swallow,30,14,16,0.4666666666666667,0.6019722819328308,0.8216458559036255,0.6214378047112334,a red cap on the head,78
138,Tree Swallow,30,1,29,0.03333333333333333,0.3839263916015625,0.7513667941093445,0.2287145085227498,a red cap on the head,78
139,Scarlet Tanager,30,29,1,0.9666666666666667,0.9085788726806641,0.8875971436500549,0.9117044168149857,a red cap on the head,78
140,Summer Tanager,30,28,2,0.9333333333333333,0.9384337067604065,0.8738259077072144,0.9389746523326613,a red cap on the head,78
142,Black Tern,30,2,28,0.06666666666666667,0.5034372806549072,0.7413569092750549,0.4783806844161264,a red cap on the head,78
120,Fox Sparrow,30,0,30,0.0,0.506331741809845,0.7290845513343811,,a red cap on the head,78
118,House Sparrow,30,5,25,0.16666666666666666,0.5570900440216064,0.761993944644928,0.6149958324618682,a red cap on the head,78
116,Chipping Sparrow,30,2,28,0.06666666666666667,0.5767810344696045,0.7400242686271667,0.761256462597884,a red cap on the head,78
2,Laysan Albatross,30,0,30,0.0,0.5006529688835144,0.7136383652687073,,a red cap on the head,78
92,Nighthawk,30,0,30,0.0,0.32232192158699036,0.7045373320579529,,a red cap on the head,78
93,Clark Nutcracker,30,0,30,0.0,0.6766679286956787,0.7581825256347656,,a red cap on the head,78
94,White breasted Nuthatch,30,1,29,0.03333333333333333,0.5257590413093567,0.7190226912498474,0.6790870382940113,a red cap on the head,78
95,Baltimore Oriole,30,0,30,0.0,0.7380797266960144,0.7111996412277222,,a red cap on the head,78
96,Hooded Oriole,30,0,30,0.0,0.5966156721115112,0.6979396343231201,,a red cap on the head,78
98,Scott Oriole,30,3,27,0.1,0.44456785917282104,0.7143611311912537,0.5219371853730186,a red cap on the head,78
99,Ovenbird,30,3,27,0.1,0.3491500914096832,0.7106302380561829,0.3432680478134391,a red cap on the head,78
100,Brown Pelican,30,0,30,0.0,0.444376140832901,0.7094442844390869,,a red cap on the head,78
102,Western Wood Pewee,30,0,30,0.0,0.6182750463485718,0.7426233887672424,,a red cap on the head,78
114,Black throated Sparrow,30,0,30,0.0,0.4693737030029297,0.7417000532150269,,a red cap on the head,78
103,Sayornis,30,3,27,0.1,0.5243031978607178,0.755628228187561,0.4951895808015743,a red cap on the head,78
104,American Pipit,30,1,29,0.03333333333333333,0.5215051770210266,0.7227857112884521,0.5606373581161839,a red cap on the head,78
106,Horned Puffin,30,1,29,0.03333333333333333,0.5492836236953735,0.7332045435905457,0.8472035800279039,a red cap on the head,78
107,Common Raven,30,0,30,0.0,0.5444643497467041,0.724949300289154,,a red cap on the head,78
109,American Redstart,30,1,29,0.03333333333333333,0.48436489701271057,0.7338363528251648,0.45055886293751113,a red cap on the head,78
110,Geococcyx,30,0,30,0.0,0.4488300681114197,0.6662097573280334,,a red cap on the head,78
111,Loggerhead Shrike,30,0,30,0.0,0.5838422775268555,0.7350969910621643,,a red cap on the head,78
112,Great Grey Shrike,30,1,29,0.03333333333333333,0.5060718655586243,0.7311081290245056,0.5048130143208833,a red cap on the head,78
143,Caspian Tern,30,4,26,0.13333333333333333,0.5017908215522766,0.7716257572174072,0.5377495980982419,a red cap on the head,78
144,Common Tern,30,8,22,0.26666666666666666,0.45021024346351624,0.7618731260299683,0.5154487259593188,a red cap on the head,78
145,Elegant Tern,30,2,28,0.06666666666666667,0.4320462942123413,0.7276590466499329,0.6182839687912421,a red cap on the head,78
189,Red bellied Woodpecker,30,12,18,0.4,0.7684748768806458,0.8058594465255737,0.8276563921324572,a red cap on the head,78
177,Prothonotary Warbler,30,1,29,0.03333333333333333,0.5706731081008911,0.7216311693191528,0.6900159869491544,a red cap on the head,78
180,Wilson Warbler,30,1,29,0.03333333333333333,0.3841729164123535,0.711073100566864,0.3420670824754151,a red cap on the head,78
182,Yellow Warbler,30,1,29,0.03333333333333333,0.5357586145401001,0.6977787017822266,0.5720370290508522,a red cap on the head,78
183,Northern Waterthrush,30,0,30,0.0,0.27335435152053833,0.693483293056488,,a red cap on the head,78
184,Louisiana Waterthrush,30,0,30,0.0,0.29035788774490356,0.7017654180526733,,a red cap on the head,78
185,Bohemian Waxwing,30,6,24,0.2,0.5739243626594543,0.7747030854225159,0.6036646179140088,a red cap on the head,78
186,Cedar Waxwing,30,2,28,0.06666666666666667,0.4255361258983612,0.7522189617156982,0.42348102492615913,a red cap on the head,78
188,Pileated Woodpecker,30,19,11,0.6333333333333333,0.808449923992157,0.8296849727630615,0.8055729721110971,a red cap on the head,78
191,Red headed Woodpecker,30,26,4,0.8666666666666667,0.8908849358558655,0.8875752687454224,0.8964624438442365,a red cap on the head,78
175,Pine Warbler,30,0,30,0.0,0.5554860234260559,0.7050735950469971,,a red cap on the head,78
192,Downy Woodpecker,30,2,28,0.06666666666666667,0.7183687090873718,0.7428330779075623,0.7834276422326366,a red cap on the head,78
193,Bewick Wren,30,1,29,0.03333333333333333,0.48434484004974365,0.7190431952476501,0.8776032935529362,a red cap on the head,78
194,Cactus Wren,30,0,30,0.0,0.3308778405189514,0.6886454224586487,,a red cap on the head,78
195,Carolina Wren,30,0,30,0.0,0.4710521399974823,0.7213245034217834,,a red cap on the head,78
196,House Wren,30,2,28,0.06666666666666667,0.45663583278656006,0.718621015548706,0.764046148424306,a red cap on the head,78
197,Marsh Wren,30,0,30,0.0,0.4027054011821747,0.6880636811256409,,a red cap on the head,78
198,Rock Wren,30,1,29,0.03333333333333333,0.5353246331214905,0.7395532727241516,0.7496081330474491,a red cap on the head,78
199,Winter Wren,30,1,29,0.03333333333333333,0.49100130796432495,0.7420965433120728,0.47110021249157624,a red cap on the head,78
176,Prairie Warbler,30,0,30,0.0,0.2361312061548233,0.6657239198684692,,a red cap on the head,78
174,Palm Warbler,30,1,29,0.03333333333333333,0.39485445618629456,0.7278563380241394,0.3358792200455783,a red cap on the head,78
146,Forsters Tern,30,2,28,0.06666666666666667,0.3582982122898102,0.7451128363609314,0.2513336403749913,a red cap on the head,78
159,Black and white Warbler,30,0,30,0.0,0.35627225041389465,0.6949806809425354,,a red cap on the head,78
147,Least Tern,30,0,30,0.0,0.29316315054893494,0.7005212903022766,,a red cap on the head,78
148,Green tailed Towhee,30,7,23,0.23333333333333334,0.6416738629341125,0.7753629684448242,0.7088137663027866,a red cap on the head,78
150,Sage Thrasher,30,0,30,0.0,0.4115697741508484,0.7013574242591858,,a red cap on the head,78
152,Blue headed Vireo,30,0,30,0.0,0.38615331053733826,0.7016289830207825,,a red cap on the head,78
154,Red eyed Vireo,30,0,30,0.0,0.256293386220932,0.7053690552711487,,a red cap on the head,78
155,Warbling Vireo,30,0,30,0.0,0.29728275537490845,0.709807813167572,,a red cap on the head,78
156,White eyed Vireo,30,0,30,0.0,0.281402587890625,0.671055257320404,,a red cap on the head,78
158,Bay breasted Warbler,30,7,23,0.23333333333333334,0.648709237575531,0.7700812816619873,0.7299650973819887,a red cap on the head,78
161,Blue winged Warbler,30,1,29,0.03333333333333333,0.3918505311012268,0.7112749218940735,0.3940195024575091,a red cap on the head,78
173,Orange crowned Warbler,30,0,30,0.0,0.485727459192276,0.7201756238937378,,a red cap on the head,78
162,Canada Warbler,30,0,30,0.0,0.27385979890823364,0.686177134513855,,a red cap on the head,78
163,Cape May Warbler,30,0,30,0.0,0.3472854197025299,0.6845628023147583,,a red cap on the head,78
164,Cerulean Warbler,30,0,30,0.0,0.33448970317840576,0.7233927249908447,,a red cap on the head,78
165,Chestnut sided Warbler,30,1,29,0.03333333333333333,0.41008949279785156,0.7063604593276978,0.516889621911668,a red cap on the head,78
167,Hooded Warbler,30,0,30,0.0,0.27566173672676086,0.6782638430595398,,a red cap on the head,78
170,Mourning Warbler,30,1,29,0.03333333333333333,0.3332746922969818,0.7204713225364685,0.676371449703677,a red cap on the head,78
171,Myrtle Warbler,30,0,30,0.0,0.3842270076274872,0.6752405762672424,,a red cap on the head,78
172,Nashville Warbler,30,0,30,0.0,0.46833914518356323,0.7128133773803711,,a red cap on the head,78
91,Mockingbird,30,0,30,0.0,0.5563742518424988,0.7140457034111023,,a red cap on the head,78
200,Common Yellowthroat,30,0,30,0.0,0.3983106017112732,0.6815426349639893,,a red cap on the head,78
89,Hooded Merganser,30,0,30,0.0,0.5405378341674805,0.7380214929580688,,a red cap on the head,78
62,Herring Gull,30,1,29,0.03333333333333333,0.35887211561203003,0.7496822476387024,0.4933671793197947,a red cap on the head,78
88,Western Meadowlark,30,0,30,0.0,0.3117195963859558,0.6635792851448059,,a red cap on the head,78
45,Northern Fulmar,30,0,30,0.0,0.5414623022079468,0.7399840950965881,,a red cap on the head,78
46,Gadwall,30,0,30,0.0,0.25346091389656067,0.7482436299324036,,a red cap on the head,78
47,American Goldfinch,30,0,30,0.0,0.4453221261501312,0.7026451230049133,,a red cap on the head,78
48,European Goldfinch,30,2,28,0.06666666666666667,0.5724296569824219,0.7356911301612854,0.7198170963962562,a red cap on the head,78
49,Boat tailed Grackle,30,0,30,0.0,0.47352415323257446,0.7375932931900024,,a red cap on the head,78
50,Eared Grebe,30,3,27,0.1,0.6103463768959045,0.7455047369003296,0.7999620283253347,a red cap on the head,78
51,Horned Grebe,30,3,27,0.1,0.7606750130653381,0.7732153534889221,0.7641761516141085,a red cap on the head,78
52,Pied billed Grebe,30,0,30,0.0,0.4404863119125366,0.7320695519447327,,a red cap on the head,78
53,Western Grebe,30,0,30,0.0,0.5152952075004578,0.721221923828125,,a red cap on the head,78
54,Blue Grosbeak,30,4,26,0.13333333333333333,0.4959554374217987,0.7612543106079102,0.5524907874527438,a red cap on the head,78
55,Evening Grosbeak,30,0,30,0.0,0.26499974727630615,0.7054184079170227,,a red cap on the head,78
56,Pine Grosbeak,30,18,12,0.6,0.8742151856422424,0.8304186463356018,0.9211158450246024,a red cap on the head,78
57,Rose breasted Grosbeak,30,22,8,0.7333333333333333,0.8458794951438904,0.8447538018226624,0.8605468988241338,a red cap on the head,78
59,California Gull,30,1,29,0.03333333333333333,0.4375154376029968,0.7573155164718628,0.6800788401308482,a red cap on the head,78
42,Vermilion Flycatcher,30,29,1,0.9666666666666667,0.9098138213157654,0.8869394063949585,0.9129850996952403,a red cap on the head,78
41,Scissor tailed Flycatcher,30,0,30,0.0,0.5683616399765015,0.7225396633148193,,a red cap on the head,78
40,Olive sided Flycatcher,30,0,30,0.0,0.5122884511947632,0.7477882504463196,,a red cap on the head,78
25,Pelagic Cormorant,30,2,28,0.06666666666666667,0.5634029507637024,0.735596776008606,0.7724936224957383,a red cap on the head,78
4,Groove billed Ani,30,4,26,0.13333333333333333,0.4519743025302887,0.7487287521362305,0.6522945779699344,a red cap on the head,78
10,Red winged Blackbird,30,12,18,0.4,0.6645215153694153,0.8161553144454956,0.7474526207966627,a red cap on the head,78
11,Rusty Blackbird,30,2,28,0.06666666666666667,0.4649238586425781,0.7515612840652466,0.6218783241541436,a red cap on the head,78
13,Bobolink,30,1,29,0.03333333333333333,0.5639389753341675,0.7331039309501648,0.5786048795049542,a red cap on the head,78
14,Indigo Bunting,30,1,29,0.03333333333333333,0.44947636127471924,0.7473803162574768,0.6592346324621696,a red cap on the head,78
21,Eastern Towhee,30,2,28,0.06666666666666667,0.5262991189956665,0.7552329301834106,0.6121457853871451,a red cap on the head,78
26,Bronzed Cowbird,30,7,23,0.23333333333333334,0.638427734375,0.7918817400932312,0.6934998972319765,a red cap on the head,78
38,Great Crested Flycatcher,30,1,29,0.03333333333333333,0.4141716957092285,0.7185489535331726,0.4730505766593481,a red cap on the head,78
27,Shiny Cowbird,30,1,29,0.03333333333333333,0.5132320523262024,0.7517152428627014,0.6592265768597292,a red cap on the head,78
29,American Crow,30,1,29,0.03333333333333333,0.6057357788085938,0.7455838322639465,0.7302703677113098,a red cap on the head,78
30,Fish Crow,30,1,29,0.03333333333333333,0.4902017414569855,0.7604063749313354,0.8727363797834806,a red cap on the head,78
31,Black billed Cuckoo,30,4,26,0.13333333333333333,0.45432958006858826,0.7490657567977905,0.6367198436081447,a red cap on the head,78
35,Purple Finch,30,28,2,0.9333333333333333,0.8976808786392212,0.8747366070747375,0.9010870797286411,a red cap on the head,78
36,Northern Flicker,30,5,25,0.16666666666666666,0.5437965989112854,0.7660848498344421,0.6412704515039136,a red cap on the head,78
61,Heermann Gull,30,22,8,0.7333333333333333,0.6363741755485535,0.8434235453605652,0.6429429272517765,a red cap on the head,78
44,Frigatebird,30,3,27,0.1,0.6443620324134827,0.7436046600341797,0.8073764249272333,a red cap on the head,78
71,Long tailed Jaeger,30,0,30,0.0,0.49096938967704773,0.7265141010284424,,a red cap on the head,78
69,Rufous Hummingbird,30,5,25,0.16666666666666666,0.7191716432571411,0.7759111523628235,0.7140489991460552,a red cap on the head,78
76,Dark eyed Junco,30,3,27,0.1,0.5083355903625488,0.7629631757736206,0.6167789046887313,a red cap on the head,78
79,Belted Kingfisher,30,1,29,0.03333333333333333,0.6533163785934448,0.7322311997413635,0.7592483333855746,a red cap on the head,78
80,Green Kingfisher,30,4,26,0.13333333333333333,0.5894917249679565,0.7441415190696716,0.6429282678611109,a red cap on the head,78
81,Pied Kingfisher,30,0,30,0.0,0.44702088832855225,0.7030579447746277,,a red cap on the head,78
74,Florida Jay,30,1,29,0.03333333333333333,0.22218960523605347,0.7284393906593323,0.18199730769908704,a red cap on the head,78
82,Ringed Kingfisher,30,3,27,0.1,0.6780160665512085,0.7677391171455383,0.5709625491905258,a red cap on the head,78
73,Blue Jay,30,0,30,0.0,0.3528699278831482,0.6967981457710266,,a red cap on the head,78
72,Pomarine Jaeger,30,1,29,0.03333333333333333,0.46292564272880554,0.7463699579238892,0.497903091550968,a red cap on the head,78
70,Green Violetear,30,1,29,0.03333333333333333,0.4800969362258911,0.7345544695854187,0.564626617636237,a red cap on the head,78
77,Tropical Kingbird,30,1,29,0.03333333333333333,0.3585413694381714,0.7246672511100769,0.25475215969212983,a red cap on the head,78
86,Pacific Loon,30,1,29,0.03333333333333333,0.5048350691795349,0.7065427303314209,0.7047691622032253,a red cap on the head,78
67,Anna Hummingbird,30,11,19,0.36666666666666664,0.6558206081390381,0.7928127646446228,0.8104615507641302,a red cap on the head,78
83,White breasted Kingfisher,30,3,27,0.1,0.6649477481842041,0.7759533524513245,0.7016801075138622,a red cap on the head,78
66,Western Gull,30,2,28,0.06666666666666667,0.4273277521133423,0.7623280882835388,0.32910580174491677,a red cap on the head,78
68,Ruby throated Hummingbird,30,10,20,0.3333333333333333,0.647014319896698,0.7878348231315613,0.7575349793855182,a red cap on the head,78
64,Ring billed Gull,30,0,30,0.0,0.38088616728782654,0.7352199554443359,,a red cap on the head,78
85,Horned Lark,30,0,30,0.0,0.34242668747901917,0.7226483225822449,,a red cap on the head,78
19,Gray Catbird,29,4,25,0.13793103448275862,0.49822744727134705,0.7691859006881714,0.5748297438881748,a red cap on the head,78
169,Magnolia Warbler,29,0,29,0.0,0.35544684529304504,0.6756256818771362,,a red cap on the head,78
60,Glaucous winged Gull,29,7,22,0.2413793103448276,0.3669463098049164,0.7808458805084229,0.43541325701777434,a red cap on the head,78
87,Mallard,29,1,28,0.034482758620689655,0.34021759033203125,0.7360515594482422,0.2914033850904033,a red cap on the head,78
166,Golden winged Warbler,29,1,28,0.034482758620689655,0.303060919046402,0.6725767850875854,0.4248273836423517,a red cap on the head,78
28,Brown Creeper,29,0,29,0.0,0.5378916263580322,0.703514814376831,,a red cap on the head,78
168,Kentucky Warbler,29,0,29,0.0,0.21003217995166779,0.6799697875976562,,a red cap on the head,78
190,Red cockaded Woodpecker,29,0,29,0.0,0.568408727645874,0.7259431481361389,,a red cap on the head,78
23,Brandt Cormorant,29,1,28,0.034482758620689655,0.5099453926086426,0.7140069007873535,0.6996448018913353,a red cap on the head,78
97,Orchard Oriole,29,5,24,0.1724137931034483,0.6534600257873535,0.7719954252243042,0.7191192618150241,a red cap on the head,78
33,Yellow billed Cuckoo,29,0,29,0.0,0.3478159010410309,0.7172309756278992,,a red cap on the head,78
181,Worm eating Warbler,29,0,29,0.0,0.28429538011550903,0.6995847821235657,,a red cap on the head,78
20,Yellow breasted Chat,29,0,29,0.0,0.4286479353904724,0.6955269575119019,,a red cap on the head,78
179,Tennessee Warbler,29,2,27,0.06896551724137931,0.4250287115573883,0.7187625765800476,0.5853223861030533,a red cap on the head,78
125,Lincoln Sparrow,29,0,29,0.0,0.34045350551605225,0.6803691387176514,,a red cap on the head,78
78,Gray Kingbird,29,1,28,0.034482758620689655,0.4942239224910736,0.7642418146133423,0.7121901537645428,a red cap on the head,78
117,Clay colored Sparrow,29,0,29,0.0,0.28194084763526917,0.6940421462059021,,a red cap on the head,78
124,Le Conte Sparrow,29,0,29,0.0,0.41156718134880066,0.6882308721542358,,a red cap on the head,78
119,Field Sparrow,29,0,29,0.0,0.531834065914154,0.7327548265457153,,a red cap on the head,78
160,Black throated Blue Warbler,29,0,29,0.0,0.4554519057273865,0.7355679869651794,,a red cap on the head,78
115,Brewer Sparrow,29,0,29,0.0,0.3568040132522583,0.6984566450119019,,a red cap on the head,78
141,Artic Tern,29,6,23,0.20689655172413793,0.47163283824920654,0.7758677005767822,0.5930912523759622,a red cap on the head,78
43,Yellow bellied Flycatcher,29,0,29,0.0,0.5479686260223389,0.7172383666038513,,a red cap on the head,78
108,White necked Raven,29,2,27,0.06896551724137931,0.6702656745910645,0.7333640456199646,0.8013401168712107,a red cap on the head,78
149,Brown Thrasher,29,1,28,0.034482758620689655,0.583808183670044,0.7322992086410522,0.5521908287663032,a red cap on the head,78
63,Ivory Gull,29,0,29,0.0,0.48329704999923706,0.7086540460586548,,a red cap on the head,78
39,Least Flycatcher,29,1,28,0.034482758620689655,0.5448961853981018,0.7278128266334534,0.5340951810839796,a red cap on the head,78
153,Philadelphia Vireo,29,0,29,0.0,0.2932324707508087,0.6896655559539795,,a red cap on the head,78
37,Acadian Flycatcher,29,1,28,0.034482758620689655,0.5137091279029846,0.7302339673042297,0.5720909226489179,a red cap on the head,78
157,Yellow throated Vireo,29,0,29,0.0,0.48229703307151794,0.67255038022995,,a red cap on the head,78
34,Gray crowned Rosy Finch,29,8,21,0.27586206896551724,0.6354798078536987,0.7970061898231506,0.7090091825263837,a red cap on the head,78
9,Brewer Blackbird,28,2,26,0.07142857142857142,0.5397367477416992,0.752207338809967,0.6654805283449919,a red cap on the head,78
3,Sooty Albatross,28,0,28,0.0,0.48367419838905334,0.722490668296814,,a red cap on the head,78
58,Pigeon Guillemot,28,14,14,0.5,0.6629272699356079,0.807816207408905,0.7176015318712855,a red cap on the head,78
16,Painted Bunting,28,4,24,0.14285714285714285,0.8015121817588806,0.7724404335021973,0.859937587165126,a red cap on the head,78
15,Lazuli Bunting,28,3,25,0.10714285714285714,0.4228953421115875,0.7410740256309509,0.3753619344705621,a red cap on the head,78
75,Green Jay,27,1,26,0.037037037037037035,0.3254583477973938,0.6871054768562317,0.7011908275269202,a red cap on the head,78
17,Cardinal,27,20,7,0.7407407407407407,0.8719053864479065,0.8394091725349426,0.8756853382427447,a red cap on the head,78
12,Yellow headed Blackbird,26,0,26,0.0,0.517970621585846,0.7159737348556519,,a red cap on the head,78
178,Swainson Warbler,26,2,24,0.07692307692307693,0.3985876441001892,0.7162377834320068,0.7044113554350749,a red cap on the head,78
22,Chuck will Widow,26,0,26,0.0,0.42729324102401733,0.6932920217514038,,a red cap on the head,78
7,Parakeet Auklet,23,11,12,0.4782608695652174,0.7880816459655762,0.8002408742904663,0.813726283239268,a red cap on the head,78
32,Mangrove Cuckoo,23,3,20,0.13043478260869565,0.4080987870693207,0.7280805706977844,0.5438233647133696,a red cap on the head,78
84,Red legged Kittiwake,23,11,12,0.4782608695652174,0.5097784996032715,0.8010615706443787,0.5507628579410372,a red cap on the head,78
24,Red faced Cormorant,22,4,18,0.18181818181818182,0.6691997051239014,0.7569835186004639,0.7192899344909757,a red cap on the head,78
151,Black capped Vireo,21,0,21,0.0,0.3560680150985718,0.6994960308074951,,a red cap on the head,78
65,Slaty backed Gull,20,5,15,0.25,0.504427433013916,0.7822983264923096,0.39353359968834817,a red cap on the head,78
187,American Three toed Woodpecker,20,0,20,0.0,0.45304375886917114,0.7047375440597534,,a red cap on the head,78
113,Baird Sparrow,20,0,20,0.0,0.3161706328392029,0.6931592226028442,,a red cap on the head,78
101,White Pelican,20,0,20,0.0,0.4120017886161804,0.7219024896621704,,a red cap on the head,78
105,Whip poor Will,19,0,19,0.0,0.395717978477478,0.704120934009552,,a red cap on the head,78
8,Rhinoceros Auklet,18,0,18,0.0,0.5266644358634949,0.7318512201309204,,a red cap on the head,78
18,Spotted Catbird,15,0,15,0.0,0.4004290997982025,0.7100865840911865,,a red cap on the head,78
5,Crested Auklet,14,2,12,0.14285714285714285,0.7545872330665588,0.7905145883560181,0.8313655010666282,a red cap on the head,78
6,Least Auklet,11,4,7,0.36363636363636365,0.6115633845329285,0.778377890586853,0.6252901584025587,a red cap on the head,78
1,Black footed Albatross,30,4,26,0.13333333333333333,0.5945307612419128,0.7068944573402405,0.6353440840472925,orange and black wings,200
90,Red breasted Merganser,30,10,20,0.3333333333333333,0.6831058859825134,0.7448080778121948,0.7561145303561478,orange and black wings,200
121,Grasshopper Sparrow,30,0,30,0.0,0.30791494250297546,0.5450058579444885,,orange and black wings,200
122,Harris Sparrow,30,0,30,0.0,0.45495474338531494,0.6018012166023254,,orange and black wings,200
123,Henslow Sparrow,30,0,30,0.0,0.2843577563762665,0.546617865562439,,orange and black wings,200
126,Nelson Sharp tailed Sparrow,30,0,30,0.0,0.3917432129383087,0.5968486666679382,,orange and black wings,200
127,Savannah Sparrow,30,0,30,0.0,0.3203282952308655,0.5234339833259583,,orange and black wings,200
128,Seaside Sparrow,30,0,30,0.0,0.35960686206817627,0.5921123623847961,,orange and black wings,200
129,Song Sparrow,30,0,30,0.0,0.3312576413154602,0.5722925662994385,,orange and black wings,200
130,Tree Sparrow,30,0,30,0.0,0.39664605259895325,0.5982690453529358,,orange and black wings,200
131,Vesper Sparrow,30,0,30,0.0,0.3424272835254669,0.5213214159011841,,orange and black wings,200
132,White crowned Sparrow,30,0,30,0.0,0.48644134402275085,0.5983849167823792,,orange and black wings,200
133,White throated Sparrow,30,0,30,0.0,0.37011346220970154,0.5741976499557495,,orange and black wings,200
134,Cape Glossy Starling,30,0,30,0.0,0.5137237906455994,0.6695152521133423,,orange and black wings,200
135,Bank Swallow,30,0,30,0.0,0.4320928752422333,0.5827516913414001,,orange and black wings,200
136,Barn Swallow,30,7,23,0.23333333333333334,0.7122019529342651,0.7293495535850525,0.7775071219531589,orange and black wings,200
137,Cliff Swallow,30,16,14,0.5333333333333333,0.6576095223426819,0.7675146460533142,0.7032403695111963,orange and black wings,200
138,Tree Swallow,30,0,30,0.0,0.29817068576812744,0.5577436685562134,,orange and black wings,200
139,Scarlet Tanager,30,12,18,0.4,0.804378092288971,0.770193874835968,0.8431766506253262,orange and black wings,200
140,Summer Tanager,30,1,29,0.03333333333333333,0.38097864389419556,0.6481988430023193,0.8960815386918976,orange and black wings,200
142,Black Tern,30,0,30,0.0,0.548028290271759,0.6608726382255554,,orange and black wings,200
120,Fox Sparrow,30,0,30,0.0,0.3687441945075989,0.6067259311676025,,orange and black wings,200
118,House Sparrow,30,1,29,0.03333333333333333,0.4156583845615387,0.6076980233192444,0.6229238341414596,orange and black wings,200
116,Chipping Sparrow,30,1,29,0.03333333333333333,0.3481377065181732,0.5720494389533997,0.3595445791852786,orange and black wings,200
2,Laysan Albatross,30,1,29,0.03333333333333333,0.6016331911087036,0.6410817503929138,0.6887975762880736,orange and black wings,200
92,Nighthawk,30,0,30,0.0,0.5486541986465454,0.6447830200195312,,orange and black wings,200
93,Clark Nutcracker,30,0,30,0.0,0.3380856215953827,0.6197779178619385,,orange and black wings,200
94,White breasted Nuthatch,30,0,30,0.0,0.44123679399490356,0.6112759709358215,,orange and black wings,200
95,Baltimore Oriole,30,27,3,0.9,0.8808373212814331,0.8693798184394836,0.9229115515130119,orange and black wings,200
96,Hooded Oriole,30,18,12,0.6,0.816753625869751,0.7899983525276184,0.8914461328152815,orange and black wings,200
98,Scott Oriole,30,17,13,0.5666666666666667,0.7646650075912476,0.7750138640403748,0.8456568286975849,orange and black wings,200
99,Ovenbird,30,0,30,0.0,0.26443618535995483,0.5515738129615784,,orange and black wings,200
100,Brown Pelican,30,0,30,0.0,0.507872998714447,0.6566503047943115,,orange and black wings,200
102,Western Wood Pewee,30,0,30,0.0,0.3156086802482605,0.5728486180305481,,orange and black wings,200
114,Black throated Sparrow,30,0,30,0.0,0.42067524790763855,0.6032198071479797,,orange and black wings,200
103,Sayornis,30,0,30,0.0,0.40091753005981445,0.592319667339325,,orange and black wings,200
104,American Pipit,30,0,30,0.0,0.3266659379005432,0.571163535118103,,orange and black wings,200
106,Horned Puffin,30,15,15,0.5,0.7945055365562439,0.772718608379364,0.8357098112389953,orange and black wings,200
107,Common Raven,30,0,30,0.0,0.7230830788612366,0.6828658580780029,,orange and black wings,200
109,American Redstart,30,27,3,0.9,0.8678510785102844,0.8737987875938416,0.9176121603536346,orange and black wings,200
110,Geococcyx,30,0,30,0.0,0.47839105129241943,0.6190072298049927,,orange and black wings,200
111,Loggerhead Shrike,30,0,30,0.0,0.37670931220054626,0.5763654112815857,,orange and black wings,200
112,Great Grey Shrike,30,0,30,0.0,0.3673650026321411,0.5813475251197815,,orange and black wings,200
143,Caspian Tern,30,17,13,0.5666666666666667,0.6250238418579102,0.7812149524688721,0.6189192315442068,orange and black wings,200
144,Common Tern,30,11,19,0.36666666666666664,0.5091486573219299,0.7287931442260742,0.5903402124669922,orange and black wings,200
145,Elegant Tern,30,15,15,0.5,0.6648062467575073,0.7669613361358643,0.6844913092937122,orange and black wings,200
189,Red bellied Woodpecker,30,0,30,0.0,0.4847842752933502,0.6614481210708618,,orange and black wings,200
177,Prothonotary Warbler,30,4,26,0.13333333333333333,0.614084005355835,0.68199223279953,0.6270941551767402,orange and black wings,200
180,Wilson Warbler,30,0,30,0.0,0.3930732011795044,0.5788966417312622,,orange and black wings,200
182,Yellow Warbler,30,0,30,0.0,0.37699267268180847,0.5676828026771545,,orange and black wings,200
183,Northern Waterthrush,30,0,30,0.0,0.26842251420021057,0.5604495406150818,,orange and black wings,200
184,Louisiana Waterthrush,30,0,30,0.0,0.2863747775554657,0.5440587997436523,,orange and black wings,200
185,Bohemian Waxwing,30,7,23,0.23333333333333334,0.6624829769134521,0.7255128622055054,0.6880586095255716,orange and black wings,200
186,Cedar Waxwing,30,2,28,0.06666666666666667,0.4979158341884613,0.676975429058075,0.7077234348743036,orange and black wings,200
188,Pileated Woodpecker,30,3,27,0.1,0.7023794651031494,0.6941049695014954,0.7006291592183127,orange and black wings,200
191,Red headed Woodpecker,30,0,30,0.0,0.57621830701828,0.6481993198394775,,orange and black wings,200
175,Pine Warbler,30,0,30,0.0,0.3250189423561096,0.563498318195343,,orange and black wings,200
192,Downy Woodpecker,30,0,30,0.0,0.6002499461174011,0.6376254558563232,,orange and black wings,200
193,Bewick Wren,30,0,30,0.0,0.37250930070877075,0.5571314692497253,,orange and black wings,200
194,Cactus Wren,30,0,30,0.0,0.38867464661598206,0.5996424555778503,,orange and black wings,200
195,Carolina Wren,30,0,30,0.0,0.39788416028022766,0.5959385633468628,,orange and black wings,200
196,House Wren,30,0,30,0.0,0.2949789762496948,0.5765501856803894,,orange and black wings,200
197,Marsh Wren,30,0,30,0.0,0.4054147005081177,0.5821546912193298,,orange and black wings,200
198,Rock Wren,30,0,30,0.0,0.36357441544532776,0.5867450833320618,,orange and black wings,200
199,Winter Wren,30,0,30,0.0,0.38576364517211914,0.5928139090538025,,orange and black wings,200
176,Prairie Warbler,30,0,30,0.0,0.29383817315101624,0.5694748163223267,,orange and black wings,200
174,Palm Warbler,30,0,30,0.0,0.3118334412574768,0.5837523341178894,,orange and black wings,200
146,Forsters Tern,30,14,16,0.4666666666666667,0.5387009978294373,0.7317932844161987,0.5790301585146959,orange and black wings,200
159,Black and white Warbler,30,0,30,0.0,0.3315931260585785,0.5703309774398804,,orange and black wings,200
147,Least Tern,30,2,28,0.06666666666666667,0.6003302931785583,0.6775073409080505,0.6789593504328629,orange and black wings,200
148,Green tailed Towhee,30,1,29,0.03333333333333333,0.3824250102043152,0.6303520202636719,0.5861901720243683,orange and black wings,200
150,Sage Thrasher,30,0,30,0.0,0.31926795840263367,0.5605986714363098,,orange and black wings,200
152,Blue headed Vireo,30,0,30,0.0,0.2935452163219452,0.5688789486885071,,orange and black wings,200
154,Red eyed Vireo,30,0,30,0.0,0.28657442331314087,0.5336998701095581,,orange and black wings,200
155,Warbling Vireo,30,0,30,0.0,0.2409084439277649,0.5508545637130737,,orange and black wings,200
156,White eyed Vireo,30,0,30,0.0,0.2325691133737564,0.5479692220687866,,orange and black wings,200
158,Bay breasted Warbler,30,6,24,0.2,0.5620124340057373,0.7105751037597656,0.6517540542810161,orange and black wings,200
161,Blue winged Warbler,30,1,29,0.03333333333333333,0.5684816241264343,0.6188966631889343,0.562096699634641,orange and black wings,200
173,Orange crowned Warbler,30,0,30,0.0,0.2646886110305786,0.5342493057250977,,orange and black wings,200
162,Canada Warbler,30,0,30,0.0,0.41710904240608215,0.5986829996109009,,orange and black wings,200
163,Cape May Warbler,30,1,29,0.03333333333333333,0.4702796936035156,0.6613636612892151,0.7550628522881329,orange and black wings,200
164,Cerulean Warbler,30,0,30,0.0,0.20239636301994324,0.4963012933731079,,orange and black wings,200
165,Chestnut sided Warbler,30,0,30,0.0,0.36618223786354065,0.6207013726234436,,orange and black wings,200
167,Hooded Warbler,30,1,29,0.03333333333333333,0.5526326298713684,0.6112934947013855,0.7891736400559208,orange and black wings,200
170,Mourning Warbler,30,0,30,0.0,0.38278913497924805,0.5760065913200378,,orange and black wings,200
171,Myrtle Warbler,30,1,29,0.03333333333333333,0.4170006513595581,0.5965477824211121,0.5074034174962109,orange and black wings,200
172,Nashville Warbler,30,0,30,0.0,0.3175007104873657,0.5926977396011353,,orange and black wings,200
91,Mockingbird,30,0,30,0.0,0.33608901500701904,0.5799510478973389,,orange and black wings,200
200,Common Yellowthroat,30,0,30,0.0,0.46885615587234497,0.6389973759651184,,orange and black wings,200
89,Hooded Merganser,30,16,14,0.5333333333333333,0.7766622304916382,0.763412356376648,0.8411103133838551,orange and black wings,200
62,Herring Gull,30,0,30,0.0,0.4684099555015564,0.6231182217597961,,orange and black wings,200
88,Western Meadowlark,30,1,29,0.03333333333333333,0.5138115286827087,0.6308864951133728,0.4644285096300424,orange and black wings,200
45,Northern Fulmar,30,1,29,0.03333333333333333,0.45594123005867004,0.6197611689567566,0.5747355937294137,orange and black wings,200
46,Gadwall,30,8,22,0.26666666666666666,0.4374209940433502,0.72176194190979,0.4397954675658998,orange and black wings,200
47,American Goldfinch,30,0,30,0.0,0.5581477284431458,0.6269760727882385,,orange and black wings,200
48,European Goldfinch,30,3,27,0.1,0.6575878858566284,0.6963768005371094,0.6901864224401785,orange and black wings,200
49,Boat tailed Grackle,30,0,30,0.0,0.6203542351722717,0.6577977538108826,,orange and black wings,200
50,Eared Grebe,30,10,20,0.3333333333333333,0.7745559215545654,0.7430760264396667,0.8500315138079112,orange and black wings,200
51,Horned Grebe,30,10,20,0.3333333333333333,0.7731685042381287,0.7430693507194519,0.8588736669727773,orange and black wings,200
52,Pied billed Grebe,30,3,27,0.1,0.5916373133659363,0.6950902938842773,0.7258210753899119,orange and black wings,200
53,Western Grebe,30,1,29,0.03333333333333333,0.7327145338058472,0.6754882335662842,0.7164969659599808,orange and black wings,200
54,Blue Grosbeak,30,1,29,0.03333333333333333,0.5861198306083679,0.6490048170089722,0.5132186974734417,orange and black wings,200
55,Evening Grosbeak,30,8,22,0.26666666666666666,0.6207292675971985,0.7371339797973633,0.6517602527459712,orange and black wings,200
56,Pine Grosbeak,30,2,28,0.06666666666666667,0.5399520993232727,0.6699655055999756,0.5407975996862076,orange and black wings,200
57,Rose breasted Grosbeak,30,7,23,0.23333333333333334,0.7143440842628479,0.7277061939239502,0.67984409475394,orange and black wings,200
59,California Gull,30,0,30,0.0,0.4825350046157837,0.6203225255012512,,orange and black wings,200
42,Vermilion Flycatcher,30,10,20,0.3333333333333333,0.7852128744125366,0.7413445711135864,0.8241488883077565,orange and black wings,200
41,Scissor tailed Flycatcher,30,7,23,0.23333333333333334,0.5982325077056885,0.701557457447052,0.6324177068909299,orange and black wings,200
40,Olive sided Flycatcher,30,0,30,0.0,0.33942359685897827,0.588458776473999,,orange and black wings,200
25,Pelagic Cormorant,30,5,25,0.16666666666666666,0.6965459585189819,0.7204152941703796,0.7310265165501714,orange and black wings,200
4,Groove billed Ani,30,3,27,0.1,0.6900488138198853,0.6937425136566162,0.7066331765348284,orange and black wings,200
10,Red winged Blackbird,30,27,3,0.9,0.9272163510322571,0.8956406712532043,0.940751989887004,orange and black wings,200
11,Rusty Blackbird,30,6,24,0.2,0.6409870982170105,0.6913305521011353,0.7279047209373856,orange and black wings,200
13,Bobolink,30,1,29,0.03333333333333333,0.6538074612617493,0.6790308356285095,0.7161079845739359,orange and black wings,200
14,Indigo Bunting,30,0,30,0.0,0.35048311948776245,0.517181396484375,,orange and black wings,200
21,Eastern Towhee,30,25,5,0.8333333333333334,0.8142472505569458,0.8352312445640564,0.849022327384809,orange and black wings,200
26,Bronzed Cowbird,30,2,28,0.06666666666666667,0.7321475744247437,0.6996475458145142,0.758625710781108,orange and black wings,200
38,Great Crested Flycatcher,30,0,30,0.0,0.3276897370815277,0.5922302603721619,,orange and black wings,200
27,Shiny Cowbird,30,0,30,0.0,0.6081312894821167,0.6267697215080261,,orange and black wings,200
29,American Crow,30,1,29,0.03333333333333333,0.7467291951179504,0.6767194867134094,0.854935109203164,orange and black wings,200
30,Fish Crow,30,2,28,0.06666666666666667,0.7234421372413635,0.6826408505439758,0.7595246066540005,orange and black wings,200
31,Black billed Cuckoo,30,0,30,0.0,0.3562873601913452,0.6138590574264526,,orange and black wings,200
35,Purple Finch,30,0,30,0.0,0.3378382623195648,0.5568097829818726,,orange and black wings,200
36,Northern Flicker,30,2,28,0.06666666666666667,0.45085275173187256,0.6608675122261047,0.49167814065749776,orange and black wings,200
61,Heermann Gull,30,3,27,0.1,0.49059298634529114,0.6848667860031128,0.4626071669662156,orange and black wings,200
44,Frigatebird,30,10,20,0.3333333333333333,0.7546508312225342,0.750389814376831,0.7959667754790044,orange and black wings,200
71,Long tailed Jaeger,30,3,27,0.1,0.619873583316803,0.6949794292449951,0.6491193282555753,orange and black wings,200
69,Rufous Hummingbird,30,9,21,0.3,0.5851818919181824,0.7298927307128906,0.6308436962076067,orange and black wings,200
76,Dark eyed Junco,30,1,29,0.03333333333333333,0.4922400116920471,0.6286163926124573,0.3288941618038152,orange and black wings,200
79,Belted Kingfisher,30,6,24,0.2,0.6790176033973694,0.685843825340271,0.7540842754862266,orange and black wings,200
80,Green Kingfisher,30,3,27,0.1,0.6716851592063904,0.6820228695869446,0.7900591773700829,orange and black wings,200
81,Pied Kingfisher,30,0,30,0.0,0.48639076948165894,0.6356285810470581,,orange and black wings,200
74,Florida Jay,30,0,30,0.0,0.18636001646518707,0.5084822773933411,,orange and black wings,200
82,Ringed Kingfisher,30,4,26,0.13333333333333333,0.7577237486839294,0.7065452933311462,0.7669775371431186,orange and black wings,200
73,Blue Jay,30,0,30,0.0,0.24232524633407593,0.5383499264717102,,orange and black wings,200
72,Pomarine Jaeger,30,3,27,0.1,0.6517382860183716,0.7072683572769165,0.6430425137500254,orange and black wings,200
70,Green Violetear,30,1,29,0.03333333333333333,0.3472418189048767,0.6527897715568542,0.3847289444977309,orange and black wings,200
77,Tropical Kingbird,30,0,30,0.0,0.449054092168808,0.6103517413139343,,orange and black wings,200
86,Pacific Loon,30,0,30,0.0,0.5826383233070374,0.637259304523468,,orange and black wings,200
67,Anna Hummingbird,30,1,29,0.03333333333333333,0.48585212230682373,0.6166908144950867,0.5711279071077182,orange and black wings,200
83,White breasted Kingfisher,30,0,30,0.0,0.447745680809021,0.6208603382110596,,orange and black wings,200
66,Western Gull,30,0,30,0.0,0.47525298595428467,0.6501767635345459,,orange and black wings,200
68,Ruby throated Hummingbird,30,3,27,0.1,0.5554210543632507,0.6721823811531067,0.6055872281128295,orange and black wings,200
64,Ring billed Gull,30,0,30,0.0,0.39333078265190125,0.6148913502693176,,orange and black wings,200
85,Horned Lark,30,0,30,0.0,0.41699355840682983,0.5886570811271667,,orange and black wings,200
19,Gray Catbird,29,1,28,0.034482758620689655,0.3406929075717926,0.6475557088851929,0.4126755320504279,orange and black wings,200
169,Magnolia Warbler,29,0,29,0.0,0.4452497959136963,0.6384928226470947,,orange and black wings,200
60,Glaucous winged Gull,29,0,29,0.0,0.3560281991958618,0.630021333694458,,orange and black wings,200
87,Mallard,29,4,25,0.13793103448275862,0.4958902895450592,0.695004940032959,0.596518204947607,orange and black wings,200
166,Golden winged Warbler,29,1,28,0.034482758620689655,0.4470098614692688,0.5939322113990784,0.8446123968395005,orange and black wings,200
28,Brown Creeper,29,0,29,0.0,0.4773336946964264,0.5878174304962158,,orange and black wings,200
168,Kentucky Warbler,29,0,29,0.0,0.39288583397865295,0.6045116782188416,,orange and black wings,200
190,Red cockaded Woodpecker,29,0,29,0.0,0.569001317024231,0.6303063035011292,,orange and black wings,200
23,Brandt Cormorant,29,4,25,0.13793103448275862,0.6741672158241272,0.6836532950401306,0.7687348986041487,orange and black wings,200
97,Orchard Oriole,29,24,5,0.8275862068965517,0.7970776557922363,0.8231282830238342,0.8465517284579537,orange and black wings,200
33,Yellow billed Cuckoo,29,1,28,0.034482758620689655,0.4217697083950043,0.6251913905143738,0.5521163946030697,orange and black wings,200
181,Worm eating Warbler,29,0,29,0.0,0.3260004222393036,0.5780884027481079,,orange and black wings,200
20,Yellow breasted Chat,29,6,23,0.20689655172413793,0.5938417911529541,0.7280718684196472,0.6648532420323401,orange and black wings,200
179,Tennessee Warbler,29,0,29,0.0,0.26402413845062256,0.5318374037742615,,orange and black wings,200
125,Lincoln Sparrow,29,0,29,0.0,0.2664121985435486,0.526964008808136,,orange and black wings,200
78,Gray Kingbird,29,0,29,0.0,0.3551517426967621,0.5783970355987549,,orange and black wings,200
117,Clay colored Sparrow,29,0,29,0.0,0.25711843371391296,0.532480776309967,,orange and black wings,200
124,Le Conte Sparrow,29,1,28,0.034482758620689655,0.35790443420410156,0.6129436492919922,0.679782799188057,orange and black wings,200
119,Field Sparrow,29,0,29,0.0,0.2719173729419708,0.5745639801025391,,orange and black wings,200
160,Black throated Blue Warbler,29,0,29,0.0,0.3871234655380249,0.5778330564498901,,orange and black wings,200
115,Brewer Sparrow,29,0,29,0.0,0.29747283458709717,0.5212737321853638,,orange and black wings,200
141,Artic Tern,29,0,29,0.0,0.4257829189300537,0.6654346585273743,,orange and black wings,200
43,Yellow bellied Flycatcher,29,0,29,0.0,0.32062092423439026,0.5710532069206238,,orange and black wings,200
108,White necked Raven,29,1,28,0.034482758620689655,0.7238176465034485,0.7050957679748535,0.4309038988629019,orange and black wings,200
149,Brown Thrasher,29,0,29,0.0,0.3486801087856293,0.635998547077179,,orange and black wings,200
63,Ivory Gull,29,0,29,0.0,0.36248716711997986,0.5744116306304932,,orange and black wings,200
39,Least Flycatcher,29,0,29,0.0,0.31276339292526245,0.5594638586044312,,orange and black wings,200
153,Philadelphia Vireo,29,0,29,0.0,0.25423213839530945,0.5335590839385986,,orange and black wings,200
37,Acadian Flycatcher,29,0,29,0.0,0.2525729537010193,0.5543944835662842,,orange and black wings,200
157,Yellow throated Vireo,29,0,29,0.0,0.29088082909584045,0.5766786932945251,,orange and black wings,200
34,Gray crowned Rosy Finch,29,0,29,0.0,0.5438111424446106,0.6443297863006592,,orange and black wings,200
9,Brewer Blackbird,28,0,28,0.0,0.6207208633422852,0.657681941986084,,orange and black wings,200
3,Sooty Albatross,28,0,28,0.0,0.5447203516960144,0.6773395538330078,,orange and black wings,200
58,Pigeon Guillemot,28,17,11,0.6071428571428571,0.7241472005844116,0.7867509126663208,0.7424767289995333,orange and black wings,200
16,Painted Bunting,28,1,27,0.03571428571428571,0.5735121965408325,0.6574416756629944,0.706514774136647,orange and black wings,200
15,Lazuli Bunting,28,0,28,0.0,0.39562803506851196,0.6134786009788513,,orange and black wings,200
75,Green Jay,27,0,27,0.0,0.37047263979911804,0.5592384934425354,,orange and black wings,200
17,Cardinal,27,5,22,0.18518518518518517,0.6518675684928894,0.7096031308174133,0.721523445546843,orange and black wings,200
12,Yellow headed Blackbird,26,19,7,0.7307692307692307,0.8498368859291077,0.8156239986419678,0.8558467506664943,orange and black wings,200
178,Swainson Warbler,26,0,26,0.0,0.2707078754901886,0.5469208359718323,,orange and black wings,200
22,Chuck will Widow,26,0,26,0.0,0.5274050235748291,0.6279270648956299,,orange and black wings,200
7,Parakeet Auklet,23,4,19,0.17391304347826086,0.6799612641334534,0.7368911504745483,0.7200139660543495,orange and black wings,200
32,Mangrove Cuckoo,23,5,18,0.21739130434782608,0.5422793030738831,0.7076045274734497,0.623109034857642,orange and black wings,200
84,Red legged Kittiwake,23,0,23,0.0,0.35561102628707886,0.646419882774353,,orange and black wings,200
24,Red faced Cormorant,22,18,4,0.8181818181818182,0.8213359713554382,0.8152612447738647,0.8386113213200453,orange and black wings,200
151,Black capped Vireo,21,0,21,0.0,0.37242650985717773,0.5860537886619568,,orange and black wings,200
65,Slaty backed Gull,20,0,20,0.0,0.5043737888336182,0.6447482109069824,,orange and black wings,200
187,American Three toed Woodpecker,20,0,20,0.0,0.6232799291610718,0.6372290253639221,,orange and black wings,200
113,Baird Sparrow,20,0,20,0.0,0.2811143100261688,0.5311185121536255,,orange and black wings,200
101,White Pelican,20,0,20,0.0,0.6172491312026978,0.664644718170166,,orange and black wings,200
105,Whip poor Will,19,0,19,0.0,0.455834299325943,0.6544467806816101,,orange and black wings,200
8,Rhinoceros Auklet,18,5,13,0.2777777777777778,0.7395643591880798,0.7265658974647522,0.7698787723105859,orange and black wings,200
18,Spotted Catbird,15,0,15,0.0,0.3110944926738739,0.5812793970108032,,orange and black wings,200
5,Crested Auklet,14,10,4,0.7142857142857143,0.7683853507041931,0.7972087860107422,0.8572108418581039,orange and black wings,200
6,Least Auklet,11,0,11,0.0,0.5628776550292969,0.6503984928131104,,orange and black wings,200
1,Black footed Albatross,30,0,30,0.0,0.29807695746421814,0.7614222764968872,,a red throat,84
90,Red breasted Merganser,30,0,30,0.0,0.48560211062431335,0.8009286522865295,,a red throat,84
121,Grasshopper Sparrow,30,0,30,0.0,0.39920753240585327,0.8072037100791931,,a red throat,84
122,Harris Sparrow,30,0,30,0.0,0.47049883008003235,0.8046326041221619,,a red throat,84
123,Henslow Sparrow,30,1,29,0.03333333333333333,0.42001277208328247,0.8022053241729736,0.7767177539273536,a red throat,84
126,Nelson Sharp tailed Sparrow,30,3,27,0.1,0.5200340747833252,0.8325172662734985,0.5836439983126966,a red throat,84
127,Savannah Sparrow,30,0,30,0.0,0.35048362612724304,0.7914236187934875,,a red throat,84
128,Seaside Sparrow,30,3,27,0.1,0.4134809672832489,0.8353641033172607,0.5164019284697096,a red throat,84
129,Song Sparrow,30,2,28,0.06666666666666667,0.5293789505958557,0.8266961574554443,0.5895338018501005,a red throat,84
130,Tree Sparrow,30,0,30,0.0,0.6553202271461487,0.8331149220466614,,a red throat,84
131,Vesper Sparrow,30,1,29,0.03333333333333333,0.4573114514350891,0.8129704594612122,0.6359933803192902,a red throat,84
132,White crowned Sparrow,30,0,30,0.0,0.547085702419281,0.818050742149353,,a red throat,84
133,White throated Sparrow,30,0,30,0.0,0.30554354190826416,0.7948452830314636,,a red throat,84
134,Cape Glossy Starling,30,0,30,0.0,0.44130203127861023,0.7981317043304443,,a red throat,84
135,Bank Swallow,30,2,28,0.06666666666666667,0.5929228067398071,0.8343063592910767,0.6813541582693149,a red throat,84
136,Barn Swallow,30,2,28,0.06666666666666667,0.5734747052192688,0.8453022241592407,0.6882287311448134,a red throat,84
137,Cliff Swallow,30,11,19,0.36666666666666664,0.6006033420562744,0.8672255873680115,0.6363548926599476,a red throat,84
138,Tree Swallow,30,1,29,0.03333333333333333,0.37970638275146484,0.81217360496521,0.8015191944424698,a red throat,84
139,Scarlet Tanager,30,27,3,0.9,0.8950883746147156,0.923059344291687,0.8949363722615729,a red throat,84
140,Summer Tanager,30,27,3,0.9,0.9327990412712097,0.9198938012123108,0.9314893657311228,a red throat,84
142,Black Tern,30,0,30,0.0,0.4058445692062378,0.7915436625480652,,a red throat,84
120,Fox Sparrow,30,1,29,0.03333333333333333,0.5898984670639038,0.8273388147354126,0.7936255594448353,a red throat,84
118,House Sparrow,30,3,27,0.1,0.6013109087944031,0.8325977921485901,0.7334558446097925,a red throat,84
116,Chipping Sparrow,30,6,24,0.2,0.638351559638977,0.8469116687774658,0.6966437436029627,a red throat,84
2,Laysan Albatross,30,0,30,0.0,0.282179057598114,0.7499141693115234,,a red throat,84
92,Nighthawk,30,0,30,0.0,0.3085593283176422,0.8106533288955688,,a red throat,84
93,Clark Nutcracker,30,0,30,0.0,0.45813295245170593,0.7935405373573303,,a red throat,84
94,White breasted Nuthatch,30,1,29,0.03333333333333333,0.39555200934410095,0.8018438220024109,0.5312336621798252,a red throat,84
95,Baltimore Oriole,30,0,30,0.0,0.7572146058082581,0.8180418610572815,,a red throat,84
96,Hooded Oriole,30,1,29,0.03333333333333333,0.6488367915153503,0.7928397059440613,0.8490882705983757,a red throat,84
98,Scott Oriole,30,2,28,0.06666666666666667,0.5124849677085876,0.8063369989395142,0.6126783011511061,a red throat,84
99,Ovenbird,30,2,28,0.06666666666666667,0.5681090950965881,0.8198087215423584,0.636467338704647,a red throat,84
100,Brown Pelican,30,0,30,0.0,0.32443588972091675,0.770244300365448,,a red throat,84
102,Western Wood Pewee,30,4,26,0.13333333333333333,0.6924293637275696,0.8448449969291687,0.7629732403462027,a red throat,84
114,Black throated Sparrow,30,5,25,0.16666666666666666,0.5066429376602173,0.852425217628479,0.5769760736496727,a red throat,84
103,Sayornis,30,2,28,0.06666666666666667,0.6398964524269104,0.8453800082206726,0.7417125259679589,a red throat,84
104,American Pipit,30,2,28,0.06666666666666667,0.5581008195877075,0.8141616582870483,0.5110176695533715,a red throat,84
106,Horned Puffin,30,0,30,0.0,0.19759716093540192,0.7387611269950867,,a red throat,84
107,Common Raven,30,0,30,0.0,0.22215518355369568,0.7650610208511353,,a red throat,84
109,American Redstart,30,8,22,0.26666666666666666,0.6783725619316101,0.8617099523544312,0.7073560165760341,a red throat,84
110,Geococcyx,30,0,30,0.0,0.43503323197364807,0.7682886719703674,,a red throat,84
111,Loggerhead Shrike,30,1,29,0.03333333333333333,0.6223810911178589,0.8294552564620972,0.796426204973171,a red throat,84
112,Great Grey Shrike,30,5,25,0.16666666666666666,0.5843220949172974,0.8320291042327881,0.6116650928200961,a red throat,84
143,Caspian Tern,30,5,25,0.16666666666666666,0.549214780330658,0.8467381000518799,0.5743247968769547,a red throat,84
144,Common Tern,30,4,26,0.13333333333333333,0.4495214521884918,0.8342260718345642,0.5223515547484374,a red throat,84
145,Elegant Tern,30,2,28,0.06666666666666667,0.4965675473213196,0.819061815738678,0.5578248155245434,a red throat,84
189,Red bellied Woodpecker,30,10,20,0.3333333333333333,0.7510036826133728,0.8599217534065247,0.7764642330403849,a red throat,84
177,Prothonotary Warbler,30,1,29,0.03333333333333333,0.5377206802368164,0.8085961937904358,0.5804127562973824,a red throat,84
180,Wilson Warbler,30,1,29,0.03333333333333333,0.4828305244445801,0.8087097406387329,0.49299466816692156,a red throat,84
182,Yellow Warbler,30,1,29,0.03333333333333333,0.5870077013969421,0.7993039488792419,0.3895249827985189,a red throat,84
183,Northern Waterthrush,30,0,30,0.0,0.37337982654571533,0.803056001663208,,a red throat,84
184,Louisiana Waterthrush,30,0,30,0.0,0.36303624510765076,0.8099871873855591,,a red throat,84
185,Bohemian Waxwing,30,7,23,0.23333333333333334,0.662708044052124,0.8544885516166687,0.7054866898308971,a red throat,84
186,Cedar Waxwing,30,3,27,0.1,0.668230414390564,0.826970100402832,0.7527731901215908,a red throat,84
188,Pileated Woodpecker,30,7,23,0.23333333333333334,0.5525057315826416,0.8515499830245972,0.5392177196029563,a red throat,84
191,Red headed Woodpecker,30,18,12,0.6,0.6786801218986511,0.8986552953720093,0.6677346860041038,a red throat,84
175,Pine Warbler,30,1,29,0.03333333333333333,0.5589958429336548,0.808155357837677,0.7115980529550515,a red throat,84
192,Downy Woodpecker,30,1,29,0.03333333333333333,0.592094361782074,0.8096904158592224,0.6949920098162766,a red throat,84
193,Bewick Wren,30,7,23,0.23333333333333334,0.6224220395088196,0.8519538640975952,0.639324519242591,a red throat,84
194,Cactus Wren,30,1,29,0.03333333333333333,0.5007756948471069,0.8082797527313232,0.42607727672715984,a red throat,84
195,Carolina Wren,30,3,27,0.1,0.6156598329544067,0.8490897417068481,0.7440091436088513,a red throat,84
196,House Wren,30,4,26,0.13333333333333333,0.5581033229827881,0.8383476734161377,0.6695326168788182,a red throat,84
197,Marsh Wren,30,2,28,0.06666666666666667,0.578609049320221,0.8308418393135071,0.5973959599506548,a red throat,84
198,Rock Wren,30,5,25,0.16666666666666666,0.5893893837928772,0.8483938574790955,0.4809286767470699,a red throat,84
199,Winter Wren,30,4,26,0.13333333333333333,0.4863896071910858,0.8374693989753723,0.510394391721224,a red throat,84
176,Prairie Warbler,30,0,30,0.0,0.44894397258758545,0.7896744012832642,,a red throat,84
174,Palm Warbler,30,6,24,0.2,0.5915445685386658,0.8472325801849365,0.6601912941986737,a red throat,84
146,Forsters Tern,30,3,27,0.1,0.4166679084300995,0.8290035128593445,0.3499982392424678,a red throat,84
159,Black and white Warbler,30,0,30,0.0,0.35337427258491516,0.7955397367477417,,a red throat,84
147,Least Tern,30,0,30,0.0,0.3460836708545685,0.7814021706581116,,a red throat,84
148,Green tailed Towhee,30,16,14,0.5333333333333333,0.7418719530105591,0.8795936703681946,0.7638794949494359,a red throat,84
150,Sage Thrasher,30,0,30,0.0,0.508747398853302,0.82224440574646,,a red throat,84
152,Blue headed Vireo,30,0,30,0.0,0.4567734897136688,0.8119676113128662,,a red throat,84
154,Red eyed Vireo,30,2,28,0.06666666666666667,0.5699769258499146,0.8434277772903442,0.5877838522298389,a red throat,84
155,Warbling Vireo,30,0,30,0.0,0.5343693494796753,0.8376225829124451,,a red throat,84
156,White eyed Vireo,30,1,29,0.03333333333333333,0.41241636872291565,0.8055919408798218,0.40326402907654646,a red throat,84
158,Bay breasted Warbler,30,8,22,0.26666666666666666,0.7767478227615356,0.864337146282196,0.8271718204974663,a red throat,84
161,Blue winged Warbler,30,0,30,0.0,0.52154541015625,0.8144314289093018,,a red throat,84
173,Orange crowned Warbler,30,2,28,0.06666666666666667,0.6433880925178528,0.8312712907791138,0.7353025131090429,a red throat,84
162,Canada Warbler,30,1,29,0.03333333333333333,0.32721203565597534,0.7922614812850952,0.5265702741018748,a red throat,84
163,Cape May Warbler,30,2,28,0.06666666666666667,0.45482808351516724,0.813184380531311,0.6940874807487033,a red throat,84
164,Cerulean Warbler,30,0,30,0.0,0.38958173990249634,0.7972372174263,,a red throat,84
165,Chestnut sided Warbler,30,4,26,0.13333333333333333,0.5252821445465088,0.8299126029014587,0.7101651149378252,a red throat,84
167,Hooded Warbler,30,1,29,0.03333333333333333,0.37969592213630676,0.7882047891616821,0.5772074277798127,a red throat,84
170,Mourning Warbler,30,0,30,0.0,0.5301513075828552,0.8177756667137146,,a red throat,84
171,Myrtle Warbler,30,0,30,0.0,0.49989786744117737,0.7896690964698792,,a red throat,84
172,Nashville Warbler,30,1,29,0.03333333333333333,0.5157759189605713,0.835629403591156,0.5444902092343559,a red throat,84
91,Mockingbird,30,1,29,0.03333333333333333,0.6300632357597351,0.8169068098068237,0.7172157359046065,a red throat,84
200,Common Yellowthroat,30,2,28,0.06666666666666667,0.5571317076683044,0.8291416168212891,0.6356219164445389,a red throat,84
89,Hooded Merganser,30,0,30,0.0,0.34706932306289673,0.793557345867157,,a red throat,84
62,Herring Gull,30,0,30,0.0,0.2546539008617401,0.7780963778495789,,a red throat,84
88,Western Meadowlark,30,0,30,0.0,0.3548353612422943,0.7825286984443665,,a red throat,84
45,Northern Fulmar,30,0,30,0.0,0.25265827775001526,0.7577568292617798,,a red throat,84
46,Gadwall,30,0,30,0.0,0.2847100496292114,0.8035075068473816,,a red throat,84
47,American Goldfinch,30,0,30,0.0,0.5082346796989441,0.7750667333602905,,a red throat,84
48,European Goldfinch,30,5,25,0.16666666666666666,0.6533803939819336,0.8189051151275635,0.675045577343911,a red throat,84
49,Boat tailed Grackle,30,1,29,0.03333333333333333,0.33599168062210083,0.7771005034446716,0.5076349505254373,a red throat,84
50,Eared Grebe,30,0,30,0.0,0.4033532440662384,0.7923118472099304,,a red throat,84
51,Horned Grebe,30,2,28,0.06666666666666667,0.5534793734550476,0.8210038542747498,0.7647421287601134,a red throat,84
52,Pied billed Grebe,30,0,30,0.0,0.36325719952583313,0.7739384770393372,,a red throat,84
53,Western Grebe,30,0,30,0.0,0.3165742754936218,0.7974224090576172,,a red throat,84
54,Blue Grosbeak,30,0,30,0.0,0.47750380635261536,0.8145403265953064,,a red throat,84
55,Evening Grosbeak,30,0,30,0.0,0.3396848440170288,0.7748600840568542,,a red throat,84
56,Pine Grosbeak,30,16,14,0.5333333333333333,0.871499240398407,0.8852387070655823,0.9236704699460805,a red throat,84
57,Rose breasted Grosbeak,30,22,8,0.7333333333333333,0.770665168762207,0.8960146307945251,0.7962042572264504,a red throat,84
59,California Gull,30,0,30,0.0,0.2736598551273346,0.7747078537940979,,a red throat,84
42,Vermilion Flycatcher,30,29,1,0.9666666666666667,0.9101535677909851,0.9347765445709229,0.9128368115039333,a red throat,84
41,Scissor tailed Flycatcher,30,4,26,0.13333333333333333,0.6604673862457275,0.8455712199211121,0.618783264324884,a red throat,84
40,Olive sided Flycatcher,30,3,27,0.1,0.6176069378852844,0.8347235321998596,0.8724132336432823,a red throat,84
25,Pelagic Cormorant,30,0,30,0.0,0.16934730112552643,0.7541072368621826,,a red throat,84
4,Groove billed Ani,30,1,29,0.03333333333333333,0.3449023962020874,0.8086272478103638,0.45639831887600485,a red throat,84
10,Red winged Blackbird,30,20,10,0.6666666666666666,0.5425240993499756,0.8930584192276001,0.5696991262552786,a red throat,84
11,Rusty Blackbird,30,1,29,0.03333333333333333,0.45068100094795227,0.8258834481239319,0.6602306911186316,a red throat,84
13,Bobolink,30,0,30,0.0,0.3616747558116913,0.774057924747467,,a red throat,84
14,Indigo Bunting,30,0,30,0.0,0.40611574053764343,0.7920572757720947,,a red throat,84
21,Eastern Towhee,30,11,19,0.36666666666666664,0.7048586010932922,0.8672372102737427,0.7542703627058958,a red throat,84
26,Bronzed Cowbird,30,6,24,0.2,0.5290796756744385,0.8493511080741882,0.5505379215740912,a red throat,84
38,Great Crested Flycatcher,30,0,30,0.0,0.6954383254051208,0.8343476057052612,,a red throat,84
27,Shiny Cowbird,30,0,30,0.0,0.3931606411933899,0.7972182035446167,,a red throat,84
29,American Crow,30,0,30,0.0,0.27956637740135193,0.7809137105941772,,a red throat,84
30,Fish Crow,30,0,30,0.0,0.25749823451042175,0.7861464023590088,,a red throat,84
31,Black billed Cuckoo,30,15,15,0.5,0.7190777063369751,0.8800062537193298,0.7019396517574651,a red throat,84
35,Purple Finch,30,26,4,0.8666666666666667,0.8967617750167847,0.9129776358604431,0.9017714153861626,a red throat,84
36,Northern Flicker,30,8,22,0.26666666666666666,0.6047179102897644,0.8476393222808838,0.6583164158728784,a red throat,84
61,Heermann Gull,30,7,23,0.23333333333333334,0.5709287524223328,0.8501923084259033,0.5852729183857563,a red throat,84
44,Frigatebird,30,1,29,0.03333333333333333,0.42758476734161377,0.7883064150810242,0.333106479390851,a red throat,84
71,Long tailed Jaeger,30,0,30,0.0,0.3196902275085449,0.7802330255508423,,a red throat,84
69,Rufous Hummingbird,30,9,21,0.3,0.8018768429756165,0.8688982725143433,0.8342505777946401,a red throat,84
76,Dark eyed Junco,30,3,27,0.1,0.5296860933303833,0.8324759602546692,0.5761082920698327,a red throat,84
79,Belted Kingfisher,30,2,28,0.06666666666666667,0.6184691786766052,0.8045982718467712,0.7117620543229668,a red throat,84
80,Green Kingfisher,30,6,24,0.2,0.5980479121208191,0.8266082406044006,0.7411665299373983,a red throat,84
81,Pied Kingfisher,30,0,30,0.0,0.4535476267337799,0.7837271094322205,,a red throat,84
74,Florida Jay,30,0,30,0.0,0.32913580536842346,0.8025929927825928,,a red throat,84
82,Ringed Kingfisher,30,3,27,0.1,0.7053478956222534,0.8263644576072693,0.6371797667978514,a red throat,84
73,Blue Jay,30,0,30,0.0,0.26955005526542664,0.7615645527839661,,a red throat,84
72,Pomarine Jaeger,30,0,30,0.0,0.2726617455482483,0.7685448527336121,,a red throat,84
70,Green Violetear,30,0,30,0.0,0.6264935731887817,0.8092049360275269,,a red throat,84
77,Tropical Kingbird,30,1,29,0.03333333333333333,0.6210358142852783,0.8123645782470703,0.5365458035763396,a red throat,84
86,Pacific Loon,30,0,30,0.0,0.2702955901622772,0.7553862929344177,,a red throat,84
67,Anna Hummingbird,30,6,24,0.2,0.7214605808258057,0.8574605584144592,0.8499857061675197,a red throat,84
83,White breasted Kingfisher,30,3,27,0.1,0.6643882393836975,0.827965497970581,0.6640108199296337,a red throat,84
66,Western Gull,30,0,30,0.0,0.2117639183998108,0.7767320275306702,,a red throat,84
68,Ruby throated Hummingbird,30,7,23,0.23333333333333334,0.6561979055404663,0.8490869402885437,0.7746089395077249,a red throat,84
64,Ring billed Gull,30,0,30,0.0,0.2981042265892029,0.7829100489616394,,a red throat,84
85,Horned Lark,30,0,30,0.0,0.36749038100242615,0.796725332736969,,a red throat,84
19,Gray Catbird,29,6,23,0.20689655172413793,0.5669651031494141,0.8453066349029541,0.5924220380381137,a red throat,84
169,Magnolia Warbler,29,0,29,0.0,0.40748417377471924,0.7810509204864502,,a red throat,84
60,Glaucous winged Gull,29,0,29,0.0,0.23963403701782227,0.7949966192245483,,a red throat,84
87,Mallard,29,0,29,0.0,0.28489577770233154,0.7892953753471375,,a red throat,84
166,Golden winged Warbler,29,3,26,0.10344827586206896,0.3881233334541321,0.8056432604789734,0.4632306675879248,a red throat,84
28,Brown Creeper,29,1,28,0.034482758620689655,0.5828511714935303,0.8162120580673218,0.6231908804230221,a red throat,84
168,Kentucky Warbler,29,0,29,0.0,0.33266955614089966,0.7977567911148071,,a red throat,84
190,Red cockaded Woodpecker,29,0,29,0.0,0.4358921945095062,0.7927120923995972,,a red throat,84
23,Brandt Cormorant,29,0,29,0.0,0.1796153336763382,0.7430202960968018,,a red throat,84
97,Orchard Oriole,29,6,23,0.20689655172413793,0.7934266328811646,0.8530495166778564,0.8499898813128867,a red throat,84
33,Yellow billed Cuckoo,29,4,25,0.13793103448275862,0.5765141248703003,0.8390172123908997,0.5887930748655925,a red throat,84
181,Worm eating Warbler,29,0,29,0.0,0.5121085047721863,0.8169106245040894,,a red throat,84
20,Yellow breasted Chat,29,3,26,0.10344827586206896,0.49403801560401917,0.8318902254104614,0.42370877889655867,a red throat,84
179,Tennessee Warbler,29,4,25,0.13793103448275862,0.592197060585022,0.8340165615081787,0.7040811282929152,a red throat,84
125,Lincoln Sparrow,29,1,28,0.034482758620689655,0.45941370725631714,0.8020926713943481,0.4927464570480686,a red throat,84
78,Gray Kingbird,29,4,25,0.13793103448275862,0.6532596945762634,0.8508592844009399,0.6566723239675589,a red throat,84
117,Clay colored Sparrow,29,1,28,0.034482758620689655,0.3993074893951416,0.8094882369041443,0.6191489849929588,a red throat,84
124,Le Conte Sparrow,29,0,29,0.0,0.5078599452972412,0.8163102865219116,,a red throat,84
119,Field Sparrow,29,5,24,0.1724137931034483,0.6752495765686035,0.8427444100379944,0.6306862290748323,a red throat,84
160,Black throated Blue Warbler,29,0,29,0.0,0.46399688720703125,0.811026930809021,,a red throat,84
115,Brewer Sparrow,29,2,27,0.06896551724137931,0.4717414677143097,0.8234103918075562,0.5245902238794355,a red throat,84
141,Artic Tern,29,2,27,0.06896551724137931,0.47393831610679626,0.8416936993598938,0.6382516710032522,a red throat,84
43,Yellow bellied Flycatcher,29,0,29,0.0,0.6131647229194641,0.8128498196601868,,a red throat,84
108,White necked Raven,29,0,29,0.0,0.2575170397758484,0.759477436542511,,a red throat,84
149,Brown Thrasher,29,2,27,0.06896551724137931,0.7190341949462891,0.8348139524459839,0.6419682331207746,a red throat,84
63,Ivory Gull,29,0,29,0.0,0.30826327204704285,0.7595813274383545,,a red throat,84
39,Least Flycatcher,29,1,28,0.034482758620689655,0.649852991104126,0.8316521644592285,0.5406975731784084,a red throat,84
153,Philadelphia Vireo,29,0,29,0.0,0.47094449400901794,0.8108582496643066,,a red throat,84
37,Acadian Flycatcher,29,2,27,0.06896551724137931,0.6044395565986633,0.8361988663673401,0.6249782638314433,a red throat,84
157,Yellow throated Vireo,29,0,29,0.0,0.5487678050994873,0.7906139492988586,,a red throat,84
34,Gray crowned Rosy Finch,29,6,23,0.20689655172413793,0.5988054871559143,0.8401070833206177,0.7340575066753234,a red throat,84
9,Brewer Blackbird,28,0,28,0.0,0.3462178707122803,0.7879350781440735,,a red throat,84
3,Sooty Albatross,28,0,28,0.0,0.25382912158966064,0.7554779648780823,,a red throat,84
58,Pigeon Guillemot,28,2,26,0.07142857142857142,0.27611497044563293,0.817621111869812,0.2629129942462127,a red throat,84
16,Painted Bunting,28,10,18,0.35714285714285715,0.8084601759910583,0.85719233751297,0.8689841312603652,a red throat,84
15,Lazuli Bunting,28,1,27,0.03571428571428571,0.49591487646102905,0.8051351308822632,0.5582345987577255,a red throat,84
75,Green Jay,27,0,27,0.0,0.30939939618110657,0.7642081379890442,,a red throat,84
17,Cardinal,27,18,9,0.6666666666666666,0.8698676228523254,0.8955448865890503,0.8747324374046872,a red throat,84
12,Yellow headed Blackbird,26,0,26,0.0,0.40672552585601807,0.7937605977058411,,a red throat,84
178,Swainson Warbler,26,3,23,0.11538461538461539,0.6177959442138672,0.841448187828064,0.6014851014162867,a red throat,84
22,Chuck will Widow,26,1,25,0.038461538461538464,0.4430336654186249,0.8022500276565552,0.502751525723816,a red throat,84
7,Parakeet Auklet,23,1,22,0.043478260869565216,0.43006035685539246,0.8037216067314148,0.29419081904339517,a red throat,84
32,Mangrove Cuckoo,23,4,19,0.17391304347826086,0.5706502795219421,0.8277420401573181,0.5765953697062604,a red throat,84
84,Red legged Kittiwake,23,1,22,0.043478260869565216,0.23872676491737366,0.8062695860862732,0.32154789758285784,a red throat,84
24,Red faced Cormorant,22,1,21,0.045454545454545456,0.269075483083725,0.7864813208580017,0.5622057857330351,a red throat,84
151,Black capped Vireo,21,0,21,0.0,0.4616929590702057,0.8166264295578003,,a red throat,84
65,Slaty backed Gull,20,0,20,0.0,0.23591816425323486,0.7812535166740417,,a red throat,84
187,American Three toed Woodpecker,20,0,20,0.0,0.2228512018918991,0.7750378251075745,,a red throat,84
113,Baird Sparrow,20,1,19,0.05,0.3403140902519226,0.7990077137947083,0.2876720394766055,a red throat,84
101,White Pelican,20,2,18,0.1,0.29252880811691284,0.8228975534439087,0.23097855908932527,a red throat,84
105,Whip poor Will,19,3,16,0.15789473684210525,0.3395397663116455,0.8019253015518188,0.34054736730077895,a red throat,84
8,Rhinoceros Auklet,18,0,18,0.0,0.2102249562740326,0.7649728059768677,,a red throat,84
18,Spotted Catbird,15,0,15,0.0,0.6148979067802429,0.7925968766212463,,a red throat,84
5,Crested Auklet,14,0,14,0.0,0.43368908762931824,0.7887678742408752,,a red throat,84
6,Least Auklet,11,0,11,0.0,0.3708677291870117,0.7886984348297119,,a red throat,84
1,Black footed Albatross,30,0,30,0.0,0.48452574014663696,0.6745733022689819,,"a small, blue bird",98
90,Red breasted Merganser,30,0,30,0.0,0.35506105422973633,0.672924280166626,,"a small, blue bird",98
121,Grasshopper Sparrow,30,0,30,0.0,0.3737139105796814,0.7076135873794556,,"a small, blue bird",98
122,Harris Sparrow,30,0,30,0.0,0.583940327167511,0.7131830453872681,,"a small, blue bird",98
123,Henslow Sparrow,30,0,30,0.0,0.42164337635040283,0.6964880228042603,,"a small, blue bird",98
126,Nelson Sharp tailed Sparrow,30,1,29,0.03333333333333333,0.6102384924888611,0.7105076909065247,0.8445892670709011,"a small, blue bird",98
127,Savannah Sparrow,30,0,30,0.0,0.3977152705192566,0.6955969929695129,,"a small, blue bird",98
128,Seaside Sparrow,30,1,29,0.03333333333333333,0.5027945637702942,0.7234733700752258,0.5589410149294521,"a small, blue bird",98
129,Song Sparrow,30,1,29,0.03333333333333333,0.527360737323761,0.719142496585846,0.47244986981486803,"a small, blue bird",98
130,Tree Sparrow,30,0,30,0.0,0.5824166536331177,0.7173312902450562,,"a small, blue bird",98
131,Vesper Sparrow,30,1,29,0.03333333333333333,0.46378129720687866,0.7070696949958801,0.49457818502479484,"a small, blue bird",98
132,White crowned Sparrow,30,1,29,0.03333333333333333,0.3933669924736023,0.7363777756690979,0.47129215464022994,"a small, blue bird",98
133,White throated Sparrow,30,0,30,0.0,0.372724711894989,0.7002918720245361,,"a small, blue bird",98
134,Cape Glossy Starling,30,20,10,0.6666666666666666,0.8946866989135742,0.8275023102760315,0.9037759317293557,"a small, blue bird",98
135,Bank Swallow,30,4,26,0.13333333333333333,0.6033598184585571,0.7445928454399109,0.6015216948701592,"a small, blue bird",98
136,Barn Swallow,30,15,15,0.5,0.7689015865325928,0.7894133925437927,0.8143385427541195,"a small, blue bird",98
137,Cliff Swallow,30,6,24,0.2,0.6849282383918762,0.7391075491905212,0.7784380386791088,"a small, blue bird",98
138,Tree Swallow,30,23,7,0.7666666666666667,0.8156024217605591,0.8282464742660522,0.8546714486766513,"a small, blue bird",98
139,Scarlet Tanager,30,0,30,0.0,0.3657771348953247,0.7245186567306519,,"a small, blue bird",98
140,Summer Tanager,30,0,30,0.0,0.43090158700942993,0.7223485708236694,,"a small, blue bird",98
142,Black Tern,30,0,30,0.0,0.5232834219932556,0.7124043107032776,,"a small, blue bird",98
120,Fox Sparrow,30,0,30,0.0,0.48730307817459106,0.7137256264686584,,"a small, blue bird",98
118,House Sparrow,30,3,27,0.1,0.6214428544044495,0.7303875088691711,0.5905896365227931,"a small, blue bird",98
116,Chipping Sparrow,30,1,29,0.03333333333333333,0.5462133884429932,0.7202593684196472,0.9738771846862644,"a small, blue bird",98
2,Laysan Albatross,30,0,30,0.0,0.40287351608276367,0.6826841831207275,,"a small, blue bird",98
92,Nighthawk,30,0,30,0.0,0.41883787512779236,0.6981138586997986,,"a small, blue bird",98
93,Clark Nutcracker,30,5,25,0.16666666666666666,0.5669357776641846,0.7594414949417114,0.6564781752327314,"a small, blue bird",98
94,White breasted Nuthatch,30,7,23,0.23333333333333334,0.5862711071968079,0.7621700167655945,0.7128186436146748,"a small, blue bird",98
95,Baltimore Oriole,30,0,30,0.0,0.3572717010974884,0.6832020282745361,,"a small, blue bird",98
96,Hooded Oriole,30,0,30,0.0,0.2971576750278473,0.6564368605613708,,"a small, blue bird",98
98,Scott Oriole,30,0,30,0.0,0.373153954744339,0.6870158314704895,,"a small, blue bird",98
99,Ovenbird,30,2,28,0.06666666666666667,0.43320152163505554,0.7021327614784241,0.46496719255769686,"a small, blue bird",98
100,Brown Pelican,30,0,30,0.0,0.4100733995437622,0.6708461046218872,,"a small, blue bird",98
102,Western Wood Pewee,30,7,23,0.23333333333333334,0.6134706735610962,0.7639525532722473,0.6213966645492529,"a small, blue bird",98
114,Black throated Sparrow,30,1,29,0.03333333333333333,0.5930485129356384,0.7492334246635437,0.5837251456808552,"a small, blue bird",98
103,Sayornis,30,8,22,0.26666666666666666,0.5715742111206055,0.7596463561058044,0.663133489604342,"a small, blue bird",98
104,American Pipit,30,0,30,0.0,0.4757535755634308,0.7215594053268433,,"a small, blue bird",98
106,Horned Puffin,30,0,30,0.0,0.34269478917121887,0.6475093960762024,,"a small, blue bird",98
107,Common Raven,30,0,30,0.0,0.6447635889053345,0.7138330936431885,,"a small, blue bird",98
109,American Redstart,30,0,30,0.0,0.4806113839149475,0.7023715376853943,,"a small, blue bird",98
110,Geococcyx,30,0,30,0.0,0.3295480012893677,0.6987360119819641,,"a small, blue bird",98
111,Loggerhead Shrike,30,3,27,0.1,0.6154281497001648,0.7436936497688293,0.7029395654462722,"a small, blue bird",98
112,Great Grey Shrike,30,6,24,0.2,0.6444587111473083,0.7432765960693359,0.7581863896392306,"a small, blue bird",98
143,Caspian Tern,30,0,30,0.0,0.3506644666194916,0.6576046347618103,,"a small, blue bird",98
144,Common Tern,30,0,30,0.0,0.3734011650085449,0.6698562502861023,,"a small, blue bird",98
145,Elegant Tern,30,0,30,0.0,0.4014265835285187,0.68862384557724,,"a small, blue bird",98
189,Red bellied Woodpecker,30,0,30,0.0,0.29600492119789124,0.6599870920181274,,"a small, blue bird",98
177,Prothonotary Warbler,30,0,30,0.0,0.5117536187171936,0.7279242873191833,,"a small, blue bird",98
180,Wilson Warbler,30,2,28,0.06666666666666667,0.41933727264404297,0.7295206785202026,0.33285347857408276,"a small, blue bird",98
182,Yellow Warbler,30,0,30,0.0,0.5194872617721558,0.6942415237426758,,"a small, blue bird",98
183,Northern Waterthrush,30,0,30,0.0,0.3543100953102112,0.7102991938591003,,"a small, blue bird",98
184,Louisiana Waterthrush,30,0,30,0.0,0.3605171740055084,0.694088339805603,,"a small, blue bird",98
185,Bohemian Waxwing,30,0,30,0.0,0.3826717734336853,0.6715381145477295,,"a small, blue bird",98
186,Cedar Waxwing,30,0,30,0.0,0.4248305559158325,0.6923986077308655,,"a small, blue bird",98
188,Pileated Woodpecker,30,0,30,0.0,0.40130287408828735,0.6429421305656433,,"a small, blue bird",98
191,Red headed Woodpecker,30,0,30,0.0,0.47655928134918213,0.6722975969314575,,"a small, blue bird",98
175,Pine Warbler,30,0,30,0.0,0.3990020751953125,0.7263309359550476,,"a small, blue bird",98
192,Downy Woodpecker,30,0,30,0.0,0.3768743872642517,0.6754428744316101,,"a small, blue bird",98
193,Bewick Wren,30,1,29,0.03333333333333333,0.5173290967941284,0.7390368580818176,0.48118091923874834,"a small, blue bird",98
194,Cactus Wren,30,1,29,0.03333333333333333,0.34090954065322876,0.7068480253219604,0.6264906038994218,"a small, blue bird",98
195,Carolina Wren,30,0,30,0.0,0.4664219915866852,0.7181930541992188,,"a small, blue bird",98
196,House Wren,30,4,26,0.13333333333333333,0.39832940697669983,0.7511561512947083,0.3931919095539466,"a small, blue bird",98
197,Marsh Wren,30,2,28,0.06666666666666667,0.4574662744998932,0.7323726415634155,0.35395301110721106,"a small, blue bird",98
198,Rock Wren,30,3,27,0.1,0.439365416765213,0.752933919429779,0.5953941511328241,"a small, blue bird",98
199,Winter Wren,30,6,24,0.2,0.42892929911613464,0.7599568963050842,0.4369319199342726,"a small, blue bird",98
176,Prairie Warbler,30,0,30,0.0,0.20903071761131287,0.6830177307128906,,"a small, blue bird",98
174,Palm Warbler,30,0,30,0.0,0.339114248752594,0.6866932511329651,,"a small, blue bird",98
146,Forsters Tern,30,0,30,0.0,0.3928585648536682,0.6825644969940186,,"a small, blue bird",98
159,Black and white Warbler,30,1,29,0.03333333333333333,0.474423348903656,0.7439973950386047,0.5464752838209175,"a small, blue bird",98
147,Least Tern,30,0,30,0.0,0.4194566607475281,0.706492006778717,,"a small, blue bird",98
148,Green tailed Towhee,30,0,30,0.0,0.5066181421279907,0.6814308166503906,,"a small, blue bird",98
150,Sage Thrasher,30,0,30,0.0,0.40952107310295105,0.7110496163368225,,"a small, blue bird",98
152,Blue headed Vireo,30,3,27,0.1,0.5292236804962158,0.7430611252784729,0.8479474652985189,"a small, blue bird",98
154,Red eyed Vireo,30,1,29,0.03333333333333333,0.49455365538597107,0.7224230170249939,0.5058655593155308,"a small, blue bird",98
155,Warbling Vireo,30,6,24,0.2,0.4759400486946106,0.7586483359336853,0.5918088271614917,"a small, blue bird",98
156,White eyed Vireo,30,0,30,0.0,0.352325975894928,0.6976097822189331,,"a small, blue bird",98
158,Bay breasted Warbler,30,0,30,0.0,0.5444673299789429,0.7131018042564392,,"a small, blue bird",98
161,Blue winged Warbler,30,2,28,0.06666666666666667,0.47779443860054016,0.7183176875114441,0.7239164896975869,"a small, blue bird",98
173,Orange crowned Warbler,30,0,30,0.0,0.4407801926136017,0.7272136807441711,,"a small, blue bird",98
162,Canada Warbler,30,1,29,0.03333333333333333,0.4693436920642853,0.7113998532295227,0.5440675748894903,"a small, blue bird",98
163,Cape May Warbler,30,0,30,0.0,0.4367266297340393,0.6809327602386475,,"a small, blue bird",98
164,Cerulean Warbler,30,29,1,0.9666666666666667,0.9292129278182983,0.8701919913291931,0.9287915108135791,"a small, blue bird",98
165,Chestnut sided Warbler,30,2,28,0.06666666666666667,0.46196839213371277,0.6926677823066711,0.586152916885247,"a small, blue bird",98
167,Hooded Warbler,30,1,29,0.03333333333333333,0.4441784620285034,0.6907703280448914,0.6245540220825593,"a small, blue bird",98
170,Mourning Warbler,30,3,27,0.1,0.7126393914222717,0.7346276640892029,0.8604074475307278,"a small, blue bird",98
171,Myrtle Warbler,30,0,30,0.0,0.5546717047691345,0.6880279183387756,,"a small, blue bird",98
172,Nashville Warbler,30,0,30,0.0,0.4209279417991638,0.7216578125953674,,"a small, blue bird",98
91,Mockingbird,30,3,27,0.1,0.5379329323768616,0.7427186965942383,0.6871345345721578,"a small, blue bird",98
200,Common Yellowthroat,30,0,30,0.0,0.4148676097393036,0.6876674294471741,,"a small, blue bird",98
89,Hooded Merganser,30,0,30,0.0,0.31319746375083923,0.6556026935577393,,"a small, blue bird",98
62,Herring Gull,30,0,30,0.0,0.47766271233558655,0.6888865232467651,,"a small, blue bird",98
88,Western Meadowlark,30,0,30,0.0,0.2850496172904968,0.67535400390625,,"a small, blue bird",98
45,Northern Fulmar,30,0,30,0.0,0.47424814105033875,0.6898090839385986,,"a small, blue bird",98
46,Gadwall,30,0,30,0.0,0.305076003074646,0.6757875084877014,,"a small, blue bird",98
47,American Goldfinch,30,0,30,0.0,0.3949095606803894,0.6820641160011292,,"a small, blue bird",98
48,European Goldfinch,30,0,30,0.0,0.2758817672729492,0.6524430513381958,,"a small, blue bird",98
49,Boat tailed Grackle,30,19,11,0.6333333333333333,0.7358645796775818,0.7876333594322205,0.7810830859306002,"a small, blue bird",98
50,Eared Grebe,30,0,30,0.0,0.48936933279037476,0.7013941407203674,,"a small, blue bird",98
51,Horned Grebe,30,0,30,0.0,0.40441635251045227,0.6752258539199829,,"a small, blue bird",98
52,Pied billed Grebe,30,0,30,0.0,0.4601436257362366,0.7009599208831787,,"a small, blue bird",98
53,Western Grebe,30,2,28,0.06666666666666667,0.35398510098457336,0.7196123003959656,0.5056537816008684,"a small, blue bird",98
54,Blue Grosbeak,30,30,0,1.0,0.9332153797149658,0.8723593354225159,0.9336664765447942,"a small, blue bird",98
55,Evening Grosbeak,30,0,30,0.0,0.3391871750354767,0.6677471399307251,,"a small, blue bird",98
56,Pine Grosbeak,30,0,30,0.0,0.5015321969985962,0.7018515467643738,,"a small, blue bird",98
57,Rose breasted Grosbeak,30,0,30,0.0,0.39757198095321655,0.6799929141998291,,"a small, blue bird",98
59,California Gull,30,2,28,0.06666666666666667,0.5302571654319763,0.7157427072525024,0.4867152613819639,"a small, blue bird",98
42,Vermilion Flycatcher,30,0,30,0.0,0.36181578040122986,0.7283025979995728,,"a small, blue bird",98
41,Scissor tailed Flycatcher,30,0,30,0.0,0.5701927542686462,0.7016622424125671,,"a small, blue bird",98
40,Olive sided Flycatcher,30,2,28,0.06666666666666667,0.608252227306366,0.7477405071258545,0.7857514195782085,"a small, blue bird",98
25,Pelagic Cormorant,30,1,29,0.03333333333333333,0.5059386491775513,0.7190992832183838,0.6036732062582899,"a small, blue bird",98
4,Groove billed Ani,30,2,28,0.06666666666666667,0.6587200164794922,0.7394936680793762,0.6910896564581156,"a small, blue bird",98
10,Red winged Blackbird,30,1,29,0.03333333333333333,0.5604569315910339,0.7028893232345581,0.7134489082766324,"a small, blue bird",98
11,Rusty Blackbird,30,10,20,0.3333333333333333,0.7030873894691467,0.7685192227363586,0.7460216798834121,"a small, blue bird",98
13,Bobolink,30,0,30,0.0,0.5374271869659424,0.6913456320762634,,"a small, blue bird",98
14,Indigo Bunting,30,30,0,1.0,0.9520164728164673,0.9107281565666199,0.9522785937254771,"a small, blue bird",98
21,Eastern Towhee,30,1,29,0.03333333333333333,0.6262799501419067,0.7011963129043579,0.5718067245429675,"a small, blue bird",98
26,Bronzed Cowbird,30,7,23,0.23333333333333334,0.7136582732200623,0.7554759383201599,0.8424692757172608,"a small, blue bird",98
38,Great Crested Flycatcher,30,0,30,0.0,0.3867286145687103,0.7110717296600342,,"a small, blue bird",98
27,Shiny Cowbird,30,10,20,0.3333333333333333,0.70797199010849,0.7773250341415405,0.784318893446161,"a small, blue bird",98
29,American Crow,30,2,28,0.06666666666666667,0.6539861559867859,0.7351292967796326,0.6806559084733426,"a small, blue bird",98
30,Fish Crow,30,5,25,0.16666666666666666,0.6451655030250549,0.74373859167099,0.745674881542608,"a small, blue bird",98
31,Black billed Cuckoo,30,0,30,0.0,0.5431627631187439,0.7060081362724304,,"a small, blue bird",98
35,Purple Finch,30,0,30,0.0,0.5161406397819519,0.7112948894500732,,"a small, blue bird",98
36,Northern Flicker,30,0,30,0.0,0.36939606070518494,0.6851521730422974,,"a small, blue bird",98
61,Heermann Gull,30,0,30,0.0,0.42167526483535767,0.7271209359169006,,"a small, blue bird",98
44,Frigatebird,30,0,30,0.0,0.4542190134525299,0.657618522644043,,"a small, blue bird",98
71,Long tailed Jaeger,30,0,30,0.0,0.4198845326900482,0.6871576309204102,,"a small, blue bird",98
69,Rufous Hummingbird,30,1,29,0.03333333333333333,0.4538772404193878,0.7056589126586914,0.8251785205938726,"a small, blue bird",98
76,Dark eyed Junco,30,9,21,0.3,0.7223732471466064,0.7771239876747131,0.7390762765543264,"a small, blue bird",98
79,Belted Kingfisher,30,10,20,0.3333333333333333,0.631617546081543,0.7639790177345276,0.6489796903499309,"a small, blue bird",98
80,Green Kingfisher,30,6,24,0.2,0.6417871117591858,0.7503734827041626,0.7238065255892961,"a small, blue bird",98
81,Pied Kingfisher,30,1,29,0.03333333333333333,0.45421484112739563,0.728191614151001,0.7117915161129732,"a small, blue bird",98
74,Florida Jay,30,30,0,1.0,0.944573700428009,0.880816638469696,0.9451837470174425,"a small, blue bird",98
82,Ringed Kingfisher,30,13,17,0.43333333333333335,0.6066768765449524,0.7706779837608337,0.674108324969998,"a small, blue bird",98
73,Blue Jay,30,28,2,0.9333333333333333,0.8716906905174255,0.839093804359436,0.8918127925655602,"a small, blue bird",98
72,Pomarine Jaeger,30,0,30,0.0,0.43341466784477234,0.6755257844924927,,"a small, blue bird",98
70,Green Violetear,30,16,14,0.5333333333333333,0.768170952796936,0.7904654145240784,0.7740794438590332,"a small, blue bird",98
77,Tropical Kingbird,30,1,29,0.03333333333333333,0.5750392079353333,0.7161152362823486,0.8699404256607707,"a small, blue bird",98
86,Pacific Loon,30,0,30,0.0,0.4197869300842285,0.7018634676933289,,"a small, blue bird",98
67,Anna Hummingbird,30,1,29,0.03333333333333333,0.46284839510917664,0.7118977308273315,0.7552266560228176,"a small, blue bird",98
83,White breasted Kingfisher,30,21,9,0.7,0.7138019800186157,0.8039371371269226,0.7643551335388766,"a small, blue bird",98
66,Western Gull,30,0,30,0.0,0.43264323472976685,0.7062435746192932,,"a small, blue bird",98
68,Ruby throated Hummingbird,30,1,29,0.03333333333333333,0.4762011766433716,0.7194734811782837,0.8436584131766126,"a small, blue bird",98
64,Ring billed Gull,30,0,30,0.0,0.5841724276542664,0.7088468670845032,,"a small, blue bird",98
85,Horned Lark,30,0,30,0.0,0.33943232893943787,0.6812517642974854,,"a small, blue bird",98
19,Gray Catbird,29,14,15,0.4827586206896552,0.658494770526886,0.7924870848655701,0.6674439664986587,"a small, blue bird",98
169,Magnolia Warbler,29,0,29,0.0,0.4226576089859009,0.7076178193092346,,"a small, blue bird",98
60,Glaucous winged Gull,29,0,29,0.0,0.5106075406074524,0.7137566208839417,,"a small, blue bird",98
87,Mallard,29,0,29,0.0,0.41681772470474243,0.6666145920753479,,"a small, blue bird",98
166,Golden winged Warbler,29,0,29,0.0,0.46963170170783997,0.698531448841095,,"a small, blue bird",98
28,Brown Creeper,29,0,29,0.0,0.3722531497478485,0.694675862789154,,"a small, blue bird",98
168,Kentucky Warbler,29,0,29,0.0,0.3838898539543152,0.6825878024101257,,"a small, blue bird",98
190,Red cockaded Woodpecker,29,1,28,0.034482758620689655,0.4312950074672699,0.7022926211357117,0.3611303802855299,"a small, blue bird",98
23,Brandt Cormorant,29,0,29,0.0,0.556475043296814,0.7325546145439148,,"a small, blue bird",98
97,Orchard Oriole,29,0,29,0.0,0.4581754803657532,0.7045016884803772,,"a small, blue bird",98
33,Yellow billed Cuckoo,29,0,29,0.0,0.4921029508113861,0.7148665189743042,,"a small, blue bird",98
181,Worm eating Warbler,29,0,29,0.0,0.44644859433174133,0.7009277939796448,,"a small, blue bird",98
20,Yellow breasted Chat,29,1,28,0.034482758620689655,0.38028547167778015,0.6893477439880371,0.3609372923867971,"a small, blue bird",98
179,Tennessee Warbler,29,2,27,0.06896551724137931,0.4770008623600006,0.7273396253585815,0.6717834403205617,"a small, blue bird",98
125,Lincoln Sparrow,29,1,28,0.034482758620689655,0.521466851234436,0.7175821661949158,0.8177245027974117,"a small, blue bird",98
78,Gray Kingbird,29,6,23,0.20689655172413793,0.5466083884239197,0.7467997074127197,0.6707557012833099,"a small, blue bird",98
117,Clay colored Sparrow,29,1,28,0.034482758620689655,0.4832321107387543,0.721043050289154,0.5954702936118437,"a small, blue bird",98
124,Le Conte Sparrow,29,1,28,0.034482758620689655,0.47468966245651245,0.7047494053840637,0.4636697637215155,"a small, blue bird",98
119,Field Sparrow,29,1,28,0.034482758620689655,0.5167197585105896,0.727486252784729,0.4895309427246505,"a small, blue bird",98
160,Black throated Blue Warbler,29,16,13,0.5517241379310345,0.826927125453949,0.8082560300827026,0.9094031585840733,"a small, blue bird",98
115,Brewer Sparrow,29,1,28,0.034482758620689655,0.487491250038147,0.7310020327568054,0.689765842627534,"a small, blue bird",98
141,Artic Tern,29,0,29,0.0,0.3045693635940552,0.68697589635849,,"a small, blue bird",98
43,Yellow bellied Flycatcher,29,5,24,0.1724137931034483,0.5794597268104553,0.7382311224937439,0.6472487486927416,"a small, blue bird",98
108,White necked Raven,29,0,29,0.0,0.5733166933059692,0.6796936988830566,,"a small, blue bird",98
149,Brown Thrasher,29,0,29,0.0,0.5323978066444397,0.6928006410598755,,"a small, blue bird",98
63,Ivory Gull,29,1,28,0.034482758620689655,0.6141663789749146,0.708402156829834,0.8119330299174637,"a small, blue bird",98
39,Least Flycatcher,29,6,23,0.20689655172413793,0.5808196067810059,0.759297251701355,0.6485314844902859,"a small, blue bird",98
153,Philadelphia Vireo,29,2,27,0.06896551724137931,0.5591565370559692,0.7294093370437622,0.5909009141142556,"a small, blue bird",98
37,Acadian Flycatcher,29,1,28,0.034482758620689655,0.5154688358306885,0.7341738343238831,0.5297215147305907,"a small, blue bird",98
157,Yellow throated Vireo,29,0,29,0.0,0.4291709065437317,0.683627188205719,,"a small, blue bird",98
34,Gray crowned Rosy Finch,29,1,28,0.034482758620689655,0.47890087962150574,0.7310001254081726,0.24754421355570916,"a small, blue bird",98
9,Brewer Blackbird,28,12,16,0.42857142857142855,0.7388161420822144,0.7831204533576965,0.7924886542738373,"a small, blue bird",98
3,Sooty Albatross,28,0,28,0.0,0.39824429154396057,0.6780715584754944,,"a small, blue bird",98
58,Pigeon Guillemot,28,0,28,0.0,0.27691206336021423,0.7001025080680847,,"a small, blue bird",98
16,Painted Bunting,28,7,21,0.25,0.7971741557121277,0.7644505500793457,0.8402587143813111,"a small, blue bird",98
15,Lazuli Bunting,28,26,2,0.9285714285714286,0.9411700963973999,0.8754433989524841,0.9420799640879236,"a small, blue bird",98
75,Green Jay,27,19,8,0.7037037037037037,0.7924964427947998,0.8089908361434937,0.8297463192706098,"a small, blue bird",98
17,Cardinal,27,0,27,0.0,0.4191949963569641,0.7200943827629089,,"a small, blue bird",98
12,Yellow headed Blackbird,26,0,26,0.0,0.4428192675113678,0.6623022556304932,,"a small, blue bird",98
178,Swainson Warbler,26,1,25,0.038461538461538464,0.46178320050239563,0.707960844039917,0.6222719684486213,"a small, blue bird",98
22,Chuck will Widow,26,0,26,0.0,0.5065135359764099,0.661257803440094,,"a small, blue bird",98
7,Parakeet Auklet,23,0,23,0.0,0.3017246127128601,0.6992870569229126,,"a small, blue bird",98
32,Mangrove Cuckoo,23,0,23,0.0,0.5515550971031189,0.7194218039512634,,"a small, blue bird",98
84,Red legged Kittiwake,23,0,23,0.0,0.27752962708473206,0.7105306386947632,,"a small, blue bird",98
24,Red faced Cormorant,22,0,22,0.0,0.5080746412277222,0.69679856300354,,"a small, blue bird",98
151,Black capped Vireo,21,1,20,0.047619047619047616,0.6037119626998901,0.7060566544532776,0.7578916534380034,"a small, blue bird",98
65,Slaty backed Gull,20,0,20,0.0,0.4085436761379242,0.6934463381767273,,"a small, blue bird",98
187,American Three toed Woodpecker,20,0,20,0.0,0.4705638289451599,0.713508665561676,,"a small, blue bird",98
113,Baird Sparrow,20,1,19,0.05,0.38768666982650757,0.6889957189559937,0.2706113740535725,"a small, blue bird",98
101,White Pelican,20,0,20,0.0,0.46851998567581177,0.6652882099151611,,"a small, blue bird",98
105,Whip poor Will,19,0,19,0.0,0.5329572558403015,0.6735451221466064,,"a small, blue bird",98
8,Rhinoceros Auklet,18,0,18,0.0,0.3672981560230255,0.711409330368042,,"a small, blue bird",98
18,Spotted Catbird,15,0,15,0.0,0.5588682293891907,0.7036553025245667,,"a small, blue bird",98
5,Crested Auklet,14,1,13,0.07142857142857142,0.4194185137748718,0.6999355554580688,0.5940749648710569,"a small, blue bird",98
6,Least Auklet,11,1,10,0.09090909090909091,0.517597496509552,0.7323175668716431,0.6892749627598106,"a small, blue bird",98
1,Black footed Albatross,30,0,30,0.0,0.5376021862030029,0.7013283967971802,,a red belly,76
90,Red breasted Merganser,30,2,28,0.06666666666666667,0.6828061938285828,0.7822825908660889,0.7494887314654678,a red belly,76
121,Grasshopper Sparrow,30,0,30,0.0,0.3472898304462433,0.7401744723320007,,a red belly,76
122,Harris Sparrow,30,3,27,0.1,0.46124547719955444,0.7621371150016785,0.5605429160086395,a red belly,76
123,Henslow Sparrow,30,0,30,0.0,0.3831964433193207,0.735759973526001,,a red belly,76
126,Nelson Sharp tailed Sparrow,30,1,29,0.03333333333333333,0.4534141719341278,0.735161542892456,0.5716177246918959,a red belly,76
127,Savannah Sparrow,30,0,30,0.0,0.34826430678367615,0.7286732196807861,,a red belly,76
128,Seaside Sparrow,30,1,29,0.03333333333333333,0.3639058768749237,0.7357112765312195,0.3508848507250583,a red belly,76
129,Song Sparrow,30,1,29,0.03333333333333333,0.42083635926246643,0.7501019835472107,0.33444791181055505,a red belly,76
130,Tree Sparrow,30,0,30,0.0,0.5451391935348511,0.7512193918228149,,a red belly,76
131,Vesper Sparrow,30,0,30,0.0,0.40916869044303894,0.7379363179206848,,a red belly,76
132,White crowned Sparrow,30,0,30,0.0,0.4526028633117676,0.7195451259613037,,a red belly,76
133,White throated Sparrow,30,0,30,0.0,0.28637075424194336,0.7091928124427795,,a red belly,76
134,Cape Glossy Starling,30,2,28,0.06666666666666667,0.4824194610118866,0.7619999647140503,0.4874377425657728,a red belly,76
135,Bank Swallow,30,3,27,0.1,0.4037500023841858,0.7667801976203918,0.3362798241549825,a red belly,76
136,Barn Swallow,30,6,24,0.2,0.47423359751701355,0.8024581670761108,0.45406633288194803,a red belly,76
137,Cliff Swallow,30,12,18,0.4,0.5388158559799194,0.825188934803009,0.5518011985723341,a red belly,76
138,Tree Swallow,30,0,30,0.0,0.4111427068710327,0.7576258778572083,,a red belly,76
139,Scarlet Tanager,30,29,1,0.9666666666666667,0.8858644962310791,0.8860012888908386,0.8877091944761485,a red belly,76
140,Summer Tanager,30,26,4,0.8666666666666667,0.9309948086738586,0.8746920228004456,0.9302583617033543,a red belly,76
142,Black Tern,30,1,29,0.03333333333333333,0.497282475233078,0.7214615941047668,0.4614497321828702,a red belly,76
120,Fox Sparrow,30,1,29,0.03333333333333333,0.3619796931743622,0.7666631937026978,0.4810515535406275,a red belly,76
118,House Sparrow,30,1,29,0.03333333333333333,0.5173972249031067,0.7573474645614624,0.7880110675553257,a red belly,76
116,Chipping Sparrow,30,1,29,0.03333333333333333,0.5779333114624023,0.7453054785728455,0.6266728656384454,a red belly,76
2,Laysan Albatross,30,0,30,0.0,0.590252161026001,0.7177608609199524,,a red belly,76
92,Nighthawk,30,0,30,0.0,0.40262937545776367,0.7494716048240662,,a red belly,76
93,Clark Nutcracker,30,0,30,0.0,0.6114889979362488,0.7325318455696106,,a red belly,76
94,White breasted Nuthatch,30,0,30,0.0,0.6331236362457275,0.7116396427154541,,a red belly,76
95,Baltimore Oriole,30,1,29,0.03333333333333333,0.7320480346679688,0.7562986612319946,0.7445414106486548,a red belly,76
96,Hooded Oriole,30,0,30,0.0,0.6190764307975769,0.7295933961868286,,a red belly,76
98,Scott Oriole,30,3,27,0.1,0.5093242526054382,0.7481791377067566,0.5675026136193152,a red belly,76
99,Ovenbird,30,3,27,0.1,0.32889413833618164,0.7549832463264465,0.26137781619502937,a red belly,76
100,Brown Pelican,30,0,30,0.0,0.5656347870826721,0.7341288328170776,,a red belly,76
102,Western Wood Pewee,30,0,30,0.0,0.4848444163799286,0.734793484210968,,a red belly,76
114,Black throated Sparrow,30,0,30,0.0,0.4588005840778351,0.7175998091697693,,a red belly,76
103,Sayornis,30,1,29,0.03333333333333333,0.35445597767829895,0.7465993762016296,0.24872273174413148,a red belly,76
104,American Pipit,30,0,30,0.0,0.474795937538147,0.7355889678001404,,a red belly,76
106,Horned Puffin,30,0,30,0.0,0.6128327250480652,0.7673372030258179,,a red belly,76
107,Common Raven,30,0,30,0.0,0.5239039659500122,0.7447128891944885,,a red belly,76
109,American Redstart,30,0,30,0.0,0.4563985764980316,0.7589271068572998,,a red belly,76
110,Geococcyx,30,0,30,0.0,0.5416937470436096,0.7159227132797241,,a red belly,76
111,Loggerhead Shrike,30,0,30,0.0,0.5136086344718933,0.7337470650672913,,a red belly,76
112,Great Grey Shrike,30,0,30,0.0,0.488846093416214,0.7344470620155334,,a red belly,76
143,Caspian Tern,30,4,26,0.13333333333333333,0.49647343158721924,0.7902143597602844,0.46595797376899045,a red belly,76
144,Common Tern,30,7,23,0.23333333333333334,0.4903022050857544,0.7883189916610718,0.628814195075399,a red belly,76
145,Elegant Tern,30,2,28,0.06666666666666667,0.4230715036392212,0.7635489106178284,0.5258488763486434,a red belly,76
189,Red bellied Woodpecker,30,16,14,0.5333333333333333,0.788340151309967,0.8387126922607422,0.8089401653709136,a red belly,76
177,Prothonotary Warbler,30,0,30,0.0,0.500347375869751,0.7385586500167847,,a red belly,76
180,Wilson Warbler,30,0,30,0.0,0.3392459452152252,0.7263392210006714,,a red belly,76
182,Yellow Warbler,30,1,29,0.03333333333333333,0.5081488490104675,0.7372492551803589,0.49881702914044207,a red belly,76
183,Northern Waterthrush,30,0,30,0.0,0.2929306626319885,0.720533549785614,,a red belly,76
184,Louisiana Waterthrush,30,0,30,0.0,0.30365797877311707,0.7253180742263794,,a red belly,76
185,Bohemian Waxwing,30,12,18,0.4,0.7044854760169983,0.8220242261886597,0.6781077100609854,a red belly,76
186,Cedar Waxwing,30,3,27,0.1,0.4762265980243683,0.7697152495384216,0.6055792097448561,a red belly,76
188,Pileated Woodpecker,30,12,18,0.4,0.7938655018806458,0.8246520757675171,0.791012182187834,a red belly,76
191,Red headed Woodpecker,30,28,2,0.9333333333333333,0.9074790477752686,0.8947837948799133,0.9066232337231882,a red belly,76
175,Pine Warbler,30,0,30,0.0,0.43532270193099976,0.7276149392127991,,a red belly,76
192,Downy Woodpecker,30,5,25,0.16666666666666666,0.6727049946784973,0.7750385999679565,0.7251964731978187,a red belly,76
193,Bewick Wren,30,1,29,0.03333333333333333,0.4476499557495117,0.7295211553573608,0.7770485396209479,a red belly,76
194,Cactus Wren,30,1,29,0.03333333333333333,0.44927024841308594,0.7410065531730652,0.2099480841814475,a red belly,76
195,Carolina Wren,30,0,30,0.0,0.39019498229026794,0.7477419376373291,,a red belly,76
196,House Wren,30,2,28,0.06666666666666667,0.42707791924476624,0.7510047554969788,0.6720659827901727,a red belly,76
197,Marsh Wren,30,0,30,0.0,0.4285668134689331,0.7168624401092529,,a red belly,76
198,Rock Wren,30,0,30,0.0,0.4769834578037262,0.756500244140625,,a red belly,76
199,Winter Wren,30,1,29,0.03333333333333333,0.3674738109111786,0.7721166610717773,0.4842037230704452,a red belly,76
176,Prairie Warbler,30,0,30,0.0,0.24684730172157288,0.7072924375534058,,a red belly,76
174,Palm Warbler,30,0,30,0.0,0.3288540542125702,0.7395595908164978,,a red belly,76
146,Forsters Tern,30,5,25,0.16666666666666666,0.3728351593017578,0.7736056447029114,0.42490976162694716,a red belly,76
159,Black and white Warbler,30,0,30,0.0,0.42088958621025085,0.7017673254013062,,a red belly,76
147,Least Tern,30,0,30,0.0,0.3337348401546478,0.7410741448402405,,a red belly,76
148,Green tailed Towhee,30,4,26,0.13333333333333333,0.5712872743606567,0.7738949656486511,0.6768785992397344,a red belly,76
150,Sage Thrasher,30,0,30,0.0,0.46477922797203064,0.7353113293647766,,a red belly,76
152,Blue headed Vireo,30,0,30,0.0,0.380939781665802,0.7073338031768799,,a red belly,76
154,Red eyed Vireo,30,0,30,0.0,0.26034101843833923,0.7208041548728943,,a red belly,76
155,Warbling Vireo,30,0,30,0.0,0.3099554479122162,0.720710813999176,,a red belly,76
156,White eyed Vireo,30,0,30,0.0,0.23132792115211487,0.6867799162864685,,a red belly,76
158,Bay breasted Warbler,30,3,27,0.1,0.6198959350585938,0.7723522782325745,0.7113714087880828,a red belly,76
161,Blue winged Warbler,30,0,30,0.0,0.32210788130760193,0.719511866569519,,a red belly,76
173,Orange crowned Warbler,30,0,30,0.0,0.4140125513076782,0.7337242960929871,,a red belly,76
162,Canada Warbler,30,0,30,0.0,0.3256184458732605,0.7046031355857849,,a red belly,76
163,Cape May Warbler,30,0,30,0.0,0.31995484232902527,0.7297153472900391,,a red belly,76
164,Cerulean Warbler,30,0,30,0.0,0.28507140278816223,0.709757387638092,,a red belly,76
165,Chestnut sided Warbler,30,0,30,0.0,0.3474871516227722,0.7215861082077026,,a red belly,76
167,Hooded Warbler,30,0,30,0.0,0.25497037172317505,0.6913740634918213,,a red belly,76
170,Mourning Warbler,30,1,29,0.03333333333333333,0.2925724387168884,0.7176725268363953,0.6609823702297021,a red belly,76
171,Myrtle Warbler,30,0,30,0.0,0.36049139499664307,0.6955196857452393,,a red belly,76
172,Nashville Warbler,30,0,30,0.0,0.41361144185066223,0.730212926864624,,a red belly,76
91,Mockingbird,30,0,30,0.0,0.5471729040145874,0.7226006388664246,,a red belly,76
200,Common Yellowthroat,30,0,30,0.0,0.4371108412742615,0.7017063498497009,,a red belly,76
89,Hooded Merganser,30,0,30,0.0,0.5585849285125732,0.74714595079422,,a red belly,76
62,Herring Gull,30,2,28,0.06666666666666667,0.4488314688205719,0.7667565941810608,0.5353760987723549,a red belly,76
88,Western Meadowlark,30,1,29,0.03333333333333333,0.4188256561756134,0.7347300052642822,0.5036260916297491,a red belly,76
45,Northern Fulmar,30,0,30,0.0,0.529657244682312,0.7362099885940552,,a red belly,76
46,Gadwall,30,0,30,0.0,0.281676322221756,0.7485965490341187,,a red belly,76
47,American Goldfinch,30,0,30,0.0,0.48787519335746765,0.7396535277366638,,a red belly,76
48,European Goldfinch,30,7,23,0.23333333333333334,0.5891692638397217,0.7886846661567688,0.6782623593595172,a red belly,76
49,Boat tailed Grackle,30,0,30,0.0,0.46737825870513916,0.7462810277938843,,a red belly,76
50,Eared Grebe,30,1,29,0.03333333333333333,0.4828505218029022,0.7624969482421875,0.7703441643760335,a red belly,76
51,Horned Grebe,30,5,25,0.16666666666666666,0.6391319632530212,0.7909714579582214,0.6707504488917938,a red belly,76
52,Pied billed Grebe,30,0,30,0.0,0.3591434061527252,0.7577192783355713,,a red belly,76
53,Western Grebe,30,0,30,0.0,0.5171560049057007,0.7451765537261963,,a red belly,76
54,Blue Grosbeak,30,1,29,0.03333333333333333,0.46556952595710754,0.7532082796096802,0.5533163056995501,a red belly,76
55,Evening Grosbeak,30,0,30,0.0,0.3073168396949768,0.7476858496665955,,a red belly,76
56,Pine Grosbeak,30,24,6,0.8,0.8988603353500366,0.8590749502182007,0.9349472569015963,a red belly,76
57,Rose breasted Grosbeak,30,30,0,1.0,0.9136733412742615,0.8913933634757996,0.9137994230551487,a red belly,76
59,California Gull,30,0,30,0.0,0.5426395535469055,0.7693553566932678,,a red belly,76
42,Vermilion Flycatcher,30,28,2,0.9333333333333333,0.8815896511077881,0.8736174702644348,0.8882942740419253,a red belly,76
41,Scissor tailed Flycatcher,30,0,30,0.0,0.5807361602783203,0.7475219368934631,,a red belly,76
40,Olive sided Flycatcher,30,0,30,0.0,0.42347240447998047,0.7608529329299927,,a red belly,76
25,Pelagic Cormorant,30,2,28,0.06666666666666667,0.5489256381988525,0.7526853084564209,0.7913283467606009,a red belly,76
4,Groove billed Ani,30,2,28,0.06666666666666667,0.5019718408584595,0.767670750617981,0.578235574030548,a red belly,76
10,Red winged Blackbird,30,18,12,0.6,0.6458830237388611,0.8324956297874451,0.680359384407306,a red belly,76
11,Rusty Blackbird,30,6,24,0.2,0.4713326692581177,0.7843911051750183,0.42678781636934005,a red belly,76
13,Bobolink,30,0,30,0.0,0.554945707321167,0.7228575348854065,,a red belly,76
14,Indigo Bunting,30,1,29,0.03333333333333333,0.5129518508911133,0.7452710270881653,0.6488192659067681,a red belly,76
21,Eastern Towhee,30,4,26,0.13333333333333333,0.5221210718154907,0.7932320237159729,0.5981933968691676,a red belly,76
26,Bronzed Cowbird,30,4,26,0.13333333333333333,0.6335000991821289,0.8035337924957275,0.7561632425259617,a red belly,76
38,Great Crested Flycatcher,30,1,29,0.03333333333333333,0.2954971194267273,0.7332547307014465,0.2965209183974896,a red belly,76
27,Shiny Cowbird,30,0,30,0.0,0.4795931279659271,0.7520362138748169,,a red belly,76
29,American Crow,30,1,29,0.03333333333333333,0.5559226870536804,0.7596503496170044,0.6704349350440888,a red belly,76
30,Fish Crow,30,1,29,0.03333333333333333,0.4923895597457886,0.7744161486625671,0.7966326783552885,a red belly,76
31,Black billed Cuckoo,30,8,22,0.26666666666666666,0.46311861276626587,0.7789804339408875,0.5502743243990289,a red belly,76
35,Purple Finch,30,30,0,1.0,0.9100416302680969,0.8835964798927307,0.91068560562694,a red belly,76
36,Northern Flicker,30,13,17,0.43333333333333335,0.7219706773757935,0.8247262835502625,0.7544629678390607,a red belly,76
61,Heermann Gull,30,11,19,0.36666666666666664,0.5883398652076721,0.8190299272537231,0.6189139533985447,a red belly,76
44,Frigatebird,30,3,27,0.1,0.7385697960853577,0.7466585636138916,0.9673195839803845,a red belly,76
71,Long tailed Jaeger,30,0,30,0.0,0.4953688383102417,0.7113219499588013,,a red belly,76
69,Rufous Hummingbird,30,4,26,0.13333333333333333,0.6993988156318665,0.7779532074928284,0.6823582157083654,a red belly,76
76,Dark eyed Junco,30,3,27,0.1,0.49939119815826416,0.7739864587783813,0.5393436858333152,a red belly,76
79,Belted Kingfisher,30,1,29,0.03333333333333333,0.6904260516166687,0.7560954689979553,0.7969166364963489,a red belly,76
80,Green Kingfisher,30,5,25,0.16666666666666666,0.6569020748138428,0.7749603390693665,0.7204865060437228,a red belly,76
81,Pied Kingfisher,30,0,30,0.0,0.5314440131187439,0.7329819202423096,,a red belly,76
74,Florida Jay,30,0,30,0.0,0.3823510408401489,0.7146273255348206,,a red belly,76
82,Ringed Kingfisher,30,5,25,0.16666666666666666,0.6943970918655396,0.792324960231781,0.6626139598067128,a red belly,76
73,Blue Jay,30,0,30,0.0,0.5216514468193054,0.7107068300247192,,a red belly,76
72,Pomarine Jaeger,30,0,30,0.0,0.4111710488796234,0.7111855745315552,,a red belly,76
70,Green Violetear,30,2,28,0.06666666666666667,0.5552554726600647,0.7624706029891968,0.5386804794321303,a red belly,76
77,Tropical Kingbird,30,1,29,0.03333333333333333,0.26898249983787537,0.7265364527702332,0.20144994600689775,a red belly,76
86,Pacific Loon,30,1,29,0.03333333333333333,0.4136051833629608,0.7345917224884033,0.4860631397890224,a red belly,76
67,Anna Hummingbird,30,11,19,0.36666666666666664,0.6627177596092224,0.799110472202301,0.8494491273587909,a red belly,76
83,White breasted Kingfisher,30,10,20,0.3333333333333333,0.708296537399292,0.8066146373748779,0.7859227435042776,a red belly,76
66,Western Gull,30,0,30,0.0,0.5111442804336548,0.7736502885818481,,a red belly,76
68,Ruby throated Hummingbird,30,9,21,0.3,0.6778209805488586,0.7876446843147278,0.8008279741077097,a red belly,76
64,Ring billed Gull,30,1,29,0.03333333333333333,0.43811389803886414,0.7570430636405945,0.6473444277299434,a red belly,76
85,Horned Lark,30,0,30,0.0,0.30547085404396057,0.725794792175293,,a red belly,76
19,Gray Catbird,29,0,29,0.0,0.4870646297931671,0.7511433959007263,,a red belly,76
169,Magnolia Warbler,29,0,29,0.0,0.4239727258682251,0.7081464529037476,,a red belly,76
60,Glaucous winged Gull,29,5,24,0.1724137931034483,0.45526158809661865,0.7911543846130371,0.47065285749999525,a red belly,76
87,Mallard,29,2,27,0.06896551724137931,0.4579542279243469,0.7727545499801636,0.41138513414767397,a red belly,76
166,Golden winged Warbler,29,0,29,0.0,0.27368322014808655,0.6826489567756653,,a red belly,76
28,Brown Creeper,29,0,29,0.0,0.4803393483161926,0.723379909992218,,a red belly,76
168,Kentucky Warbler,29,0,29,0.0,0.25689858198165894,0.7023562788963318,,a red belly,76
190,Red cockaded Woodpecker,29,0,29,0.0,0.5163629651069641,0.7376325726509094,,a red belly,76
23,Brandt Cormorant,29,0,29,0.0,0.5421592593193054,0.7325136661529541,,a red belly,76
97,Orchard Oriole,29,4,25,0.13793103448275862,0.5516085624694824,0.7848708033561707,0.7699864170775963,a red belly,76
33,Yellow billed Cuckoo,29,0,29,0.0,0.4672868251800537,0.7559100389480591,,a red belly,76
181,Worm eating Warbler,29,0,29,0.0,0.33433714509010315,0.7156292200088501,,a red belly,76
20,Yellow breasted Chat,29,0,29,0.0,0.5008670687675476,0.734520435333252,,a red belly,76
179,Tennessee Warbler,29,1,28,0.034482758620689655,0.33222806453704834,0.7357486486434937,0.5723705912073156,a red belly,76
125,Lincoln Sparrow,29,1,28,0.034482758620689655,0.41100913286209106,0.7195646166801453,0.5109030745740728,a red belly,76
78,Gray Kingbird,29,1,28,0.034482758620689655,0.4229884445667267,0.7463228702545166,0.6828387774423418,a red belly,76
117,Clay colored Sparrow,29,0,29,0.0,0.34364280104637146,0.7202945351600647,,a red belly,76
124,Le Conte Sparrow,29,0,29,0.0,0.5169025659561157,0.7420543432235718,,a red belly,76
119,Field Sparrow,29,2,27,0.06896551724137931,0.5415221452713013,0.7554527521133423,0.5991830484306876,a red belly,76
160,Black throated Blue Warbler,29,0,29,0.0,0.5112590193748474,0.7296605110168457,,a red belly,76
115,Brewer Sparrow,29,0,29,0.0,0.37701675295829773,0.7128013372421265,,a red belly,76
141,Artic Tern,29,12,17,0.41379310344827586,0.583066463470459,0.8160381317138672,0.6525510333169136,a red belly,76
43,Yellow bellied Flycatcher,29,0,29,0.0,0.39757558703422546,0.7227197885513306,,a red belly,76
108,White necked Raven,29,0,29,0.0,0.6454244256019592,0.7269783616065979,,a red belly,76
149,Brown Thrasher,29,2,27,0.06896551724137931,0.5215191841125488,0.7799026966094971,0.5854404510137057,a red belly,76
63,Ivory Gull,29,0,29,0.0,0.513424277305603,0.7305376529693604,,a red belly,76
39,Least Flycatcher,29,0,29,0.0,0.4115152359008789,0.7287359833717346,,a red belly,76
153,Philadelphia Vireo,29,0,29,0.0,0.2828296720981598,0.709904134273529,,a red belly,76
37,Acadian Flycatcher,29,0,29,0.0,0.34270742535591125,0.7287372350692749,,a red belly,76
157,Yellow throated Vireo,29,0,29,0.0,0.3756864666938782,0.7019939422607422,,a red belly,76
34,Gray crowned Rosy Finch,29,7,22,0.2413793103448276,0.617264986038208,0.7907254695892334,0.6843567096530004,a red belly,76
9,Brewer Blackbird,28,0,28,0.0,0.4790365397930145,0.7619814872741699,,a red belly,76
3,Sooty Albatross,28,0,28,0.0,0.5858780145645142,0.6982637047767639,,a red belly,76
58,Pigeon Guillemot,28,13,15,0.4642857142857143,0.6609588861465454,0.8308924436569214,0.6919891602187309,a red belly,76
16,Painted Bunting,28,5,23,0.17857142857142858,0.8030235171318054,0.8032345771789551,0.8646719361220795,a red belly,76
15,Lazuli Bunting,28,1,27,0.03571428571428571,0.40804943442344666,0.7392277717590332,0.32893072352517755,a red belly,76
75,Green Jay,27,0,27,0.0,0.4894561767578125,0.7064067721366882,,a red belly,76
17,Cardinal,27,24,3,0.8888888888888888,0.9008476734161377,0.864918053150177,0.9102314932975701,a red belly,76
12,Yellow headed Blackbird,26,0,26,0.0,0.49753570556640625,0.7256132960319519,,a red belly,76
178,Swainson Warbler,26,0,26,0.0,0.39307883381843567,0.7313505411148071,,a red belly,76
22,Chuck will Widow,26,0,26,0.0,0.5179972052574158,0.7603902816772461,,a red belly,76
7,Parakeet Auklet,23,12,11,0.5217391304347826,0.7801374197006226,0.8295319676399231,0.7933580226829468,a red belly,76
32,Mangrove Cuckoo,23,1,22,0.043478260869565216,0.48481884598731995,0.739152729511261,0.3690449130841264,a red belly,76
84,Red legged Kittiwake,23,10,13,0.43478260869565216,0.626456618309021,0.8129465579986572,0.680857085653388,a red belly,76
24,Red faced Cormorant,22,2,20,0.09090909090909091,0.676861047744751,0.7700561881065369,0.7598079302801879,a red belly,76
151,Black capped Vireo,21,0,21,0.0,0.4269093871116638,0.6964519619941711,,a red belly,76
65,Slaty backed Gull,20,2,18,0.1,0.5406113862991333,0.7791604399681091,0.3733206414646467,a red belly,76
187,American Three toed Woodpecker,20,0,20,0.0,0.3970663249492645,0.7319107055664062,,a red belly,76
113,Baird Sparrow,20,0,20,0.0,0.3865254521369934,0.7295503616333008,,a red belly,76
101,White Pelican,20,2,18,0.1,0.5682259798049927,0.7850221395492554,0.6127005565334037,a red belly,76
105,Whip poor Will,19,1,18,0.05263157894736842,0.4125112295150757,0.7418146133422852,0.5965724044723335,a red belly,76
8,Rhinoceros Auklet,18,0,18,0.0,0.450823038816452,0.7521226406097412,,a red belly,76
18,Spotted Catbird,15,1,14,0.06666666666666667,0.5077834725379944,0.7664614915847778,0.6361729502756073,a red belly,76
5,Crested Auklet,14,3,11,0.21428571428571427,0.7211772799491882,0.8045061230659485,0.767685930942746,a red belly,76
6,Least Auklet,11,2,9,0.18181818181818182,0.5274662375450134,0.7834568619728088,0.5347320352729326,a red belly,76
