sid_A,sid_B,species_A,species_B,gap_mean,gap_std,n_runs,npos_bin,nneg_bin,gap_ci_lo,gap_ci_hi,gap_p,gap_snr,concept,j
29,32,American Crow,Mangrove Cuckoo,0.13811488616604298,4.454344839925676e-08,3,11,12,0.13811483869116112,0.13811491676147464,0.0,3100608.294171793,"a large, hawk-like body",62
29,33,American Crow,Yellow billed Cuckoo,0.08230857539657721,0.01372319112536127,6,11,17,0.07345025512785752,0.10002513895830334,0.0,5.99777228479084,"a large, hawk-like body",62
29,40,American Crow,Olive sided Flycatcher,0.08646483365763213,0.0009577765319395814,6,10,19,0.08584656251194034,0.08770131784304047,0.0,90.27662579313427,"a large, hawk-like body",62
29,59,American Crow,California Gull,0.11455963011503105,0.0010708099421911032,3,10,19,0.11341590015953737,0.115177862523406,0.0,106.98409259595944,"a large, hawk-like body",62
29,72,American Crow,Pomarine Jaeger,0.23002180189947208,0.003944701452897767,12,11,18,0.2246806508831113,0.23269237740765247,0.0,58.31158696995613,"a large, hawk-like body",62
29,108,American Crow,White necked Raven,0.0963663224273305,2.4056882036409344e-08,9,11,18,0.09636629065362567,0.09636634211793449,0.0,4005602.9155637687,"a large, hawk-like body",62
29,137,American Crow,Cliff Swallow,0.08421604763308337,0.0009577663467987841,6,10,19,0.08297957659618016,0.08483428315153496,0.0,87.9296373553273,"a large, hawk-like body",62
29,149,American Crow,Brown Thrasher,0.14778603685833205,0.002543255151910904,6,11,17,0.1461443464153812,0.1510693651410273,0.0,58.10900911345144,"a large, hawk-like body",62
29,190,American Crow,Red cockaded Woodpecker,0.18017935389542095,0.0038453453472498326,3,11,15,0.17628949424646162,0.18351703349365364,0.0,46.8564816882904,"a large, hawk-like body",62
32,29,Mangrove Cuckoo,American Crow,0.13811488616604298,3.8575757886050275e-08,9,11,12,0.13811483514731593,0.1381149173265933,0.0,3580261.6325097303,"a large, hawk-like body",62
32,33,Mangrove Cuckoo,Yellow billed Cuckoo,0.055806310769465774,0.013723175743240733,6,11,12,0.03808976706591638,0.06466458522302254,0.0,4.066574079464533,"a large, hawk-like body",62
32,59,Mangrove Cuckoo,California Gull,0.2542356727847455,0.013869138590555918,3,10,12,0.24622828157443116,0.26904927418677405,0.0,18.331035565506156,"a large, hawk-like body",62
32,108,Mangrove Cuckoo,White necked Raven,0.041748563738712496,1.676875599653561e-08,3,11,12,0.04174854584469516,0.0417485750239153,0.0,2489515.27662878,"a large, hawk-like body",62
32,135,Mangrove Cuckoo,Bank Swallow,0.08553437394457108,6.913663143398656e-08,6,11,12,0.08553432931706739,0.08553446319957847,0.0,1237160.894443431,"a large, hawk-like body",62
32,137,Mangrove Cuckoo,Cliff Swallow,0.22389209030279786,0.01386913320374515,3,10,12,0.21588470220256012,0.23870568595118458,0.0,16.143192728597917,"a large, hawk-like body",62
32,190,Mangrove Cuckoo,Red cockaded Woodpecker,0.04206446772937796,0.0038453063420463033,3,11,12,0.03817465499018183,0.045402126904315235,0.0,10.939172065041229,"a large, hawk-like body",62
33,59,Yellow billed Cuckoo,California Gull,0.1983200233998147,0.011166342038642559,3,10,17,0.18638277011556004,0.20502688045549058,0.0,17.76051841290033,"a large, hawk-like body",62
33,72,Yellow billed Cuckoo,Pomarine Jaeger,0.1446588247606556,4.140489200651914e-08,3,12,17,0.14465880085553007,0.14465886898513788,0.0,3493677.2944748984,"a large, hawk-like body",62
33,108,Yellow billed Cuckoo,White necked Raven,0.016496949996001303,0.011118160182169361,3,11,17,0.004621664726196617,0.02291603425019793,0.0,1.483784162506881,"a large, hawk-like body",62
33,110,Yellow billed Cuckoo,Geococcyx,0.03649681128325233,0.009987451525728294,6,10,17,0.023607453791510524,0.043232750326838265,0.0,3.6542666750952444,"a large, hawk-like body",62
33,135,Yellow billed Cuckoo,Bank Swallow,0.029728063175105308,0.013723141175045478,6,11,17,0.020869749297608986,0.04744456225115101,0.0,2.1662724877448123,"a large, hawk-like body",62
33,137,Yellow billed Cuckoo,Cliff Swallow,0.167976440917867,0.009670333435655943,9,10,17,0.15508705071147877,0.17471242068643889,0.0,17.370284284215355,"a large, hawk-like body",62
33,149,Yellow billed Cuckoo,Brown Thrasher,0.2388454714475934,6.025494906715392e-08,3,12,17,0.23884541149264252,0.23884552538233297,0.0,3963848.800745059,"a large, hawk-like body",62
40,29,Olive sided Flycatcher,American Crow,0.08646483365763213,0.0009577765319395814,6,10,19,0.08584656251194034,0.08770131784304047,0.0,90.27662579313427,"a large, hawk-like body",62
40,32,Olive sided Flycatcher,Mangrove Cuckoo,0.05321120901208235,0.01201101182164232,9,10,12,0.045203793954035065,0.06922589144071178,0.0,4.430202034417475,"a large, hawk-like body",62
40,33,Olive sided Flycatcher,Yellow billed Cuckoo,0.007691422928482535,0.0058415727753014296,12,10,17,0.00344894758623282,0.015593794951996531,0.0,1.3166698803592294,"a large, hawk-like body",62
40,72,Olive sided Flycatcher,Pomarine Jaeger,0.14327202641315728,0.009424021617117797,3,10,18,0.1348413561796639,0.15265237143624913,0.0,15.20285417615289,"a large, hawk-like body",62
40,108,Olive sided Flycatcher,White necked Raven,0.0065697488071963335,0.0020362584934939137,6,10,18,0.00394095039673481,0.007884205230049401,0.0,3.226382517230044,"a large, hawk-like body",62
40,110,Olive sided Flycatcher,Geococcyx,0.03920125165610081,2.9142144424954633e-08,3,10,20,0.039201225312814364,0.03920128047509196,0.0,1345127.7283083305,"a large, hawk-like body",62
40,149,Olive sided Flycatcher,Brown Thrasher,0.2257381312475404,0.01189421500772649,6,10,17,0.21160199301669358,0.23799923755244412,0.0,18.978817104106657,"a large, hawk-like body",62
40,190,Olive sided Flycatcher,Red cockaded Woodpecker,0.09675089841535645,0.009665295457697877,6,10,15,0.085172650636682,0.10656873849443194,0.0,10.01013355761303,"a large, hawk-like body",62
59,29,California Gull,American Crow,0.11455963011503105,0.0009577615286887703,6,10,19,0.11332316529828113,0.115177862523406,0.0,119.61185176466402,"a large, hawk-like body",62
59,32,California Gull,Mangrove Cuckoo,0.2542356727847455,0.013869138590555918,3,10,12,0.24622828157443116,0.26904927418677405,0.0,18.331035565506156,"a large, hawk-like body",62
59,40,California Gull,Olive sided Flycatcher,0.20102446377266317,3.354750045618039e-08,3,10,20,0.2010244279406451,0.2010244831413216,0.0,5992055.115406207,"a large, hawk-like body",62
59,72,California Gull,Pomarine Jaeger,0.3442964901858205,0.00803680652466782,12,10,18,0.33548092322755696,0.3542293022337767,0.0,42.839962500803274,"a large, hawk-like body",62
59,108,California Gull,White necked Raven,0.20759421257985952,0.002276589431311826,3,10,18,0.2051625905579599,0.20890862744893227,0.0,91.18649574378996,"a large, hawk-like body",62
59,110,California Gull,Geococcyx,0.16182321211656236,4.24907080146368e-08,3,10,20,0.16182317752705463,0.16182325615842383,0.0,3808348.0207672594,"a large, hawk-like body",62
59,137,California Gull,Cliff Swallow,0.030343582481947684,5.386810757067768e-09,3,10,20,0.030343579371871043,0.03034358823558947,0.0,5631894.63218298,"a large, hawk-like body",62
59,149,California Gull,Brown Thrasher,0.024713667474877243,0.011516497414130295,9,10,17,0.010577567981347236,0.036974754411122523,0.0,2.1459360935911467,"a large, hawk-like body",62
59,190,California Gull,Red cockaded Woodpecker,0.29777536218801964,0.010806159961903596,3,10,15,0.2868640113512408,0.3071903500167797,0.0,27.556075720723268,"a large, hawk-like body",62
72,29,Pomarine Jaeger,American Crow,0.23002180189947208,0.004137237787188831,6,11,18,0.2246806508831113,0.23269237740765247,0.0,55.59791669604983,"a large, hawk-like body",62
72,33,Pomarine Jaeger,Yellow billed Cuckoo,0.1446588247606556,3.703366125149369e-08,6,12,17,0.14465880085553007,0.1446588725709067,0.0,3906038.8261232222,"a large, hawk-like body",62
72,40,Pomarine Jaeger,Olive sided Flycatcher,0.14327202641315728,0.009424021617117797,3,10,18,0.1348413561796639,0.15265237143624913,0.0,15.20285417615289,"a large, hawk-like body",62
72,59,Pomarine Jaeger,California Gull,0.3442964901858205,0.00803680652466782,12,10,18,0.33548092322755696,0.3542293022337767,0.0,42.839962500803274,"a large, hawk-like body",62
72,108,Pomarine Jaeger,White necked Raven,0.1336554794721416,0.003944710376920176,12,11,18,0.12831431637267998,0.1363260867540268,0.0,33.88220342366696,"a large, hawk-like body",62
72,110,Pomarine Jaeger,Geococcyx,0.1824732780692581,0.00816145040183796,9,10,18,0.17365766416585537,0.1924061259419374,0.0,22.35794730870473,"a large, hawk-like body",62
72,135,Pomarine Jaeger,Bank Swallow,0.17744128967800019,0.00462562831192719,3,11,18,0.1725006640460312,0.18011192069547594,0.0,38.360472929073666,"a large, hawk-like body",62
72,149,Pomarine Jaeger,Brown Thrasher,0.38350429620824905,2.5176167730877486e-08,6,12,17,0.38350427938572507,0.38350432870376505,0.0,15232225.495241715,"a large, hawk-like body",62
72,190,Pomarine Jaeger,Red cockaded Woodpecker,0.04666552160480708,0.003148111096128319,3,12,15,0.04331705441362507,0.0488845357384927,0.0,14.82334014430907,"a large, hawk-like body",62
108,29,White necked Raven,American Crow,0.0963663224273305,2.7778494638808635e-08,3,11,18,0.09636629284646596,0.09636634173755933,0.0,3468973.2005673125,"a large, hawk-like body",62
108,32,White necked Raven,Mangrove Cuckoo,0.041748563738712496,1.676875599653561e-08,3,11,12,0.04174854584469516,0.0417485750239153,0.0,2489515.27662878,"a large, hawk-like body",62
108,33,White necked Raven,Yellow billed Cuckoo,0.016496949996001303,0.011118160182169361,3,11,17,0.004621664726196617,0.02291603425019793,0.0,1.483784162506881,"a large, hawk-like body",62
108,59,White necked Raven,California Gull,0.20759421257985952,0.001971584281503209,9,10,18,0.2049654335380564,0.20890863026539574,0.0,105.29309572111667,"a large, hawk-like body",62
108,110,White necked Raven,Geococcyx,0.04577100046329715,0.002276630087181289,3,10,18,0.04333933439953609,0.047085449921877645,0.0,20.104715606153572,"a large, hawk-like body",62
108,135,White necked Raven,Bank Swallow,0.04378581020585859,6.145182320518737e-08,6,11,18,0.04378575780327898,0.04378588799091965,0.0,712510.9624282083,"a large, hawk-like body",62
108,137,White necked Raven,Cliff Swallow,0.17725063009791184,0.002036248308218346,6,10,18,0.17462184483595544,0.1785650508935247,0.0,87.04764998231134,"a large, hawk-like body",62
108,149,White necked Raven,Brown Thrasher,0.24415235928566256,0.002462505274759361,9,11,17,0.24251063706900688,0.24743569965145862,0.0,99.14795378879889,"a large, hawk-like body",62
108,190,White necked Raven,Red cockaded Woodpecker,0.08381303146809045,0.0032793009036883045,12,11,15,0.0796842834224123,0.08729217561528246,0.0,25.558200941019418,"a large, hawk-like body",62
110,29,Geococcyx,American Crow,0.04726358200153132,0.0010708505979454897,3,10,19,0.04664531500364863,0.048407355998886445,0.0,44.13648556397475,"a large, hawk-like body",62
110,32,Geococcyx,Mangrove Cuckoo,0.09241246066818316,0.013869097934918155,3,10,12,0.08440508181350029,0.10722601926356556,0.0,6.663191874134337,"a large, hawk-like body",62
110,33,Geococcyx,Yellow billed Cuckoo,0.03649681128325233,0.011166310266756225,3,10,17,0.02455959258850541,0.04320362429706676,0.0,3.2684754774045923,"a large, hawk-like body",62
110,40,Geococcyx,Olive sided Flycatcher,0.03920125165610081,2.9142144424954633e-08,3,10,20,0.039201225312814364,0.03920128047509196,0.0,1345127.7283083305,"a large, hawk-like body",62
110,59,Geococcyx,California Gull,0.16182321211656236,3.679803256530652e-08,9,10,20,0.1618231762918393,0.16182325906170159,0.0,4397485.499907583,"a large, hawk-like body",62
110,72,Geococcyx,Pomarine Jaeger,0.1824732780692581,0.008429109729924332,6,10,18,0.17365766416585537,0.1924061259419374,0.0,21.647989395583316,"a large, hawk-like body",62
110,108,Geococcyx,White necked Raven,0.04577100046329715,0.001971619490518978,9,10,18,0.04314217447635482,0.04708545397355646,0.0,23.21492593280978,"a large, hawk-like body",62
110,135,Geococcyx,Bank Swallow,0.004846640393187014,0.002791102889185857,3,10,19,0.0018654681820248153,0.0064580988526094455,0.0,1.736460669446794,"a large, hawk-like body",62
110,137,Geococcyx,Cliff Swallow,0.13147962963461468,3.736935984293336e-08,3,10,20,0.1314795981551836,0.13147966792283436,0.0,3518286.422373777,"a large, hawk-like body",62
110,190,Geococcyx,Red cockaded Woodpecker,0.13595215007145725,0.00921550885963773,12,10,15,0.12437389938018906,0.1457700206396073,0.0,14.75253858765745,"a large, hawk-like body",62
135,32,Bank Swallow,Mangrove Cuckoo,0.08553437394457108,7.729710381037059e-08,3,11,12,0.08553432931706739,0.08553445650545291,0.0,1106552.033338436,"a large, hawk-like body",62
135,33,Bank Swallow,Yellow billed Cuckoo,0.029728063175105308,0.013723141175045478,6,11,17,0.020869749297608986,0.04744456225115101,0.0,2.1662724877448123,"a large, hawk-like body",62
135,40,Bank Swallow,Olive sided Flycatcher,0.0343546112629138,0.0024964169562748106,6,10,19,0.032743180407096784,0.03757747169519443,0.0,13.76156781935045,"a large, hawk-like body",62
135,59,Bank Swallow,California Gull,0.1666698525097494,0.0024964019535058057,6,10,19,0.16344701144612717,0.1682813014548714,0.0,66.76402900940037,"a large, hawk-like body",62
135,72,Bank Swallow,Pomarine Jaeger,0.17744128967800019,0.00462562831192719,3,11,18,0.1725006640460312,0.18011192069547594,0.0,38.360472929073666,"a large, hawk-like body",62
135,110,Bank Swallow,Geococcyx,0.004846640393187014,0.0024171660066110955,9,10,19,0.0016237523844255808,0.006458100458725191,0.0,2.005092069773473,"a large, hawk-like body",62
135,137,Bank Swallow,Cliff Swallow,0.1363262700278017,0.002496406771615819,6,10,19,0.1331034227440262,0.13793772208300037,0.0,54.60899702853892,"a large, hawk-like body",62
135,190,Bank Swallow,Red cockaded Woodpecker,0.12759884167394903,0.003330142771626526,9,11,15,0.12347006824578943,0.13107793341856144,0.0,38.31632767303553,"a large, hawk-like body",62
137,29,Cliff Swallow,American Crow,0.08421604763308337,0.000927353277677402,9,10,19,0.08297957659618016,0.08483428315153496,0.0,90.81333896095445,"a large, hawk-like body",62
137,32,Cliff Swallow,Mangrove Cuckoo,0.22389209030279786,0.01386913320374515,3,10,12,0.21588470220256012,0.23870568595118458,0.0,16.143192728597917,"a large, hawk-like body",62
137,33,Cliff Swallow,Yellow billed Cuckoo,0.167976440917867,0.009987477426284861,6,10,17,0.15508705071147877,0.17471242068643889,0.0,16.818705437968845,"a large, hawk-like body",62
137,40,Cliff Swallow,Olive sided Flycatcher,0.17068088129071549,3.120478297677177e-08,3,10,20,0.17068084810226256,0.17068090330293906,0.0,5469527.280176335,"a large, hawk-like body",62
137,59,Cliff Swallow,California Gull,0.030343582481947684,4.818110013892254e-09,6,10,20,0.030343579371871043,0.030343588702100965,0.0,6296511.678395999,"a large, hawk-like body",62
137,110,Cliff Swallow,Geococcyx,0.13147962963461468,3.342417155242163e-08,6,10,20,0.13147959691996824,0.13147967035960062,0.0,3933551.378439794,"a large, hawk-like body",62
137,135,Cliff Swallow,Bank Swallow,0.1363262700278017,0.002496406771615819,6,10,19,0.1331034227440262,0.13793772208300037,0.0,54.60899702853892,"a large, hawk-like body",62
137,190,Cliff Swallow,Red cockaded Woodpecker,0.26743177970607196,0.010806159201912956,3,10,15,0.25652043151285825,0.27684677017839715,0.0,24.7480880749917,"a large, hawk-like body",62
149,29,Brown Thrasher,American Crow,0.14778603685833205,0.002543255151910904,6,11,17,0.1461443464153812,0.1510693651410273,0.0,58.10900911345144,"a large, hawk-like body",62
149,32,Brown Thrasher,Mangrove Cuckoo,0.28590092302437503,0.0025432705345939505,6,11,12,0.28425918156269714,0.28918427116524703,0.0,112.41467198361038,"a large, hawk-like body",62
149,33,Brown Thrasher,Yellow billed Cuckoo,0.2388454714475934,5.389366483721484e-08,6,12,17,0.23884540796435028,0.23884552784823498,0.0,4431709.004388651,"a large, hawk-like body",62
149,40,Brown Thrasher,Olive sided Flycatcher,0.2257381312475404,0.01329813664813731,3,10,17,0.21240255152453308,0.23747993383349608,0.0,16.975170071077944,"a large, hawk-like body",62
149,59,Brown Thrasher,California Gull,0.024713667474877243,0.011894187384417977,6,10,17,0.010577567981347236,0.036974754411122523,0.0,2.077793688131707,"a large, hawk-like body",62
149,72,Brown Thrasher,Pomarine Jaeger,0.38350429620824905,2.814781123166286e-08,3,12,17,0.38350427944320165,0.38350432629533965,0.0,13624173.790219203,"a large, hawk-like body",62
149,108,Brown Thrasher,White necked Raven,0.24415235928566256,0.0025432645117575803,6,11,17,0.24251063706900688,0.24743569965145862,0.0,95.99959345987806,"a large, hawk-like body",62
149,110,Brown Thrasher,Geococcyx,0.1865368795914396,0.013298145663615217,3,10,17,0.17320130111094262,0.1982787068505983,0.0,14.027285028753447,"a large, hawk-like body",62
149,135,Brown Thrasher,Bank Swallow,0.20036654907980397,0.0028435015480154807,3,11,17,0.1987248522906284,0.2034036874130508,0.0,70.46472302755659,"a large, hawk-like body",62
149,137,Brown Thrasher,Cliff Swallow,0.05505724995682493,0.013298110065657787,3,10,17,0.04172170295575901,0.06679903892776397,0.0,4.140231181787959,"a large, hawk-like body",62
149,190,Brown Thrasher,Red cockaded Woodpecker,0.33683877460344197,0.002815740073042287,6,12,15,0.33457293792154874,0.34043339526126415,0.0,119.62708408659148,"a large, hawk-like body",62
190,29,Red cockaded Woodpecker,American Crow,0.18017935389542095,0.0038453453472498326,3,11,15,0.17628949424646162,0.18351703349365364,0.0,46.8564816882904,"a large, hawk-like body",62
190,33,Red cockaded Woodpecker,Yellow billed Cuckoo,0.09799330315584853,0.0031480959613965553,3,12,15,0.0957742687028062,0.10134175002767383,0.0,31.127800526528116,"a large, hawk-like body",62
190,40,Red cockaded Woodpecker,Olive sided Flycatcher,0.09675089841535645,0.010806128833016198,3,10,15,0.08583958341059567,0.1061658668754581,0.0,8.953335639567614,"a large, hawk-like body",62
190,59,Red cockaded Woodpecker,California Gull,0.2977753621880196,0.009358409044366797,9,10,15,0.28619707567202834,0.30759322163575353,0.0,31.819015469883052,"a large, hawk-like body",62
190,108,Red cockaded Woodpecker,White necked Raven,0.08381303146809045,0.0032793009036883045,12,11,15,0.0796842834224123,0.08729217561528246,0.0,25.558200941019418,"a large, hawk-like body",62
190,110,Red cockaded Woodpecker,Geococcyx,0.13595215007145725,0.009665307232378472,6,10,15,0.12437389938018906,0.1457700206396073,0.0,14.06599363980442,"a large, hawk-like body",62
190,135,Red cockaded Woodpecker,Bank Swallow,0.12759884167394905,0.003279297911468453,12,11,15,0.12347006824578943,0.13107793341856144,0.0,38.91041469236338,"a large, hawk-like body",62
190,137,Red cockaded Woodpecker,Cliff Swallow,0.26743177970607196,0.009358408386195595,9,10,15,0.2558534963001573,0.2772496422638825,0.0,28.57663062364095,"a large, hawk-like body",62
190,149,Red cockaded Woodpecker,Brown Thrasher,0.3368387746034419,0.002644927246681436,18,12,15,0.33457293792154874,0.34043339526126415,0.0,127.35275607248457,"a large, hawk-like body",62
1,2,Black footed Albatross,Laysan Albatross,0.06733767591655482,0.0008584879439996019,3,15,11,0.06658791463294467,0.06820349508044349,0.0,78.43753230173319,long wingspan,191
1,3,Black footed Albatross,Sooty Albatross,0.004646521373504815,0.0021615480170918406,3,16,11,0.0025538171501440663,0.006657726985322188,0.0,2.149626718728481,long wingspan,191
1,67,Black footed Albatross,Anna Hummingbird,0.25736476990590035,0.0038225372687123362,3,10,11,0.2545209967536136,0.26140476338928215,0.0,67.32825653398227,long wingspan,191
1,69,Black footed Albatross,Rufous Hummingbird,0.1540235852601756,0.002821673336156508,3,17,11,0.15213099218129944,0.15703511501503928,0.0,54.58590235515717,long wingspan,191
1,70,Black footed Albatross,Green Violetear,0.36122285452006553,0.0006229082431437652,9,13,11,0.36064232651441364,0.362027504887238,0.0,579.8973731943358,long wingspan,191
1,71,Black footed Albatross,Long tailed Jaeger,0.0195470361080264,0.0050214328312292835,3,19,10,0.014231726317806387,0.023242248779840834,0.0,3.892720815175859,long wingspan,191
1,142,Black footed Albatross,Black Tern,0.05583590548671935,0.0008584775237455184,3,15,11,0.055086086334596274,0.056701675570578494,0.0,65.04061420043698,long wingspan,191
1,144,Black footed Albatross,Common Tern,0.09505861395483543,0.0007676259304185155,3,14,11,0.09423783702892352,0.0955383608172414,0.0,123.83455282597632,long wingspan,191
2,1,Laysan Albatross,Black footed Albatross,0.06733767591655482,0.0008584879439996019,3,15,11,0.06658791463294467,0.06820349508044349,0.0,78.43753230173319,long wingspan,191
2,28,Laysan Albatross,Brown Creeper,0.38287064368666784,0.007739864290309966,6,11,15,0.3741197312014218,0.39142318288838956,0.0,49.467358764486455,long wingspan,191
2,62,Laysan Albatross,Herring Gull,0.08213363672978598,0.007426253889904631,3,12,15,0.07717225279881075,0.09006106105194708,0.0,11.05990152456003,long wingspan,191
2,67,Laysan Albatross,Anna Hummingbird,0.2036479304877706,0.005828956318793575,3,10,15,0.1988006941399188,0.20964838122608276,0.0,34.93728882411364,long wingspan,191
2,68,Laysan Albatross,Ruby throated Hummingbird,0.11863977115560664,0.004119374810933782,3,13,15,0.11544170791843959,0.12296065380260329,0.0,28.800431272218432,long wingspan,191
2,71,Laysan Albatross,Long tailed Jaeger,0.05448244713126379,0.005112186983561183,3,15,10,0.04908133125824168,0.058294539202586274,0.0,10.657365878008942,long wingspan,191
2,92,Laysan Albatross,Nighthawk,0.1101048128531209,0.004119407624886492,3,13,15,0.10690669856020948,0.11442572269571437,0.0,26.72831213915774,long wingspan,191
2,143,Laysan Albatross,Caspian Tern,0.018766945521322114,0.004855864078867004,3,15,14,0.014072026276130533,0.023292328997026473,0.0,3.8648004171146644,long wingspan,191
2,144,Laysan Albatross,Common Tern,0.02946616132143916,0.006322776382822576,3,14,15,0.024498785214773583,0.03608100352221501,0.0,4.660320013345898,long wingspan,191
2,146,Laysan Albatross,Forsters Tern,0.01642969414974001,0.008653431344878127,3,11,15,0.008294863243928191,0.024733142346547585,0.0,1.8986334429712595,long wingspan,191
3,1,Sooty Albatross,Black footed Albatross,0.004646521373504815,0.0019333473211388932,6,16,11,0.0024386284689428273,0.006758533558604007,0.0,2.403355734532114,long wingspan,191
3,28,Sooty Albatross,Brown Creeper,0.44813377172708974,0.0060970877808460295,3,11,12,0.4416769953993668,0.4526056897715371,0.0,73.49964241312058,long wingspan,191
3,67,Sooty Albatross,Anna Hummingbird,0.26788539667225714,0.007007182624755858,3,10,12,0.26039644057010947,0.2724087181966011,0.0,38.23011486636693,long wingspan,191
3,92,Sooty Albatross,Nighthawk,0.1705136860743165,0.004047557887563636,3,13,12,0.16624026193562327,0.1735451510627268,0.0,42.12754721954749,long wingspan,191
3,141,Sooty Albatross,Artic Tern,0.10500162379394073,0.00626741587445728,6,10,12,0.09693488711631582,0.10957946133265761,0.0,16.753575298093594,long wingspan,191
3,142,Sooty Albatross,Black Tern,0.054808516425155274,0.0030002139770069726,3,15,12,0.05223267298499781,0.05785865233493669,0.0,18.26820247719941,long wingspan,191
3,146,Sooty Albatross,Forsters Tern,0.04883343389068188,0.006097087780846033,3,11,12,0.04237665756295889,0.05330535193512918,0.0,8.009304710370504,long wingspan,191
25,68,Pelagic Cormorant,Ruby throated Hummingbird,0.11364574213934624,1.4841949088946777e-07,3,13,17,0.11364558551053179,0.1136458536255229,0.0,765701.1606569937,long wingspan,191
25,70,Pelagic Cormorant,Green Violetear,0.2979012377654518,1.0057052128365641e-07,3,13,17,0.2979011303462794,0.29790129582986935,0.0,2962083.440353237,long wingspan,191
25,142,Pelagic Cormorant,Black Tern,0.007720544773599958,0.0042119930954566485,6,13,15,0.0049175395136557,0.01315732662932112,0.0,1.8329908422914767,long wingspan,191
25,143,Pelagic Cormorant,Caspian Tern,0.022473442288099665,0.00778475405923104,6,13,14,0.013911022223696778,0.03131170363490421,0.0,2.8868532151717954,long wingspan,191
25,145,Pelagic Cormorant,Elegant Tern,0.01540284885045832,0.008706168111923618,3,13,16,0.006157382527148397,0.02164037679052671,0.0,1.7691880802983817,long wingspan,191
28,108,Brown Creeper,White necked Raven,0.313065676622902,2.7958869759464428e-08,3,11,18,0.313065660480841,0.3130657064857148,0.0,11196964.768297218,long wingspan,191
28,110,Brown Creeper,Geococcyx,0.08638444005925477,0.009672488099499619,3,11,17,0.07621920105494258,0.09382205201201167,0.0,8.930943017111876,long wingspan,191
28,141,Brown Creeper,Artic Tern,0.33830427611096564,0.019483576292158775,3,10,18,0.3270554280939112,0.3591146449425165,0.0,17.363561546437122,long wingspan,191
62,2,Herring Gull,Laysan Albatross,0.08213363672978598,0.006642243406399597,6,12,15,0.07709478308053563,0.0906619496627844,0.0,12.365345816488356,long wingspan,191
62,25,Herring Gull,Pelagic Cormorant,0.0792123735063736,0.00613392868083125,3,12,17,0.07487127299714619,0.08573426118094624,0.0,12.91380738432798,long wingspan,191
62,28,Herring Gull,Brown Creeper,0.3108580458118803,0.003390390885322029,3,11,18,0.30723677337995914,0.3128155377779223,0.0,91.68796644244935,long wingspan,191
62,71,Herring Gull,Long tailed Jaeger,0.12187474127532494,0.004969249452316649,9,12,10,0.11571544544185741,0.1270690742638061,0.0,24.52578451137757,long wingspan,191
62,144,Herring Gull,Common Tern,0.04539808529571158,0.006909611952915675,3,12,16,0.0386322894548352,0.051734171890452686,0.0,6.570280009716681,long wingspan,191
62,145,Herring Gull,Elegant Tern,0.06014453980820211,0.009679451336408455,3,12,16,0.05396277442467686,0.07049173949570192,0.0,6.213631094539395,long wingspan,191
62,146,Herring Gull,Forsters Tern,0.08844229202452762,0.0030324577959503084,6,11,18,0.08648479462781955,0.09235717820462286,0.0,29.16521776938579,long wingspan,191
67,2,Anna Hummingbird,Laysan Albatross,0.2036479304877706,0.005828956318793575,3,10,15,0.1988006941399188,0.20964838122608276,0.0,34.93728882411364,long wingspan,191
67,3,Anna Hummingbird,Sooty Albatross,0.26788539667225714,0.006267414671883809,6,10,12,0.2598186543617733,0.2724631571265014,0.0,42.742567813690826,long wingspan,191
67,28,Anna Hummingbird,Brown Creeper,0.17542050323264932,0.01948350465688112,3,10,18,0.16417166442103437,0.19623079733695878,0.0,9.003539471616127,long wingspan,191
67,62,Anna Hummingbird,Herring Gull,0.136411444801358,0.007416819203285986,3,10,18,0.1295049734767551,0.14358727935493124,0.0,18.392176085744328,long wingspan,191
67,70,Anna Hummingbird,Green Violetear,0.11844712173520115,0.00363663932557033,3,10,17,0.11485654306399182,0.12174248369160459,0.0,32.57048915183656,long wingspan,191
67,108,Anna Hummingbird,White necked Raven,0.14136132778519414,0.010542004955088481,3,10,18,0.13010143027743912,0.14744781335284562,0.0,13.409339909629963,long wingspan,191
67,110,Anna Hummingbird,Geococcyx,0.09874563493312523,0.014637615634763885,3,10,17,0.08358108361369468,0.11068085918518256,0.0,6.746019118842099,long wingspan,191
68,2,Ruby throated Hummingbird,Laysan Albatross,0.11863977115560664,0.004119374810933782,3,13,15,0.11544170791843959,0.12296065380260329,0.0,28.800431272218432,long wingspan,191
68,69,Ruby throated Hummingbird,Rufous Hummingbird,0.02014130707671365,0.009054969708685204,3,13,13,0.011562182590589849,0.028766394952771807,0.0,2.2243373222077696,long wingspan,191
68,70,Ruby throated Hummingbird,Green Violetear,0.18425549562610558,4.846609049164483e-08,6,13,17,0.1842554391318627,0.18425554716491654,0.0,3801661.9887234434,long wingspan,191
68,144,Ruby throated Hummingbird,Common Tern,0.07967273815126445,0.0019409772437171335,6,13,16,0.07730359359653627,0.08156413882710023,0.0,41.04774456687434,long wingspan,191
68,146,Ruby throated Hummingbird,Forsters Tern,0.14478905093785824,0.001670656302719139,3,11,17,0.1430116347221787,0.14596342310170826,0.0,86.66597110101907,long wingspan,191
69,1,Rufous Hummingbird,Black footed Albatross,0.1540235852601756,0.002821673336156508,3,17,11,0.15213099218129944,0.15703511501503928,0.0,54.58590235515717,long wingspan,191
69,2,Rufous Hummingbird,Laysan Albatross,0.08767581200833123,0.004846642883454557,3,15,13,0.08268878752871149,0.09171129969043094,0.0,18.090008712948176,long wingspan,191
69,3,Rufous Hummingbird,Sooty Albatross,0.15010832367564853,0.004483667017490628,3,16,12,0.14613045251095677,0.1545927861250022,0.0,33.47891871912037,long wingspan,191
69,67,Rufous Hummingbird,Anna Hummingbird,0.09182290415737478,0.012721463346450176,3,10,13,0.07875675301114274,0.10246929571995599,0.0,7.217951398317653,long wingspan,191
69,68,Rufous Hummingbird,Ruby throated Hummingbird,0.02014130707671365,0.008099011121128633,6,13,13,0.011113495753235614,0.029223192976585044,0.0,2.4868847286407956,long wingspan,191
69,70,Rufous Hummingbird,Green Violetear,0.20439680270281924,0.009054946670469745,3,13,13,0.1958177243538537,0.21302189246182557,0.0,22.572943841495064,long wingspan,191
69,71,Rufous Hummingbird,Long tailed Jaeger,0.13831580867077287,0.003003993616957443,3,17,10,0.13530519436697092,0.1409712091519397,0.0,46.04397554107332,long wingspan,191
69,92,Rufous Hummingbird,Nighthawk,0.011606348774227912,0.00905501076735906,3,13,13,0.003027173232359731,0.02023146384588289,0.0,1.2817597980980868,long wingspan,191
69,108,Rufous Hummingbird,White necked Raven,0.03415113347303019,0.010346450027816355,3,11,13,0.02629891465721535,0.045050996753538346,0.0,3.30075855756461,long wingspan,191
69,142,Rufous Hummingbird,Black Tern,0.0991775824381667,0.004846744776215971,3,15,13,0.0941904418046443,0.10321312886820791,0.0,20.46272023738281,long wingspan,191
69,143,Rufous Hummingbird,Caspian Tern,0.06825539787022712,0.00448365806564297,3,16,13,0.06427751616183444,0.07273983965456268,0.0,15.223149681735585,long wingspan,191
69,144,Rufous Hummingbird,Common Tern,0.05952836534641489,0.00967557948083848,3,14,13,0.0492338198727858,0.06632467674773834,0.0,6.152434121196817,long wingspan,191
70,1,Green Violetear,Black footed Albatross,0.36122285452006553,0.0007192724837189761,3,13,11,0.3606601467966202,0.36197606625080336,0.0,502.2058568821764,long wingspan,191
70,28,Green Violetear,Brown Creeper,0.07009706315741283,0.004997655925485326,3,11,17,0.06593031662588114,0.07523707250807823,0.0,14.025988220983754,long wingspan,191
70,62,Green Violetear,Herring Gull,0.2235842709141315,0.0045134665891210885,3,12,17,0.21952198088061034,0.22806011711506533,0.0,49.537149871343814,long wingspan,191
70,68,Green Violetear,Ruby throated Hummingbird,0.18425549562610558,5.4186736471518747e-08,3,13,17,0.18425544220434645,0.1842555448357476,0.0,3400317.2603998855,long wingspan,191
70,71,Green Violetear,Long tailed Jaeger,0.34517204805352003,0.003889973194936304,9,13,10,0.3399908522832443,0.3479682257747031,0.0,88.7337857273945,long wingspan,191
70,92,Green Violetear,Nighthawk,0.19279045392859132,9.757388343737753e-08,3,13,17,0.19279037248213168,0.19279055424003902,0.0,1975820.489217618,long wingspan,191
70,108,Green Violetear,White necked Raven,0.24296861346548915,0.004997629420070406,3,11,17,0.23782863397763657,0.24713534385495986,0.0,48.61677267248227,long wingspan,191
70,110,Green Violetear,Geococcyx,0.010935864085071708,5.190852229465755e-08,3,13,17,0.010935832471235446,0.010935919585716986,0.0,210671.63791251477,long wingspan,191
70,144,Green Violetear,Common Tern,0.26392823377737,0.002170046337928324,3,13,16,0.26170147978148117,0.26574895349630684,0.0,121.6233169968669,long wingspan,191
71,28,Long tailed Jaeger,Brown Creeper,0.4165239687798417,0.00788787631195861,3,11,10,0.40827493410214794,0.42273139910957086,0.0,52.805590789444125,long wingspan,191
71,68,Long tailed Jaeger,Ruby throated Hummingbird,0.16091655242741446,0.004017588178117311,6,13,10,0.15573530511832778,0.1637127866428404,0.0,40.053023170425796,long wingspan,191
71,69,Long tailed Jaeger,Rufous Hummingbird,0.13831580867077287,0.003003993616957443,3,17,10,0.13530519436697092,0.1409712091519397,0.0,46.04397554107332,long wingspan,191
71,141,Long tailed Jaeger,Artic Tern,0.0751209685170748,0.0023909641077181037,6,10,10,0.07242169977674662,0.07776727088873758,0.0,31.41869350659149,long wingspan,191
71,146,Long tailed Jaeger,Forsters Tern,0.01722363094343382,0.007055131052659916,6,11,10,0.008414021415956485,0.02363135300271746,0.0,2.4412914249833673,long wingspan,191
92,1,Nighthawk,Black footed Albatross,0.1684324005914742,0.000719175183840352,3,13,11,0.16786977431448852,0.16918551201076432,0.0,234.2021862571136,long wingspan,191
92,3,Nighthawk,Sooty Albatross,0.1705136860743165,0.004047557887563636,3,13,12,0.16624026193562327,0.1735451510627268,0.0,42.12754721954749,long wingspan,191
92,28,Nighthawk,Brown Creeper,0.2794646233186284,0.010727403204666605,6,11,17,0.26758253715333286,0.2915667130383934,0.0,26.0514700492478,long wingspan,191
92,67,Nighthawk,Anna Hummingbird,0.10532937916363823,0.018380990921658385,3,10,17,0.08590604005173078,0.11901949740586823,0.0,5.730342809418285,long wingspan,191
92,108,Nighthawk,White necked Raven,0.03360105330427354,0.011993625381811132,3,11,17,0.022115052106159338,0.04490006520184064,0.0,2.8015760232456035,long wingspan,191
92,142,Nighthawk,Black Tern,0.11283132861046045,0.004709217655571811,3,13,15,0.11003690913727851,0.11786464764480462,0.0,23.959675861021623,long wingspan,191
92,143,Nighthawk,Caspian Tern,0.08263734154876083,0.008703774539461216,3,13,14,0.07425458072134151,0.09078551605112983,0.0,9.49442579935921,long wingspan,191
92,144,Nighthawk,Common Tern,0.07113777984877871,0.0018793821619530414,9,13,16,0.0687685800737532,0.07302920767415,0.0,37.851684053977145,long wingspan,191
92,146,Nighthawk,Forsters Tern,0.11983571451777945,0.010727403204666598,6,11,17,0.10773362479801452,0.13171780068307504,0.0,11.17099005418925,long wingspan,191
108,3,White necked Raven,Sooty Albatross,0.1350680951041878,0.006097115259980656,3,11,12,0.12861128891365198,0.1395400292906961,0.0,22.152786903763324,long wingspan,191
108,67,White necked Raven,Anna Hummingbird,0.14136132778519414,0.010542004955088481,3,10,18,0.13010143027743912,0.14744781335284562,0.0,13.409339909629963,long wingspan,191
108,68,White necked Raven,Ruby throated Hummingbird,0.05855438972435234,0.0014942896209799547,6,11,17,0.05664606895576618,0.05975321461842886,0.0,39.18543558294071,long wingspan,191
108,70,White necked Raven,Green Violetear,0.24296861346548915,0.0044700156438521104,6,11,17,0.23749784563936682,0.2472943823523387,0.0,54.3552042698785,long wingspan,191
108,71,White necked Raven,Long tailed Jaeger,0.10345829215693973,0.007887903354460053,3,11,10,0.09520922761643312,0.10966573862872986,0.0,13.116069948464224,long wingspan,191
108,92,White necked Raven,Nighthawk,0.03360105330427354,0.011993625381811132,3,11,17,0.022115052106159338,0.04490006520184064,0.0,2.8015760232456035,long wingspan,191
108,142,White necked Raven,Black Tern,0.06875563700076537,0.010428816619998857,3,11,15,0.060266428031116384,0.07956529988519931,0.0,6.5928512792451475,long wingspan,191
108,145,White necked Raven,Elegant Tern,0.049369731516354674,0.010884290022967686,3,11,16,0.0378181182345814,0.05721059374895652,0.0,4.535870636269371,long wingspan,191
108,146,White necked Raven,Forsters Tern,0.08623466121350591,2.7958869762469056e-08,3,11,18,0.08623463135069309,0.08623467735556689,0.0,3084229.7173093404,long wingspan,191
110,1,Geococcyx,Black footed Albatross,0.3721587186051372,0.0007192602665583293,3,13,11,0.3715959836680016,0.3729119066338928,0.0,517.4187083467064,long wingspan,191
110,2,Geococcyx,Laysan Albatross,0.31383113086678394,0.004119415941375645,3,13,15,0.31063308547982016,0.3181520707125473,0.0,76.18340445752588,long wingspan,191
110,25,Geococcyx,Pelagic Cormorant,0.30883710185052354,1.330568508616668e-07,3,13,17,0.3088369661443961,0.3088372152307596,0.0,2321073.8776444322,long wingspan,191
110,28,Geococcyx,Brown Creeper,0.08638444005925477,0.009672488099499619,3,11,17,0.07621920105494258,0.09382205201201167,0.0,8.930943017111876,long wingspan,191
110,67,Geococcyx,Anna Hummingbird,0.09874563493312523,0.014637615634763885,3,10,17,0.08358108361369468,0.11068085918518256,0.0,6.746019118842099,long wingspan,191
110,92,Geococcyx,Nighthawk,0.20372631801366303,9.197655780614788e-08,6,13,17,0.20372620164999533,0.20372639667064307,0.0,2214956.8098235126,long wingspan,191
110,108,Geococcyx,White necked Raven,0.22668123656364722,0.009672468923850704,3,11,17,0.21924365447370314,0.2368464594258984,0.0,23.43571618837184,long wingspan,191
110,141,Geococcyx,Artic Tern,0.2616294078114416,0.013092350091144796,6,10,17,0.24546668679522332,0.27399292614596205,0.0,19.98338006317255,long wingspan,191
110,142,Geococcyx,Black Tern,0.3165576466241235,0.004709252054532265,3,13,15,0.31376312053830624,0.32159100541266994,0.0,67.22036597133139,long wingspan,191
110,143,Geococcyx,Caspian Tern,0.2863636595624239,0.008703751305322025,3,13,14,0.2779809676409522,0.29451186406796276,0.0,32.901176686243524,long wingspan,191
110,146,Geococcyx,Forsters Tern,0.3129158977771531,0.00865133636081556,6,11,17,0.3052557258796106,0.3237850426765254,0.0,36.169660349616194,long wingspan,191
141,62,Artic Tern,Herring Gull,0.02647232807695839,0.007416898868967491,3,10,18,0.019296420011493214,0.03337887770138327,0.0,3.5691909167253377,long wingspan,191
141,68,Artic Tern,Ruby throated Hummingbird,0.07958497791981074,0.013572361355036963,3,10,17,0.06588673764676749,0.0914210120527251,0.0,5.863753243234382,long wingspan,191
141,69,Artic Tern,Rufous Hummingbird,0.0710608687209416,0.012721432946378678,3,10,13,0.06041455188560169,0.08412701066173409,0.0,5.585917012248536,long wingspan,191
141,110,Artic Tern,Geococcyx,0.2616294078114416,0.014637692394512661,3,10,17,0.24646478298011912,0.2735647103633209,0.0,17.87367849673128,long wingspan,191
141,142,Artic Tern,Black Tern,0.03411045039051123,0.007312910984321082,6,10,15,0.027351572687928427,0.04319834901497277,0.0,4.664414821810328,long wingspan,191
141,146,Artic Tern,Forsters Tern,0.056098410469334836,0.001276309406795145,6,10,19,0.054450702110293014,0.05692226464885575,0.0,43.953613541285556,long wingspan,191
142,1,Black Tern,Black footed Albatross,0.05583590548671935,0.0008584775237455184,3,15,11,0.055086086334596274,0.056701675570578494,0.0,65.04061420043698,long wingspan,191
142,2,Black Tern,Laysan Albatross,0.011501770429835467,1.0906301935668247e-07,3,15,15,0.011501653813381052,0.011501837503708607,0.0,105458.89008748275,long wingspan,191
142,28,Black Tern,Brown Creeper,0.3818213136236674,0.010428810281786334,3,11,15,0.3733320909332665,0.39263096278734944,0.0,36.61216411750216,long wingspan,191
142,62,Black Tern,Herring Gull,0.0874674709194551,0.00989635658943625,3,12,15,0.07960796140207912,0.09779429752504995,0.0,8.83835077284734,long wingspan,191
142,67,Black Tern,Anna Hummingbird,0.19699422326882762,0.008176161672047304,3,10,15,0.1904567648933881,0.2055113542157941,0.0,24.093728958200344,long wingspan,191
142,69,Black Tern,Rufous Hummingbird,0.0991775824381667,0.004335060315684363,6,15,13,0.09386903847696781,0.10336660380703477,0.0,22.878016727117163,long wingspan,191
142,108,Black Tern,White necked Raven,0.06875563700076537,0.010428816619998857,3,11,15,0.060266428031116384,0.07956529988519931,0.0,6.5928512792451475,long wingspan,191
142,110,Black Tern,Geococcyx,0.3165576466241235,0.004709252054532265,3,13,15,0.31376312053830624,0.32159100541266994,0.0,67.22036597133139,long wingspan,191
142,143,Black Tern,Caspian Tern,0.03026871595115758,0.004855864826598614,3,15,14,0.02557384578599552,0.03479415729537486,0.0,6.2334346250998225,long wingspan,191
143,1,Caspian Tern,Black footed Albatross,0.08649944717892621,0.001933350989934679,6,16,11,0.0842915673054252,0.08861148304910449,0.0,44.740684740905756,long wingspan,191
143,2,Caspian Tern,Laysan Albatross,0.018766945521322114,0.004855864078867004,3,15,14,0.014072026276130533,0.023292328997026473,0.0,3.8648004171146644,long wingspan,191
143,25,Caspian Tern,Pelagic Cormorant,0.022473442288099665,0.008703619632279015,3,13,14,0.01432535116279684,0.030855998503443897,0.0,2.582080012110201,long wingspan,191
143,68,Caspian Tern,Ruby throated Hummingbird,0.09117229985124657,0.008703732702544802,3,13,14,0.08278959007957162,0.09932044715801874,0.0,10.47508040017296,long wingspan,191
143,71,Caspian Tern,Long tailed Jaeger,0.06935720437572428,0.0035858106363632273,3,16,10,0.0658830022293823,0.07269058659609848,0.0,19.342126896785903,long wingspan,191
143,108,Caspian Tern,White necked Raven,0.04268790596370975,0.015426200093132843,3,11,14,0.026551078663096195,0.05481361484803697,0.0,2.7672340371071384,long wingspan,191
143,110,Caspian Tern,Geococcyx,0.2863636595624239,0.008703751305322025,3,13,14,0.2779809676409522,0.29451186406796276,0.0,32.901176686243524,long wingspan,191
143,141,Caspian Tern,Artic Tern,0.017720626431520874,0.002436656516309202,3,10,14,0.01565044249330013,0.02020882307309193,0.0,7.272517199547578,long wingspan,191
144,3,Common Tern,Sooty Albatross,0.09734907718120205,0.0029645742493471326,6,14,12,0.09357031000155647,0.09976435482061108,0.0,32.837456228260464,long wingspan,191
144,25,Common Tern,Pelagic Cormorant,0.033973003988081785,0.0021699512526442565,3,13,16,0.032152342333562525,0.03619965056479823,0.0,15.656113901649583,long wingspan,191
144,62,Common Tern,Herring Gull,0.04539808529571158,0.006909611952915675,3,12,16,0.0386322894548352,0.051734171890452686,0.0,6.570280009716681,long wingspan,191
144,67,Common Tern,Anna Hummingbird,0.16457250561721734,0.012585988064874086,3,10,16,0.1515492357727738,0.1748756749979344,0.0,13.075851077869897,long wingspan,191
144,68,Common Tern,Ruby throated Hummingbird,0.07967273815126445,0.0021700785298658406,3,13,16,0.0774459380182173,0.08149345598725306,0.0,36.71421887182847,long wingspan,191
144,92,Common Tern,Nighthawk,0.07113777984877871,0.002170123594227538,3,13,16,0.06891092865998719,0.07295852488036414,0.0,32.780519969103366,long wingspan,191
144,108,Common Tern,White necked Raven,0.03101069122990141,0.0028334307324120885,3,11,16,0.02924433038337888,0.0340403448379715,0.0,10.944573609730547,long wingspan,191
144,142,Common Tern,Black Tern,0.03779045919594948,0.0009950314469359444,3,14,15,0.03707458228635269,0.03884664867710109,0.0,37.97916063290319,long wingspan,191
144,145,Common Tern,Elegant Tern,0.013629053672135183,5.2036525913275664e-08,6,14,16,0.013628986493641082,0.013629087454990474,0.0,261908.17939440464,long wingspan,191
144,146,Common Tern,Forsters Tern,0.055223969983604494,0.0028334155120727997,3,11,16,0.05219433251759539,0.05699030096731421,0.0,19.490247628281978,long wingspan,191
145,1,Elegant Tern,Black footed Albatross,0.08142956028270025,0.0007676578541238033,3,14,11,0.08060874959329388,0.08190936929489367,0.0,106.07532996528482,long wingspan,191
145,25,Elegant Tern,Pelagic Cormorant,0.01540284885045832,0.008706168111923618,3,13,16,0.006157382527148397,0.02164037679052671,0.0,1.7691880802983817,long wingspan,191
145,62,Elegant Tern,Herring Gull,0.06014453980820211,0.009679451336408455,3,12,16,0.05396277442467686,0.07049173949570192,0.0,6.213631094539395,long wingspan,191
145,68,Elegant Tern,Ruby throated Hummingbird,0.09824289328888791,0.007787053484660742,6,13,16,0.09186343901795568,0.10816126626657385,0.0,12.616183190444834,long wingspan,191
145,70,Elegant Tern,Green Violetear,0.2824983889149935,0.008706203514146886,3,13,16,0.27626091032968003,0.2917439045930583,0.0,32.44794225445204,long wingspan,191
145,71,Elegant Tern,Long tailed Jaeger,0.06690825378721361,0.004416694557942399,3,14,10,0.06235788104581749,0.07057234226414867,0.0,15.148942924238606,long wingspan,191
145,92,Elegant Tern,Nighthawk,0.08970793498640217,0.008706206871635723,3,13,16,0.08347053139988773,0.09895346641090999,0.0,10.303905742047217,long wingspan,191
145,110,Elegant Tern,Geococcyx,0.2934342530000652,0.008706254996307903,3,13,16,0.28719674280091545,0.3026798241787753,0.0,33.70384316687246,long wingspan,191
145,143,Elegant Tern,Caspian Tern,0.008221839568751629,0.0025714966542459703,6,14,14,0.005161135789575444,0.010865660400699695,0.0,3.1972973995430647,long wingspan,191
145,144,Elegant Tern,Common Tern,0.013629053672135183,5.2036525913275664e-08,6,14,16,0.013628986493641082,0.013629087454990474,0.0,261908.17939440464,long wingspan,191
145,146,Elegant Tern,Forsters Tern,0.03686492969715124,0.01088426246171063,3,11,16,0.029024083606610372,0.048416513116111684,0.0,3.3869938200636103,long wingspan,191
146,69,Forsters Tern,Rufous Hummingbird,0.1203857946865361,0.009254121824168187,6,11,13,0.1123090259738504,0.1320480113332706,0.0,13.008883712674505,long wingspan,191
146,92,Forsters Tern,Nighthawk,0.11983571451777945,0.010727403204666598,6,11,17,0.10773362479801452,0.13171780068307504,0.0,11.17099005418925,long wingspan,191
146,108,Forsters Tern,White necked Raven,0.08623466121350591,2.7958869762469056e-08,3,11,18,0.08623463135069309,0.08623467735556689,0.0,3084229.7173093404,long wingspan,191
146,110,Forsters Tern,Geococcyx,0.3129158977771531,0.009672488099499619,3,11,17,0.30547828582439623,0.32308113678146533,0.0,32.35112770632304,long wingspan,191
146,142,Forsters Tern,Black Tern,0.01747902421274054,0.010428810281786325,3,11,15,0.006669375049058434,0.025968246903141357,0.0,1.676032427360503,long wingspan,191
146,143,Forsters Tern,Caspian Tern,0.043546755249796155,0.013797588621584013,6,11,14,0.03103123376849637,0.06078122343172476,0.0,3.1561134659804573,long wingspan,191
146,144,Forsters Tern,Common Tern,0.055223969983604494,0.0025342838773988624,6,11,16,0.051956654602523744,0.05700504244433302,0.0,21.79075929666352,long wingspan,191
15,16,Lazuli Bunting,Painted Bunting,0.18797590799805217,9.329393321368736e-08,3,10,18,0.18797583615389626,0.1879760060163866,0.0,2014856.5578315253,a red head,82
15,21,Lazuli Bunting,Eastern Towhee,0.10454824101127518,0.015954917011724738,6,10,14,0.08407780381752572,0.11676338937618425,0.0,6.552728599458927,a red head,82
15,34,Lazuli Bunting,Gray crowned Rosy Finch,0.09708686633580743,0.007239693423544997,6,10,15,0.09077277268648132,0.10621179529103453,0.0,13.410356025111543,a red head,82
15,54,Lazuli Bunting,Blue Grosbeak,0.032928585725584845,0.016804049806033727,12,10,14,0.012807826940916311,0.05218860766732958,0.0,1.959562492596387,a red head,82
15,55,Lazuli Bunting,Evening Grosbeak,0.33131170589345055,0.00441576709146054,12,10,18,0.32533272898760884,0.3343012476788842,0.0,75.0292528922394,a red head,82
15,137,Lazuli Bunting,Cliff Swallow,0.019141335824397216,0.00012593639828952313,6,10,11,0.018990091976478607,0.019268619575344648,0.0,151.9920843567394,a red head,82
15,149,Lazuli Bunting,Brown Thrasher,0.16134896557116551,0.0065518302401821465,6,10,18,0.15289058910215703,0.16557819379517835,0.0,24.626548556919467,a red head,82
15,158,Lazuli Bunting,Bay breasted Warbler,0.13038453900994773,0.008901686068937098,3,10,18,0.1208725609558276,0.13617181966782024,0.0,14.647173354077747,a red head,82
16,15,Painted Bunting,Lazuli Bunting,0.18797590799805217,8.344463061583774e-08,6,10,18,0.18797583399331708,0.18797601279593845,0.0,2252675.264250144,a red head,82
16,21,Painted Bunting,Eastern Towhee,0.29252414900932733,0.015954834192275582,6,10,14,0.27205381661346417,0.3047392233695013,0.0,18.334515136021675,a red head,82
16,34,Painted Bunting,Gray crowned Rosy Finch,0.09088904166224472,0.008094271216055389,3,10,15,0.08236083585547002,0.09702794838080024,0.0,11.228810997923196,a red head,82
16,54,Painted Bunting,Blue Grosbeak,0.15504732227246731,0.01970456518137613,3,10,14,0.1367072316319332,0.17411910213351145,0.0,7.868599019436496,a red head,82
16,83,Painted Bunting,White breasted Kingfisher,0.04268676755966405,0.012576060536563299,3,10,17,0.029239917903206337,0.050544957863169745,0.0,3.3942876970227207,a red head,82
16,97,Painted Bunting,Orchard Oriole,0.06801140746318324,0.014345991483278355,6,10,17,0.04965839833382102,0.07934073145155718,0.0,4.740795192700088,a red head,82
16,137,Painted Bunting,Cliff Swallow,0.19427149743888628,0.019173362591788368,9,10,11,0.16870721441797243,0.20714130871730685,0.0,10.132364445658435,a red head,82
16,158,Painted Bunting,Bay breasted Warbler,0.05759136898810443,0.008901627833856103,3,10,18,0.05180406431663257,0.06710328197762054,0.0,6.4697569991180615,a red head,82
21,34,Eastern Towhee,Gray crowned Rosy Finch,0.19272201998090574,0.004820393474343385,3,14,14,0.1899247507058263,0.19787143539614263,0.0,39.980557804397286,a red head,82
21,55,Eastern Towhee,Evening Grosbeak,0.24460035244787337,0.02204960036003294,12,11,14,0.21885337487786422,0.27056292309747737,0.0,11.093187560902114,a red head,82
21,83,Eastern Towhee,White breasted Kingfisher,0.24427051392088403,0.018403009020148284,3,13,14,0.22460430162353967,0.2562009710755373,0.0,13.273400759635253,a red head,82
21,97,Eastern Towhee,Orchard Oriole,0.21379440886277412,0.025703341929123154,9,12,14,0.17977110899872562,0.2343688781191544,0.0,8.317766983141471,a red head,82
21,137,Eastern Towhee,Cliff Swallow,0.08000051899137477,0.011442712743772347,3,16,11,0.07037286934148027,0.09172992927065854,0.0,6.991394503713584,a red head,82
21,149,Eastern Towhee,Brown Thrasher,0.2535043987526811,0.023125860969413808,6,11,14,0.22754176990764408,0.27925141858312597,0.0,10.961944252670346,a red head,82
21,158,Eastern Towhee,Bay breasted Warbler,0.22089421880577295,0.02967969535943251,3,12,14,0.18924449411806918,0.24111246412211365,0.0,7.442603979697788,a red head,82
34,15,Gray crowned Rosy Finch,Lazuli Bunting,0.09708686633580743,0.006902776836957498,12,10,15,0.09077277268648132,0.10621179529103453,0.0,14.06490005615407,a red head,82
34,16,Gray crowned Rosy Finch,Painted Bunting,0.09088904166224472,0.007009844498225128,9,10,15,0.08176403870228255,0.09720310451841963,0.0,12.965914104412963,a red head,82
34,21,Gray crowned Rosy Finch,Eastern Towhee,0.19272201998090574,0.0043114909947712795,6,14,14,0.18992316973098666,0.19828810098395122,0.0,44.69962251340149,a red head,82
34,54,Gray crowned Rosy Finch,Blue Grosbeak,0.048959501650185366,0.0061645103691196045,3,14,14,0.042618914214625395,0.054097986410888574,0.0,7.94215577728608,a red head,82
34,55,Gray crowned Rosy Finch,Evening Grosbeak,0.430335887709556,0.0009144524382229049,3,11,15,0.42940642667302514,0.4311213921660168,0.0,470.5940618139226,a red head,82
34,83,Gray crowned Rosy Finch,White breasted Kingfisher,0.05223690969849185,0.008428182589885994,3,13,15,0.04513744444902371,0.06087247754625018,0.0,6.197885384564333,a red head,82
34,97,Gray crowned Rosy Finch,Orchard Oriole,0.03334687644011236,0.0029973852590604094,3,12,15,0.03146152084034295,0.03655166261976115,0.0,11.125322088038923,a red head,82
34,149,Gray crowned Rosy Finch,Brown Thrasher,0.06776886349099846,0.0008179534897080812,6,11,15,0.06695087221941909,0.06875619951001588,0.0,82.8517321105051,a red head,82
54,15,Blue Grosbeak,Lazuli Bunting,0.032928585725584845,0.017624236121660093,6,10,14,0.012807826940916311,0.05218860766732958,0.0,1.8683695279846722,a red head,82
54,16,Blue Grosbeak,Painted Bunting,0.15504732227246731,0.01970456518137613,3,10,14,0.1367072316319332,0.17411910213351145,0.0,7.868599019436496,a red head,82
54,21,Blue Grosbeak,Eastern Towhee,0.13158091005311115,3.647104466493568e-08,3,16,14,0.13158088163501214,0.13158094827851963,0.0,3607719.590769568,a red head,82
54,34,Blue Grosbeak,Gray crowned Rosy Finch,0.048959501650185366,0.005338622581550165,9,14,14,0.04221076548427971,0.05429399937508306,0.0,9.170811551693973,a red head,82
54,55,Blue Grosbeak,Evening Grosbeak,0.37513375633955887,0.015497440493345555,12,11,14,0.3587820251194476,0.3946982269833976,0.0,24.206174979438142,a red head,82
54,83,Blue Grosbeak,White breasted Kingfisher,0.10438643162771695,0.006248823088950462,9,13,14,0.0974037642531923,0.11181419609025811,0.0,16.704974700851142,a red head,82
54,137,Blue Grosbeak,Cliff Swallow,0.0515803910617364,0.011442676417971686,3,16,11,0.0398510190078611,0.061208012293531885,0.0,4.507720848963039,a red head,82
54,149,Blue Grosbeak,Brown Thrasher,0.12297099486099561,0.015737698349549016,9,11,14,0.10340654015215411,0.13932266788567382,0.0,7.813785225887604,a red head,82
54,158,Blue Grosbeak,Bay breasted Warbler,0.08722536534340479,0.008356208300497653,3,12,14,0.08072661070405718,0.09598708643267398,0.0,10.438390499165955,a red head,82
55,15,Evening Grosbeak,Lazuli Bunting,0.33131170589345055,0.005177945889374056,3,10,18,0.32578114958892135,0.3343012423456329,0.0,63.985161859139566,a red head,82
55,16,Evening Grosbeak,Painted Bunting,0.5192876138915027,0.005178009979100126,3,10,18,0.513756991076069,0.5222771523634964,0.0,100.2871017798736,a red head,82
55,21,Evening Grosbeak,Eastern Towhee,0.24460035244787337,0.02585544825662674,3,11,14,0.22012994410238493,0.2692540149110174,0.0,9.460302138669057,a red head,82
55,34,Evening Grosbeak,Gray crowned Rosy Finch,0.430335887709556,0.0007919390420536481,9,11,15,0.4293485939509743,0.43115382078570236,0.0,543.3952164426927,a red head,82
55,54,Evening Grosbeak,Blue Grosbeak,0.37513375633955887,0.016253852713411218,6,11,14,0.3587820251194476,0.3946982269833976,0.0,23.07968227169627,a red head,82
55,83,Evening Grosbeak,White breasted Kingfisher,0.48092308670814427,0.011676287157608461,6,11,17,0.4711841813123037,0.49575671992940995,0.0,41.18801466385475,a red head,82
55,97,Evening Grosbeak,Orchard Oriole,0.45526080236077665,0.0035288935730712675,9,11,17,0.45290814216521325,0.4599659937909492,0.0,129.00950193166196,a red head,82
55,149,Evening Grosbeak,Brown Thrasher,0.4981047512005545,4.511060153701658e-08,9,11,18,0.49810469300512145,0.4981047934609902,0.0,11041610.898957595,a red head,82
55,158,Evening Grosbeak,Bay breasted Warbler,0.47278098645755734,0.0055611999696447865,9,11,18,0.46536605316471186,0.4764884656981051,0.0,85.0142035807321,a red head,82
83,15,White breasted Kingfisher,Lazuli Bunting,0.14528914043838811,0.01124834238743845,6,10,17,0.13736351298818494,0.1597897352497405,0.0,12.916493419307967,a red head,82
83,16,White breasted Kingfisher,Painted Bunting,0.04268676755966405,0.012576060536563299,3,10,17,0.029239917903206337,0.050544957863169745,0.0,3.3942876970227207,a red head,82
83,21,White breasted Kingfisher,Eastern Towhee,0.24427051392088403,0.016460151663837352,6,13,14,0.22309024369193386,0.2563498957466682,0.0,14.840113195475697,a red head,82
83,34,White breasted Kingfisher,Gray crowned Rosy Finch,0.05223690969849185,0.007187578262958311,12,13,15,0.04485890309523066,0.061422095829153256,0.0,7.2676648211861234,a red head,82
83,54,White breasted Kingfisher,Blue Grosbeak,0.10438643162771695,0.007215519385047795,3,13,14,0.09773064276751771,0.11142055301273023,0.0,14.466932460823617,a red head,82
83,55,White breasted Kingfisher,Evening Grosbeak,0.4809230867081442,0.011305516426738276,9,11,17,0.4711841813123037,0.49575671992940995,0.0,42.53879862826887,a red head,82
83,137,White breasted Kingfisher,Cliff Swallow,0.15787529405962708,0.010078587158796226,6,13,11,0.14622699191753585,0.1687204203150099,0.0,15.66442712222564,a red head,82
83,149,White breasted Kingfisher,Brown Thrasher,0.01718166449241021,0.011676283002495862,6,11,17,0.00234804720614179,0.026920612148686462,0.0,1.4715012035307848,a red head,82
83,158,White breasted Kingfisher,Bay breasted Warbler,0.010522050990325474,0.005550367855849438,15,12,17,0.0033427066752020895,0.016226428345550548,0.0,1.8957393927216417,a red head,82
97,16,Orchard Oriole,Painted Bunting,0.06801140746318324,0.016039306080621717,3,10,17,0.050927233047338545,0.0791254495091879,0.0,4.240296127343851,a red head,82
97,21,Orchard Oriole,Eastern Towhee,0.21379440886277412,0.026546297395565015,6,12,14,0.17977110899872562,0.2343688781191544,0.0,8.053643250845155,a red head,82
97,34,Orchard Oriole,Gray crowned Rosy Finch,0.03334687644011236,0.002680942877605957,6,12,15,0.03144399008616805,0.036802034064503,0.0,12.43848822972765,a red head,82
97,83,Orchard Oriole,White breasted Kingfisher,0.017621860933324296,0.0056874699859715844,9,12,17,0.010442485270959811,0.023326300983031567,0.0,3.0983655252143905,a red head,82
97,137,Orchard Oriole,Cliff Swallow,0.13669368602564533,0.005156048154788466,12,12,11,0.1305582272530451,0.14264607380198513,0.0,26.51132842353022,a red head,82
97,158,Orchard Oriole,Bay breasted Warbler,0.007099809942998821,4.702086164869112e-08,9,12,17,0.007099778595757722,0.0070998726374810195,0.0,150989.55451918923,a red head,82
137,15,Cliff Swallow,Lazuli Bunting,0.019141335824397216,0.00012007564439339301,12,10,11,0.018990091976478607,0.019268619575344648,0.0,159.41064286338985,a red head,82
137,21,Cliff Swallow,Eastern Towhee,0.08000051899137477,0.010234673416831241,6,16,11,0.0699962909159062,0.0924774066308307,0.0,7.816616683830359,a red head,82
137,34,Cliff Swallow,Gray crowned Rosy Finch,0.1108331308433933,0.012947879568372367,6,14,11,0.09501574325461914,0.12342340226142534,0.0,8.55994452601831,a red head,82
137,54,Cliff Swallow,Blue Grosbeak,0.0515803910617364,0.009909648465248604,9,16,11,0.03910354426681628,0.06158458983068027,0.0,5.205067691090627,a red head,82
137,97,Cliff Swallow,Orchard Oriole,0.13669368602564533,0.005156048154788466,12,12,11,0.1305582272530451,0.14264607380198513,0.0,26.51132842353022,a red head,82
137,149,Cliff Swallow,Brown Thrasher,0.17114890131654034,0.016383067893109123,3,11,11,0.15364661042789235,0.18067511529077987,0.0,10.446694259143035,a red head,82
137,158,Cliff Swallow,Bay breasted Warbler,0.14379349596864413,0.006046048673777464,3,12,11,0.13797393233724586,0.14945747589837602,0.0,23.783052982770883,a red head,82
149,15,Brown Thrasher,Lazuli Bunting,0.16134896557116551,0.0065518302401821465,6,10,18,0.15289058910215703,0.16557819379517835,0.0,24.626548556919467,a red head,82
149,16,Brown Thrasher,Painted Bunting,0.02662694242688664,0.006551772916310416,6,10,18,0.022397763388739778,0.03508524489116005,0.0,4.06408200695352,a red head,82
149,21,Brown Thrasher,Eastern Towhee,0.2535043987526811,0.023125860969413808,6,11,14,0.22754176990764408,0.27925141858312597,0.0,10.961944252670346,a red head,82
149,34,Brown Thrasher,Gray crowned Rosy Finch,0.06776886349099846,0.0007919800609029079,9,11,15,0.06695087221941909,0.06875619951001588,0.0,85.56890097481586,a red head,82
149,54,Brown Thrasher,Blue Grosbeak,0.12297099486099561,0.01817232875707451,3,11,14,0.10454540197180436,0.13866572331864807,0.0,6.7669365053918,a red head,82
149,55,Brown Thrasher,Evening Grosbeak,0.4981047512005545,5.208923585969547e-08,3,11,18,0.498104696711643,0.49810479214471826,0.0,9562343.93989297,a red head,82
149,83,Brown Thrasher,White breasted Kingfisher,0.01718166449241021,0.011676283002495862,6,11,17,0.00234804720614179,0.026920612148686462,0.0,1.4715012035307848,a red head,82
149,97,Brown Thrasher,Orchard Oriole,0.04284394883977782,0.0036445928762942064,6,11,17,0.03813879967004097,0.045196624970338495,0.0,11.755482788405638,a red head,82
149,158,Brown Thrasher,Bay breasted Warbler,0.025323764742997135,0.005561231665001273,9,11,18,0.02161625249526644,0.032738740296278324,0.0,4.553625215402299,a red head,82
158,15,Bay breasted Warbler,Lazuli Bunting,0.13038453900994773,0.007961910065802491,6,10,18,0.12014129911420224,0.13624578196893133,0.0,16.37603764875358,a red head,82
158,16,Bay breasted Warbler,Painted Bunting,0.05759136898810443,0.008901627833856103,3,10,18,0.05180406431663257,0.06710328197762054,0.0,6.4697569991180615,a red head,82
158,21,Bay breasted Warbler,Eastern Towhee,0.22089421880577295,0.026546326550070463,6,12,14,0.18687088759448334,0.24146875075663543,0.0,8.321084214074265,a red head,82
158,34,Bay breasted Warbler,Gray crowned Rosy Finch,0.040446686383111184,0.0029973554082671984,3,12,15,0.0385613887757378,0.04365144121551887,0.0,13.494124273036977,a red head,82
158,54,Bay breasted Warbler,Blue Grosbeak,0.08722536534340479,0.0072366886675453565,9,12,14,0.08052469274780183,0.09658835140950373,0.0,12.053215128976651,a red head,82
158,55,Bay breasted Warbler,Evening Grosbeak,0.47278098645755734,0.005427175456057731,15,11,18,0.46536605316471186,0.4764884656981051,0.0,87.11363584951592,a red head,82
158,83,Bay breasted Warbler,White breasted Kingfisher,0.010522050990325474,0.005600598453045101,12,12,17,0.0033427066752020895,0.016226428345550548,0.0,1.878736902254757,a red head,82
158,97,Bay breasted Warbler,Orchard Oriole,0.007099809942998821,4.702086164869112e-08,9,12,17,0.007099778595757722,0.0070998726374810195,0.0,150989.55451918923,a red head,82
158,137,Bay breasted Warbler,Cliff Swallow,0.14379349596864413,0.005156087633480978,12,12,11,0.13765800584880283,0.14974594643946615,0.0,27.888101630979875,a red head,82
158,149,Bay breasted Warbler,Brown Thrasher,0.025323764742997135,0.005395187191371721,18,11,18,0.02161625249526644,0.032738740296278324,0.0,4.693769435618938,a red head,82
10,36,Red winged Blackbird,Northern Flicker,0.15833350379985625,0.02183838336996823,9,11,15,0.12928682215035892,0.17461876539926324,0.0,7.250239228346158,red shoulders,213
10,51,Red winged Blackbird,Horned Grebe,0.19235306885029677,0.021504902456407633,12,11,15,0.16330645827327195,0.20863831944782496,0.0,8.944614802660421,red shoulders,213
10,61,Red winged Blackbird,Heermann Gull,0.027155698114123623,0.0030997123387053356,12,15,14,0.02319647939257441,0.030341432732673534,0.0,8.760715556174834,red shoulders,213
10,137,Red winged Blackbird,Cliff Swallow,0.0411810313321227,0.01657960268925881,12,13,15,0.01875087082374871,0.05319006341749477,0.0,2.483837043713854,red shoulders,213
10,143,Red winged Blackbird,Caspian Tern,0.06998064556023638,0.022837410359772572,3,12,15,0.046829517355562025,0.08971288347669473,0.0,3.0642986422156224,red shoulders,213
10,144,Red winged Blackbird,Common Tern,0.06357763311518094,0.0218383588439007,9,11,15,0.03453098423975176,0.07986287823516658,0.0,2.9112825540929532,red shoulders,213
10,189,Red winged Blackbird,Red bellied Woodpecker,0.21781435406559538,0.006806912949392211,3,15,14,0.21335196172164292,0.2250860932225533,0.0,31.998992150038443,red shoulders,213
36,10,Northern Flicker,Red winged Blackbird,0.15833350379985625,0.022554585359994658,6,11,15,0.12928682215035892,0.17461876539926324,0.0,7.020013946861303,red shoulders,213
36,61,Northern Flicker,Heermann Gull,0.17335487975786154,0.004369523716672128,3,11,14,0.16921588304550336,0.1775178484123251,0.0,39.67363286226002,red shoulders,213
36,137,Northern Flicker,Cliff Swallow,0.13130281526426732,0.00292183305128719,3,11,17,0.12820957406733166,0.13345084976343055,0.0,44.93850706544797,red shoulders,213
36,141,Northern Flicker,Artic Tern,0.14592253158168336,0.013610121909820676,3,11,14,0.13211249243295956,0.15765796226410259,0.0,10.721618258662929,red shoulders,213
36,143,Northern Flicker,Caspian Tern,0.0879671205255117,0.004240157633055756,21,11,18,0.08211514702842393,0.09089316806316705,0.0,20.746191089450182,red shoulders,213
36,144,Northern Flicker,Common Tern,0.09475587068467532,2.53868185214037e-08,6,11,19,0.09475583791060715,0.09475588716409666,0.0,3732336.065219212,red shoulders,213
51,10,Horned Grebe,Red winged Blackbird,0.19235306885029677,0.021504902456407633,12,11,15,0.16330645827327195,0.20863831944782496,0.0,8.944614802660421,red shoulders,213
51,36,Horned Grebe,Northern Flicker,0.034019565050440494,5.738296978578734e-08,9,11,19,0.03401950497984674,0.03401963612291303,0.0,592840.9131929094,red shoulders,213
51,61,Horned Grebe,Heermann Gull,0.20737444480830203,0.004369482971235888,3,11,14,0.20323551261126307,0.21153740000745108,0.0,47.45972146498317,red shoulders,213
51,137,Horned Grebe,Cliff Swallow,0.1653223803147078,0.00253043254200913,9,11,17,0.1620077501484064,0.16752501360315575,0.0,65.33364454683719,red shoulders,213
51,141,Horned Grebe,Artic Tern,0.17994209663212388,0.01178666921759535,9,11,14,0.16527682566158652,0.19216671183054368,0.0,15.266577291253455,red shoulders,213
51,144,Horned Grebe,Common Tern,0.12877543573511582,4.1310439239061386e-08,3,11,19,0.12877539442184335,0.1287754723924771,0.0,3117185.8958947677,red shoulders,213
51,189,Horned Grebe,Red bellied Woodpecker,0.021216768801867552,0.0025663047398650574,12,11,14,0.018093152726417205,0.02409687384119752,0.0,8.267439351226754,red shoulders,213
61,10,Heermann Gull,Red winged Blackbird,0.027155698114123623,0.0032510057276163495,6,15,14,0.02319647939257441,0.030341432732673534,0.0,8.353014537960004,red shoulders,213
61,36,Heermann Gull,Northern Flicker,0.17335487975786154,0.004369523716672128,3,11,14,0.16921588304550336,0.1775178484123251,0.0,39.67363286226002,red shoulders,213
61,51,Heermann Gull,Horned Grebe,0.20737444480830203,0.003908184380084481,6,11,14,0.20301916156696753,0.21175799040506016,0.0,53.06158169302078,red shoulders,213
61,137,Heermann Gull,Cliff Swallow,0.04949642616191204,0.007838724842581362,18,13,14,0.039877378136945474,0.058507542705026006,0.0,6.314346676225221,red shoulders,213
61,141,Heermann Gull,Artic Tern,0.03833631643630442,0.0031477907237722072,9,15,14,0.03437708235019854,0.041522083418675915,0.0,12.178800875994913,red shoulders,213
61,143,Heermann Gull,Caspian Tern,0.08723444462140269,0.005075249901720277,3,12,14,0.08372708752274008,0.09264138705045183,0.0,17.188206747148747,red shoulders,213
61,144,Heermann Gull,Common Tern,0.07859900907318622,0.00372632141196618,12,11,14,0.07424368753344734,0.08298254919240178,0.0,21.092922580347363,red shoulders,213
61,189,Heermann Gull,Red bellied Woodpecker,0.2474737117647736,1.0424390322518479e-07,6,16,14,0.2474736246294218,0.24747384415284157,0.0,2373964.6170536787,red shoulders,213
137,10,Cliff Swallow,Red winged Blackbird,0.0411810313321227,0.019441307436327607,3,13,15,0.020393435270317506,0.05311066823437626,0.0,2.1182233481403876,red shoulders,213
137,36,Cliff Swallow,Northern Flicker,0.13130281526426732,0.00292183305128719,3,11,17,0.12820957406733166,0.13345084976343055,0.0,44.93850706544797,red shoulders,213
137,51,Cliff Swallow,Horned Grebe,0.1653223803147078,0.0026134194917073754,6,11,17,0.1620077501484064,0.16752501360315575,0.0,63.25902932002771,red shoulders,213
137,61,Cliff Swallow,Heermann Gull,0.04949642616191204,0.007885245873212082,15,13,14,0.039877378136945474,0.058507542705026006,0.0,6.277093568354694,red shoulders,213
137,141,Cliff Swallow,Artic Tern,0.021848657593903087,0.014966491755936197,9,13,14,0.003575041733097306,0.037929339791321626,0.0,1.4598382806563441,red shoulders,213
137,143,Cliff Swallow,Caspian Tern,0.03927474000852712,0.0021066306213960227,9,12,17,0.03652614830428447,0.041150157435249746,0.0,18.643391770246428,red shoulders,213
137,144,Cliff Swallow,Common Tern,0.03654694457959199,0.002530397634536919,9,11,17,0.03323235818923753,0.03874953956963556,0.0,14.443162634333234,red shoulders,213
137,189,Cliff Swallow,Red bellied Woodpecker,0.18619327388869042,0.0043310649194679245,12,13,14,0.1804646329958467,0.19014360756178905,0.0,42.9901830860975,red shoulders,213
141,10,Artic Tern,Red winged Blackbird,0.011180618322180794,2.4283185208388137e-08,9,15,14,0.011180601322915873,0.01118065068600238,0.0,460407.38967510563,red shoulders,213
141,36,Artic Tern,Northern Flicker,0.14592253158168336,0.011786711322507892,9,11,14,0.1312571895386735,0.15814715778198196,0.0,12.38025837543417,red shoulders,213
141,51,Artic Tern,Horned Grebe,0.17994209663212388,0.013610073291255503,3,11,14,0.16613212199871927,0.19167751385922857,0.0,13.221243763214394,red shoulders,213
141,61,Artic Tern,Heermann Gull,0.03833631643630442,0.0031477907237722072,9,15,14,0.03437708235019854,0.041522083418675915,0.0,12.178800875994913,red shoulders,213
141,137,Artic Tern,Cliff Swallow,0.021848657593903087,0.014966491755936197,9,13,14,0.003575041733097306,0.037929339791321626,0.0,1.4598382806563441,red shoulders,213
141,143,Artic Tern,Caspian Tern,0.05722288327535189,0.013591216742930075,12,12,14,0.04173059134718293,0.07357038264283078,0.0,4.210284064589581,red shoulders,213
141,144,Artic Tern,Common Tern,0.051166660897008054,0.01217323938917487,6,11,14,0.036501351628066336,0.0633912706178853,0.0,4.203208304463733,red shoulders,213
141,189,Artic Tern,Red bellied Woodpecker,0.2066337357434146,0.005663670756865074,27,15,14,0.20211044937210831,0.2144621190131094,0.0,36.4840656488488,red shoulders,213
143,10,Caspian Tern,Red winged Blackbird,0.06998064556023638,0.019475808993642204,12,12,15,0.04539934093065867,0.09053972632132468,0.0,3.5932086610362663,red shoulders,213
143,36,Caspian Tern,Northern Flicker,0.0879671205255117,0.005067957711115846,3,11,18,0.08255404200124994,0.0908931619842559,0.0,17.357508788049035,red shoulders,213
143,51,Caspian Tern,Horned Grebe,0.1219866855759522,0.004321916367681299,12,11,18,0.11613478315133696,0.12491272211172877,0.0,28.22513791796779,red shoulders,213
143,61,Caspian Tern,Heermann Gull,0.08723444462140269,0.004328187658922018,12,12,14,0.08366011116339167,0.09304358435045668,0.0,20.15495895179702,red shoulders,213
143,141,Caspian Tern,Artic Tern,0.05722288327535189,0.0138019458481619,9,12,14,0.04173059134718293,0.07357038264283078,0.0,4.146001143659512,red shoulders,213
143,144,Caspian Tern,Common Tern,0.0067887501591636186,0.005067929327939126,3,11,18,0.0038627251706020325,0.012201798362792964,0.0,1.3395510707693141,red shoulders,213
143,189,Caspian Tern,Red bellied Woodpecker,0.1478407091284718,0.0025013007559882275,6,12,14,0.14532068492694916,0.15084936080264133,0.0,59.105530878455504,red shoulders,213
144,10,Common Tern,Red winged Blackbird,0.06357763311518094,0.021504929205099475,12,11,15,0.03453098423975176,0.07986287823516658,0.0,2.9564214095226284,red shoulders,213
144,36,Common Tern,Northern Flicker,0.09475587068467532,2.4580681338093248e-08,9,11,19,0.09475583791060715,0.09475588716409666,0.0,3854735.1331023863,red shoulders,213
144,51,Common Tern,Horned Grebe,0.12877543573511582,4.1310439239061386e-08,3,11,19,0.12877539442184335,0.1287754723924771,0.0,3117185.8958947677,red shoulders,213
144,61,Common Tern,Heermann Gull,0.07859900907318622,0.0037840972823538167,9,11,14,0.07424368753344734,0.08298254919240178,0.0,20.77087431629784,red shoulders,213
144,137,Common Tern,Cliff Swallow,0.03654694457959199,0.002921851510913365,3,11,17,0.0334536870787708,0.03869500939014893,0.0,12.50814575298501,red shoulders,213
144,141,Common Tern,Artic Tern,0.051166660897008054,0.011786688355917604,9,11,14,0.036501351628066336,0.0633912706178853,0.0,4.3410548703426395,red shoulders,213
144,143,Common Tern,Caspian Tern,0.0067887501591636186,0.004532893792974684,6,11,18,0.0038627191009296125,0.012640690882183225,0.0,1.4976636267515278,red shoulders,213
144,189,Common Tern,Red bellied Woodpecker,0.14999220453698336,0.0025662885138893836,12,11,14,0.1468686267599374,0.1528723150538559,0.0,58.44713237297427,red shoulders,213
189,10,Red bellied Woodpecker,Red winged Blackbird,0.21781435406559538,0.005894959535522913,9,15,14,0.21329105232973244,0.2256427696991118,0.0,36.949253462403085,red shoulders,213
189,36,Red bellied Woodpecker,Northern Flicker,0.05523633385230805,0.0026915232432810523,6,11,14,0.05211278884933024,0.05811642788975924,0.0,20.522332091938715,red shoulders,213
189,51,Red bellied Woodpecker,Horned Grebe,0.021216768801867552,0.0025663047398650574,12,11,14,0.018093152726417205,0.02409687384119752,0.0,8.267439351226754,red shoulders,213
189,61,Red bellied Woodpecker,Heermann Gull,0.2474737117647736,9.850122986883927e-08,15,16,14,0.2474736246294218,0.24747384415284157,0.0,2512366.594079113,red shoulders,213
189,137,Red bellied Woodpecker,Cliff Swallow,0.18619327388869042,0.004266897447413561,18,13,14,0.1804646329958467,0.19014360756178905,0.0,43.63668828223593,red shoulders,213
189,141,Red bellied Woodpecker,Artic Tern,0.2066337357434146,0.005894935423368321,9,15,14,0.20211044937210831,0.2144621190131094,0.0,35.05275645416534,red shoulders,213
189,143,Red bellied Woodpecker,Caspian Tern,0.1478407091284718,0.0023635070551866824,15,12,14,0.14532068492694916,0.15084936080264133,0.0,62.551414323678905,red shoulders,213
189,144,Red bellied Woodpecker,Common Tern,0.14999220453698336,0.0025098796801531673,24,11,14,0.1468686267599374,0.1528723150538559,0.0,59.76071509056134,red shoulders,213
16,34,Painted Bunting,Gray crowned Rosy Finch,0.16081334253351834,0.020113891127596407,15,12,15,0.13964996579622613,0.18657658802310895,0.0,7.995138360119992,red feathers,211
16,69,Painted Bunting,Rufous Hummingbird,0.04087795860661736,0.009872897287400236,18,10,16,0.033799357460422064,0.0544426451520279,0.0,4.140421743741351,red feathers,211
16,129,Painted Bunting,Song Sparrow,0.18505552396953298,0.0014496051821719573,15,12,16,0.18390465356724817,0.18702685323746926,0.0,127.65925930576715,red feathers,211
16,149,Painted Bunting,Brown Thrasher,0.07822170732792529,0.010510526581827424,6,10,16,0.0711429922462864,0.091786423010919,0.0,7.442225345372083,red feathers,211
16,189,Painted Bunting,Red bellied Woodpecker,0.07890203800942966,0.0012773859680134192,15,12,16,0.07716612287663882,0.07992604000731629,0.0,61.76836126544363,red feathers,211
16,199,Painted Bunting,Winter Wren,0.35292978082958504,0.002676703673957744,9,12,16,0.35031205133754617,0.3563395047587613,0.0,131.85239148115886,red feathers,211
34,16,Gray crowned Rosy Finch,Painted Bunting,0.1608133425335183,0.021286541528579454,6,12,15,0.13964996579622613,0.18657658802310895,0.0,7.554695642317215,red feathers,211
34,69,Gray crowned Rosy Finch,Rufous Hummingbird,0.12768472734418437,0.03532915574590975,3,10,15,0.09565951284186773,0.16255809256787418,0.0,3.6141460118347997,red feathers,211
34,129,Gray crowned Rosy Finch,Song Sparrow,0.03678666621122292,0.014189907568310813,12,13,15,0.024983626394424086,0.05581743662787497,0.0,2.592452842383779,red feathers,211
34,149,Gray crowned Rosy Finch,Brown Thrasher,0.09034097862287645,0.03012877468813756,12,10,15,0.056806553459410325,0.12722605540545562,0.0,2.9984949456124883,red feathers,211
34,189,Gray crowned Rosy Finch,Red bellied Woodpecker,0.07884329525484587,0.014062646239508121,15,13,15,0.059812515561991075,0.09064632475211254,0.0,5.606576024627143,red feathers,211
34,199,Gray crowned Rosy Finch,Winter Wren,0.19074835119989764,0.014062596778848222,15,13,15,0.17894533554923653,0.20977905913768546,0.0,13.564233845717673,red feathers,211
69,16,Rufous Hummingbird,Painted Bunting,0.04087795860661736,0.009931490664045646,15,10,16,0.033799357460422064,0.0544426451520279,0.0,4.115994263629455,red feathers,211
69,34,Rufous Hummingbird,Gray crowned Rosy Finch,0.12768472734418437,0.030128805253067558,12,10,15,0.09415033131830142,0.16456988892462399,0.0,4.23796185303253,red feathers,211
69,129,Rufous Hummingbird,Song Sparrow,0.13647185871372322,0.007444419611420513,24,10,17,0.12618044923384442,0.1420977006788574,0.0,18.332101872122994,red feathers,211
69,149,Rufous Hummingbird,Brown Thrasher,0.03734374872130793,8.878547430853216e-08,9,10,19,0.03734363478586433,0.03734383351916837,0.0,420601.77535081253,red feathers,211
69,189,Rufous Hummingbird,Red bellied Woodpecker,0.033812484598188274,0.014905914838153957,3,10,17,0.018481669765397706,0.04623941360914775,0.0,2.268393786161429,red feathers,211
69,199,Rufous Hummingbird,Winter Wren,0.3242859504004627,0.019718464261681,18,10,17,0.303191909440385,0.3495674997216209,0.0,16.445801563471836,red feathers,211
129,16,Song Sparrow,Painted Bunting,0.18505552396953298,0.0014627240485046967,12,12,16,0.18390465356724817,0.18702685323746926,0.0,126.5143100861683,red feathers,211
129,34,Song Sparrow,Gray crowned Rosy Finch,0.03678666621122292,0.01440991925539894,9,13,15,0.024983626394424086,0.05581743662787497,0.0,2.552871085303774,red feathers,211
129,69,Song Sparrow,Rufous Hummingbird,0.13647185871372322,0.007467647186152108,21,10,17,0.12618044923384442,0.1420977006788574,0.0,18.27508119940635,red feathers,211
129,149,Song Sparrow,Brown Thrasher,0.09912810999241528,0.007543380800767706,15,10,17,0.08883681444798008,0.10475392281996632,0.0,13.141071967251834,red feathers,211
129,189,Song Sparrow,Red bellied Woodpecker,0.1156299614660688,1.4703743231066912e-08,9,13,17,0.11562995114653662,0.11562998106180367,0.0,7863446.484517717,red feathers,211
129,199,Song Sparrow,Winter Wren,0.15396168498867474,4.5316799430757964e-08,30,13,17,0.1539616225098105,0.15396172330140123,0.0,3397377.7836215566,red feathers,211
149,16,Brown Thrasher,Painted Bunting,0.07822170732792529,0.010176773602821996,9,10,16,0.0711429922462864,0.091786423010919,0.0,7.686297285669035,red feathers,211
149,34,Brown Thrasher,Gray crowned Rosy Finch,0.09034097862287645,0.03012877468813756,12,10,15,0.056806553459410325,0.12722605540545562,0.0,2.9984949456124883,red feathers,211
149,69,Brown Thrasher,Rufous Hummingbird,0.03734374872130793,8.577491718592372e-08,21,10,19,0.03734363478586433,0.03734383351916837,0.0,435364.0269490029,red feathers,211
149,129,Brown Thrasher,Song Sparrow,0.09912810999241528,0.007729665167435157,9,10,17,0.08883681444798008,0.10475392281996632,0.0,12.824373091503963,red feathers,211
149,189,Brown Thrasher,Red bellied Woodpecker,0.00977784910574627,0.008420016581891482,12,10,17,0.00011481392669832058,0.019848855916600572,0.0,1.1612624523345654,red feathers,211
149,199,Brown Thrasher,Winter Wren,0.28694220167915485,0.01952802816006903,27,10,17,0.2658480759212166,0.31222386493575655,0.0,14.693864598741273,red feathers,211
189,16,Red bellied Woodpecker,Painted Bunting,0.07890203800942966,0.0012773859680134192,15,12,16,0.07716612287663882,0.07992604000731629,0.0,61.76836126544363,red feathers,211
189,34,Red bellied Woodpecker,Gray crowned Rosy Finch,0.07884329525484586,0.01488250589008646,6,13,15,0.059812515561991075,0.09064632475211254,0.0,5.297716381356668,red feathers,211
189,69,Red bellied Woodpecker,Rufous Hummingbird,0.033812484598188274,0.012711806885720588,12,10,17,0.017494977602567796,0.046713655332831006,0.0,2.6599274909934754,red feathers,211
189,129,Red bellied Woodpecker,Song Sparrow,0.11562996146606878,1.69784202242887e-08,3,13,17,0.11562995119870309,0.11562997961820679,0.0,6810006.463039449,red feathers,211
189,149,Red bellied Woodpecker,Brown Thrasher,0.00977784910574627,0.008234938671573346,24,10,17,0.00011481392669832058,0.019848855916600572,0.0,1.1873614964871106,red feathers,211
189,199,Red bellied Woodpecker,Winter Wren,0.2695916464547435,5.6226515973403016e-08,12,13,17,0.26959157469967654,0.2695917043632049,0.0,4794656.882624282,red feathers,211
199,16,Winter Wren,Painted Bunting,0.35292978082958504,0.002596783994401568,18,12,16,0.35031205133754617,0.3563395047587613,0.0,135.910334265214,red feathers,211
199,34,Winter Wren,Gray crowned Rosy Finch,0.19074835119989764,0.013979630882030882,18,13,15,0.17894533554923653,0.20977905913768546,0.0,13.64473445657544,red feathers,211
199,69,Winter Wren,Rufous Hummingbird,0.32428595040046276,0.019835488815843863,15,10,17,0.303191909440385,0.3495674997216209,0.0,16.348775338729553,red feathers,211
199,129,Winter Wren,Song Sparrow,0.1539616849886747,4.5513402520570185e-08,24,13,17,0.1539616225098105,0.15396172330140123,0.0,3382702.539467411,red feathers,211
199,149,Winter Wren,Brown Thrasher,0.2869422016791548,0.01971855001960722,18,10,17,0.2658480759212166,0.31222386493575655,0.0,14.551891562984133,red feathers,211
199,189,Winter Wren,Red bellied Woodpecker,0.2695916464547435,5.48582691983751e-08,27,13,17,0.26959157469967654,0.2695917043632049,0.0,4914240.5721789785,red feathers,211
2,22,Laysan Albatross,Chuck will Widow,0.4212065949553829,0.0019451674559994572,3,10,16,0.4191286472207767,0.42233557587161324,0.0,216.54001738499187,large feet,187
2,29,Laysan Albatross,American Crow,0.14862717133190795,0.007511306405505571,3,14,14,0.1408522137695091,0.1547692259413249,0.0,19.78712667122478,large feet,187
2,30,Laysan Albatross,Fish Crow,0.21202905330722657,0.009548198737778646,6,11,16,0.2037722287436292,0.2240839250770078,0.0,22.20618350203592,large feet,187
2,46,Laysan Albatross,Gadwall,0.036542569253052846,7.16178567031524e-08,6,14,16,0.03654247710422165,0.03654262187280499,0.0,510236.7021092697,large feet,187
2,62,Laysan Albatross,Herring Gull,0.05785671606082613,0.013141719850888531,12,14,11,0.04281642360779281,0.07361162415848232,0.0,4.402522402919115,large feet,187
2,84,Laysan Albatross,Red legged Kittiwake,0.14023761900169984,0.003289001435570127,6,13,10,0.13615584334342645,0.14329154368141162,0.0,42.63835747908459,large feet,187
2,101,Laysan Albatross,White Pelican,0.13821412520293244,0.001945129409763705,3,10,10,0.13613621767815115,0.13934309243257192,0.0,71.05651913857301,large feet,187
2,141,Laysan Albatross,Artic Tern,0.04957856481267061,0.0032891678629208727,6,13,16,0.0465244275399298,0.05366052399024446,0.0,15.073285056838108,large feet,187
22,2,Chuck will Widow,Laysan Albatross,0.4212065949553829,0.0016588443802028183,12,10,16,0.4189605219952169,0.4223362363645185,0.0,253.9156775212202,large feet,187
22,29,Chuck will Widow,American Crow,0.31039930364743124,0.019533624449754858,6,10,14,0.2951850363096727,0.3354233158314603,0.0,15.890512507290278,large feet,187
22,46,Chuck will Widow,Gadwall,0.4640959447008966,0.015831452232048626,3,10,16,0.4524066170356626,0.48084619788593436,0.0,29.314805607793996,large feet,187
22,64,Chuck will Widow,Ring billed Gull,0.517239998957879,0.024875609074603993,3,10,12,0.49064147136996544,0.5327075006355796,0.0,20.7930586698738,large feet,187
22,84,Chuck will Widow,Red legged Kittiwake,0.5561611527252387,0.0021972931889551617,3,10,10,0.553811964845571,0.5574897108061496,0.0,253.11194485456343,large feet,187
22,101,Chuck will Widow,White Pelican,0.2829924697524504,3.392917280794737e-08,9,10,10,0.28299242578401346,0.2829925009562551,0.0,8340437.030906187,large feet,187
22,106,Chuck will Widow,Horned Puffin,0.3772088710902061,0.00245226923175696,3,10,16,0.37568804625023106,0.3798310000539396,0.0,153.82033344932915,large feet,187
22,147,Chuck will Widow,Least Tern,0.3822326811898193,0.020739536262819023,3,10,13,0.3639214897067501,0.40303129830829987,0.0,18.430145993989267,large feet,187
29,46,American Crow,Gadwall,0.1851697405849608,0.007511243401583528,3,14,14,0.17739483498778041,0.19131170962944205,0.0,24.652341917354295,large feet,187
29,64,American Crow,Ring billed Gull,0.24319982723726222,0.0021228722924674388,3,16,12,0.24158978579026058,0.24543650698455674,0.0,114.5616851214477,large feet,187
29,101,American Crow,White Pelican,0.027406833894980814,0.01953365926618206,6,10,10,0.012192535353417577,0.05243089004744683,0.0,1.4030568220787105,large feet,187
29,106,American Crow,Horned Puffin,0.11574256256058175,0.016644542415060117,9,12,14,0.09363724508310156,0.12849931265754477,0.0,6.953784590010908,large feet,187
29,141,American Crow,Artic Tern,0.08969442775351588,0.006543517478387734,3,13,14,0.08284463817809525,0.09482195391402963,0.0,13.707371919774932,large feet,187
30,2,Fish Crow,Laysan Albatross,0.21202905330722657,0.010675210720175366,3,11,16,0.20399516761149988,0.22329127912820956,0.0,19.86181433277428,large feet,187
30,22,Fish Crow,Chuck will Widow,0.21686633021816126,0.0004915862347312553,6,10,16,0.21623169511890944,0.2171836764000798,0.0,441.15622947734374,large feet,187
30,29,Fish Crow,American Crow,0.08511094668467738,0.022156795325166984,3,11,14,0.07069167557644396,0.10878612539131276,0.0,3.841302202406595,large feet,187
30,64,Fish Crow,Ring billed Gull,0.3040611241474705,0.015274459574475848,9,11,12,0.29136487414132917,0.32419992524803165,0.0,19.90650619388595,large feet,187
30,87,Fish Crow,Mallard,0.2538199979465274,0.015751942357587527,6,11,14,0.23348436715269005,0.26402245736892316,0.0,16.113568229771467,large feet,187
30,106,Fish Crow,Horned Puffin,0.17959661001634272,0.010563506323898087,3,11,18,0.16831374549907974,0.18569553533847122,0.0,17.001609550139158,large feet,187
30,141,Fish Crow,Artic Tern,0.18475102533074703,0.012786200018057107,3,11,16,0.1710829266537142,0.19292286561816419,0.0,14.449251932191432,large feet,187
30,147,Fish Crow,Least Tern,0.17864361668085355,0.018876773873121474,9,11,13,0.15945487438002492,0.20234310212219941,0.0,9.463673076349103,large feet,187
46,22,Gadwall,Chuck will Widow,0.46409594470089666,0.013710439811753964,9,10,16,0.4521047592650344,0.4820411601600573,0.0,33.849821817472055,large feet,187
46,30,Gadwall,Fish Crow,0.24754686451689897,0.01184601439370143,3,11,16,0.2357036845990362,0.25806432105238164,0.0,20.89705923602655,large feet,187
46,62,Gadwall,Herring Gull,0.02131414680777329,0.013783094856116557,6,14,11,0.0062739465035711595,0.037069015376350434,0.0,1.5463977451166027,large feet,187
46,64,Gadwall,Ring billed Gull,0.050260103275659586,0.010299831431670615,3,14,12,0.04430620960357966,0.06126173393577352,0.0,4.87970153727339,large feet,187
46,84,Gadwall,Red legged Kittiwake,0.10145939911686586,0.0020641635470083847,3,13,10,0.09925504033466577,0.10282548722409798,0.0,49.15279083130758,large feet,187
46,87,Gadwall,Mallard,0.007221638982184049,0.009021963826863273,3,14,14,0.0012519770164328647,0.01685643797723763,0.0,0.8004508907341068,large feet,187
46,141,Gadwall,Artic Tern,0.08835678469750459,0.001846086795874823,6,13,16,0.08697073159488777,0.09072885507490092,0.0,47.86166330157432,large feet,187
46,147,Gadwall,Least Tern,0.06224223446372682,0.022801782106959732,3,14,13,0.03818035503311487,0.07937481213746628,0.0,2.729709202948618,large feet,187
62,2,Herring Gull,Laysan Albatross,0.05785671606082613,0.013783152059785215,6,14,11,0.04281642360779281,0.07361162415848232,0.0,4.197640409513851,large feet,187
62,22,Herring Gull,Chuck will Widow,0.4855236461401738,0.01605948600061929,3,10,11,0.4732009120829898,0.5024081426122989,0.0,30.232826012689205,large feet,187
62,30,Herring Gull,Fish Crow,0.2782675959319379,0.018275502723140234,3,11,11,0.264914734701607,0.2976308482421949,0.0,15.226262179062925,large feet,187
62,46,Herring Gull,Gadwall,0.02131414680777329,0.013345424209234133,9,14,11,0.0062739465035711595,0.037069015376350434,0.0,1.5971127235826812,large feet,187
62,64,Herring Gull,Ring billed Gull,0.023244132326104044,0.0030110850327912503,9,18,11,0.020319073255560816,0.027088229869007163,0.0,7.719520393895157,large feet,187
62,84,Herring Gull,Red legged Kittiwake,0.0711702409667578,0.014163355035055506,12,13,10,0.054225599014020354,0.08741978460694211,0.0,5.024956359957118,large feet,187
62,101,Herring Gull,White Pelican,0.20253117638772344,0.016059453222271817,3,10,10,0.19020848346232286,0.2194156425780025,0.0,12.611336984638726,large feet,187
62,106,Herring Gull,Horned Puffin,0.09635842525420928,0.01820234929581666,3,12,11,0.08164113177286832,0.115262499503984,0.0,5.293735642742613,large feet,187
62,141,Herring Gull,Artic Tern,0.11864594284761265,0.016608120911227348,3,13,11,0.10317392868639734,0.13470863458309273,0.0,7.1438510999918305,large feet,187
62,147,Herring Gull,Least Tern,0.09345613694357235,0.001821918189478161,3,17,11,0.09164706362919209,0.09509253047580828,0.0,51.2954628983889,large feet,187
64,2,Ring billed Gull,Laysan Albatross,0.08680267252871243,0.010299865608215305,3,14,12,0.08084882423795549,0.0978043361340099,0.0,8.427553894591592,large feet,187
64,22,Ring billed Gull,Chuck will Widow,0.517239998957879,0.024875609074603993,3,10,12,0.49064147136996544,0.5327075006355796,0.0,20.7930586698738,large feet,187
64,29,Ring billed Gull,American Crow,0.24319982723726222,0.0021228722924674388,3,16,12,0.24158978579026058,0.24543650698455674,0.0,114.5616851214477,large feet,187
64,30,Ring billed Gull,Fish Crow,0.3040611241474705,0.017637426694099366,3,11,12,0.29162755908691523,0.3228208576382826,0.0,17.23954006464873,large feet,187
64,46,Ring billed Gull,Gadwall,0.050260103275659586,0.008919915674524196,9,14,12,0.04430540015260542,0.06215332050228317,0.0,5.634593992135016,large feet,187
64,62,Ring billed Gull,Herring Gull,0.023244132326104044,0.003476901508469763,3,18,11,0.02041937428546998,0.026850073068244013,0.0,6.685300766442716,large feet,187
64,84,Ring billed Gull,Red legged Kittiwake,0.0512815985827492,0.012388094624318108,3,13,10,0.0380408966439625,0.05925512256630971,0.0,4.139587251613552,large feet,187
64,87,Ring billed Gull,Mallard,0.045499499706760295,0.002259041500904761,3,15,12,0.043094706164111964,0.0470766359104791,0.0,20.141064105460824,large feet,187
64,101,Ring billed Gull,White Pelican,0.2342475292054285,0.02224942933671645,6,10,10,0.20555983873771622,0.2498398511044534,0.0,10.528248866515435,large feet,187
64,141,Ring billed Gull,Artic Tern,0.13853458523162124,0.012388134683924235,3,13,12,0.13056086846064818,0.15177532396641513,0.0,11.18284461341958,large feet,187
64,147,Ring billed Gull,Least Tern,0.11579005739357744,0.00039912945962217844,9,17,12,0.1152694829985359,0.11614603937572487,0.0,290.1065163495559,large feet,187
84,2,Red legged Kittiwake,Laysan Albatross,0.14023761900169984,0.0036772153940145993,3,13,10,0.1364113246752682,0.1431902399963541,0.0,38.13690631009203,large feet,187
84,22,Red legged Kittiwake,Chuck will Widow,0.5561611527252387,0.0021972931889551617,3,10,10,0.553811964845571,0.5574897108061496,0.0,253.11194485456343,large feet,187
84,29,Red legged Kittiwake,American Crow,0.2795106115678863,0.005852589259227079,6,13,10,0.2721938485734371,0.284801394902533,0.0,47.758453419477,large feet,187
84,46,Red legged Kittiwake,Gadwall,0.10145939911686586,0.0020641635470083847,3,13,10,0.09925504033466577,0.10282548722409798,0.0,49.15279083130758,large feet,187
84,64,Red legged Kittiwake,Ring billed Gull,0.0512815985827492,0.012388094624318108,3,13,10,0.0380408966439625,0.05925512256630971,0.0,4.139587251613552,large feet,187
84,87,Red legged Kittiwake,Mallard,0.09134030502572939,0.013928351200656441,3,13,10,0.07822017912886156,0.10468061366137713,0.0,6.557869176566043,large feet,187
84,101,Red legged Kittiwake,White Pelican,0.27316868297278823,0.002197254846770251,3,10,10,0.27081953622490423,0.27449721077185313,0.0,124.32271261114597,large feet,187
84,106,Red legged Kittiwake,Horned Puffin,0.16871518726773907,0.0017349679234402774,3,12,10,0.16688089711306905,0.17000293860596943,0.0,97.24398064717462,large feet,187
84,141,Red legged Kittiwake,Artic Tern,0.18981618381437046,1.7290215223801066e-07,9,13,10,0.18981597122134142,0.1898163673336709,0.0,1097817.9481255384,large feet,187
84,147,Red legged Kittiwake,Least Tern,0.15798012995121283,0.017635659441585697,12,13,10,0.134287980352369,0.17240674751455864,0.0,8.95799391372519,large feet,187
87,2,Mallard,Laysan Albatross,0.04298772306810358,0.009864840195701071,3,14,14,0.03558147797822007,0.05339905919550897,0.0,4.35767049551185,large feet,187
87,22,Mallard,Chuck will Widow,0.45380091436622977,0.024002634247790384,3,10,14,0.42928957275182883,0.4741915020764177,0.0,18.906296269922922,large feet,187
87,29,Mallard,American Crow,0.19257644572153418,0.0029980634776936394,3,15,14,0.1901725289946173,0.19569722752406776,0.0,64.23361182647355,large feet,187
87,30,Mallard,Fish Crow,0.2538199979465274,0.017611206944612007,3,11,14,0.235007807260954,0.26401899296637543,0.0,14.412413568836573,large feet,187
87,46,Mallard,Gadwall,0.007221638982184049,0.007813249866087866,9,14,14,0.0011647277506999787,0.01759047613049447,0.0,0.9242810744609757,large feet,187
87,62,Mallard,Herring Gull,0.022230286402709003,0.008021469859689608,3,15,11,0.014435699310242267,0.029660127357209055,0.0,2.7713482427518414,large feet,187
87,64,Mallard,Ring billed Gull,0.045499499706760295,0.002020548144006479,6,15,12,0.04291688995047849,0.04710839494665442,0.0,22.518394238319125,large feet,187
87,84,Mallard,Red legged Kittiwake,0.09134030502572939,0.012457896039663442,6,13,10,0.07754327979303755,0.10539636877463288,0.0,7.331920633113991,large feet,187
87,101,Mallard,White Pelican,0.17080844461377934,0.02078691111023026,9,10,10,0.1447518645829533,0.19201711007874767,0.0,8.217115265456588,large feet,187
87,106,Mallard,Horned Puffin,0.07779319756074703,0.011186624463707655,6,12,14,0.06386246673216511,0.08805655669110635,0.0,6.954126135741344,large feet,187
87,147,Mallard,Least Tern,0.06664387904308518,0.009950617325693314,15,15,13,0.054822574033606686,0.07836944858351824,0.0,6.697461760920875,large feet,187
101,2,White Pelican,Laysan Albatross,0.13821412520293244,0.001945129409763705,3,10,10,0.13613621767815115,0.13934309243257192,0.0,71.05651913857301,large feet,187
101,22,White Pelican,Chuck will Widow,0.2829924697524504,3.917803411177177e-08,3,10,10,0.2829924286206669,0.2829925000342965,0.0,7223058.867278768,large feet,187
101,29,White Pelican,American Crow,0.027406833894980814,0.021839294984250874,3,10,10,0.0124627623999506,0.05068919935927839,0.0,1.2549321721919122,large feet,187
101,30,White Pelican,Fish Crow,0.06612613953428918,0.0004915961215710665,6,10,10,0.06580880664851896,0.06676078739817326,0.0,134.5131430013055,large feet,187
101,46,White Pelican,Gadwall,0.18110347494844617,0.014160116354659216,6,10,10,0.1691122583087793,0.19904873437604387,0.0,12.789688333038772,large feet,187
101,62,White Pelican,Herring Gull,0.20253117638772344,0.013907894461375254,9,10,10,0.18984238341763482,0.2205867614341397,0.0,14.562317605704223,large feet,187
101,87,White Pelican,Mallard,0.17080844461377934,0.021468629479737527,6,10,10,0.1447518645829533,0.19201711007874767,0.0,7.95618764425718,large feet,187
101,106,White Pelican,Horned Puffin,0.0942164013377557,0.0024522600069171122,3,10,10,0.09269554905258803,0.09683852037351035,0.0,38.420233186358054,large feet,187
101,147,White Pelican,Least Tern,0.09924021143736883,0.020739540760333457,3,10,10,0.08092899250910707,0.12003881862787062,0.0,4.785072754474442,large feet,187
106,2,Horned Puffin,Laysan Albatross,0.02867964597897162,0.001467101727118788,9,12,16,0.02672407523821496,0.029698141037495573,0.0,19.548505348532647,large feet,187
106,29,Horned Puffin,American Crow,0.11574256256058175,0.019219462087746206,3,12,14,0.09520993932600143,0.1283289035217225,0.0,6.0221541074426765,large feet,187
106,46,Horned Puffin,Gadwall,0.06667778049457933,0.006865774571682036,3,12,16,0.0622491326491099,0.07401573668337653,0.0,9.711618083104703,large feet,187
106,64,Horned Puffin,Ring billed Gull,0.12042854848477395,0.012451592516204027,3,12,12,0.11032484446159115,0.13334688957669882,0.0,9.671738640529803,large feet,187
106,84,Horned Puffin,Red legged Kittiwake,0.16871518726773907,0.0017349679234402774,3,12,10,0.16688089711306905,0.17000293860596943,0.0,97.24398064717462,large feet,187
106,87,Horned Puffin,Mallard,0.07779319756074703,0.010831402562054055,9,12,14,0.06386246673216511,0.08805655669110635,0.0,7.182190589619468,large feet,187
106,101,Horned Puffin,White Pelican,0.0942164013377557,0.0024522600069171122,3,10,10,0.09269554905258803,0.09683852037351035,0.0,38.420233186358054,large feet,187
106,147,Horned Puffin,Least Tern,0.017268731227086054,0.006186292035264522,3,12,13,0.01268843209354693,0.02381151308318827,0.0,2.7914510220105058,large feet,187
141,2,Artic Tern,Laysan Albatross,0.04957856481267061,0.0036774014654493915,3,13,16,0.04662574330832519,0.05340503493612411,0.0,13.481956012961446,large feet,187
141,22,Artic Tern,Chuck will Widow,0.3989717972459698,0.019375757279265368,6,10,16,0.37572535169079607,0.4185935848616394,0.0,20.591287941676033,large feet,187
141,29,Artic Tern,American Crow,0.08969442775351588,0.006543517478387734,3,13,14,0.08284463817809525,0.09482195391402963,0.0,13.707371919774932,large feet,187
141,30,Artic Tern,Fish Crow,0.18475102533074703,0.011436324965713892,6,11,16,0.1700232274422533,0.19301263687851644,0.0,16.154754772050982,large feet,187
141,46,Artic Tern,Gadwall,0.08835678469750459,0.001846086795874823,6,13,16,0.08697073159488777,0.09072885507490092,0.0,47.86166330157432,large feet,187
141,64,Artic Tern,Ring billed Gull,0.13853458523162124,0.012388134683924235,3,13,12,0.13056086846064818,0.15177532396641513,0.0,11.18284461341958,large feet,187
141,84,Artic Tern,Red legged Kittiwake,0.18981618381437046,1.996502082777362e-07,3,13,10,0.1898159833046793,0.18981635961139232,0.0,950738.9684830548,large feet,187
141,101,Artic Tern,White Pelican,0.1159793274935194,0.021662779347335227,3,10,10,0.09407642342648864,0.13480129883520559,0.0,5.353852597978493,large feet,187
141,106,Artic Tern,Horned Puffin,0.015254673936334914,0.008630337564256947,6,12,16,0.008578741638572085,0.026317751997547822,0.0,1.7675639939908587,large feet,187
141,147,Artic Tern,Least Tern,0.03183605386315761,0.018496280898200677,6,13,13,0.017409465373540378,0.05552799086897242,0.0,1.7212137962574638,large feet,187
147,2,Least Tern,Laysan Albatross,0.025738062350870766,0.02273664558957682,3,14,13,0.0017473031945585472,0.04283219091919495,0.0,1.1320078966062557,large feet,187
147,29,Least Tern,American Crow,0.1307529409903777,0.012017679897830558,3,16,13,0.1179398070809582,0.13896262118473648,0.0,10.880048569366645,large feet,187
147,30,Least Tern,Fish Crow,0.17864361668085357,0.019495848224192737,6,11,13,0.15945487438002492,0.20234310212219941,0.0,9.163162054678311,large feet,187
147,46,Least Tern,Gadwall,0.06224223446372682,0.022801782106959732,3,14,13,0.03818035503311487,0.07937481213746628,0.0,2.729709202948618,large feet,187
147,62,Least Tern,Herring Gull,0.09345613694357235,0.0016295731684466042,6,17,11,0.0915411569976523,0.0951679642046167,0.0,57.350070985342526,large feet,187
147,64,Least Tern,Ring billed Gull,0.11579005739357744,0.00046087500190875063,3,17,12,0.11530374133893267,0.1161364698972622,0.0,251.23961304645306,large feet,187
147,84,Least Tern,Red legged Kittiwake,0.15798012995121283,0.017635659441585697,12,13,10,0.134287980352369,0.17240674751455864,0.0,8.95799391372519,large feet,187
147,87,Least Tern,Mallard,0.06664387904308518,0.011773729197978996,3,15,13,0.05541842605753288,0.07778795687994886,0.0,5.660388303211905,large feet,187
147,101,Least Tern,White Pelican,0.09924021143736883,0.017960969161271604,9,10,10,0.08011926199351682,0.12128750001326793,0.0,5.525326085734312,large feet,187
147,106,Least Tern,Horned Puffin,0.017268731227086054,0.005275687574013613,12,12,13,0.012568879676150946,0.02427738598103657,0.0,3.2732664665119966,large feet,187
147,141,Least Tern,Artic Tern,0.03183605386315761,0.01763551187661221,12,13,13,0.017409465373540378,0.05552799086897242,0.0,1.8052242591026006,large feet,187
16,26,Painted Bunting,Bronzed Cowbird,0.15717912722520755,2.505424090884316e-08,15,10,18,0.15717909424329513,0.15717915165001983,0.0,6273303.369824383,a Scarlet-red body,6
16,69,Painted Bunting,Rufous Hummingbird,0.06994468973718489,9.4667340492588e-08,18,10,18,0.06994456187747933,0.06994477452259706,0.0,738839.2927692776,a Scarlet-red body,6
16,97,Painted Bunting,Orchard Oriole,0.08207895854501716,5.5763945460332894e-08,15,10,18,0.08207888649799477,0.0820790160251027,0.0,1471873.734789217,a Scarlet-red body,6
16,137,Painted Bunting,Cliff Swallow,0.26688044646361486,7.198752804882496e-08,6,10,18,0.2668803567024437,0.26688051219975983,0.0,3707263.555696095,a Scarlet-red body,6
16,188,Painted Bunting,Pileated Woodpecker,0.08430043743667799,0.007122422719502032,15,10,11,0.07686594589019635,0.09345521198109419,0.0,11.83592167227277,a Scarlet-red body,6
16,189,Painted Bunting,Red bellied Woodpecker,0.024495050785703205,0.005588889513259692,9,10,13,0.017085463843885984,0.02888620956432897,0.0,4.382811777403303,a Scarlet-red body,6
26,16,Bronzed Cowbird,Painted Bunting,0.15717912722520755,2.6514916293422704e-08,6,10,18,0.15717909424329513,0.15717915165001983,0.0,5927727.538655564,a Scarlet-red body,6
26,69,Bronzed Cowbird,Rufous Hummingbird,0.08723443748802266,8.706421289116448e-08,3,10,20,0.08723436413865217,0.08723452668945209,0.0,1001943.6533977091,a Scarlet-red body,6
26,97,Bronzed Cowbird,Orchard Oriole,0.07510016868019039,7.125158103921607e-08,12,10,19,0.07510011975720499,0.07510026515202506,0.0,1053999.273919027,a Scarlet-red body,6
26,137,Bronzed Cowbird,Cliff Swallow,0.10970131923840731,4.859288096031794e-08,12,10,20,0.10970126245914857,0.10970137641745215,0.0,2257513.0257241665,a Scarlet-red body,6
26,188,Bronzed Cowbird,Pileated Woodpecker,0.07287868978852956,0.007122411852239216,15,10,11,0.06372393966892564,0.08031318989211134,0.0,10.232304911626938,a Scarlet-red body,6
26,189,Bronzed Cowbird,Red bellied Woodpecker,0.13268407643950433,0.0054542064914305305,15,10,13,0.12829288467896616,0.1400936719384217,0.0,24.32692576338029,a Scarlet-red body,6
69,16,Rufous Hummingbird,Painted Bunting,0.06994468973718489,9.522916940487364e-08,15,10,18,0.06994456187747933,0.06994477452259706,0.0,734480.3666137897,a Scarlet-red body,6
69,26,Rufous Hummingbird,Bronzed Cowbird,0.08723443748802266,7.424861022657833e-08,12,10,20,0.08723436125971062,0.0872345323658158,0.0,1174880.7464688385,a Scarlet-red body,6
69,97,Rufous Hummingbird,Orchard Oriole,0.012134268807832268,1.0920080693362897e-07,24,10,19,0.012134153686516491,0.012134411234474674,0.0,111117.83905926826,a Scarlet-red body,6
69,137,Rufous Hummingbird,Cliff Swallow,0.19693575672642996,2.857390080442443e-08,9,10,20,0.19693573767716277,0.19693579482496437,0.0,6891913.923842464,a Scarlet-red body,6
69,188,Rufous Hummingbird,Pileated Woodpecker,0.014355747699493104,0.008427365164284387,3,10,11,0.00720689242728253,0.022966734839198314,0.0,1.7034680968412337,a Scarlet-red body,6
69,189,Rufous Hummingbird,Red bellied Woodpecker,0.045449638951481686,0.005422088223407441,18,10,13,0.04105835231315036,0.05285931067871108,0.0,8.382312694007979,a Scarlet-red body,6
97,16,Orchard Oriole,Painted Bunting,0.08207895854501716,5.6268606837020336e-08,12,10,18,0.08207888649799477,0.0820790160251027,0.0,1458673.041429829,a Scarlet-red body,6
97,26,Orchard Oriole,Bronzed Cowbird,0.07510016868019039,7.23563225939032e-08,9,10,19,0.07510011975720499,0.07510026515202506,0.0,1037906.9593506254,a Scarlet-red body,6
97,69,Orchard Oriole,Rufous Hummingbird,0.012134268807832268,1.0954152790800564e-07,21,10,19,0.012134153686516491,0.012134411234474674,0.0,110772.21823858847,a Scarlet-red body,6
97,137,Orchard Oriole,Cliff Swallow,0.1848014879185977,8.489984678479685e-08,15,10,19,0.1848013835904897,0.18480158399064628,0.0,2176674.260823627,a Scarlet-red body,6
97,188,Orchard Oriole,Pileated Woodpecker,0.005696858981598403,0.004723033625854396,9,10,11,0.000501181326789446,0.011376325483099414,0.0,1.206186411463809,a Scarlet-red body,6
97,189,Orchard Oriole,Red bellied Woodpecker,0.057583907759313956,0.00535937211537093,30,10,13,0.05319276354762503,0.06499355218121672,0.0,10.744525013185049,a Scarlet-red body,6
137,16,Cliff Swallow,Painted Bunting,0.26688044646361486,6.970162431682454e-08,9,10,18,0.2668803567024437,0.26688051219975983,0.0,3828843.592036696,a Scarlet-red body,6
137,26,Cliff Swallow,Bronzed Cowbird,0.10970131923840731,4.859288096031794e-08,12,10,20,0.10970126245914857,0.10970137641745215,0.0,2257513.0257241665,a Scarlet-red body,6
137,69,Cliff Swallow,Rufous Hummingbird,0.19693575672642996,2.760501077462124e-08,21,10,20,0.19693573767716277,0.19693579482496437,0.0,7133799.89358973,a Scarlet-red body,6
137,97,Cliff Swallow,Orchard Oriole,0.18480148791859768,8.699645500418642e-08,9,10,19,0.1848013835904897,0.18480158399064628,0.0,2124217.1729012625,a Scarlet-red body,6
137,188,Cliff Swallow,Pileated Woodpecker,0.18258000902693686,0.0071868861339812904,12,10,11,0.17342525850754686,0.19001456630956348,0.0,25.40460577749395,a Scarlet-red body,6
137,189,Cliff Swallow,Red bellied Woodpecker,0.24238539567791165,0.005369683491561845,27,10,13,0.23799414713811473,0.24979504835587385,0.0,45.13960571673675,a Scarlet-red body,6
188,16,Pileated Woodpecker,Painted Bunting,0.08430043743667799,0.007122422719502032,15,10,11,0.07686594589019635,0.09345521198109419,0.0,11.83592167227277,a Scarlet-red body,6
188,26,Pileated Woodpecker,Bronzed Cowbird,0.07287868978852956,0.007537652198401553,6,10,11,0.06372393966892564,0.08031318989211134,0.0,9.668619334056793,a Scarlet-red body,6
188,69,Pileated Woodpecker,Rufous Hummingbird,0.014355747699493104,0.007186881160062993,12,10,11,0.006921171367599288,0.023510479169615905,0.0,1.9974934019042248,a Scarlet-red body,6
188,97,Pileated Woodpecker,Orchard Oriole,0.005696858981598403,0.00545368947055738,3,10,11,0.0007367757671952913,0.01106816271568976,0.0,1.0445880740568791,a Scarlet-red body,6
188,137,Pileated Woodpecker,Cliff Swallow,0.18258000902693686,0.00702891330169111,24,10,11,0.17342525850754686,0.19001456630956348,0.0,25.975567084748896,a Scarlet-red body,6
188,189,Pileated Woodpecker,Red bellied Woodpecker,0.06686758674563613,0.004673227259696855,12,17,11,0.0609262518544873,0.07172348698505249,0.0,14.308652889195265,a Scarlet-red body,6
189,16,Red bellied Woodpecker,Painted Bunting,0.024495050785703205,0.005422019245429784,18,10,13,0.017085463843885984,0.02888620956432897,0.0,4.517698973833847,a Scarlet-red body,6
189,26,Red bellied Woodpecker,Bronzed Cowbird,0.13268407643950436,0.005422028001205373,18,10,13,0.12829288467896616,0.1400936719384217,0.0,24.471300477521694,a Scarlet-red body,6
189,69,Red bellied Woodpecker,Rufous Hummingbird,0.045449638951481686,0.005454267071037529,15,10,13,0.04105835231315036,0.05285931067871108,0.0,8.332859090177124,a Scarlet-red body,6
189,97,Red bellied Woodpecker,Orchard Oriole,0.057583907759313956,0.0053826232966251815,24,10,13,0.05319276354762503,0.06499355218121672,0.0,10.698112161168705,a Scarlet-red body,6
189,137,Red bellied Woodpecker,Cliff Swallow,0.24238539567791165,0.005422071888155609,18,10,13,0.23799414713811473,0.24979504835587385,0.0,44.70346403239203,a Scarlet-red body,6
189,188,Red bellied Woodpecker,Pileated Woodpecker,0.06686758674563613,0.004559506393089189,27,17,11,0.0609262518544873,0.07172348698505249,0.0,14.665531960284408,a Scarlet-red body,6
7,10,Parakeet Auklet,Red winged Blackbird,0.06069716776091749,0.007068945459931296,3,11,12,0.05314683731159724,0.0647784965339862,0.0,8.586452971858261,a red cap on the head,78
7,56,Parakeet Auklet,Pine Grosbeak,0.11765018143277306,0.006392640148400018,12,11,12,0.1103787351588632,0.12535224111584276,0.0,18.404005025031033,a red cap on the head,78
7,58,Parakeet Auklet,Pigeon Guillemot,0.0943209120438429,0.020557331080282987,6,11,12,0.07430059796239075,0.11941898128243345,0.0,4.588188596608248,a red cap on the head,78
7,67,Parakeet Auklet,Anna Hummingbird,0.0032647721880696054,7.068140320747641e-08,12,11,12,0.003264701725841923,0.00326486350496058,0.0,46189.32067839305,a red cap on the head,78
7,68,Parakeet Auklet,Ruby throated Hummingbird,0.06622224707369044,0.0035239205426671675,9,10,12,0.061523686350180684,0.06857154553293632,0.0,18.792207784791955,a red cap on the head,78
7,137,Parakeet Auklet,Cliff Swallow,0.20137320888161403,0.01107377210404216,6,11,12,0.1906281885470701,0.2149123547866305,0.0,18.18469867100876,a red cap on the head,78
7,188,Parakeet Auklet,Pileated Woodpecker,0.027765858197933684,0.007961678366938035,6,11,11,0.018266031454827636,0.035914355379169316,0.0,3.4874378133318964,a red cap on the head,78
7,189,Parakeet Auklet,Red bellied Woodpecker,0.011778935951183475,0.004370630026484921,3,11,12,0.009255537236199063,0.016447197926481295,0.0,2.6950201406001097,a red cap on the head,78
10,7,Red winged Blackbird,Parakeet Auklet,0.06069716776091749,0.006322657031057957,6,11,12,0.052534652633072554,0.06477850444611355,0.0,9.599946265179785,a red cap on the head,78
10,56,Red winged Blackbird,Pine Grosbeak,0.18615085325450956,0.008827262317990124,3,12,12,0.17782970381920643,0.194599680936397,0.0,21.088175079383614,a red cap on the head,78
10,58,Red winged Blackbird,Pigeon Guillemot,0.023654552979774073,0.014656238303665917,6,12,14,0.013922479780980046,0.04257305252903476,0.0,1.6139579944086662,a red cap on the head,78
10,67,Red winged Blackbird,Anna Hummingbird,0.057432395572847884,0.007068927398820523,3,11,18,0.04988208828174058,0.06151364430089588,0.0,8.12462659813228,a red cap on the head,78
10,68,Red winged Blackbird,Ruby throated Hummingbird,0.008195130225502814,0.0017047567131272825,3,10,18,0.006772138283739898,0.009947714107834332,0.0,4.807213931225462,a red cap on the head,78
10,137,Red winged Blackbird,Cliff Swallow,0.12871308439986573,0.0056653347211222255,21,12,16,0.12120274488462957,0.13435174927274207,0.0,22.719413893986125,a red cap on the head,78
10,188,Red winged Blackbird,Pileated Woodpecker,0.03610390364648486,0.020292587590400327,3,12,11,0.022522469953798096,0.05776415003581659,0.0,1.7791670719107857,a red cap on the head,78
10,189,Red winged Blackbird,Red bellied Woodpecker,0.08020366256982292,5.8101331795247095e-08,3,12,18,0.08020361097633086,0.08020372065193007,0.0,1380386.2958970566,a red cap on the head,78
56,7,Pine Grosbeak,Parakeet Auklet,0.11765018143277306,0.006704657550809689,6,11,12,0.1103787351588632,0.12535224111584276,0.0,17.547530283782724,a red cap on the head,78
56,10,Pine Grosbeak,Red winged Blackbird,0.18615085325450956,0.007895343439299313,6,12,12,0.17739965435955174,0.1950522618513313,0.0,23.57729649914413,a red cap on the head,78
56,68,Pine Grosbeak,Ruby throated Hummingbird,0.17285694255264086,0.008391309927445906,9,10,12,0.1618147812647448,0.17993957647255165,0.0,20.599518314377697,a red cap on the head,78
56,84,Pine Grosbeak,Red legged Kittiwake,0.3806135319026798,0.006704766688248927,6,11,12,0.3733419673545104,0.38831571703385703,0.0,56.76760274343214,a red cap on the head,78
56,137,Pine Grosbeak,Cliff Swallow,0.30662610133277396,0.005773054625602135,3,14,12,0.3021625081415674,0.31268665643801963,0.0,53.113320618836035,a red cap on the head,78
56,188,Pine Grosbeak,Pileated Woodpecker,0.113683873268333,0.00917801174330837,3,18,11,0.10416617752988973,0.12114292954850142,0.0,12.386546937993694,a red cap on the head,78
56,189,Pine Grosbeak,Red bellied Woodpecker,0.10594719068468665,0.007527865293689038,12,12,12,0.097196045696896,0.11484853774067638,0.0,14.07400192979451,a red cap on the head,78
58,7,Pigeon Guillemot,Parakeet Auklet,0.0943209120438429,0.020557331080282987,6,11,12,0.07430059796239075,0.11941898128243345,0.0,4.588188596608248,a red cap on the head,78
58,10,Pigeon Guillemot,Red winged Blackbird,0.023654552979774073,0.014656238303665917,6,12,14,0.013922479780980046,0.04257305252903476,0.0,1.6139579944086662,a red cap on the head,78
58,56,Pigeon Guillemot,Pine Grosbeak,0.2104623454870996,0.005772977078425046,3,14,12,0.20599878300287375,0.2165228111394925,0.0,36.45646649753551,a red cap on the head,78
58,67,Pigeon Guillemot,Anna Hummingbird,0.09105613985577328,0.01942478199893989,15,11,14,0.07103589623654882,0.11615411777747287,0.0,4.687627374971573,a red cap on the head,78
58,68,Pigeon Guillemot,Ruby throated Hummingbird,0.04011003084589174,0.025097297559349092,6,10,14,0.012209226116755567,0.06832583725584518,0.0,1.598181268299623,a red cap on the head,78
58,84,Pigeon Guillemot,Red legged Kittiwake,0.16864243842606388,0.022983674067154593,3,11,12,0.1450532792242695,0.18791551184206137,0.0,7.337488250398103,a red cap on the head,78
58,188,Pigeon Guillemot,Pileated Woodpecker,0.07825393495345379,0.014178448102064232,9,14,11,0.0643001718082028,0.09627650458410664,0.0,5.519217222126138,a red cap on the head,78
58,189,Pigeon Guillemot,Red bellied Woodpecker,0.103858215549597,0.014656286310944653,6,12,14,0.09412608844363579,0.12277677663968967,0.0,7.086257278213384,a red cap on the head,78
67,7,Anna Hummingbird,Parakeet Auklet,0.0032647721880696054,7.177730426889003e-08,9,11,12,0.003264701725841923,0.00326486350496058,0.0,45484.1086220062,a red cap on the head,78
67,56,Anna Hummingbird,Pine Grosbeak,0.12091495362084265,0.006491827502886858,9,11,12,0.11364343688470513,0.12861710462080334,0.0,18.625718805443785,a red cap on the head,78
67,58,Anna Hummingbird,Pigeon Guillemot,0.09105613985577328,0.01942478199893989,15,11,14,0.07103589623654882,0.11615411777747287,0.0,4.687627374971573,a red cap on the head,78
67,68,Anna Hummingbird,Ruby throated Hummingbird,0.05213882471219492,0.0018190008119845775,18,10,19,0.04963884721992107,0.0533888848297176,0.0,28.663442226090407,a red cap on the head,78
67,84,Anna Hummingbird,Red legged Kittiwake,0.2596985782818372,3.814758206578095e-08,6,11,12,0.2596985304698053,0.2596986124130537,0.0,6807555.201764243,a red cap on the head,78
67,137,Anna Hummingbird,Cliff Swallow,0.19810843669354442,0.012380770736544212,3,11,16,0.1877610290790535,0.2108308333164732,0.0,16.001300798890345,a red cap on the head,78
67,188,Anna Hummingbird,Pileated Woodpecker,0.024501086009864077,0.007961608768947144,6,11,11,0.015001329728985713,0.032649491874208736,0.0,3.07740391644825,a red cap on the head,78
67,189,Anna Hummingbird,Red bellied Woodpecker,0.015043708139253079,0.004370611966271344,3,11,18,0.012520275636360396,0.01971195328038957,0.0,3.4420141279769454,a red cap on the head,78
68,7,Ruby throated Hummingbird,Parakeet Auklet,0.06622224707369044,0.004069072947823484,3,10,12,0.06187607749956937,0.06857154372318722,0.0,16.274529335444253,a red cap on the head,78
68,10,Ruby throated Hummingbird,Red winged Blackbird,0.008195130225502814,0.0015247807582606846,6,10,18,0.006717652140710184,0.0100603635344938,0.0,5.374628565929937,a red cap on the head,78
68,56,Ruby throated Hummingbird,Pine Grosbeak,0.17285694255264086,0.008666507627163457,6,10,12,0.1618147812647448,0.17993957647255165,0.0,19.94539784294535,a red cap on the head,78
68,58,Ruby throated Hummingbird,Pigeon Guillemot,0.04011003084589174,0.025097297559349092,6,10,14,0.012209226116755567,0.06832583725584518,0.0,1.598181268299623,a red cap on the head,78
68,67,Ruby throated Hummingbird,Anna Hummingbird,0.05213882471219492,0.0019364742397462004,6,10,19,0.04963884721992107,0.0533888848297176,0.0,26.924615683038347,a red cap on the head,78
68,84,Ruby throated Hummingbird,Red legged Kittiwake,0.20778224353813002,0.011348343844070685,6,10,12,0.19313159463342688,0.2151076540828858,0.0,18.309477257193187,a red cap on the head,78
68,137,Ruby throated Hummingbird,Cliff Swallow,0.14318977487704931,0.03190819183907661,6,10,16,0.10235398418323749,0.1682975030416085,0.0,4.487555283443022,a red cap on the head,78
68,188,Ruby throated Hummingbird,Pileated Woodpecker,0.019562689826796358,0.008288098408172911,12,10,11,0.010607757381030702,0.029897559877419155,0.0,2.360335128881338,a red cap on the head,78
68,189,Ruby throated Hummingbird,Red bellied Woodpecker,0.0669638265522771,0.005997426300847586,15,10,18,0.059338098259516414,0.07337341404385223,0.0,11.165427165257206,a red cap on the head,78
84,7,Red legged Kittiwake,Parakeet Auklet,0.26296335046990676,1.0913751370482475e-07,6,11,12,0.2629632321956472,0.2629634759180143,0.0,2409445.955816437,a red cap on the head,78
84,10,Red legged Kittiwake,Red winged Blackbird,0.2022661827089893,0.007068939246883159,3,11,12,0.19818489026607183,0.20981650470343202,0.0,28.613371202696253,a red cap on the head,78
84,56,Red legged Kittiwake,Pine Grosbeak,0.3806135319026798,0.007496157044100375,3,11,12,0.3736840145527685,0.3879090767481478,0.0,50.77448746240659,a red cap on the head,78
84,58,Red legged Kittiwake,Pigeon Guillemot,0.16864243842606388,0.0196005431024049,12,11,12,0.14354449463558083,0.18866263423325647,0.0,8.603967631732013,a red cap on the head,78
84,67,Red legged Kittiwake,Anna Hummingbird,0.2596985782818372,4.265029333816902e-08,3,11,12,0.25969853354444766,0.25969861139053363,0.0,6088879.327123021,a red cap on the head,78
84,68,Red legged Kittiwake,Ruby throated Hummingbird,0.20778224353813002,0.010987986678780304,9,10,12,0.19313159463342688,0.2151076540828858,0.0,18.909946798578066,a red cap on the head,78
84,137,Red legged Kittiwake,Cliff Swallow,0.061590141588292756,0.010722029183509169,9,11,12,0.04805112113138377,0.07233504364857712,0.0,5.7442616997607265,a red cap on the head,78
84,188,Red legged Kittiwake,Pileated Woodpecker,0.2351974922719731,0.00890130703513863,3,11,11,0.22738897228871546,0.24415464848059135,0.0,26.42280412495481,a red cap on the head,78
84,189,Red legged Kittiwake,Red bellied Woodpecker,0.2747422864210903,0.003693851313070481,15,11,12,0.2722187996052855,0.2797890480918477,0.0,74.378274343245,a red cap on the head,78
137,7,Cliff Swallow,Parakeet Auklet,0.20137320888161403,0.010722133734662888,9,11,12,0.1906281885470701,0.2149123547866305,0.0,18.78107602890893,a red cap on the head,78
137,56,Cliff Swallow,Pine Grosbeak,0.30662610133277396,0.00499961196320671,9,14,12,0.30202646527478805,0.3131045161131588,0.0,61.329979912036315,a red cap on the head,78
137,58,Cliff Swallow,Pigeon Guillemot,0.09616375584567434,7.540881663916201e-08,9,14,14,0.09616368673288367,0.0961638536440873,0.0,1275215.3516805442,a red cap on the head,78
137,67,Cliff Swallow,Anna Hummingbird,0.19810843669354442,0.011073697992301202,6,11,16,0.18736348682122816,0.21164749128166993,0.0,17.88999815719969,a red cap on the head,78
137,84,Cliff Swallow,Red legged Kittiwake,0.061590141588292756,0.01055832446817649,12,11,12,0.04805112113138377,0.07233504364857712,0.0,5.833325331883512,a red cap on the head,78
137,188,Cliff Swallow,Pileated Woodpecker,0.17441769079912814,0.016371812779292623,3,14,11,0.16095826493972237,0.19133566091699755,0.0,10.653535631013408,a red cap on the head,78
137,189,Cliff Swallow,Red bellied Woodpecker,0.20891674696968865,0.006771424603411333,3,12,16,0.20187545656884023,0.21436712041314632,0.0,30.852702226587162,a red cap on the head,78
188,7,Pileated Woodpecker,Parakeet Auklet,0.027765858197933684,0.00770886193075272,9,11,11,0.018266031454827636,0.035914355379169316,0.0,3.6018102858434147,a red cap on the head,78
188,10,Pileated Woodpecker,Red winged Blackbird,0.03610390364648486,0.01730557684392928,12,12,11,0.02230789373447062,0.05940439908396378,0.0,2.0862583183445684,a red cap on the head,78
188,56,Pileated Woodpecker,Pine Grosbeak,0.113683873268333,0.008209063262531548,6,18,11,0.10353777623973792,0.12140804152248708,0.0,13.848580479744783,a red cap on the head,78
188,58,Pileated Woodpecker,Pigeon Guillemot,0.07825393495345379,0.014178448102064232,9,14,11,0.0643001718082028,0.09627650458410664,0.0,5.519217222126138,a red cap on the head,78
188,67,Pileated Woodpecker,Anna Hummingbird,0.024501086009864077,0.008901349208812116,3,11,11,0.015543885063856316,0.03230963910181819,0.0,2.752513740597447,a red cap on the head,78
188,68,Pileated Woodpecker,Ruby throated Hummingbird,0.019562689826796358,0.008692630944996697,6,10,11,0.010607757381030702,0.029897559877419155,0.0,2.2504912434831663,a red cap on the head,78
188,84,Pileated Woodpecker,Red legged Kittiwake,0.2351974922719731,0.007708758019315199,9,11,11,0.22704912053884496,0.24469720074081958,0.0,30.510426148044562,a red cap on the head,78
188,137,Pileated Woodpecker,Cliff Swallow,0.17441769079912814,0.016371812779292623,3,14,11,0.16095826493972237,0.19133566091699755,0.0,10.653535631013408,a red cap on the head,78
188,189,Pileated Woodpecker,Red bellied Woodpecker,0.04409975892333806,0.017573939732847738,9,12,11,0.02079920957869197,0.05789583037618429,0.0,2.509383757496397,a red cap on the head,78
189,7,Red bellied Woodpecker,Parakeet Auklet,0.011778935951183475,0.003909210337488796,6,11,12,0.009255535648123314,0.01682570479578882,0.0,3.01312411747507,a red cap on the head,78
189,10,Red bellied Woodpecker,Red winged Blackbird,0.08020366256982292,5.8101331795247095e-08,3,12,18,0.08020361097633086,0.08020372065193007,0.0,1380386.2958970566,a red cap on the head,78
189,56,Red bellied Woodpecker,Pine Grosbeak,0.10594719068468665,0.007895291727854059,6,12,12,0.097196045696896,0.11484853774067638,0.0,13.419034321112296,a red cap on the head,78
189,58,Red bellied Woodpecker,Pigeon Guillemot,0.103858215549597,0.016386226244485932,3,12,14,0.09415337309972728,0.12137152688597846,0.0,6.338141192100762,a red cap on the head,78
189,67,Red bellied Woodpecker,Anna Hummingbird,0.015043708139253079,0.003909194183942697,6,11,18,0.012520269135480211,0.020090456129195133,0.0,3.8482887847316274,a red cap on the head,78
189,68,Red bellied Woodpecker,Ruby throated Hummingbird,0.0669638265522771,0.005997426300847586,15,10,18,0.059338098259516414,0.07337341404385223,0.0,11.165427165257206,a red cap on the head,78
189,84,Red bellied Woodpecker,Red legged Kittiwake,0.2747422864210903,0.003909204781773553,6,11,12,0.2722187996052855,0.2797890480918477,0.0,70.28086316474895,a red cap on the head,78
189,137,Red bellied Woodpecker,Cliff Swallow,0.20891674696968865,0.005722898314146446,15,12,16,0.2014063535472853,0.21455547338339698,0.0,36.50540957835323,a red cap on the head,78
189,188,Red bellied Woodpecker,Pileated Woodpecker,0.04409975892333806,0.016978038772234957,21,12,11,0.02079920957869197,0.05789583037618429,0.0,2.597458959326867,a red cap on the head,78
42,44,Vermilion Flycatcher,Frigatebird,0.02818208817949504,1.0690165146648578e-07,6,10,20,0.02818201576341306,0.028182226131760246,0.0,263623.8464892537,orange and black wings,200
42,58,Vermilion Flycatcher,Pigeon Guillemot,0.09213422151359744,0.029786416843247083,3,10,11,0.07384102229672909,0.12398342116057665,0.0,3.0931622959339653,orange and black wings,200
42,90,Vermilion Flycatcher,Red breasted Merganser,0.06803433562380164,2.8435793300161902e-08,6,10,20,0.06803429922411597,0.06803435795160861,0.0,2392475.6531326016,orange and black wings,200
42,96,Vermilion Flycatcher,Hooded Oriole,0.07080922395680418,0.010227301684284458,9,10,12,0.059820562837574864,0.08329645053739687,0.0,6.923548960982343,orange and black wings,200
42,98,Vermilion Flycatcher,Scott Oriole,0.016492801444983846,0.001975562648051998,3,10,13,0.014711948194804963,0.018449967448956505,0.0,8.348407200803353,orange and black wings,200
42,143,Vermilion Flycatcher,Caspian Tern,0.19033180186070844,0.0169308776982564,3,10,13,0.17231187915765642,0.2021784557155434,0.0,11.241697284782099,orange and black wings,200
42,145,Vermilion Flycatcher,Elegant Tern,0.14566435148360324,0.017819575665520188,3,10,15,0.1266570716485247,0.15775048797970703,0.0,8.174400682126267,orange and black wings,200
44,42,Frigatebird,Vermilion Flycatcher,0.02818208817949504,1.0350707895309313e-07,9,10,20,0.02818201576341306,0.028182226131760246,0.0,272269.45437047817,orange and black wings,200
44,50,Frigatebird,Eared Grebe,0.05406467548168618,8.186694013016203e-08,3,10,20,0.054064595448512776,0.05406475071831399,0.0,660388.8579061428,orange and black wings,200
44,51,Frigatebird,Horned Grebe,0.06290689919962893,9.119834350599527e-08,6,10,20,0.0629068013083327,0.06290700479678113,0.0,689773.5968405688,orange and black wings,200
44,58,Frigatebird,Pigeon Guillemot,0.06395213333410239,0.02664183342163124,6,10,11,0.04553558052622053,0.09831705989437989,0.0,2.400440402115023,orange and black wings,200
44,89,Frigatebird,Hooded Merganser,0.0484525443990638,0.012776889452963276,3,10,14,0.034835191249697986,0.057232298066601704,0.0,3.7922018949639,orange and black wings,200
44,98,Frigatebird,Scott Oriole,0.04467488962447889,0.0017669078770386271,6,10,13,0.042811362406512066,0.04674590914779808,0.0,25.284221197808385,orange and black wings,200
44,139,Frigatebird,Scarlet Tanager,0.04299885577814263,0.003268733978932908,3,10,18,0.04012571650884174,0.046284708370424636,0.0,13.154590138603202,orange and black wings,200
44,144,Frigatebird,Common Tern,0.20311474055994216,0.002805334610760723,6,10,19,0.20130380311200147,0.20673641196737513,0.0,72.40303517036084,orange and black wings,200
44,146,Frigatebird,Forsters Tern,0.20640829967246502,0.0038452055907750495,3,10,16,0.20230852008564293,0.20903449286383574,0.0,53.67939236174403,orange and black wings,200
50,51,Eared Grebe,Horned Grebe,0.008842223717942743,2.3120887812600677e-08,3,10,20,0.00884221036909194,0.008842248413316729,0.0,382417.89725854556,orange and black wings,200
50,90,Eared Grebe,Red breasted Merganser,0.09391692292599278,8.033261543079524e-08,3,10,20,0.09391686845409192,0.09391700861415012,0.0,1169086.221531995,orange and black wings,200
50,96,Eared Grebe,Hooded Oriole,0.04492663665461305,0.011809498092182664,3,10,12,0.03441249447127227,0.056714625830327964,0.0,3.8042799363800315,orange and black wings,200
50,98,Eared Grebe,Scott Oriole,0.009389785857207289,0.001975492879446287,3,10,13,0.0074326930590444765,0.011170582056899192,0.0,4.75313576178823,orange and black wings,200
50,139,Eared Grebe,Scarlet Tanager,0.011065819703543553,0.003268787487499245,3,10,18,0.0077798907409109275,0.013938968278662039,0.0,3.3852979866317514,orange and black wings,200
50,143,Eared Grebe,Caspian Tern,0.2162143891628996,0.014662514719232711,9,10,13,0.19686388178543757,0.22830228635997962,0.0,14.74606459317287,orange and black wings,200
51,106,Horned Grebe,Horned Puffin,0.02182129767993442,0.011897935131693871,3,10,15,0.009903983784028552,0.03234956958740542,0.0,1.8340407336708813,orange and black wings,200
51,137,Horned Grebe,Cliff Swallow,0.15152193979558662,0.020194891502852665,3,10,14,0.1336023019757147,0.17171857443571314,0.0,7.502983601901508,orange and black wings,200
51,139,Horned Grebe,Scarlet Tanager,0.019908043421486294,0.0029236950711772364,6,10,18,0.016423598323269006,0.02290683783669123,0.0,6.809206476741448,orange and black wings,200
51,143,Horned Grebe,Caspian Tern,0.22505661288084233,0.016930822229452462,3,10,13,0.20703675003474933,0.2369032343805643,0.0,13.292716078256756,orange and black wings,200
51,145,Horned Grebe,Elegant Tern,0.18038916250373713,0.017819520006274955,3,10,15,0.1613819425256176,0.19247526664472792,0.0,10.123121297885234,orange and black wings,200
58,44,Pigeon Guillemot,Frigatebird,0.06395213333410239,0.02579584428860249,9,10,11,0.04553558052622053,0.09831705989437989,0.0,2.47916418691826,orange and black wings,200
58,50,Pigeon Guillemot,Eared Grebe,0.11801680881578858,0.029786483556685943,3,10,11,0.09972358859033041,0.14986607966625,0.0,3.9620926917147345,orange and black wings,200
58,51,Pigeon Guillemot,Horned Grebe,0.12685903253373132,0.026641831228337607,6,10,11,0.10844238183455324,0.16122395138815282,0.0,4.7616483807628045,orange and black wings,200
58,98,Pigeon Guillemot,Scott Oriole,0.10318010051796385,5.8511254564132845e-08,9,17,11,0.10318002250295777,0.1031801395254669,0.0,1763393.006927676,orange and black wings,200
58,137,Pigeon Guillemot,Cliff Swallow,0.0426710863887125,0.009083162365240842,3,16,11,0.037116822279959785,0.052383078611013836,0.0,4.6978227040515135,orange and black wings,200
58,144,Pigeon Guillemot,Common Tern,0.155224186090412,0.034376746906747795,3,11,11,0.11846972053382235,0.1760822460095809,0.0,4.515383218399521,orange and black wings,200
58,145,Pigeon Guillemot,Elegant Tern,0.06256870759385014,0.011403214799684407,3,15,11,0.05411720645540078,0.07462727673751528,0.0,5.48693580604084,orange and black wings,200
58,146,Pigeon Guillemot,Forsters Tern,0.1694682043873513,0.01300065287664287,6,14,11,0.15300146728040043,0.18051335988361394,0.0,13.03536106858022,orange and black wings,200
89,44,Hooded Merganser,Frigatebird,0.0484525443990638,0.011427997343130396,6,10,14,0.03381894668878227,0.0573948486013125,0.0,4.23981061073223,orange and black wings,200
89,50,Hooded Merganser,Eared Grebe,0.007885025207976773,0.010827388947821396,3,10,14,0.00024178933047187546,0.01939995242511257,0.0,0.7282480794998215,orange and black wings,200
89,96,Hooded Merganser,Hooded Oriole,0.054239137451270514,0.004383520207067915,6,16,12,0.048601716302739906,0.05748641990141057,0.0,12.37342019125241,orange and black wings,200
89,106,Hooded Merganser,Horned Puffin,0.008003829148375866,0.002604686869739502,3,15,14,0.006322315032341447,0.010787594604713556,0.0,3.072856564176362,orange and black wings,200
89,144,Hooded Merganser,Common Tern,0.24977498143182644,0.009992465321834398,3,11,14,0.23914779061320485,0.25682734620907494,0.0,24.99633207243164,orange and black wings,200
90,42,Red breasted Merganser,Vermilion Flycatcher,0.06803433562380164,3.179218340703657e-08,3,10,20,0.06803430174769419,0.0680343575388122,0.0,2139903.222422957,orange and black wings,200
90,44,Red breasted Merganser,Frigatebird,0.0398522474443066,1.0415881665351032e-07,3,10,20,0.039852139057896155,0.03985233106469412,0.0,382606.7357326087,orange and black wings,200
90,50,Red breasted Merganser,Eared Grebe,0.09391692292599278,8.033261543079524e-08,3,10,20,0.09391686845409192,0.09391700861415012,0.0,1169086.221531995,orange and black wings,200
90,58,Red breasted Merganser,Pigeon Guillemot,0.024099885889795798,0.02978640345044425,3,10,11,0.005806720136238485,0.0559490710520999,0.0,0.8090901585040898,orange and black wings,200
90,89,Red breasted Merganser,Hooded Merganser,0.08830479184337041,0.011427922658098468,6,10,14,0.07367128062104955,0.09724698042116087,0.0,7.727107933572298,orange and black wings,200
90,96,Red breasted Merganser,Hooded Oriole,0.13884355958060582,0.01056273666678221,6,10,12,0.12785486206169083,0.15133080848900549,0.0,13.144657861640878,orange and black wings,200
90,98,Red breasted Merganser,Scott Oriole,0.0845271370687855,0.001975561403818296,3,10,13,0.08274630321003895,0.08648431462105863,0.0,42.78638814396152,orange and black wings,200
90,106,Red breasted Merganser,Horned Puffin,0.0809378489640011,0.011897862919899905,3,10,15,0.07040965139816426,0.09285509704148293,0.0,6.802721589759187,orange and black wings,200
90,143,Red breasted Merganser,Caspian Tern,0.12229746623690681,0.016930893944806673,3,10,13,0.10427752904917965,0.1341441535550528,0.0,7.223331894249838,orange and black wings,200
90,144,Red breasted Merganser,Common Tern,0.16326249311563557,0.0027161886897232564,9,10,19,0.1614516712921531,0.16688407803510785,0.0,60.10719861739894,orange and black wings,200
90,146,Red breasted Merganser,Forsters Tern,0.16655605222815842,0.003845109710677414,3,10,16,0.1624563781601736,0.16918221341545844,0.0,43.31633287922466,orange and black wings,200
96,42,Hooded Oriole,Vermilion Flycatcher,0.07080922395680418,0.011809470761010289,3,10,12,0.060295067620468164,0.08259716093529906,0.0,5.995969284634611,orange and black wings,200
96,51,Hooded Oriole,Horned Grebe,0.03608441293667031,0.010562717268470722,6,10,12,0.02509578417255398,0.04857167187237599,0.0,3.416205510012522,orange and black wings,200
96,58,Hooded Oriole,Pigeon Guillemot,0.14758129999670175,0.00042336259810887844,3,17,11,0.14713148593374184,0.1478831484737933,0.0,348.59314523139415,orange and black wings,200
96,89,Hooded Oriole,Hooded Merganser,0.054239137451270514,0.004900924581873906,3,16,12,0.04900309429508597,0.057443562713823094,0.0,11.067123464990077,orange and black wings,200
96,90,Hooded Oriole,Red breasted Merganser,0.13884355958060582,0.01056273666678221,6,10,12,0.12785486206169083,0.15133080848900549,0.0,13.144657861640878,orange and black wings,200
96,98,Hooded Oriole,Scott Oriole,0.044401199478737885,0.00036106535795995756,12,17,12,0.0439185100281273,0.04470973375449727,0.0,122.9727482210832,orange and black wings,200
96,106,Hooded Oriole,Horned Puffin,0.05843632602070278,0.005194176389888725,6,15,12,0.05177597528586153,0.062440394204728245,0.0,11.250354555383959,orange and black wings,200
96,137,Hooded Oriole,Cliff Swallow,0.1921090253752948,0.004900943100243433,3,16,12,0.1868729644481996,0.1953135018234784,0.0,39.19837904801511,orange and black wings,200
96,145,Hooded Oriole,Elegant Tern,0.2096548640671063,0.005807312888589893,3,15,12,0.2034602978449701,0.21359160980204892,0.0,36.10187156316833,orange and black wings,200
96,146,Hooded Oriole,Forsters Tern,0.31563905962607913,0.007599795302822601,3,14,12,0.30751864546736773,0.32008811458721853,0.0,41.53257384015549,orange and black wings,200
98,44,Scott Oriole,Frigatebird,0.04467488962447889,0.001975463061519105,3,10,13,0.04289416415214279,0.046631983556364505,0.0,22.61489494392752,orange and black wings,200
98,89,Scott Oriole,Hooded Merganser,0.006528137826010694,0.0002836999587476227,3,16,13,0.006257970779089317,0.006796994734139522,0.0,23.010711146445264,orange and black wings,200
98,90,Scott Oriole,Red breasted Merganser,0.0845271370687855,0.001975561403818296,3,10,13,0.08274630321003895,0.08648431462105863,0.0,42.78638814396152,orange and black wings,200
98,106,Scott Oriole,Horned Puffin,0.010482701377804974,0.0020820577526403984,3,15,13,0.008257134829884782,0.011816540318801323,0.0,5.034779347247391,orange and black wings,200
98,139,Scott Oriole,Scarlet Tanager,0.005305517010315526,0.006109385827999978,6,12,13,0.0001575321620365111,0.013054394263668723,0.0,0.8684206823427889,orange and black wings,200
98,144,Scott Oriole,Common Tern,0.2548486934904923,0.005484077629625377,6,11,13,0.2505852011765267,0.2618754227195872,0.0,46.47065753907473,orange and black wings,200
98,146,Scott Oriole,Forsters Tern,0.2701137465357779,0.0026927799675349326,3,14,13,0.267390757540665,0.27245275517887035,0.0,100.31036686697405,orange and black wings,200
106,42,Horned Puffin,Vermilion Flycatcher,0.012903513340199457,0.01189789027657939,3,10,15,0.002375301289687504,0.02482079488099233,0.0,1.084521124263104,orange and black wings,200
106,44,Horned Puffin,Frigatebird,0.0410856015196945,0.01189787948168334,3,10,15,0.030557327571517922,0.05300282769872657,0.0,3.453186895992027,orange and black wings,200
106,51,Horned Puffin,Horned Grebe,0.02182129767993442,0.010641836698540163,6,10,15,0.00919074794502206,0.03281768036962929,0.0,2.0505198769754966,orange and black wings,200
106,89,Horned Puffin,Hooded Merganser,0.008003829148375866,0.002604686869739502,3,15,14,0.006322315032341447,0.010787594604713556,0.0,3.072856564176362,orange and black wings,200
106,96,Horned Puffin,Hooded Oriole,0.05843632602070278,0.005807265747457819,3,15,12,0.05224180695014438,0.06237300492306776,0.0,10.062623022929706,orange and black wings,200
106,137,Horned Puffin,Cliff Swallow,0.12575968780828717,0.009213842308070406,3,15,14,0.11615636176366156,0.13311132778579665,0.0,13.648995021814649,orange and black wings,200
106,143,Horned Puffin,Caspian Tern,0.21740903231256048,0.003744953795549462,6,15,13,0.21285536339623123,0.22109260882733783,0.0,58.0538623768543,orange and black wings,200
106,144,Horned Puffin,Common Tern,0.24347013371007367,0.010323642920937936,3,11,15,0.23382726189313363,0.2534324342235273,0.0,23.583742245936755,orange and black wings,200
106,145,Horned Puffin,Elegant Tern,0.1512185380464035,6.325412419672755e-08,3,15,15,0.15121849089482572,0.15121860487898117,0.0,2390613.250178816,orange and black wings,200
106,146,Horned Puffin,Forsters Tern,0.2558521485060793,0.007273422943830583,9,14,15,0.24722545757999792,0.2640024277939147,0.0,35.17630563308851,orange and black wings,200
137,42,Cliff Swallow,Vermilion Flycatcher,0.11679712877545274,0.020194840072604248,3,10,14,0.09887752331069383,0.13699370355862023,0.0,5.7835134296563675,orange and black wings,200
137,44,Cliff Swallow,Frigatebird,0.0886150405959577,0.020194938040670816,3,10,14,0.070695307353356,0.10881168745121224,0.0,4.387982791187915,orange and black wings,200
137,50,Cliff Swallow,Eared Grebe,0.14267971607764388,0.02019491006554659,3,10,14,0.12476005356239797,0.1628763640666212,0.0,7.065132531290479,orange and black wings,200
137,51,Cliff Swallow,Horned Grebe,0.15152193979558662,0.020194891502852665,3,10,14,0.1336023019757147,0.17171857443571314,0.0,7.502983601901508,orange and black wings,200
137,89,Cliff Swallow,Hooded Merganser,0.13786988792402427,4.309481583293346e-08,9,16,14,0.13786984861258855,0.13786994387265883,0.0,3199147.881513482,orange and black wings,200
137,90,Cliff Swallow,Red breasted Merganser,0.04876279315165111,0.020194840552030538,3,10,14,0.030843168295459838,0.06895935638651811,0.0,2.4146163978667077,orange and black wings,200
137,96,Cliff Swallow,Hooded Oriole,0.1921090253752948,0.004900943100243433,3,16,12,0.1868729644481996,0.1953135018234784,0.0,39.19837904801511,orange and black wings,200
137,98,Cliff Swallow,Scott Oriole,0.144398025750035,0.0002836888538778426,3,16,13,0.14412784569520648,0.1446668481097316,0.0,509.00140512116093,orange and black wings,200
137,106,Cliff Swallow,Horned Puffin,0.12575968780828717,0.008241111093923593,6,15,14,0.11551150026489698,0.13335883291977602,0.0,15.260040346471403,orange and black wings,200
137,139,Cliff Swallow,Scarlet Tanager,0.12295540051793734,0.016289541658992296,3,12,14,0.11077300831001757,0.1401578844155062,0.0,7.548119099011869,orange and black wings,200
137,143,Cliff Swallow,Caspian Tern,0.08521710479805522,0.002608345847858431,3,16,13,0.08274982008024294,0.08770550856004475,0.0,32.67093772681692,orange and black wings,200
137,146,Cliff Swallow,Forsters Tern,0.13040553462528634,0.008284200339319345,12,14,14,0.12287482300425046,0.14137017879270575,0.0,15.741475250254434,orange and black wings,200
139,58,Scarlet Tanager,Pigeon Guillemot,0.0968618757988546,0.029806185224470042,3,12,11,0.07765828524826467,0.1287187693584799,0.0,3.2497240108433596,orange and black wings,200
139,89,Scarlet Tanager,Hooded Merganser,0.006589512719276065,0.0033030942712289086,3,12,14,0.003059520185857639,0.008537929999819577,0.0,1.9949514534532196,orange and black wings,200
139,90,Scarlet Tanager,Red breasted Merganser,0.08285110322244922,0.003268718424422791,3,10,18,0.07997804033548808,0.08613697771318099,0.0,25.346662648598397,orange and black wings,200
139,137,Scarlet Tanager,Cliff Swallow,0.12295540051793734,0.016289541658992296,3,12,14,0.11077300831001757,0.1401578844155062,0.0,7.548119099011869,orange and black wings,200
139,143,Scarlet Tanager,Caspian Tern,0.221874072689755,0.016123488113984355,6,12,13,0.20106359622477632,0.2326687183922158,0.0,13.760922643255865,orange and black wings,200
139,146,Scarlet Tanager,Forsters Tern,0.25159538731135267,0.009916297930087489,9,12,16,0.24464443004007197,0.26481118238319257,0.0,25.371906840616777,orange and black wings,200
143,42,Caspian Tern,Vermilion Flycatcher,0.19033180186070844,0.015143437380814598,6,10,13,0.17098121642416964,0.20241971806405068,0.0,12.568599655536165,orange and black wings,200
143,44,Caspian Tern,Frigatebird,0.16214971368121342,0.01693083012283328,3,10,13,0.144129852875826,0.17399642289780914,0.0,9.57718626288487,orange and black wings,200
143,51,Caspian Tern,Horned Grebe,0.22505661288084233,0.016930822229452462,3,10,13,0.20703675003474933,0.2369032343805643,0.0,13.292716078256756,orange and black wings,200
143,58,Caspian Tern,Pigeon Guillemot,0.12355751699635331,4.5572771323300906e-08,3,17,11,0.12355747469626585,0.12355756120562111,0.0,2711154.100454727,orange and black wings,200
143,89,Caspian Tern,Hooded Merganser,0.22308699272207952,0.002608334111867772,3,16,13,0.22061969499636008,0.22557536193563682,0.0,85.52853394874447,orange and black wings,200
143,90,Caspian Tern,Red breasted Merganser,0.12229746623690681,0.016930893944806673,3,10,13,0.10427752904917965,0.1341441535550528,0.0,7.223331894249838,orange and black wings,200
143,96,Caspian Tern,Hooded Oriole,0.27113881699305503,0.0004233572887018051,3,17,12,0.27068900312901967,0.2714406256150782,0.0,640.4491515524244,orange and black wings,200
143,137,Caspian Tern,Cliff Swallow,0.08521710479805522,0.0023329754498563108,6,16,13,0.08262127067058578,0.08783778485985083,0.0,36.527218821259595,orange and black wings,200
143,139,Caspian Tern,Scarlet Tanager,0.221874072689755,0.016123488113984355,6,12,13,0.20106359622477632,0.2326687183922158,0.0,13.760922643255865,orange and black wings,200
143,144,Caspian Tern,Common Tern,0.03285163793665946,0.018648801190678146,6,11,13,0.01867249819226846,0.056791615204332735,0.0,1.7615951609436,orange and black wings,200
144,42,Common Tern,Vermilion Flycatcher,0.23129682873943722,0.0031363967288300498,3,10,19,0.2294860292437617,0.23464680780643687,0.0,73.74603682614169,orange and black wings,200
144,44,Common Tern,Frigatebird,0.20311474055994216,0.002805334610760723,6,10,19,0.20130380311200147,0.20673641196737513,0.0,72.40303517036084,orange and black wings,200
144,50,Common Tern,Eared Grebe,0.25717941604162836,0.0031364643300374607,3,10,19,0.2553685594954659,0.26052946831443785,0.0,81.99660155438787,orange and black wings,200
144,51,Common Tern,Horned Grebe,0.2660216397595711,0.0031364527695296397,3,10,19,0.2642108079087826,0.2693716786835298,0.0,84.8160833981406,orange and black wings,200
144,89,Common Tern,Hooded Merganser,0.24977498143182644,0.009992465321834398,3,11,14,0.23914779061320485,0.25682734620907494,0.0,24.99633207243164,orange and black wings,200
144,98,Common Tern,Scott Oriole,0.2548486934904923,0.0061313851868641306,3,11,13,0.25066021394646854,0.26138592441237596,0.0,41.564619687393815,orange and black wings,200
144,106,Common Tern,Horned Puffin,0.24347013371007367,0.010323642920937936,3,11,15,0.23382726189313363,0.2534324342235273,0.0,23.583742245936755,orange and black wings,200
144,137,Common Tern,Cliff Swallow,0.12897246536565718,0.013348982242046453,3,11,14,0.11665252099743022,0.14198057762770946,0.0,9.661595394872858,orange and black wings,200
144,143,Common Tern,Caspian Tern,0.03285163793665946,0.02084999358061768,3,11,13,0.0188934133033239,0.05510657446478496,0.0,1.5756186114907484,orange and black wings,200
144,145,Common Tern,Elegant Tern,0.08859468011092464,0.011014352800023575,6,11,15,0.07861410287611548,0.10235628664807428,0.0,8.043566581841418,orange and black wings,200
144,146,Common Tern,Forsters Tern,0.0059158891916463174,0.004838080525799794,3,11,16,0.0010521157433457883,0.010167852482518424,0.0,1.2227760904094442,orange and black wings,200
145,42,Elegant Tern,Vermilion Flycatcher,0.14566435148360324,0.017819575665520188,3,10,15,0.1266570716485247,0.15775048797970703,0.0,8.174400682126267,orange and black wings,200
145,51,Elegant Tern,Horned Grebe,0.18038916250373713,0.017819520006274955,3,10,15,0.1613819425256176,0.19247526664472792,0.0,10.123121297885234,orange and black wings,200
145,58,Elegant Tern,Pigeon Guillemot,0.06256870759385014,0.009875473701337375,9,15,11,0.053895738470108756,0.07548528613549244,0.0,6.335767729201797,orange and black wings,200
145,89,Elegant Tern,Hooded Merganser,0.15922236719477936,0.002255703646496719,9,15,14,0.1575206747615,0.16222087432537047,0.0,70.5865628100027,orange and black wings,200
145,96,Elegant Tern,Hooded Oriole,0.2096548640671063,0.005807312888589893,3,15,12,0.2034602978449701,0.21359160980204892,0.0,36.10187156316833,orange and black wings,200
145,98,Elegant Tern,Scott Oriole,0.16170123942420847,0.0020820961636724912,3,15,13,0.15947563046085236,0.16303505994722917,0.0,77.66271422417402,orange and black wings,200
145,106,Elegant Tern,Horned Puffin,0.1512185380464035,6.325412419672755e-08,3,15,15,0.15121849089482572,0.15121860487898117,0.0,2390613.250178816,orange and black wings,200
145,139,Elegant Tern,Scarlet Tanager,0.16518350179170602,0.00824992355919769,3,12,15,0.15710336283074403,0.17274617695749026,0.0,20.022428157837112,orange and black wings,200
145,144,Elegant Tern,Common Tern,0.08859468011092464,0.010664601240936086,9,11,15,0.07861410287611548,0.10235628664807428,0.0,8.30735984413055,orange and black wings,200
145,146,Elegant Tern,Forsters Tern,0.10235646413166088,0.0027159271358977665,3,14,15,0.09946547989497664,0.10425395874872782,0.0,37.687485330912175,orange and black wings,200
146,50,Forsters Tern,Eared Grebe,0.2604729751541512,0.0038451322648728535,3,10,16,0.25637327080395694,0.2630990883123485,0.0,67.74096627727401,orange and black wings,200
146,58,Forsters Tern,Pigeon Guillemot,0.1694682043873513,0.014535171792025825,3,14,11,0.15409588321628237,0.18023218118933523,0.0,11.659181384334547,orange and black wings,200
146,90,Forsters Tern,Red breasted Merganser,0.16655605222815842,0.003439170677607695,6,10,16,0.1621493666531475,0.16922919323765784,0.0,48.42913242549118,orange and black wings,200
146,98,Forsters Tern,Scott Oriole,0.2701137465357779,0.002408495622343117,6,14,13,0.26722366645720574,0.27255208502373773,0.0,112.15039957633223,orange and black wings,200
146,106,Forsters Tern,Horned Puffin,0.25585214850607935,0.007511958915034338,6,14,15,0.24722545757999792,0.2640024277939147,0.0,34.059311474662195,orange and black wings,200
146,137,Forsters Tern,Cliff Swallow,0.13040553462528634,0.009714085957269518,3,14,14,0.12307966195798307,0.1406502499570156,0.0,13.424375199631955,orange and black wings,200
146,139,Forsters Tern,Scarlet Tanager,0.25159538731135267,0.011450354558601083,3,12,16,0.24467873601360804,0.2638371507395726,0.0,21.972715866723163,orange and black wings,200
146,143,Forsters Tern,Caspian Tern,0.03990130423622403,0.0023379153416384427,6,14,13,0.03720951306043463,0.04242957259963931,0.0,17.067044092021575,orange and black wings,200
146,144,Forsters Tern,Common Tern,0.0059158891916463174,0.004189900640897396,9,11,16,0.000758244685235332,0.01035375704225916,0.0,1.4119402098679141,orange and black wings,200
10,16,Red winged Blackbird,Painted Bunting,0.25721109257660646,0.03973450903632354,9,10,10,0.20721139183878634,0.29738100301153336,0.0,6.4732419956416765,a red throat,84
10,21,Red winged Blackbird,Eastern Towhee,0.15038046978028066,0.04083712947894361,12,11,10,0.10327413148432207,0.19900937405945873,0.0,3.6824446697248203,a red throat,84
10,31,Red winged Blackbird,Black billed Cuckoo,0.10480180599453455,0.01721105961678636,12,15,10,0.09204360465319583,0.1280694978426138,0.0,6.08921288531414,a red throat,84
10,56,Red winged Blackbird,Pine Grosbeak,0.32808772349448545,0.018098309564707468,12,16,10,0.31250439039174216,0.3522577113752603,0.0,18.128086620650112,a red throat,84
10,148,Red winged Blackbird,Green tailed Towhee,0.16829671002340818,0.021222122007541176,3,16,10,0.15306324680837663,0.19082883964675929,0.0,7.930248914584251,a red throat,84
10,189,Red winged Blackbird,Red bellied Woodpecker,0.16469131490281783,0.039734494228362886,9,10,10,0.11469162718496151,0.2048611992978171,0.0,4.14479454431094,a red throat,84
10,191,Red winged Blackbird,Red headed Woodpecker,0.08587377861405916,0.01185668956335757,3,18,10,0.07445242519228275,0.09697141788222134,0.0,7.242643753801616,a red throat,84
16,10,Painted Bunting,Red winged Blackbird,0.25721109257660646,0.041037624471309125,6,10,10,0.20721139183878634,0.29738100301153336,0.0,6.267689611277677,a red throat,84
16,31,Painted Bunting,Black billed Cuckoo,0.1865620816245849,0.0212727026793683,3,10,15,0.1648101867267097,0.20457493698474707,0.0,8.770022522655543,a red throat,84
16,56,Painted Bunting,Pine Grosbeak,0.05869029215850604,0.003918472078645482,3,10,14,0.05482812669393892,0.0622501948129411,0.0,14.977851306730749,a red throat,84
16,137,Painted Bunting,Cliff Swallow,0.23364536205360778,0.017018074826483258,3,10,18,0.22381993085107246,0.2518223359900043,0.0,13.729247545455808,a red throat,84
16,148,Painted Bunting,Green tailed Towhee,0.12117361492422647,0.008850290564204135,21,10,14,0.11118660615239351,0.13225738817135446,0.0,13.69148436782782,a red throat,84
16,189,Painted Bunting,Red bellied Woodpecker,0.09251977767378865,2.0170441203328816e-08,6,10,18,0.09251976465382483,0.09251980371371626,0.0,4586671.658271024,a red throat,84
21,10,Eastern Towhee,Red winged Blackbird,0.15038046978028066,0.04083712947894361,12,11,10,0.10327413148432207,0.19900937405945873,0.0,3.6824446697248203,a red throat,84
21,16,Eastern Towhee,Painted Bunting,0.1043225853755269,0.01524755904458015,9,10,18,0.0839925066495345,0.11448768382293284,0.0,6.841920405992274,a red throat,84
21,31,Eastern Towhee,Black billed Cuckoo,0.06166215697846933,0.015513610198068885,3,11,15,0.04508556194276967,0.07074933974032124,0.0,3.974713570034797,a red throat,84
21,56,Eastern Towhee,Pine Grosbeak,0.17232867586562425,0.002054024666054924,9,11,14,0.17024352387624397,0.17490893268683105,0.0,83.89805567072882,a red throat,84
21,137,Eastern Towhee,Cliff Swallow,0.11791551392584336,8.474193501851792e-08,9,11,19,0.117915445694601,0.11791562603698091,0.0,1391449.4925161207,a red throat,84
21,189,Eastern Towhee,Red bellied Woodpecker,0.017487646371265136,0.0077599239536755545,3,10,19,0.009199285154090237,0.02196787615377017,0.0,2.253584761063074,a red throat,84
21,191,Eastern Towhee,Red headed Woodpecker,0.08117138588509305,0.014922167055891588,12,11,12,0.0629030778739823,0.09778045879113173,0.0,5.439651330508675,a red throat,84
31,10,Black billed Cuckoo,Red winged Blackbird,0.10480180599453455,0.018051111612469507,6,15,10,0.09204360465319583,0.1280694978426138,0.0,5.805836684114944,a red throat,84
31,16,Black billed Cuckoo,Painted Bunting,0.1865620816245849,0.0212727026793683,3,10,15,0.1648101867267097,0.20457493698474707,0.0,8.770022522655543,a red throat,84
31,21,Black billed Cuckoo,Eastern Towhee,0.06166215697846933,0.0138757947917264,6,11,15,0.04374936887439862,0.07076387181918975,0.0,4.443864866810529,a red throat,84
31,56,Black billed Cuckoo,Pine Grosbeak,0.2239491863209263,0.004954759569479224,18,15,14,0.2189326927002746,0.23044550959364318,0.0,45.19879988833968,a red throat,84
31,137,Black billed Cuckoo,Cliff Swallow,0.056253356947374024,0.013435128732192582,9,11,15,0.047151754217791164,0.07416607682020238,0.0,4.187035201858209,a red throat,84
31,148,Black billed Cuckoo,Green tailed Towhee,0.05617539563947863,0.003004568707271962,3,15,14,0.053317126934517754,0.05902578711199521,0.0,18.696658686759463,a red throat,84
31,189,Black billed Cuckoo,Red bellied Woodpecker,0.09404230395079627,0.018141439908217826,12,10,15,0.07091402696340166,0.11277169787385877,0.0,5.183839012856557,a red throat,84
31,191,Black billed Cuckoo,Red headed Woodpecker,0.021023797217102496,0.014059852717978633,6,15,12,0.00582058603443214,0.03721295777859124,0.0,1.495307073076492,a red throat,84
56,10,Pine Grosbeak,Red winged Blackbird,0.32808772349448545,0.021222149102116755,3,16,10,0.31285422430797777,0.35061987924231997,0.0,15.45968421484238,a red throat,84
56,16,Pine Grosbeak,Painted Bunting,0.05869029215850604,0.003918472078645482,3,10,14,0.05482812669393892,0.0622501948129411,0.0,14.977851306730749,a red throat,84
56,21,Pine Grosbeak,Eastern Towhee,0.17232867586562425,0.002121387553154659,6,11,14,0.17024352387624397,0.17490893268683105,0.0,81.23394309923471,a red throat,84
56,31,Pine Grosbeak,Black billed Cuckoo,0.2239491863209263,0.004984164928938645,15,15,14,0.2189326927002746,0.23044550959364318,0.0,44.93213797475259,a red throat,84
56,137,Pine Grosbeak,Cliff Swallow,0.2902441897914676,0.0020539538121965733,9,11,14,0.2881591499132249,0.29282437838143205,0.0,141.3099885336564,a red throat,84
56,148,Pine Grosbeak,Green tailed Towhee,0.15979101347107727,2.9607083472565513e-08,9,16,14,0.15979097499664463,0.1597910403608126,0.0,5396871.2165763,a red throat,84
56,189,Pine Grosbeak,Red bellied Woodpecker,0.15121006983229468,0.0033935124578072344,9,10,14,0.14712590351773192,0.15493864586078354,0.0,44.55857217787926,a red throat,84
56,191,Pine Grosbeak,Red headed Woodpecker,0.2456327643055227,0.002293749300564455,12,16,12,0.2425810575930848,0.24765820014239526,0.0,107.08788625591667,a red throat,84
137,10,Cliff Swallow,Red winged Blackbird,0.0422258482288547,0.029993447969289773,9,11,10,0.014641338561626083,0.08109392836485774,0.0,1.4078357470165426,a red throat,84
137,16,Cliff Swallow,Painted Bunting,0.23364536205360778,0.014738085123238948,9,10,18,0.22381992628213787,0.25329614221785557,0.0,15.853169532135732,a red throat,84
137,21,Cliff Swallow,Eastern Towhee,0.11791551392584336,9.785155798593317e-08,3,11,19,0.11791544691216835,0.11791561823742927,0.0,1205032.5137416883,a red throat,84
137,31,Cliff Swallow,Black billed Cuckoo,0.056253356947374024,0.013435128732192582,9,11,15,0.047151754217791164,0.07416607682020238,0.0,4.187035201858209,a red throat,84
137,56,Cliff Swallow,Pine Grosbeak,0.2902441897914676,0.0020539538121965733,9,11,14,0.2881591499132249,0.29282437838143205,0.0,141.3099885336564,a red throat,84
137,148,Cliff Swallow,Green tailed Towhee,0.11524116833007281,0.012284631532551441,12,11,14,0.102029093598206,0.13059849401882995,0.0,9.380921846563274,a red throat,84
137,189,Cliff Swallow,Red bellied Woodpecker,0.14112558437981915,0.015221438948461525,6,10,19,0.13130016162831304,0.16077637756403074,0.0,9.271500864562585,a red throat,84
137,191,Cliff Swallow,Red headed Woodpecker,0.0367441280407503,0.014558982246692127,27,11,12,0.020135167245849184,0.05501239217196585,0.0,2.523811583503712,a red throat,84
148,10,Green tailed Towhee,Red winged Blackbird,0.16829671002340818,0.018098286458375776,12,16,10,0.15271341539509753,0.1924666710144477,0.0,9.299041121996522,a red throat,84
148,16,Green tailed Towhee,Painted Bunting,0.12117361492422647,0.010578120483259013,3,10,14,0.11163111836722041,0.1316483612852333,0.0,11.455117674689122,a red throat,84
148,21,Green tailed Towhee,Eastern Towhee,0.011129590917003237,0.004856357339923167,12,11,14,0.00481952832141852,0.015886376447742157,0.0,2.291756997208027,a red throat,84
148,31,Green tailed Towhee,Black billed Cuckoo,0.05617539563947863,0.0025623048029201297,12,15,14,0.0531662039851889,0.059175319961480954,0.0,21.9237756388446,a red throat,84
148,137,Green tailed Towhee,Cliff Swallow,0.1152411683300728,0.012475102294656228,9,11,14,0.102029093598206,0.13059849401882995,0.0,9.237693254844029,a red throat,84
148,189,Green tailed Towhee,Red bellied Woodpecker,0.028653837250437835,0.010578122508193684,3,10,14,0.019111351760401,0.03912859467841391,0.0,2.708782888979981,a red throat,84
148,191,Green tailed Towhee,Red headed Woodpecker,0.08584175083444541,0.002405707949864791,6,16,12,0.08279003253731021,0.08786715978158266,0.0,35.68253195637794,a red throat,84
189,10,Red bellied Woodpecker,Red winged Blackbird,0.16469131490281783,0.039127825103031026,12,10,10,0.11469162718496151,0.2048611992978171,0.0,4.209058757161818,a red throat,84
189,16,Red bellied Woodpecker,Painted Bunting,0.09251977767378865,1.9529945717990964e-08,9,10,18,0.09251976465382483,0.09251980371371626,0.0,4737086.417098783,a red throat,84
189,21,Red bellied Woodpecker,Eastern Towhee,0.017487646371265136,0.0077599239536755545,3,10,19,0.009199285154090237,0.02196787615377017,0.0,2.253584761063074,a red throat,84
189,31,Red bellied Woodpecker,Black billed Cuckoo,0.09404230395079627,0.018422719316219634,9,10,15,0.07091402696340166,0.11277169787385877,0.0,5.104691784719064,a red throat,84
189,56,Red bellied Woodpecker,Pine Grosbeak,0.15121006983229468,0.003918490662026712,3,10,14,0.14734789134776374,0.1547699965736628,0.0,38.5888554639294,a red throat,84
189,137,Red bellied Woodpecker,Cliff Swallow,0.14112558437981915,0.014738094888176104,9,10,19,0.13130016162831304,0.16077637756403074,0.0,9.575564918058985,a red throat,84
189,148,Red bellied Woodpecker,Green tailed Towhee,0.028653837250437835,0.00946136040105666,6,10,14,0.018666841498568676,0.03973762351752963,0.0,3.028511337989959,a red throat,84
189,191,Red bellied Woodpecker,Red headed Woodpecker,0.11047495190221375,0.015472033439793982,12,10,12,0.09284619152283513,0.12909100829614129,0.0,7.140299452231825,a red throat,84
191,10,Red headed Woodpecker,Red winged Blackbird,0.08587377861405916,0.010268194366653481,9,18,10,0.0738312571079407,0.097535459939455,0.0,8.36308464169473,a red throat,84
191,16,Red headed Woodpecker,Painted Bunting,0.2029947295760024,0.016227204620259776,6,10,12,0.18536595617665996,0.22161077294996612,0.0,12.509531636154545,a red throat,84
191,21,Red headed Woodpecker,Eastern Towhee,0.08117138588509305,0.014922167055891588,12,11,12,0.0629030778739823,0.09778045879113173,0.0,5.439651330508675,a red throat,84
191,31,Red headed Woodpecker,Black billed Cuckoo,0.021023797217102496,0.013285312057845363,15,15,12,0.00582058603443214,0.03721295777859124,0.0,1.5824842596079516,a red throat,84
191,56,Red headed Woodpecker,Pine Grosbeak,0.2456327643055227,0.002259765950769327,18,16,12,0.2425810575930848,0.24765820014239526,0.0,108.69832077662726,a red throat,84
191,137,Red headed Woodpecker,Cliff Swallow,0.0367441280407503,0.015153469164885025,9,11,12,0.020135167245849184,0.05501239217196585,0.0,2.4247997365165914,a red throat,84
191,148,Red headed Woodpecker,Green tailed Towhee,0.08584175083444541,0.002273180343711885,15,16,12,0.08279003253731021,0.08786715978158266,0.0,37.762842281361294,a red throat,84
191,189,Red headed Woodpecker,Red bellied Woodpecker,0.11047495190221375,0.015131947219112672,24,10,12,0.09284619152283513,0.12909100829614129,0.0,7.300775656643557,a red throat,84
9,11,Brewer Blackbird,Rusty Blackbird,0.03996732499922229,0.013368339555395852,3,10,16,0.02877200461147511,0.053694491485615815,0.0,2.9897000170152475,"a small, blue bird",98
9,19,Brewer Blackbird,Gray Catbird,0.1277500337093569,0.007300720976566968,6,12,15,0.12079308264717792,0.13673543963867563,0.0,17.498276417068436,"a small, blue bird",98
9,27,Brewer Blackbird,Shiny Cowbird,0.009180958660199115,0.006720830629468056,6,10,16,0.00130868001404838,0.016276587993626523,0.0,1.3660452353282602,"a small, blue bird",98
9,49,Brewer Blackbird,Boat tailed Grackle,0.01053275404993792,0.001711622011724554,12,12,11,0.008518424439806882,0.012532453889127937,0.0,6.153668258315935,"a small, blue bird",98
9,70,Brewer Blackbird,Green Violetear,0.01652867376750337,0.011631052536958883,12,12,14,0.001080335639495833,0.026903038786266098,0.0,1.421081515500055,"a small, blue bird",98
9,134,Brewer Blackbird,Cape Glossy Starling,0.11370930102588124,0.010250075430637705,6,12,10,0.10050763536567697,0.12109567555719403,0.0,11.093508704814804,"a small, blue bird",98
9,136,Brewer Blackbird,Barn Swallow,0.012296230463289056,0.008758184638024162,6,12,15,0.0016146293702773429,0.02084791815503706,0.0,1.4039702255762336,"a small, blue bird",98
9,160,Brewer Blackbird,Black throated Blue Warbler,0.11165095963207221,0.0045723470094432995,3,12,13,0.10686464290271672,0.11523400532745504,0.0,24.418741485950207,"a small, blue bird",98
11,9,Rusty Blackbird,Brewer Blackbird,0.03996732499922229,0.011957006396865777,6,10,16,0.028339547878909244,0.05457374458853104,0.0,3.3425862351596725,"a small, blue bird",98
11,19,Rusty Blackbird,Gray Catbird,0.07818768383614343,0.021418997827959325,6,10,15,0.05113831857871254,0.09668385661573176,0.0,3.6503894561504935,"a small, blue bird",98
11,27,Rusty Blackbird,Shiny Cowbird,0.03829722499700372,1.1912001052878803e-07,3,10,20,0.03829715588898533,0.038297352246806436,0.0,321498.4898717629,"a small, blue bird",98
11,49,Rusty Blackbird,Boat tailed Grackle,0.0475852775255291,0.005574211530633623,3,10,11,0.04257710528618565,0.05311910920327714,0.0,8.536683126480378,"a small, blue bird",98
11,79,Rusty Blackbird,Belted Kingfisher,0.09704198961877031,7.38625351541418e-11,3,10,20,0.09704198953987789,0.09704198966141486,0.0,1296269080.6417532,"a small, blue bird",98
11,82,Rusty Blackbird,Ringed Kingfisher,0.06715333309664324,0.006302605174806494,6,10,17,0.05903759214882354,0.07171578422593317,0.0,10.654853227110195,"a small, blue bird",98
11,134,Rusty Blackbird,Cape Glossy Starling,0.16100081951360065,0.009920583178871826,9,10,10,0.14919507574773105,0.17207014776554308,0.0,16.228967248645233,"a small, blue bird",98
11,160,Rusty Blackbird,Black throated Blue Warbler,0.1522116148481992,0.010555113668516209,3,10,13,0.14239647512808512,0.16243557012454393,0.0,14.420651412575054,"a small, blue bird",98
19,27,Gray Catbird,Shiny Cowbird,0.11648490883314715,0.023947204069315695,3,10,15,0.09121561335784925,0.1344838737870983,0.0,4.8642383674985545,"a small, blue bird",98
19,70,Gray Catbird,Green Violetear,0.1017448203455776,0.009892628767764783,12,14,14,0.09337268357189865,0.11498592254213968,0.0,10.28491240536884,"a small, blue bird",98
19,79,Gray Catbird,Belted Kingfisher,0.018854305782626885,0.023947167626025025,3,10,15,0.0008552819392334155,0.04412354319593865,0.0,0.7873292606575023,"a small, blue bird",98
19,82,Gray Catbird,Ringed Kingfisher,0.010440286886413186,0.00414525077871208,9,13,15,0.006287452165034346,0.015675228932864438,0.0,2.518614057685153,"a small, blue bird",98
19,134,Gray Catbird,Cape Glossy Starling,0.23869362125397484,0.005460565067772611,3,14,10,0.23286048609250412,0.2422791642029992,0.0,43.71225656095455,"a small, blue bird",98
19,136,Gray Catbird,Barn Swallow,0.14129528356105533,0.0017829731229754107,6,14,15,0.13906182491455787,0.14289418329230852,0.0,79.24700695769094,"a small, blue bird",98
19,160,Gray Catbird,Black throated Blue Warbler,0.23633626348914583,0.0024066424795647296,3,14,13,0.233763443078674,0.23786757116467205,0.0,98.20165038958693,"a small, blue bird",98
27,9,Shiny Cowbird,Brewer Blackbird,0.009180958660199115,0.0064080605738536965,12,10,16,0.00130868001404838,0.016276587993626523,0.0,1.4327203298025513,"a small, blue bird",98
27,11,Shiny Cowbird,Rusty Blackbird,0.03829722499700372,1.0316095521725301e-07,9,10,20,0.03829715585183169,0.03829736254427496,0.0,371233.9972265165,"a small, blue bird",98
27,19,Shiny Cowbird,Gray Catbird,0.11648490883314715,0.02141903046801979,6,10,15,0.08943547517361705,0.13498101246756344,0.0,5.438383824217881,"a small, blue bird",98
27,49,Shiny Cowbird,Boat tailed Grackle,0.009288052528525381,0.0055743082759435085,3,10,11,0.004279753076532849,0.01482195264552627,0.0,1.6662251291236774,"a small, blue bird",98
27,70,Shiny Cowbird,Green Violetear,0.008249978513817702,0.005650200249718364,3,10,14,0.003084676121078339,0.013794877640040986,0.0,1.460121437778918,"a small, blue bird",98
27,79,Shiny Cowbird,Belted Kingfisher,0.13533921461577403,1.1915715823749482e-07,3,10,20,0.13533914542886322,0.1353393419082213,0.0,1135794.7841559337,"a small, blue bird",98
27,82,Shiny Cowbird,Ringed Kingfisher,0.10545055809364696,0.007046593905255635,3,10,17,0.09791819957612634,0.1099626784072016,0.0,14.964755951103257,"a small, blue bird",98
27,136,Shiny Cowbird,Barn Swallow,0.017572440005323247,0.013089292858624051,6,10,15,0.003637721043621256,0.03281806561002654,0.0,1.342504915565619,"a small, blue bird",98
49,9,Boat tailed Grackle,Brewer Blackbird,0.01053275404993792,0.001795164310619507,6,12,11,0.008518424439806882,0.012532453889127937,0.0,5.867292471091852,"a small, blue bird",98
49,11,Boat tailed Grackle,Rusty Blackbird,0.0475852775255291,0.005574211530633623,3,10,11,0.04257710528618565,0.05311910920327714,0.0,8.536683126480378,"a small, blue bird",98
49,19,Boat tailed Grackle,Gray Catbird,0.12052141881622484,0.012956809388210493,3,14,11,0.11087932151888638,0.13421470292916252,0.0,9.301782190034105,"a small, blue bird",98
49,27,Boat tailed Grackle,Shiny Cowbird,0.009288052528525381,0.0048274925754929155,9,10,11,0.004048703301351098,0.01514575547923891,0.0,1.9239910536067524,"a small, blue bird",98
49,70,Boat tailed Grackle,Green Violetear,0.014267221838307234,0.003510060370043267,12,16,11,0.010211406825203273,0.01844070471325443,0.0,4.064665655327946,"a small, blue bird",98
49,79,Boat tailed Grackle,Belted Kingfisher,0.1446272671442994,0.004827408797742786,9,10,11,0.13938805550704092,0.15048490173555829,0.0,29.959606317568348,"a small, blue bird",98
49,134,Boat tailed Grackle,Cape Glossy Starling,0.12487878408959585,0.0013094099589276292,3,19,10,0.12387284510653818,0.12625514477715213,0.0,95.37027203955121,"a small, blue bird",98
49,136,Boat tailed Grackle,Barn Swallow,0.023603237290668044,0.00852861616964207,9,15,11,0.013212111852193065,0.0327989803121147,0.0,2.767534242180709,"a small, blue bird",98
49,160,Boat tailed Grackle,Black throated Blue Warbler,0.12105650714898612,0.004115918402844407,3,16,11,0.11709755730610866,0.12491540336949261,0.0,29.41178499455073,"a small, blue bird",98
70,9,Green Violetear,Brewer Blackbird,0.01652867376750337,0.013638618030671557,3,12,14,0.0021064512013584504,0.026638019190790202,0.0,1.21190238843265,"a small, blue bird",98
70,11,Green Violetear,Rusty Blackbird,0.0352495092308418,0.010958337441416752,3,10,14,0.02475064283130075,0.04556857447475786,0.0,3.2166840468336475,"a small, blue bird",98
70,19,Green Violetear,Gray Catbird,0.1017448203455776,0.011600135469601643,3,14,14,0.09354784213943844,0.11408041916116743,0.0,8.771002770047872,"a small, blue bird",98
70,27,Green Violetear,Shiny Cowbird,0.008249978513817702,0.004893216952725282,9,10,14,0.002836322542109637,0.014110218877859793,0.0,1.6860030102562413,"a small, blue bird",98
70,49,Green Violetear,Boat tailed Grackle,0.014267221838307234,0.0036813823737127742,6,16,11,0.010211406825203273,0.01844070471325443,0.0,3.8755066401979987,"a small, blue bird",98
70,79,Green Violetear,Belted Kingfisher,0.1322914988496121,0.009801434919102117,6,10,14,0.12122892737845958,0.14314253950679656,0.0,13.497156276403029,"a small, blue bird",98
70,82,Green Violetear,Ringed Kingfisher,0.09822637508675425,0.014933781800741574,9,13,14,0.08540854267486675,0.11783129438802153,0.0,6.577461515829775,"a small, blue bird",98
70,136,Green Violetear,Barn Swallow,0.03995495048747514,0.008192771470092121,9,15,14,0.030225817292329094,0.04912106501591418,0.0,4.876854020456282,"a small, blue bird",98
70,160,Green Violetear,Black throated Blue Warbler,0.13532372898729336,3.22662914715994e-08,9,16,13,0.13532370096742397,0.13532377126941597,0.0,4193836.0121239433,"a small, blue bird",98
79,9,Belted Kingfisher,Brewer Blackbird,0.1370093146179926,0.01195700644663021,6,10,16,0.12538153741239044,0.1516157342499459,0.0,11.458496340038925,"a small, blue bird",98
79,11,Belted Kingfisher,Rusty Blackbird,0.09704198961877031,7.38625351541418e-11,3,10,20,0.09704198953987789,0.09704198966141486,0.0,1296269080.6417532,"a small, blue bird",98
79,19,Belted Kingfisher,Gray Catbird,0.018854305782626885,0.021418997872149688,6,10,15,0.000358132917749443,0.045903671082702324,0.0,0.8802608737480742,"a small, blue bird",98
79,27,Belted Kingfisher,Shiny Cowbird,0.13533921461577403,1.016175659817996e-07,12,10,20,0.1353391453853129,0.13533935220568982,0.0,1331835.5096647788,"a small, blue bird",98
79,49,Belted Kingfisher,Boat tailed Grackle,0.1446272671442994,0.005574211537730331,3,10,11,0.13961909494120384,0.15016109885829532,0.0,25.945780159115017,"a small, blue bird",98
79,70,Belted Kingfisher,Green Violetear,0.1322914988496121,0.009490198552654585,9,10,14,0.12122892737845958,0.14314253950679656,0.0,13.939803061198115,"a small, blue bird",98
79,134,Belted Kingfisher,Cape Glossy Starling,0.25804280913237093,0.010245934246038231,6,10,10,0.24623706540914592,0.26911213742695794,0.0,25.184898020106147,"a small, blue bird",98
79,136,Belted Kingfisher,Barn Swallow,0.15291165462109726,0.013089284979541536,6,10,15,0.13897686642893414,0.1681572118663459,0.0,11.682200735060391,"a small, blue bird",98
79,160,Belted Kingfisher,Black throated Blue Warbler,0.24925360446696948,0.008920699170838164,15,10,13,0.2389471921451739,0.260040976224039,0.0,27.9410391120284,"a small, blue bird",98
82,11,Ringed Kingfisher,Rusty Blackbird,0.06715333309664324,0.00704652680310463,3,10,17,0.05962104368714101,0.07166532616039516,0.0,9.529990442600198,"a small, blue bird",98
82,19,Ringed Kingfisher,Gray Catbird,0.010440286886413186,0.004281196595148055,6,13,15,0.006287452165034346,0.015675228932864438,0.0,2.4386375752533023,"a small, blue bird",98
82,27,Ringed Kingfisher,Shiny Cowbird,0.10545055809364696,0.006302665192794927,6,10,17,0.09733474800065522,0.11001314677020813,0.0,16.73110578640044,"a small, blue bird",98
82,79,Ringed Kingfisher,Belted Kingfisher,0.02988865652212706,0.006102471156133934,9,10,17,0.025326205435481697,0.03800439738465766,0.0,4.897795622874269,"a small, blue bird",98
82,134,Ringed Kingfisher,Cape Glossy Starling,0.23190631095535388,0.006870145786305132,12,13,10,0.222604718286048,0.23665076708783728,0.0,33.75566081637999,"a small, blue bird",98
82,160,Ringed Kingfisher,Black throated Blue Warbler,0.22811976533599593,0.0050837302388170085,9,13,13,0.2215803896580698,0.2329342860122895,0.0,44.87251576594418,"a small, blue bird",98
134,9,Cape Glossy Starling,Brewer Blackbird,0.11370930102588124,0.009773063460058455,12,12,10,0.10050763536567697,0.12109567555719403,0.0,11.63497008680696,"a small, blue bird",98
134,19,Cape Glossy Starling,Gray Catbird,0.23869362125397484,0.004884077874840122,6,14,10,0.2324143091823062,0.24232870719335364,0.0,48.87178855904638,"a small, blue bird",98
134,27,Cape Glossy Starling,Shiny Cowbird,0.12270359451659692,0.01024584527121511,6,10,10,0.11089791915282654,0.13377278522126812,0.0,11.975936709618972,"a small, blue bird",98
134,49,Cape Glossy Starling,Boat tailed Grackle,0.12487878408959584,0.0011339822883996648,9,19,10,0.12384283727798706,0.12635052114179124,0.0,110.12410445643486,"a small, blue bird",98
134,82,Cape Glossy Starling,Ringed Kingfisher,0.23190631095535388,0.006870145786305132,12,13,10,0.222604718286048,0.23665076708783728,0.0,33.75566081637999,"a small, blue bird",98
134,136,Cape Glossy Starling,Barn Swallow,0.09383894307936476,0.005712577381178365,3,15,10,0.08773699026154394,0.09759682159354752,0.0,16.42672594197426,"a small, blue bird",98
134,160,Cape Glossy Starling,Black throated Blue Warbler,0.002973433199949619,0.002505034971234015,3,16,10,0.0004328050002961936,0.005135666944232236,0.0,1.1869827099850354,"a small, blue bird",98
136,9,Barn Swallow,Brewer Blackbird,0.012296230463289056,0.008758184638024162,6,12,15,0.0016146293702773429,0.02084791815503706,0.0,1.4039702255762336,"a small, blue bird",98
136,11,Barn Swallow,Rusty Blackbird,0.055869665002326964,0.013089284925062514,6,10,15,0.041934876895452944,0.07111522220493105,0.0,4.268351198550427,"a small, blue bird",98
136,19,Barn Swallow,Gray Catbird,0.14129528356105533,0.0017829731229754107,6,14,15,0.13906182491455787,0.14289418329230852,0.0,79.24700695769094,"a small, blue bird",98
136,27,Barn Swallow,Shiny Cowbird,0.017572440005323247,0.012673653313770657,9,10,15,0.003637721043621256,0.03281806561002654,0.0,1.3865331147131223,"a small, blue bird",98
136,49,Barn Swallow,Boat tailed Grackle,0.023603237290668044,0.00984799768271569,3,15,11,0.01379143724496823,0.03239896228189378,0.0,2.3967549596094586,"a small, blue bird",98
136,70,Barn Swallow,Green Violetear,0.03995495048747514,0.009460197627333545,3,15,14,0.030740424885421745,0.04869091022282758,0.0,4.22347947233248,"a small, blue bird",98
136,79,Barn Swallow,Belted Kingfisher,0.15291165462109726,0.013089284979541536,6,10,15,0.13897686642893414,0.1681572118663459,0.0,11.682200735060391,"a small, blue bird",98
136,82,Barn Swallow,Ringed Kingfisher,0.13078522304667672,0.008782993896881804,6,13,15,0.12304584037086685,0.14183145213539572,0.0,14.89073368002888,"a small, blue bird",98
136,160,Barn Swallow,Black throated Blue Warbler,0.09250044708375822,0.0012470939359901024,9,15,13,0.09147717152949175,0.0941471346697581,0.0,74.17279832745459,"a small, blue bird",98
160,9,Black throated Blue Warbler,Brewer Blackbird,0.11165095963207221,0.004089631491933236,6,12,13,0.10653822554953252,0.11534808073346758,0.0,27.300982943084676,"a small, blue bird",98
160,11,Black throated Blue Warbler,Rusty Blackbird,0.1522116148481992,0.010555113668516209,3,10,13,0.14239647512808512,0.16243557012454393,0.0,14.420651412575054,"a small, blue bird",98
160,19,Black throated Blue Warbler,Gray Catbird,0.23633626348914583,0.0021525664727381527,6,14,13,0.23356354152549463,0.237883676352861,0.0,109.79278288150778,"a small, blue bird",98
160,27,Black throated Blue Warbler,Shiny Cowbird,0.11391438985119547,0.010555214596796612,3,10,13,0.10409912288127869,0.1241384142355586,0.0,10.79223816775596,"a small, blue bird",98
160,49,Black throated Blue Warbler,Boat tailed Grackle,0.12105650714898612,0.00356448989676713,9,16,11,0.11688299625416954,0.12511230789983685,0.0,33.96180396662603,"a small, blue bird",98
160,70,Black throated Blue Warbler,Green Violetear,0.13532372898729333,3.148867620101107e-08,15,16,13,0.13532370096742397,0.13532377126941597,0.0,4297399.8247383805,"a small, blue bird",98
160,79,Black throated Blue Warbler,Belted Kingfisher,0.2492536044669695,0.009001431125618749,12,10,13,0.2389471921451739,0.260040976224039,0.0,27.690441770962906,"a small, blue bird",98
160,82,Black throated Blue Warbler,Ringed Kingfisher,0.22811976533599593,0.0050837302388170085,9,13,13,0.2215803896580698,0.2329342860122895,0.0,44.87251576594418,"a small, blue bird",98
160,134,Black throated Blue Warbler,Cape Glossy Starling,0.002973433199949619,0.002136301001451792,12,16,10,0.0002756577293936413,0.005226038723010529,0.0,1.3918606022920301,"a small, blue bird",98
160,136,Black throated Blue Warbler,Barn Swallow,0.09250044708375822,0.0012098588289775212,18,15,13,0.09147717152949175,0.0941471346697581,0.0,76.45557051104619,"a small, blue bird",98
7,10,Parakeet Auklet,Red winged Blackbird,0.10443872640581602,0.008243275209108385,3,12,11,0.09565598313636066,0.11012886039697219,0.0,12.669566858297676,a red belly,76
7,36,Parakeet Auklet,Northern Flicker,0.034588285992377954,0.008983898628738763,3,12,11,0.02538908240398598,0.04216819140869322,0.0,3.850030751447128,a red belly,76
7,58,Parakeet Auklet,Pigeon Guillemot,0.0880741033984385,0.014760792639954449,6,12,11,0.07834478645629961,0.1071287774818751,0.0,5.966759749342535,a red belly,76
7,61,Parakeet Auklet,Heermann Gull,0.17849503642779363,0.005179221342617422,6,11,11,0.17180869042576197,0.18183823425151824,0.0,34.46368181343722,a red belly,76
7,67,Parakeet Auklet,Anna Hummingbird,0.05204017062803379,0.0049382426770213685,12,11,11,0.048696939708727904,0.058726582821228,0.0,10.538196281776292,a red belly,76
7,84,Parakeet Auklet,Red legged Kittiwake,0.12091282357049433,0.003574641851788969,6,10,11,0.11774867120085819,0.12540414111638853,0.0,33.8251574702951,a red belly,76
7,141,Parakeet Auklet,Artic Tern,0.1408069204926308,1.492432275155446e-08,3,12,11,0.14080690455199155,0.14080692910919257,0.0,9434095.519171663,a red belly,76
7,188,Parakeet Auklet,Pileated Woodpecker,0.002345810045893478,4.805358936652364e-08,6,12,11,0.0023457480124374763,0.0023458416301301854,0.0,48815.525776350594,a red belly,76
10,7,Red winged Blackbird,Parakeet Auklet,0.10443872640581602,0.007029888718793407,12,12,11,0.09500224065603025,0.11023684829877922,0.0,14.856384015262938,a red belly,76
10,36,Red winged Blackbird,Northern Flicker,0.06973880563401776,0.010471089179459301,6,13,12,0.05812694778549343,0.08153874855012921,0.0,6.660129088018974,a red belly,76
10,61,Red winged Blackbird,Heermann Gull,0.06210924239401768,0.018999339393253937,3,11,12,0.04749074593459726,0.08207407037898172,0.0,3.2690211541145313,a red belly,76
10,83,Red winged Blackbird,White breasted Kingfisher,0.08085378287189811,0.03686815270705173,3,10,12,0.04158945489806766,0.10644856552072862,0.0,2.1930521855042726,a red belly,76
10,84,Red winged Blackbird,Red legged Kittiwake,0.025467542830591494,0.03557653688777372,3,10,12,0.002195803795089024,0.06347621986965626,0.0,0.7158522177190285,a red belly,76
10,141,Red winged Blackbird,Artic Tern,0.0363681940868148,0.0071388906818856115,9,12,12,0.030570080810413347,0.04580468845316232,0.0,5.09437610159824,a red belly,76
10,185,Red winged Blackbird,Bohemian Waxwing,0.010811521148783884,0.008243277510609848,3,12,12,0.005121390112455926,0.019594267373067454,0.0,1.3115561296531526,a red belly,76
10,189,Red winged Blackbird,Red bellied Woodpecker,0.12428413644730858,0.011815819883230503,3,16,12,0.11634837763106912,0.13689415745681088,0.0,10.518452182330511,a red belly,76
36,61,Northern Flicker,Heermann Gull,0.14270455913718436,0.013554549244896191,3,11,17,0.12849080279656613,0.15324113921646193,0.0,10.528167078694258,a red belly,76
36,83,Northern Flicker,White breasted Kingfisher,0.02270271849863244,0.015357260943984073,3,10,17,0.007637491238153488,0.03674962141309389,0.0,1.4783051860590748,a red belly,76
36,141,Northern Flicker,Artic Tern,0.10621863450025286,0.008035445666136627,6,12,17,0.09834006145085283,0.11600228145580782,0.0,13.218760837954006,a red belly,76
36,185,Northern Flicker,Bohemian Waxwing,0.08066196156222194,0.00778028539510068,9,12,17,0.07278338337252865,0.09044560337748364,0.0,10.367481069865132,a red belly,76
36,188,Northern Flicker,Pileated Woodpecker,0.032242475946484474,0.008983848150710275,3,12,17,0.02304332971066387,0.03982235085682957,0.0,3.588938214672117,a red belly,76
58,7,Pigeon Guillemot,Parakeet Auklet,0.0880741033984385,0.016503067872358366,3,12,11,0.07836498444634167,0.10570977592063839,0.0,5.336832162013976,a red belly,76
58,10,Pigeon Guillemot,Red winged Blackbird,0.010162971052274483,0.007002794137935257,6,13,12,0.004346802295855379,0.019065056007770975,0.0,1.451273713126703,a red belly,76
58,36,Pigeon Guillemot,Northern Flicker,0.0624737027789802,4.3105522157514864e-08,3,13,15,0.06247366705468978,0.062473747204399285,0.0,1449286.5499725547,a red belly,76
58,83,Pigeon Guillemot,White breasted Kingfisher,0.07367544147737737,0.018658857928002544,9,10,15,0.04879703454566797,0.08616586643985757,0.0,3.9485504288480255,a red belly,76
58,137,Pigeon Guillemot,Cliff Swallow,0.1534826951404944,0.014760738896919532,6,12,15,0.1344280919474956,0.1632120829730711,0.0,10.398036046971008,a red belly,76
58,185,Pigeon Guillemot,Bohemian Waxwing,0.027176144156161392,0.01650306492586657,3,12,15,0.009540474588789727,0.036885266063086446,0.0,1.646733153907631,a red belly,76
58,188,Pigeon Guillemot,Pileated Woodpecker,0.08572829335254502,0.016503040931711233,3,12,15,0.07601923175301956,0.10336393536877475,0.0,5.194696765407646,a red belly,76
58,189,Pigeon Guillemot,Red bellied Woodpecker,0.11360868633446031,0.01050124289384454,9,13,14,0.10558179216393171,0.127557501081201,0.0,10.818594281847831,a red belly,76
61,10,Heermann Gull,Red winged Blackbird,0.06210924239401768,0.01645391056968033,9,11,12,0.047052393583825514,0.08345589299896705,0.0,3.7747404865984766,a red belly,76
61,58,Heermann Gull,Pigeon Guillemot,0.09010351211760166,0.03368858786168248,3,11,15,0.05736376649593502,0.1213025593287443,0.0,2.6746004458504213,a red belly,76
61,67,Heermann Gull,Anna Hummingbird,0.23053520705582742,5.12714540452428e-08,6,11,19,0.23053517396024614,0.23053527324698997,0.0,4496277.998560459,a red belly,76
61,83,Heermann Gull,White breasted Kingfisher,0.16302103900091727,0.015852552455938036,3,10,19,0.15386852386479954,0.17995312074826272,0.0,10.283583003036803,a red belly,76
61,84,Heermann Gull,Red legged Kittiwake,0.05795536618239353,0.015852641837025266,3,10,13,0.048802839150420274,0.07488754119154406,0.0,3.6558806269991986,a red belly,76
61,137,Heermann Gull,Cliff Swallow,0.06324609567070416,0.0007088137728414242,3,11,18,0.06248901309897684,0.06365532949325947,0.0,89.22808501299465,a red belly,76
61,188,Heermann Gull,Pileated Woodpecker,0.16885103325468862,0.004021567167074766,6,11,18,0.16365921236710235,0.17144699404221364,0.0,41.986376503944406,a red belly,76
61,189,Heermann Gull,Red bellied Woodpecker,0.1869483469499984,0.018195508648750327,3,11,14,0.1682824478106967,0.20222601307640753,0.0,10.274422691259234,a red belly,76
67,7,Anna Hummingbird,Parakeet Auklet,0.05204017062803379,0.005179272614071467,6,11,11,0.048696939708727904,0.058726582821228,0.0,10.047775912895387,a red belly,76
67,10,Anna Hummingbird,Red winged Blackbird,0.16842596466180973,0.01899937873533836,3,11,12,0.1484611035812644,0.18304452234805552,0.0,8.864814318358574,a red belly,76
67,58,Anna Hummingbird,Pigeon Guillemot,0.14043169493822574,0.03368853960775617,3,11,15,0.10923270895390848,0.17317140746431112,0.0,4.168530205498294,a red belly,76
67,61,Anna Hummingbird,Heermann Gull,0.23053520705582742,4.964337191355519e-08,9,11,19,0.23053517396024614,0.23053527324698997,0.0,4643732.978579204,a red belly,76
67,83,Anna Hummingbird,White breasted Kingfisher,0.06109763357293233,0.005122332621497095,9,10,19,0.05426785674445955,0.06451256610758505,0.0,11.927697413595084,a red belly,76
67,84,Anna Hummingbird,Red legged Kittiwake,0.16616330639145607,0.005044200701736547,12,10,13,0.15933342635452286,0.1695782464099227,0.0,32.9414541933889,a red belly,76
67,141,Anna Hummingbird,Artic Tern,0.1892711838222719,0.025274619581957113,3,11,17,0.17467887540296356,0.2162669543979923,0.0,7.488586848994517,a red belly,76
67,185,Anna Hummingbird,Bohemian Waxwing,0.1754242872132783,0.004430966608636474,3,11,18,0.17069158064938525,0.1779825069775448,0.0,39.590523393194886,a red belly,76
67,188,Anna Hummingbird,Pileated Woodpecker,0.06168417380113881,0.00449630610405849,3,11,18,0.05908818495240569,0.06648667186616805,0.0,13.718855513805456,a red belly,76
67,189,Anna Hummingbird,Red bellied Woodpecker,0.04358686010582902,0.018195465344837812,3,11,14,0.02830925520624524,0.06225272614954944,0.0,2.3954792734003614,a red belly,76
83,7,White breasted Kingfisher,Parakeet Auklet,0.01584715075197059,0.003996587640868781,3,10,11,0.012774761964012154,0.02004754221255699,0.0,3.965170333299773,a red belly,76
83,10,White breasted Kingfisher,Red winged Blackbird,0.08085378287189811,0.03686815270705173,3,10,12,0.04158945489806766,0.10644856552072862,0.0,2.1930521855042726,a red belly,76
83,36,White breasted Kingfisher,Northern Flicker,0.02270271849863244,0.015357260943984073,3,10,17,0.007637491238153488,0.03674962141309389,0.0,1.4783051860590748,a red belly,76
83,58,White breasted Kingfisher,Pigeon Guillemot,0.07367544147737737,0.0215453932950065,3,10,15,0.050660353990714904,0.08616074429019502,0.0,3.4195449795308828,a red belly,76
83,61,White breasted Kingfisher,Heermann Gull,0.1630210390009173,0.01372871314166773,9,10,19,0.15386851945275792,0.18132598985640336,0.0,11.874458829958439,a red belly,76
83,67,White breasted Kingfisher,Anna Hummingbird,0.06109763357293233,0.0059147602358002975,3,10,19,0.054780087800574195,0.06451256169554341,0.0,10.329688969097463,a red belly,76
83,84,White breasted Kingfisher,Red legged Kittiwake,0.10506567281852375,9.967748425196935e-08,3,10,13,0.10506557514467701,0.10506576413112866,0.0,1054045.650944456,a red belly,76
83,137,White breasted Kingfisher,Cliff Swallow,0.22285891949512857,0.004427347385873145,3,10,18,0.2181250052085985,0.2256242431521831,0.0,50.336894763644175,a red belly,76
83,141,White breasted Kingfisher,Artic Tern,0.12997510587331537,0.014468699131956527,6,10,17,0.11268753553749855,0.14474539103118456,0.0,8.983192246859328,a red belly,76
83,188,White breasted Kingfisher,Pileated Woodpecker,0.008477712533801992,0.0036175520535368377,3,10,18,0.005061955081026054,0.011934837468260389,0.0,2.3434942762385242,a red belly,76
83,189,White breasted Kingfisher,Red bellied Woodpecker,0.02442926872527995,0.02037433993762055,9,10,14,0.00017532239017525875,0.04715315351393001,0.0,1.1990213572010295,a red belly,76
84,7,Red legged Kittiwake,Parakeet Auklet,0.12091282357049433,0.00399657108790793,3,10,11,0.1178405205605271,0.1251132169802809,0.0,30.2541405821794,a red belly,76
84,10,Red legged Kittiwake,Red winged Blackbird,0.025467542830591494,0.03557653688777372,3,10,12,0.002195803795089024,0.06347621986965626,0.0,0.7158522177190285,a red belly,76
84,36,Red legged Kittiwake,Northern Flicker,0.08236295431989131,0.013735862613616484,6,10,13,0.0676398905894402,0.09828403920890205,0.0,5.996198173403975,a red belly,76
84,61,Red legged Kittiwake,Heermann Gull,0.05795536618239353,0.015852641837025266,3,10,13,0.048802839150420274,0.07488754119154406,0.0,3.6558806269991986,a red belly,76
84,83,Red legged Kittiwake,White breasted Kingfisher,0.10506567281852375,9.967748425196935e-08,3,10,13,0.10506557514467701,0.10506576413112866,0.0,1054045.650944456,a red belly,76
84,137,Red legged Kittiwake,Cliff Swallow,0.1177932466766048,0.004427260489343569,3,10,13,0.11305942565187985,0.12055855843780382,0.0,26.606351023059787,a red belly,76
84,141,Red legged Kittiwake,Artic Tern,0.024909433054791614,0.01617654107196288,3,10,13,0.008612093598807491,0.039067161475469826,0.0,1.5398491520801505,a red belly,76
84,185,Red legged Kittiwake,Bohemian Waxwing,0.012818862750916407,0.004222064096890996,3,10,13,0.0090816288925837,0.017047051993630675,0.0,3.0361601467205768,a red belly,76
84,188,Red legged Kittiwake,Pileated Woodpecker,0.09658796028472176,0.003132978177988747,9,10,13,0.0929462167439099,0.10018102871621093,0.0,30.829439200211134,a red belly,76
84,189,Red legged Kittiwake,Red bellied Woodpecker,0.12937805995035354,0.020217509803896024,12,10,13,0.10489035791216239,0.15221872312399332,0.0,6.399307392398167,a red belly,76
137,7,Cliff Swallow,Parakeet Auklet,0.2415567985389329,1.2278584006451728e-07,3,12,11,0.24155666739162293,0.2415568694293707,0.0,1967285.7320215176,a red belly,76
137,10,Cliff Swallow,Red winged Blackbird,0.1371180721331169,0.008243322143638297,3,12,12,0.13142799839883285,0.14590087565944437,0.0,16.633836422649402,a red belly,76
137,36,Cliff Swallow,Northern Flicker,0.20696851254655493,0.008983921178273738,3,12,17,0.19938866738711183,0.21616777639181906,0.0,23.03765899282815,a red belly,76
137,58,Cliff Swallow,Pigeon Guillemot,0.1534826951404944,0.016503007785818667,3,12,15,0.13584708287516664,0.16319187434946336,0.0,9.300286173474667,a red belly,76
137,61,Cliff Swallow,Heermann Gull,0.06324609567070416,0.0006138507338329657,9,11,18,0.06242762802559354,0.06365532949325947,0.0,103.0317177805676,a red belly,76
137,67,Cliff Swallow,Anna Hummingbird,0.2937813027265316,0.000708756449613149,3,11,18,0.2930242813816296,0.2941905034535056,0.0,414.5024746827769,a red belly,76
137,83,Cliff Swallow,White breasted Kingfisher,0.22285891949512857,0.003959939885927337,6,10,18,0.21775395766847305,0.22564789234593052,0.0,56.27835923238042,a red belly,76
137,84,Cliff Swallow,Red legged Kittiwake,0.1177932466766048,0.003959862163308484,6,10,13,0.11268838805840975,0.12058221204359287,0.0,29.74680475959829,a red belly,76
137,141,Cliff Swallow,Artic Tern,0.10074987804630209,9.341081408332716e-08,9,12,17,0.10074975349854998,0.10074994032017814,0.0,1078556.0588345826,a red belly,76
137,185,Cliff Swallow,Bohemian Waxwing,0.126306550984333,1.0443758202770963e-07,6,12,18,0.12630641615599436,0.12630661839850232,0.0,1209385.9235930776,a red belly,76
137,189,Cliff Swallow,Red bellied Woodpecker,0.2536906444946024,0.014165073670628605,15,12,14,0.239412997180801,0.2721440882210898,0.0,17.909588779811457,a red belly,76
141,7,Artic Tern,Parakeet Auklet,0.1408069204926308,1.492432275155446e-08,3,12,11,0.14080690455199155,0.14080692910919257,0.0,9434095.519171663,a red belly,76
141,10,Artic Tern,Red winged Blackbird,0.0363681940868148,0.008243280913803937,3,12,12,0.030678067419736117,0.045150944680347645,0.0,4.411859120499207,a red belly,76
141,36,Artic Tern,Northern Flicker,0.10621863450025286,0.00898390136949379,3,12,17,0.09863873640801508,0.11541784541272232,0.0,11.823219124946233,a red belly,76
141,58,Artic Tern,Pigeon Guillemot,0.05273281709419231,0.014760786107584982,6,12,15,0.033678151627317465,0.06246214265289296,0.0,3.572493816133716,a red belly,76
141,61,Artic Tern,Heermann Gull,0.041264023233555526,0.022606255724827325,6,11,17,0.012079472586101425,0.05585629855728258,0.0,1.8253364791592608,a red belly,76
141,67,Artic Tern,Anna Hummingbird,0.1892711838222719,0.02188846262896249,9,11,17,0.17467887540296356,0.21845580066088854,0.0,8.647075266180824,a red belly,76
141,137,Artic Tern,Cliff Swallow,0.10074987804630209,9.647427394722213e-08,6,12,17,0.10074975349854998,0.10074994032017814,0.0,1044307.768448716,a red belly,76
141,185,Artic Tern,Bohemian Waxwing,0.025556672938030916,8.903249101478817e-09,3,12,17,0.025556663428488374,0.02555667807832418,0.0,2870165.990053722,a red belly,76
141,189,Artic Tern,Red bellied Woodpecker,0.15294076644830026,0.016760444040839338,3,12,14,0.13916814940567862,0.17026286337449975,0.0,9.125102298394484,a red belly,76
185,7,Bohemian Waxwing,Parakeet Auklet,0.11525024755459991,5.214402743503969e-09,9,12,11,0.1152502406020629,0.11525025103086839,0.0,22098053.251620796,a red belly,76
185,36,Bohemian Waxwing,Northern Flicker,0.08066196156222194,0.008983899734466984,3,12,17,0.0730820591007349,0.08986116810544213,0.0,8.978501979912082,a red belly,76
185,61,Bohemian Waxwing,Heermann Gull,0.05511091984254912,0.0044310239318647495,3,11,18,0.052552666982701335,0.05984368763326753,0.0,12.43751346811588,a red belly,76
185,83,Bohemian Waxwing,White breasted Kingfisher,0.10635121024692935,0.01618130122710172,3,10,18,0.08907635757653713,0.11714065609077862,0.0,6.572475769886261,a red belly,76
185,84,Bohemian Waxwing,Red legged Kittiwake,0.012818862750916407,0.004222064096890996,3,10,13,0.0090816288925837,0.017047051993630675,0.0,3.0361601467205768,a red belly,76
185,137,Bohemian Waxwing,Cliff Swallow,0.126306550984333,1.0112125397852106e-07,9,12,18,0.12630641615599436,0.12630661839850232,0.0,1249048.0187591666,a red belly,76
185,141,Bohemian Waxwing,Artic Tern,0.025556672938030916,8.903249101478817e-09,3,12,17,0.025556663428488374,0.02555667807832418,0.0,2870165.990053722,a red belly,76
185,189,Bohemian Waxwing,Red bellied Woodpecker,0.12738409351026936,0.016760452530180804,3,12,14,0.11361147132735444,0.1447061999460114,0.0,7.600277693772683,a red belly,76
188,7,Pileated Woodpecker,Parakeet Auklet,0.002345810045893478,5.3725546193185115e-08,3,12,11,0.002345752636571241,0.002345841573379315,0.0,43662.02951998112,a red belly,76
188,10,Pileated Woodpecker,Red winged Blackbird,0.10209291635992253,0.007372961919605089,6,12,12,0.09265649264359277,0.10789100780366645,0.0,13.846933899740511,a red belly,76
188,36,Pileated Woodpecker,Northern Flicker,0.032242475946484474,0.008983848150710275,3,12,17,0.02304332971066387,0.03982235085682957,0.0,3.588938214672117,a red belly,76
188,58,Pileated Woodpecker,Pigeon Guillemot,0.08572829335254502,0.014760768543507111,6,12,15,0.07599903844386213,0.10478293698676233,0.0,5.807847544933348,a red belly,76
188,61,Pileated Woodpecker,Heermann Gull,0.16885103325468862,0.004021567167074766,6,11,18,0.16365921236710235,0.17144699404221364,0.0,41.986376503944406,a red belly,76
188,83,Pileated Woodpecker,White breasted Kingfisher,0.008477712533801992,0.0036175520535368377,3,10,18,0.005061955081026054,0.011934837468260389,0.0,2.3434942762385242,a red belly,76
188,84,Pileated Woodpecker,Red legged Kittiwake,0.09658796028472176,0.003617651588854053,3,10,13,0.09313073767641664,0.1000038090501026,0.0,26.699077532952366,a red belly,76
188,141,Pileated Woodpecker,Artic Tern,0.13846111044673734,6.265470694645142e-08,3,12,17,0.13846106297861224,0.13846117647262132,0.0,2209872.2876923704,a red belly,76
188,185,Pileated Woodpecker,Bohemian Waxwing,0.11290443750870642,5.100645843759108e-08,6,12,18,0.11290439897193272,0.11290450301843091,0.0,2213488.790994122,a red belly,76
188,189,Pileated Woodpecker,Red bellied Woodpecker,0.014479656001562943,0.014991045403303016,6,12,14,0.00020187576386776485,0.03293327309316274,0.0,0.9658870086142702,a red belly,76
189,7,Red bellied Woodpecker,Parakeet Auklet,0.013563094121382605,0.015027375178683432,3,12,11,0.0024345775687685035,0.029455958822508205,0.0,0.9025590936013568,a red belly,76
189,36,Red bellied Woodpecker,Northern Flicker,0.05113498355548011,0.012125795993501054,3,13,14,0.043213370912008234,0.0640902688957456,0.0,4.217041386699017,a red belly,76
189,58,Red bellied Woodpecker,Pigeon Guillemot,0.11360868633446031,0.0108456370246237,6,13,14,0.10558179216393171,0.127557501081201,0.0,10.475058870774536,a red belly,76
189,61,Red bellied Woodpecker,Heermann Gull,0.1869483469499984,0.018195508648750327,3,11,14,0.1682824478106967,0.20222601307640753,0.0,10.274422691259234,a red belly,76
189,67,Red bellied Woodpecker,Anna Hummingbird,0.04358686010582902,0.0162745189573196,6,11,14,0.027714970189495425,0.06344493960349984,0.0,2.6782272469901325,a red belly,76
189,83,Red bellied Woodpecker,White breasted Kingfisher,0.02442926872527995,0.023526261295092332,3,10,14,0.001464522784253225,0.04609346235182024,0.0,1.0383829550230155,a red belly,76
189,84,Red bellied Woodpecker,Red legged Kittiwake,0.12937805995035354,0.020217509803896024,12,10,13,0.10489035791216239,0.15221872312399332,0.0,6.399307392398167,a red belly,76
189,137,Red bellied Woodpecker,Cliff Swallow,0.2536906444946024,0.016760341193784514,3,12,14,0.23991808972585676,0.27101262621413114,0.0,15.136365157861219,a red belly,76
189,141,Red bellied Woodpecker,Artic Tern,0.15294076644830026,0.014514970318074373,9,12,14,0.13866305686062286,0.17139433472253984,0.0,10.536760536624602,a red belly,76
189,185,Red bellied Woodpecker,Bohemian Waxwing,0.12738409351026936,0.014293361943515005,12,12,14,0.11310637878229868,0.14583767206509546,0.0,8.912115568384683,a red belly,76
189,188,Red bellied Woodpecker,Pileated Woodpecker,0.014479656001562943,0.014293400965731527,12,12,14,0.00020187576386776485,0.03293327309316274,0.0,1.0130308409639477,a red belly,76
