species_id,species_name,n,n_pos,n_pred_pos,n_neg,prevalence,tp,recall,attr,model
1,Black footed Albatross,30,4,0,26,0.13333333333333333,0,0.0,has_upper_tail_color::white,baseline
143,Caspian Tern,30,13,21,17,0.43333333333333335,11,0.8461538461538461,has_upper_tail_color::white,baseline
120,Fox Sparrow,30,4,0,26,0.13333333333333333,0,0.0,has_upper_tail_color::white,baseline
121,Grasshopper Sparrow,30,5,6,25,0.16666666666666666,3,0.6,has_upper_tail_color::white,baseline
122,Harris Sparrow,30,3,1,27,0.1,0,0.0,has_upper_tail_color::white,baseline
123,Henslow Sparrow,30,3,1,27,0.1,0,0.0,has_upper_tail_color::white,baseline
126,Nelson Sharp tailed Sparrow,30,3,0,27,0.1,0,0.0,has_upper_tail_color::white,baseline
127,Savannah Sparrow,30,3,1,27,0.1,0,0.0,has_upper_tail_color::white,baseline
128,Seaside Sparrow,30,0,0,30,0.0,0,,has_upper_tail_color::white,baseline
129,Song Sparrow,30,1,1,29,0.03333333333333333,0,0.0,has_upper_tail_color::white,baseline
130,Tree Sparrow,30,2,0,28,0.06666666666666667,0,0.0,has_upper_tail_color::white,baseline
131,Vesper Sparrow,30,5,4,25,0.16666666666666666,2,0.4,has_upper_tail_color::white,baseline
132,White crowned Sparrow,30,4,3,26,0.13333333333333333,1,0.25,has_upper_tail_color::white,baseline
133,White throated Sparrow,30,1,0,29,0.03333333333333333,0,0.0,has_upper_tail_color::white,baseline
134,Cape Glossy Starling,30,1,0,29,0.03333333333333333,0,0.0,has_upper_tail_color::white,baseline
135,Bank Swallow,30,4,0,26,0.13333333333333333,0,0.0,has_upper_tail_color::white,baseline
136,Barn Swallow,30,2,0,28,0.06666666666666667,0,0.0,has_upper_tail_color::white,baseline
137,Cliff Swallow,30,1,0,29,0.03333333333333333,0,0.0,has_upper_tail_color::white,baseline
138,Tree Swallow,30,1,0,29,0.03333333333333333,0,0.0,has_upper_tail_color::white,baseline
139,Scarlet Tanager,30,0,0,30,0.0,0,,has_upper_tail_color::white,baseline
140,Summer Tanager,30,0,0,30,0.0,0,,has_upper_tail_color::white,baseline
118,House Sparrow,30,2,2,28,0.06666666666666667,0,0.0,has_upper_tail_color::white,baseline
116,Chipping Sparrow,30,3,1,27,0.1,0,0.0,has_upper_tail_color::white,baseline
114,Black throated Sparrow,30,1,0,29,0.03333333333333333,0,0.0,has_upper_tail_color::white,baseline
2,Laysan Albatross,30,5,3,25,0.16666666666666666,1,0.2,has_upper_tail_color::white,baseline
92,Nighthawk,30,8,11,22,0.26666666666666666,1,0.125,has_upper_tail_color::white,baseline
93,Clark Nutcracker,30,10,3,20,0.3333333333333333,1,0.1,has_upper_tail_color::white,baseline
94,White breasted Nuthatch,30,4,3,26,0.13333333333333333,0,0.0,has_upper_tail_color::white,baseline
95,Baltimore Oriole,30,0,0,30,0.0,0,,has_upper_tail_color::white,baseline
96,Hooded Oriole,30,1,0,29,0.03333333333333333,0,0.0,has_upper_tail_color::white,baseline
98,Scott Oriole,30,1,0,29,0.03333333333333333,0,0.0,has_upper_tail_color::white,baseline
99,Ovenbird,30,0,0,30,0.0,0,,has_upper_tail_color::white,baseline
100,Brown Pelican,30,2,6,28,0.06666666666666667,1,0.5,has_upper_tail_color::white,baseline
102,Western Wood Pewee,30,0,0,30,0.0,0,,has_upper_tail_color::white,baseline
112,Great Grey Shrike,30,9,2,21,0.3,2,0.2222222222222222,has_upper_tail_color::white,baseline
103,Sayornis,30,1,0,29,0.03333333333333333,0,0.0,has_upper_tail_color::white,baseline
104,American Pipit,30,3,0,27,0.1,0,0.0,has_upper_tail_color::white,baseline
106,Horned Puffin,30,3,3,27,0.1,0,0.0,has_upper_tail_color::white,baseline
107,Common Raven,30,0,0,30,0.0,0,,has_upper_tail_color::white,baseline
108,White necked Raven,30,0,0,30,0.0,0,,has_upper_tail_color::white,baseline
109,American Redstart,30,0,0,30,0.0,0,,has_upper_tail_color::white,baseline
110,Geococcyx,30,5,2,25,0.16666666666666666,0,0.0,has_upper_tail_color::white,baseline
111,Loggerhead Shrike,30,8,3,22,0.26666666666666666,2,0.25,has_upper_tail_color::white,baseline
142,Black Tern,30,10,5,20,0.3333333333333333,2,0.2,has_upper_tail_color::white,baseline
144,Common Tern,30,12,19,18,0.4,9,0.75,has_upper_tail_color::white,baseline
90,Red breasted Merganser,30,5,2,25,0.16666666666666666,0,0.0,has_upper_tail_color::white,baseline
145,Elegant Tern,30,12,23,18,0.4,11,0.9166666666666666,has_upper_tail_color::white,baseline
176,Prairie Warbler,30,0,0,30,0.0,0,,has_upper_tail_color::white,baseline
177,Prothonotary Warbler,30,0,0,30,0.0,0,,has_upper_tail_color::white,baseline
180,Wilson Warbler,30,0,0,30,0.0,0,,has_upper_tail_color::white,baseline
182,Yellow Warbler,30,0,0,30,0.0,0,,has_upper_tail_color::white,baseline
183,Northern Waterthrush,30,1,0,29,0.03333333333333333,0,0.0,has_upper_tail_color::white,baseline
184,Louisiana Waterthrush,30,1,1,29,0.03333333333333333,0,0.0,has_upper_tail_color::white,baseline
185,Bohemian Waxwing,30,0,3,30,0.0,0,,has_upper_tail_color::white,baseline
186,Cedar Waxwing,30,6,0,24,0.2,0,0.0,has_upper_tail_color::white,baseline
188,Pileated Woodpecker,30,0,0,30,0.0,0,,has_upper_tail_color::white,baseline
189,Red bellied Woodpecker,30,15,22,15,0.5,11,0.7333333333333333,has_upper_tail_color::white,baseline
191,Red headed Woodpecker,30,15,2,15,0.5,2,0.13333333333333333,has_upper_tail_color::white,baseline
192,Downy Woodpecker,30,13,8,17,0.43333333333333335,2,0.15384615384615385,has_upper_tail_color::white,baseline
193,Bewick Wren,30,2,0,28,0.06666666666666667,0,0.0,has_upper_tail_color::white,baseline
194,Cactus Wren,30,5,3,25,0.16666666666666666,0,0.0,has_upper_tail_color::white,baseline
195,Carolina Wren,30,1,0,29,0.03333333333333333,0,0.0,has_upper_tail_color::white,baseline
196,House Wren,30,3,0,27,0.1,0,0.0,has_upper_tail_color::white,baseline
197,Marsh Wren,30,2,1,28,0.06666666666666667,0,0.0,has_upper_tail_color::white,baseline
198,Rock Wren,30,1,1,29,0.03333333333333333,0,0.0,has_upper_tail_color::white,baseline
199,Winter Wren,30,3,0,27,0.1,0,0.0,has_upper_tail_color::white,baseline
175,Pine Warbler,30,4,1,26,0.13333333333333333,0,0.0,has_upper_tail_color::white,baseline
174,Palm Warbler,30,1,0,29,0.03333333333333333,0,0.0,has_upper_tail_color::white,baseline
173,Orange crowned Warbler,30,0,0,30,0.0,0,,has_upper_tail_color::white,baseline
158,Bay breasted Warbler,30,4,3,26,0.13333333333333333,1,0.25,has_upper_tail_color::white,baseline
146,Forsters Tern,30,16,22,14,0.5333333333333333,11,0.6875,has_upper_tail_color::white,baseline
147,Least Tern,30,8,18,22,0.26666666666666666,5,0.625,has_upper_tail_color::white,baseline
148,Green tailed Towhee,30,2,0,28,0.06666666666666667,0,0.0,has_upper_tail_color::white,baseline
150,Sage Thrasher,30,2,1,28,0.06666666666666667,0,0.0,has_upper_tail_color::white,baseline
152,Blue headed Vireo,30,0,0,30,0.0,0,,has_upper_tail_color::white,baseline
154,Red eyed Vireo,30,0,0,30,0.0,0,,has_upper_tail_color::white,baseline
155,Warbling Vireo,30,1,0,29,0.03333333333333333,0,0.0,has_upper_tail_color::white,baseline
156,White eyed Vireo,30,1,0,29,0.03333333333333333,0,0.0,has_upper_tail_color::white,baseline
159,Black and white Warbler,30,14,13,16,0.4666666666666667,6,0.42857142857142855,has_upper_tail_color::white,baseline
172,Nashville Warbler,30,2,1,28,0.06666666666666667,0,0.0,has_upper_tail_color::white,baseline
161,Blue winged Warbler,30,1,1,29,0.03333333333333333,0,0.0,has_upper_tail_color::white,baseline
162,Canada Warbler,30,0,0,30,0.0,0,,has_upper_tail_color::white,baseline
163,Cape May Warbler,30,2,0,28,0.06666666666666667,0,0.0,has_upper_tail_color::white,baseline
164,Cerulean Warbler,30,5,0,25,0.16666666666666666,0,0.0,has_upper_tail_color::white,baseline
165,Chestnut sided Warbler,30,3,0,27,0.1,0,0.0,has_upper_tail_color::white,baseline
167,Hooded Warbler,30,0,0,30,0.0,0,,has_upper_tail_color::white,baseline
170,Mourning Warbler,30,0,0,30,0.0,0,,has_upper_tail_color::white,baseline
171,Myrtle Warbler,30,2,1,28,0.06666666666666667,1,0.5,has_upper_tail_color::white,baseline
91,Mockingbird,30,2,1,28,0.06666666666666667,0,0.0,has_upper_tail_color::white,baseline
200,Common Yellowthroat,30,0,0,30,0.0,0,,has_upper_tail_color::white,baseline
89,Hooded Merganser,30,2,1,28,0.06666666666666667,0,0.0,has_upper_tail_color::white,baseline
26,Bronzed Cowbird,30,1,0,29,0.03333333333333333,0,0.0,has_upper_tail_color::white,baseline
61,Heermann Gull,30,10,7,20,0.3333333333333333,2,0.2,has_upper_tail_color::white,baseline
59,California Gull,30,12,20,18,0.4,8,0.6666666666666666,has_upper_tail_color::white,baseline
25,Pelagic Cormorant,30,2,0,28,0.06666666666666667,0,0.0,has_upper_tail_color::white,baseline
57,Rose breasted Grosbeak,30,5,2,25,0.16666666666666666,0,0.0,has_upper_tail_color::white,baseline
56,Pine Grosbeak,30,1,0,29,0.03333333333333333,0,0.0,has_upper_tail_color::white,baseline
55,Evening Grosbeak,30,5,0,25,0.16666666666666666,0,0.0,has_upper_tail_color::white,baseline
54,Blue Grosbeak,30,0,0,30,0.0,0,,has_upper_tail_color::white,baseline
53,Western Grebe,30,2,8,28,0.06666666666666667,0,0.0,has_upper_tail_color::white,baseline
52,Pied billed Grebe,30,3,0,27,0.1,0,0.0,has_upper_tail_color::white,baseline
51,Horned Grebe,30,2,0,28,0.06666666666666667,0,0.0,has_upper_tail_color::white,baseline
50,Eared Grebe,30,4,3,26,0.13333333333333333,1,0.25,has_upper_tail_color::white,baseline
49,Boat tailed Grackle,30,0,0,30,0.0,0,,has_upper_tail_color::white,baseline
48,European Goldfinch,30,13,5,17,0.43333333333333335,5,0.38461538461538464,has_upper_tail_color::white,baseline
47,American Goldfinch,30,12,2,18,0.4,1,0.08333333333333333,has_upper_tail_color::white,baseline
63,Ivory Gull,30,26,22,4,0.8666666666666667,21,0.8076923076923077,has_upper_tail_color::white,baseline
46,Gadwall,30,1,1,29,0.03333333333333333,0,0.0,has_upper_tail_color::white,baseline
45,Northern Fulmar,30,10,10,20,0.3333333333333333,3,0.3,has_upper_tail_color::white,baseline
44,Frigatebird,30,0,1,30,0.0,0,,has_upper_tail_color::white,baseline
88,Western Meadowlark,30,5,5,25,0.16666666666666666,2,0.4,has_upper_tail_color::white,baseline
42,Vermilion Flycatcher,30,0,0,30,0.0,0,,has_upper_tail_color::white,baseline
41,Scissor tailed Flycatcher,30,6,4,24,0.2,2,0.3333333333333333,has_upper_tail_color::white,baseline
27,Shiny Cowbird,30,0,0,30,0.0,0,,has_upper_tail_color::white,baseline
40,Olive sided Flycatcher,30,2,0,28,0.06666666666666667,0,0.0,has_upper_tail_color::white,baseline
38,Great Crested Flycatcher,30,1,0,29,0.03333333333333333,0,0.0,has_upper_tail_color::white,baseline
36,Northern Flicker,30,4,4,26,0.13333333333333333,1,0.25,has_upper_tail_color::white,baseline
29,American Crow,30,0,0,30,0.0,0,,has_upper_tail_color::white,baseline
35,Purple Finch,30,6,0,24,0.2,0,0.0,has_upper_tail_color::white,baseline
30,Fish Crow,30,0,0,30,0.0,0,,has_upper_tail_color::white,baseline
21,Eastern Towhee,30,3,0,27,0.1,0,0.0,has_upper_tail_color::white,baseline
62,Herring Gull,30,19,22,11,0.6333333333333333,15,0.7894736842105263,has_upper_tail_color::white,baseline
64,Ring billed Gull,30,12,24,18,0.4,9,0.75,has_upper_tail_color::white,baseline
73,Blue Jay,30,10,1,20,0.3333333333333333,1,0.1,has_upper_tail_color::white,baseline
87,Mallard,30,4,4,26,0.13333333333333333,0,0.0,has_upper_tail_color::white,baseline
86,Pacific Loon,30,6,10,24,0.2,3,0.5,has_upper_tail_color::white,baseline
85,Horned Lark,30,3,0,27,0.1,0,0.0,has_upper_tail_color::white,baseline
4,Groove billed Ani,30,1,0,29,0.03333333333333333,0,0.0,has_upper_tail_color::white,baseline
83,White breasted Kingfisher,30,1,0,29,0.03333333333333333,0,0.0,has_upper_tail_color::white,baseline
82,Ringed Kingfisher,30,1,0,29,0.03333333333333333,0,0.0,has_upper_tail_color::white,baseline
81,Pied Kingfisher,30,19,20,11,0.6333333333333333,12,0.631578947368421,has_upper_tail_color::white,baseline
80,Green Kingfisher,30,5,2,25,0.16666666666666666,1,0.2,has_upper_tail_color::white,baseline
79,Belted Kingfisher,30,2,3,28,0.06666666666666667,0,0.0,has_upper_tail_color::white,baseline
10,Red winged Blackbird,30,0,0,30,0.0,0,,has_upper_tail_color::white,baseline
77,Tropical Kingbird,30,1,0,29,0.03333333333333333,0,0.0,has_upper_tail_color::white,baseline
11,Rusty Blackbird,30,1,0,29,0.03333333333333333,0,0.0,has_upper_tail_color::white,baseline
74,Florida Jay,30,3,0,27,0.1,0,0.0,has_upper_tail_color::white,baseline
76,Dark eyed Junco,30,1,0,29,0.03333333333333333,0,0.0,has_upper_tail_color::white,baseline
72,Pomarine Jaeger,30,7,2,23,0.23333333333333334,1,0.14285714285714285,has_upper_tail_color::white,baseline
14,Indigo Bunting,30,0,0,30,0.0,0,,has_upper_tail_color::white,baseline
66,Western Gull,30,15,25,15,0.5,13,0.8666666666666667,has_upper_tail_color::white,baseline
71,Long tailed Jaeger,30,5,1,25,0.16666666666666666,0,0.0,has_upper_tail_color::white,baseline
67,Anna Hummingbird,30,0,0,30,0.0,0,,has_upper_tail_color::white,baseline
68,Ruby throated Hummingbird,30,3,0,27,0.1,0,0.0,has_upper_tail_color::white,baseline
31,Black billed Cuckoo,30,1,0,29,0.03333333333333333,0,0.0,has_upper_tail_color::white,baseline
69,Rufous Hummingbird,30,1,0,29,0.03333333333333333,0,0.0,has_upper_tail_color::white,baseline
13,Bobolink,30,9,5,21,0.3,2,0.2222222222222222,has_upper_tail_color::white,baseline
70,Green Violetear,30,0,0,30,0.0,0,,has_upper_tail_color::white,baseline
181,Worm eating Warbler,29,1,0,28,0.034482758620689655,0,0.0,has_upper_tail_color::white,baseline
20,Yellow breasted Chat,29,2,0,27,0.06896551724137931,0,0.0,has_upper_tail_color::white,baseline
169,Magnolia Warbler,29,5,0,24,0.1724137931034483,0,0.0,has_upper_tail_color::white,baseline
168,Kentucky Warbler,29,0,1,29,0.0,0,,has_upper_tail_color::white,baseline
28,Brown Creeper,29,6,7,23,0.20689655172413793,1,0.16666666666666666,has_upper_tail_color::white,baseline
9,Brewer Blackbird,29,0,0,29,0.0,0,,has_upper_tail_color::white,baseline
166,Golden winged Warbler,29,6,0,23,0.20689655172413793,0,0.0,has_upper_tail_color::white,baseline
23,Brandt Cormorant,29,0,0,29,0.0,0,,has_upper_tail_color::white,baseline
190,Red cockaded Woodpecker,29,10,15,19,0.3448275862068966,6,0.6,has_upper_tail_color::white,baseline
33,Yellow billed Cuckoo,29,2,0,27,0.06896551724137931,0,0.0,has_upper_tail_color::white,baseline
179,Tennessee Warbler,29,0,0,29,0.0,0,,has_upper_tail_color::white,baseline
19,Gray Catbird,29,1,0,28,0.034482758620689655,0,0.0,has_upper_tail_color::white,baseline
43,Yellow bellied Flycatcher,29,0,0,29,0.0,0,,has_upper_tail_color::white,baseline
117,Clay colored Sparrow,29,5,2,24,0.1724137931034483,0,0.0,has_upper_tail_color::white,baseline
141,Artic Tern,29,15,22,14,0.5172413793103449,13,0.8666666666666667,has_upper_tail_color::white,baseline
160,Black throated Blue Warbler,29,1,0,28,0.034482758620689655,0,0.0,has_upper_tail_color::white,baseline
119,Field Sparrow,29,6,1,23,0.20689655172413793,0,0.0,has_upper_tail_color::white,baseline
124,Le Conte Sparrow,29,1,1,28,0.034482758620689655,0,0.0,has_upper_tail_color::white,baseline
125,Lincoln Sparrow,29,2,1,27,0.06896551724137931,0,0.0,has_upper_tail_color::white,baseline
115,Brewer Sparrow,29,2,1,27,0.06896551724137931,0,0.0,has_upper_tail_color::white,baseline
60,Glaucous winged Gull,29,15,25,14,0.5172413793103449,12,0.8,has_upper_tail_color::white,baseline
78,Gray Kingbird,29,1,0,28,0.034482758620689655,0,0.0,has_upper_tail_color::white,baseline
97,Orchard Oriole,29,0,0,29,0.0,0,,has_upper_tail_color::white,baseline
149,Brown Thrasher,29,1,0,28,0.034482758620689655,0,0.0,has_upper_tail_color::white,baseline
39,Least Flycatcher,29,2,0,27,0.06896551724137931,0,0.0,has_upper_tail_color::white,baseline
153,Philadelphia Vireo,29,0,0,29,0.0,0,,has_upper_tail_color::white,baseline
37,Acadian Flycatcher,29,1,0,28,0.034482758620689655,0,0.0,has_upper_tail_color::white,baseline
157,Yellow throated Vireo,29,4,0,25,0.13793103448275862,0,0.0,has_upper_tail_color::white,baseline
34,Gray crowned Rosy Finch,29,6,1,23,0.20689655172413793,0,0.0,has_upper_tail_color::white,baseline
3,Sooty Albatross,28,1,1,27,0.03571428571428571,1,1.0,has_upper_tail_color::white,baseline
15,Lazuli Bunting,28,1,0,27,0.03571428571428571,0,0.0,has_upper_tail_color::white,baseline
16,Painted Bunting,28,0,0,28,0.0,0,,has_upper_tail_color::white,baseline
58,Pigeon Guillemot,28,4,1,24,0.14285714285714285,0,0.0,has_upper_tail_color::white,baseline
17,Cardinal,27,0,0,27,0.0,0,,has_upper_tail_color::white,baseline
75,Green Jay,27,0,0,27,0.0,0,,has_upper_tail_color::white,baseline
178,Swainson Warbler,26,0,0,26,0.0,0,,has_upper_tail_color::white,baseline
12,Yellow headed Blackbird,26,0,0,26,0.0,0,,has_upper_tail_color::white,baseline
22,Chuck will Widow,26,2,0,24,0.07692307692307693,0,0.0,has_upper_tail_color::white,baseline
7,Parakeet Auklet,23,1,1,22,0.043478260869565216,0,0.0,has_upper_tail_color::white,baseline
84,Red legged Kittiwake,23,11,18,12,0.4782608695652174,10,0.9090909090909091,has_upper_tail_color::white,baseline
32,Mangrove Cuckoo,23,1,0,22,0.043478260869565216,0,0.0,has_upper_tail_color::white,baseline
24,Red faced Cormorant,22,0,0,22,0.0,0,,has_upper_tail_color::white,baseline
151,Black capped Vireo,21,2,0,19,0.09523809523809523,0,0.0,has_upper_tail_color::white,baseline
113,Baird Sparrow,20,2,0,18,0.1,0,0.0,has_upper_tail_color::white,baseline
187,American Three toed Woodpecker,20,4,3,16,0.2,1,0.25,has_upper_tail_color::white,baseline
65,Slaty backed Gull,20,14,13,6,0.7,12,0.8571428571428571,has_upper_tail_color::white,baseline
101,White Pelican,20,12,17,8,0.6,10,0.8333333333333334,has_upper_tail_color::white,baseline
105,Whip poor Will,19,5,1,14,0.2631578947368421,1,0.2,has_upper_tail_color::white,baseline
8,Rhinoceros Auklet,18,0,0,18,0.0,0,,has_upper_tail_color::white,baseline
18,Spotted Catbird,15,0,0,15,0.0,0,,has_upper_tail_color::white,baseline
5,Crested Auklet,14,0,0,14,0.0,0,,has_upper_tail_color::white,baseline
6,Least Auklet,11,4,0,7,0.36363636363636365,0,0.0,has_upper_tail_color::white,baseline
1,Black footed Albatross,30,3,0,27,0.1,0,0.0,has_bill_shape::all-purpose,baseline
143,Caspian Tern,30,6,1,24,0.2,0,0.0,has_bill_shape::all-purpose,baseline
120,Fox Sparrow,30,6,12,24,0.2,3,0.5,has_bill_shape::all-purpose,baseline
121,Grasshopper Sparrow,30,7,4,23,0.23333333333333334,0,0.0,has_bill_shape::all-purpose,baseline
122,Harris Sparrow,30,2,2,28,0.06666666666666667,0,0.0,has_bill_shape::all-purpose,baseline
123,Henslow Sparrow,30,5,3,25,0.16666666666666666,1,0.2,has_bill_shape::all-purpose,baseline
126,Nelson Sharp tailed Sparrow,30,13,15,17,0.43333333333333335,8,0.6153846153846154,has_bill_shape::all-purpose,baseline
127,Savannah Sparrow,30,4,9,26,0.13333333333333333,0,0.0,has_bill_shape::all-purpose,baseline
128,Seaside Sparrow,30,14,8,16,0.4666666666666667,4,0.2857142857142857,has_bill_shape::all-purpose,baseline
129,Song Sparrow,30,3,6,27,0.1,1,0.3333333333333333,has_bill_shape::all-purpose,baseline
130,Tree Sparrow,30,0,4,30,0.0,0,,has_bill_shape::all-purpose,baseline
131,Vesper Sparrow,30,8,15,22,0.26666666666666666,2,0.25,has_bill_shape::all-purpose,baseline
132,White crowned Sparrow,30,0,2,30,0.0,0,,has_bill_shape::all-purpose,baseline
133,White throated Sparrow,30,4,0,26,0.13333333333333333,0,0.0,has_bill_shape::all-purpose,baseline
134,Cape Glossy Starling,30,24,14,6,0.8,9,0.375,has_bill_shape::all-purpose,baseline
135,Bank Swallow,30,11,12,19,0.36666666666666664,6,0.5454545454545454,has_bill_shape::all-purpose,baseline
136,Barn Swallow,30,12,14,18,0.4,7,0.5833333333333334,has_bill_shape::all-purpose,baseline
137,Cliff Swallow,30,11,5,19,0.36666666666666664,2,0.18181818181818182,has_bill_shape::all-purpose,baseline
138,Tree Swallow,30,11,13,19,0.36666666666666664,5,0.45454545454545453,has_bill_shape::all-purpose,baseline
139,Scarlet Tanager,30,11,16,19,0.36666666666666664,6,0.5454545454545454,has_bill_shape::all-purpose,baseline
140,Summer Tanager,30,14,9,16,0.4666666666666667,5,0.35714285714285715,has_bill_shape::all-purpose,baseline
118,House Sparrow,30,4,6,26,0.13333333333333333,1,0.25,has_bill_shape::all-purpose,baseline
116,Chipping Sparrow,30,6,3,24,0.2,0,0.0,has_bill_shape::all-purpose,baseline
114,Black throated Sparrow,30,4,27,26,0.13333333333333333,4,1.0,has_bill_shape::all-purpose,baseline
2,Laysan Albatross,30,0,1,30,0.0,0,,has_bill_shape::all-purpose,baseline
92,Nighthawk,30,7,3,23,0.23333333333333334,1,0.14285714285714285,has_bill_shape::all-purpose,baseline
93,Clark Nutcracker,30,11,24,19,0.36666666666666664,9,0.8181818181818182,has_bill_shape::all-purpose,baseline
94,White breasted Nuthatch,30,22,28,8,0.7333333333333333,20,0.9090909090909091,has_bill_shape::all-purpose,baseline
95,Baltimore Oriole,30,16,25,14,0.5333333333333333,14,0.875,has_bill_shape::all-purpose,baseline
96,Hooded Oriole,30,16,27,14,0.5333333333333333,13,0.8125,has_bill_shape::all-purpose,baseline
98,Scott Oriole,30,20,28,10,0.6666666666666666,19,0.95,has_bill_shape::all-purpose,baseline
99,Ovenbird,30,24,26,6,0.8,20,0.8333333333333334,has_bill_shape::all-purpose,baseline
100,Brown Pelican,30,2,1,28,0.06666666666666667,0,0.0,has_bill_shape::all-purpose,baseline
102,Western Wood Pewee,30,24,21,6,0.8,17,0.7083333333333334,has_bill_shape::all-purpose,baseline
112,Great Grey Shrike,30,6,14,24,0.2,3,0.5,has_bill_shape::all-purpose,baseline
103,Sayornis,30,20,29,10,0.6666666666666666,20,1.0,has_bill_shape::all-purpose,baseline
104,American Pipit,30,24,26,6,0.8,20,0.8333333333333334,has_bill_shape::all-purpose,baseline
106,Horned Puffin,30,4,0,26,0.13333333333333333,0,0.0,has_bill_shape::all-purpose,baseline
107,Common Raven,30,14,13,16,0.4666666666666667,7,0.5,has_bill_shape::all-purpose,baseline
108,White necked Raven,30,3,5,27,0.1,0,0.0,has_bill_shape::all-purpose,baseline
109,American Redstart,30,18,24,12,0.6,15,0.8333333333333334,has_bill_shape::all-purpose,baseline
110,Geococcyx,30,11,8,19,0.36666666666666664,3,0.2727272727272727,has_bill_shape::all-purpose,baseline
111,Loggerhead Shrike,30,7,11,23,0.23333333333333334,1,0.14285714285714285,has_bill_shape::all-purpose,baseline
142,Black Tern,30,18,9,12,0.6,7,0.3888888888888889,has_bill_shape::all-purpose,baseline
144,Common Tern,30,9,2,21,0.3,1,0.1111111111111111,has_bill_shape::all-purpose,baseline
90,Red breasted Merganser,30,3,1,27,0.1,0,0.0,has_bill_shape::all-purpose,baseline
145,Elegant Tern,30,2,3,28,0.06666666666666667,0,0.0,has_bill_shape::all-purpose,baseline
176,Prairie Warbler,30,25,30,5,0.8333333333333334,25,1.0,has_bill_shape::all-purpose,baseline
177,Prothonotary Warbler,30,25,30,5,0.8333333333333334,25,1.0,has_bill_shape::all-purpose,baseline
180,Wilson Warbler,30,23,29,7,0.7666666666666667,22,0.9565217391304348,has_bill_shape::all-purpose,baseline
182,Yellow Warbler,30,24,30,6,0.8,24,1.0,has_bill_shape::all-purpose,baseline
183,Northern Waterthrush,30,25,29,5,0.8333333333333334,24,0.96,has_bill_shape::all-purpose,baseline
184,Louisiana Waterthrush,30,27,28,3,0.9,25,0.9259259259259259,has_bill_shape::all-purpose,baseline
185,Bohemian Waxwing,30,12,4,18,0.4,1,0.08333333333333333,has_bill_shape::all-purpose,baseline
186,Cedar Waxwing,30,12,24,18,0.4,9,0.75,has_bill_shape::all-purpose,baseline
188,Pileated Woodpecker,30,2,9,28,0.06666666666666667,0,0.0,has_bill_shape::all-purpose,baseline
189,Red bellied Woodpecker,30,7,4,23,0.23333333333333334,0,0.0,has_bill_shape::all-purpose,baseline
191,Red headed Woodpecker,30,11,8,19,0.36666666666666664,3,0.2727272727272727,has_bill_shape::all-purpose,baseline
192,Downy Woodpecker,30,14,12,16,0.4666666666666667,6,0.42857142857142855,has_bill_shape::all-purpose,baseline
193,Bewick Wren,30,20,23,10,0.6666666666666666,16,0.8,has_bill_shape::all-purpose,baseline
194,Cactus Wren,30,13,15,17,0.43333333333333335,5,0.38461538461538464,has_bill_shape::all-purpose,baseline
195,Carolina Wren,30,20,27,10,0.6666666666666666,19,0.95,has_bill_shape::all-purpose,baseline
196,House Wren,30,23,25,7,0.7666666666666667,19,0.8260869565217391,has_bill_shape::all-purpose,baseline
197,Marsh Wren,30,15,20,15,0.5,8,0.5333333333333333,has_bill_shape::all-purpose,baseline
198,Rock Wren,30,14,22,16,0.4666666666666667,11,0.7857142857142857,has_bill_shape::all-purpose,baseline
199,Winter Wren,30,26,29,4,0.8666666666666667,25,0.9615384615384616,has_bill_shape::all-purpose,baseline
175,Pine Warbler,30,25,30,5,0.8333333333333334,25,1.0,has_bill_shape::all-purpose,baseline
174,Palm Warbler,30,26,29,4,0.8666666666666667,25,0.9615384615384616,has_bill_shape::all-purpose,baseline
173,Orange crowned Warbler,30,23,29,7,0.7666666666666667,22,0.9565217391304348,has_bill_shape::all-purpose,baseline
158,Bay breasted Warbler,30,21,28,9,0.7,19,0.9047619047619048,has_bill_shape::all-purpose,baseline
146,Forsters Tern,30,5,0,25,0.16666666666666666,0,0.0,has_bill_shape::all-purpose,baseline
147,Least Tern,30,4,4,26,0.13333333333333333,0,0.0,has_bill_shape::all-purpose,baseline
148,Green tailed Towhee,30,6,14,24,0.2,2,0.3333333333333333,has_bill_shape::all-purpose,baseline
150,Sage Thrasher,30,29,26,1,0.9666666666666667,26,0.896551724137931,has_bill_shape::all-purpose,baseline
152,Blue headed Vireo,30,18,27,12,0.6,15,0.8333333333333334,has_bill_shape::all-purpose,baseline
154,Red eyed Vireo,30,26,27,4,0.8666666666666667,24,0.9230769230769231,has_bill_shape::all-purpose,baseline
155,Warbling Vireo,30,24,29,6,0.8,23,0.9583333333333334,has_bill_shape::all-purpose,baseline
156,White eyed Vireo,30,21,29,9,0.7,20,0.9523809523809523,has_bill_shape::all-purpose,baseline
159,Black and white Warbler,30,26,29,4,0.8666666666666667,25,0.9615384615384616,has_bill_shape::all-purpose,baseline
172,Nashville Warbler,30,23,29,7,0.7666666666666667,22,0.9565217391304348,has_bill_shape::all-purpose,baseline
161,Blue winged Warbler,30,21,29,9,0.7,20,0.9523809523809523,has_bill_shape::all-purpose,baseline
162,Canada Warbler,30,18,30,12,0.6,18,1.0,has_bill_shape::all-purpose,baseline
163,Cape May Warbler,30,27,27,3,0.9,24,0.8888888888888888,has_bill_shape::all-purpose,baseline
164,Cerulean Warbler,30,23,28,7,0.7666666666666667,21,0.9130434782608695,has_bill_shape::all-purpose,baseline
165,Chestnut sided Warbler,30,19,18,11,0.6333333333333333,8,0.42105263157894735,has_bill_shape::all-purpose,baseline
167,Hooded Warbler,30,23,28,7,0.7666666666666667,22,0.9565217391304348,has_bill_shape::all-purpose,baseline
170,Mourning Warbler,30,18,29,12,0.6,17,0.9444444444444444,has_bill_shape::all-purpose,baseline
171,Myrtle Warbler,30,19,27,11,0.6333333333333333,18,0.9473684210526315,has_bill_shape::all-purpose,baseline
91,Mockingbird,30,19,26,11,0.6333333333333333,17,0.8947368421052632,has_bill_shape::all-purpose,baseline
200,Common Yellowthroat,30,25,24,5,0.8333333333333334,19,0.76,has_bill_shape::all-purpose,baseline
89,Hooded Merganser,30,3,3,27,0.1,0,0.0,has_bill_shape::all-purpose,baseline
26,Bronzed Cowbird,30,15,19,15,0.5,9,0.6,has_bill_shape::all-purpose,baseline
61,Heermann Gull,30,4,3,26,0.13333333333333333,0,0.0,has_bill_shape::all-purpose,baseline
59,California Gull,30,2,3,28,0.06666666666666667,0,0.0,has_bill_shape::all-purpose,baseline
25,Pelagic Cormorant,30,0,2,30,0.0,0,,has_bill_shape::all-purpose,baseline
57,Rose breasted Grosbeak,30,1,8,29,0.03333333333333333,0,0.0,has_bill_shape::all-purpose,baseline
56,Pine Grosbeak,30,4,11,26,0.13333333333333333,1,0.25,has_bill_shape::all-purpose,baseline
55,Evening Grosbeak,30,2,22,28,0.06666666666666667,1,0.5,has_bill_shape::all-purpose,baseline
54,Blue Grosbeak,30,2,16,28,0.06666666666666667,1,0.5,has_bill_shape::all-purpose,baseline
53,Western Grebe,30,0,0,30,0.0,0,,has_bill_shape::all-purpose,baseline
52,Pied billed Grebe,30,6,3,24,0.2,1,0.16666666666666666,has_bill_shape::all-purpose,baseline
51,Horned Grebe,30,12,0,18,0.4,0,0.0,has_bill_shape::all-purpose,baseline
50,Eared Grebe,30,10,0,20,0.3333333333333333,0,0.0,has_bill_shape::all-purpose,baseline
49,Boat tailed Grackle,30,16,26,14,0.5333333333333333,15,0.9375,has_bill_shape::all-purpose,baseline
48,European Goldfinch,30,6,2,24,0.2,0,0.0,has_bill_shape::all-purpose,baseline
47,American Goldfinch,30,1,18,29,0.03333333333333333,0,0.0,has_bill_shape::all-purpose,baseline
63,Ivory Gull,30,12,14,18,0.4,7,0.5833333333333334,has_bill_shape::all-purpose,baseline
46,Gadwall,30,0,1,30,0.0,0,,has_bill_shape::all-purpose,baseline
45,Northern Fulmar,30,7,4,23,0.23333333333333334,1,0.14285714285714285,has_bill_shape::all-purpose,baseline
44,Frigatebird,30,1,0,29,0.03333333333333333,0,0.0,has_bill_shape::all-purpose,baseline
88,Western Meadowlark,30,13,21,17,0.43333333333333335,8,0.6153846153846154,has_bill_shape::all-purpose,baseline
42,Vermilion Flycatcher,30,24,13,6,0.8,11,0.4583333333333333,has_bill_shape::all-purpose,baseline
41,Scissor tailed Flycatcher,30,20,7,10,0.6666666666666666,4,0.2,has_bill_shape::all-purpose,baseline
27,Shiny Cowbird,30,17,23,13,0.5666666666666667,14,0.8235294117647058,has_bill_shape::all-purpose,baseline
40,Olive sided Flycatcher,30,24,25,6,0.8,19,0.7916666666666666,has_bill_shape::all-purpose,baseline
38,Great Crested Flycatcher,30,26,29,4,0.8666666666666667,25,0.9615384615384616,has_bill_shape::all-purpose,baseline
36,Northern Flicker,30,10,15,20,0.3333333333333333,6,0.6,has_bill_shape::all-purpose,baseline
29,American Crow,30,11,14,19,0.36666666666666664,4,0.36363636363636365,has_bill_shape::all-purpose,baseline
35,Purple Finch,30,2,4,28,0.06666666666666667,0,0.0,has_bill_shape::all-purpose,baseline
30,Fish Crow,30,14,17,16,0.4666666666666667,7,0.5,has_bill_shape::all-purpose,baseline
21,Eastern Towhee,30,4,10,26,0.13333333333333333,0,0.0,has_bill_shape::all-purpose,baseline
62,Herring Gull,30,6,3,24,0.2,0,0.0,has_bill_shape::all-purpose,baseline
64,Ring billed Gull,30,3,9,27,0.1,1,0.3333333333333333,has_bill_shape::all-purpose,baseline
73,Blue Jay,30,15,20,15,0.5,11,0.7333333333333333,has_bill_shape::all-purpose,baseline
87,Mallard,30,0,2,30,0.0,0,,has_bill_shape::all-purpose,baseline
86,Pacific Loon,30,5,3,25,0.16666666666666666,0,0.0,has_bill_shape::all-purpose,baseline
85,Horned Lark,30,15,15,15,0.5,6,0.4,has_bill_shape::all-purpose,baseline
4,Groove billed Ani,30,4,15,26,0.13333333333333333,0,0.0,has_bill_shape::all-purpose,baseline
83,White breasted Kingfisher,30,1,7,29,0.03333333333333333,0,0.0,has_bill_shape::all-purpose,baseline
82,Ringed Kingfisher,30,7,4,23,0.23333333333333334,1,0.14285714285714285,has_bill_shape::all-purpose,baseline
81,Pied Kingfisher,30,1,1,29,0.03333333333333333,0,0.0,has_bill_shape::all-purpose,baseline
80,Green Kingfisher,30,3,8,27,0.1,1,0.3333333333333333,has_bill_shape::all-purpose,baseline
79,Belted Kingfisher,30,5,6,25,0.16666666666666666,3,0.6,has_bill_shape::all-purpose,baseline
10,Red winged Blackbird,30,15,17,15,0.5,7,0.4666666666666667,has_bill_shape::all-purpose,baseline
77,Tropical Kingbird,30,22,29,8,0.7333333333333333,21,0.9545454545454546,has_bill_shape::all-purpose,baseline
11,Rusty Blackbird,30,16,21,14,0.5333333333333333,12,0.75,has_bill_shape::all-purpose,baseline
74,Florida Jay,30,20,28,10,0.6666666666666666,19,0.95,has_bill_shape::all-purpose,baseline
76,Dark eyed Junco,30,1,18,29,0.03333333333333333,0,0.0,has_bill_shape::all-purpose,baseline
72,Pomarine Jaeger,30,7,3,23,0.23333333333333334,1,0.14285714285714285,has_bill_shape::all-purpose,baseline
14,Indigo Bunting,30,5,20,25,0.16666666666666666,3,0.6,has_bill_shape::all-purpose,baseline
66,Western Gull,30,2,2,28,0.06666666666666667,1,0.5,has_bill_shape::all-purpose,baseline
71,Long tailed Jaeger,30,14,1,16,0.4666666666666667,0,0.0,has_bill_shape::all-purpose,baseline
67,Anna Hummingbird,30,3,9,27,0.1,1,0.3333333333333333,has_bill_shape::all-purpose,baseline
68,Ruby throated Hummingbird,30,2,9,28,0.06666666666666667,2,1.0,has_bill_shape::all-purpose,baseline
31,Black billed Cuckoo,30,22,25,8,0.7333333333333333,19,0.8636363636363636,has_bill_shape::all-purpose,baseline
69,Rufous Hummingbird,30,1,4,29,0.03333333333333333,0,0.0,has_bill_shape::all-purpose,baseline
13,Bobolink,30,6,9,24,0.2,2,0.3333333333333333,has_bill_shape::all-purpose,baseline
70,Green Violetear,30,1,11,29,0.03333333333333333,0,0.0,has_bill_shape::all-purpose,baseline
181,Worm eating Warbler,29,19,29,10,0.6551724137931034,19,1.0,has_bill_shape::all-purpose,baseline
20,Yellow breasted Chat,29,17,27,12,0.5862068965517241,17,1.0,has_bill_shape::all-purpose,baseline
169,Magnolia Warbler,29,21,27,8,0.7241379310344828,20,0.9523809523809523,has_bill_shape::all-purpose,baseline
168,Kentucky Warbler,29,22,29,7,0.7586206896551724,22,1.0,has_bill_shape::all-purpose,baseline
28,Brown Creeper,29,11,13,18,0.3793103448275862,4,0.36363636363636365,has_bill_shape::all-purpose,baseline
9,Brewer Blackbird,29,20,25,9,0.6896551724137931,16,0.8,has_bill_shape::all-purpose,baseline
166,Golden winged Warbler,29,18,25,11,0.6206896551724138,16,0.8888888888888888,has_bill_shape::all-purpose,baseline
23,Brandt Cormorant,29,0,3,29,0.0,0,,has_bill_shape::all-purpose,baseline
190,Red cockaded Woodpecker,29,12,16,17,0.41379310344827586,6,0.5,has_bill_shape::all-purpose,baseline
33,Yellow billed Cuckoo,29,12,23,17,0.41379310344827586,9,0.75,has_bill_shape::all-purpose,baseline
179,Tennessee Warbler,29,22,29,7,0.7586206896551724,22,1.0,has_bill_shape::all-purpose,baseline
19,Gray Catbird,29,28,27,1,0.9655172413793104,26,0.9285714285714286,has_bill_shape::all-purpose,baseline
43,Yellow bellied Flycatcher,29,20,27,9,0.6896551724137931,18,0.9,has_bill_shape::all-purpose,baseline
117,Clay colored Sparrow,29,6,3,23,0.20689655172413793,0,0.0,has_bill_shape::all-purpose,baseline
141,Artic Tern,29,9,0,20,0.3103448275862069,0,0.0,has_bill_shape::all-purpose,baseline
160,Black throated Blue Warbler,29,25,22,4,0.8620689655172413,20,0.8,has_bill_shape::all-purpose,baseline
119,Field Sparrow,29,4,6,25,0.13793103448275862,1,0.25,has_bill_shape::all-purpose,baseline
124,Le Conte Sparrow,29,6,11,23,0.20689655172413793,3,0.5,has_bill_shape::all-purpose,baseline
125,Lincoln Sparrow,29,3,8,26,0.10344827586206896,1,0.3333333333333333,has_bill_shape::all-purpose,baseline
115,Brewer Sparrow,29,3,8,26,0.10344827586206896,1,0.3333333333333333,has_bill_shape::all-purpose,baseline
60,Glaucous winged Gull,29,4,7,25,0.13793103448275862,1,0.25,has_bill_shape::all-purpose,baseline
78,Gray Kingbird,29,21,18,8,0.7241379310344828,14,0.6666666666666666,has_bill_shape::all-purpose,baseline
97,Orchard Oriole,29,20,22,9,0.6896551724137931,16,0.8,has_bill_shape::all-purpose,baseline
149,Brown Thrasher,29,19,21,10,0.6551724137931034,16,0.8421052631578947,has_bill_shape::all-purpose,baseline
39,Least Flycatcher,29,22,25,7,0.7586206896551724,19,0.8636363636363636,has_bill_shape::all-purpose,baseline
153,Philadelphia Vireo,29,18,29,11,0.6206896551724138,18,1.0,has_bill_shape::all-purpose,baseline
37,Acadian Flycatcher,29,23,28,6,0.7931034482758621,23,1.0,has_bill_shape::all-purpose,baseline
157,Yellow throated Vireo,29,21,29,8,0.7241379310344828,21,1.0,has_bill_shape::all-purpose,baseline
34,Gray crowned Rosy Finch,29,4,9,25,0.13793103448275862,1,0.25,has_bill_shape::all-purpose,baseline
3,Sooty Albatross,28,2,5,26,0.07142857142857142,0,0.0,has_bill_shape::all-purpose,baseline
15,Lazuli Bunting,28,7,18,21,0.25,3,0.42857142857142855,has_bill_shape::all-purpose,baseline
16,Painted Bunting,28,7,12,21,0.25,2,0.2857142857142857,has_bill_shape::all-purpose,baseline
58,Pigeon Guillemot,28,11,0,17,0.39285714285714285,0,0.0,has_bill_shape::all-purpose,baseline
17,Cardinal,27,0,3,27,0.0,0,,has_bill_shape::all-purpose,baseline
75,Green Jay,27,13,24,14,0.48148148148148145,11,0.8461538461538461,has_bill_shape::all-purpose,baseline
178,Swainson Warbler,26,17,23,9,0.6538461538461539,15,0.8823529411764706,has_bill_shape::all-purpose,baseline
12,Yellow headed Blackbird,26,10,18,16,0.38461538461538464,6,0.6,has_bill_shape::all-purpose,baseline
22,Chuck will Widow,26,5,8,21,0.19230769230769232,2,0.4,has_bill_shape::all-purpose,baseline
7,Parakeet Auklet,23,1,1,22,0.043478260869565216,0,0.0,has_bill_shape::all-purpose,baseline
84,Red legged Kittiwake,23,11,1,12,0.4782608695652174,1,0.09090909090909091,has_bill_shape::all-purpose,baseline
32,Mangrove Cuckoo,23,9,19,14,0.391304347826087,8,0.8888888888888888,has_bill_shape::all-purpose,baseline
24,Red faced Cormorant,22,1,2,21,0.045454545454545456,0,0.0,has_bill_shape::all-purpose,baseline
151,Black capped Vireo,21,15,20,6,0.7142857142857143,15,1.0,has_bill_shape::all-purpose,baseline
113,Baird Sparrow,20,5,3,15,0.25,2,0.4,has_bill_shape::all-purpose,baseline
187,American Three toed Woodpecker,20,10,7,10,0.5,3,0.3,has_bill_shape::all-purpose,baseline
65,Slaty backed Gull,20,1,1,19,0.05,0,0.0,has_bill_shape::all-purpose,baseline
101,White Pelican,20,0,0,20,0.0,0,,has_bill_shape::all-purpose,baseline
105,Whip poor Will,19,7,11,12,0.3684210526315789,6,0.8571428571428571,has_bill_shape::all-purpose,baseline
8,Rhinoceros Auklet,18,5,1,13,0.2777777777777778,0,0.0,has_bill_shape::all-purpose,baseline
18,Spotted Catbird,15,6,11,9,0.4,4,0.6666666666666666,has_bill_shape::all-purpose,baseline
5,Crested Auklet,14,0,0,14,0.0,0,,has_bill_shape::all-purpose,baseline
6,Least Auklet,11,2,0,9,0.18181818181818182,0,0.0,has_bill_shape::all-purpose,baseline
1,Black footed Albatross,30,17,24,13,0.5666666666666667,16,0.9411764705882353,has_breast_pattern::solid,baseline
143,Caspian Tern,30,27,30,3,0.9,27,1.0,has_breast_pattern::solid,baseline
120,Fox Sparrow,30,2,1,28,0.06666666666666667,1,0.5,has_breast_pattern::solid,baseline
121,Grasshopper Sparrow,30,15,13,15,0.5,7,0.4666666666666667,has_breast_pattern::solid,baseline
122,Harris Sparrow,30,7,3,23,0.23333333333333334,2,0.2857142857142857,has_breast_pattern::solid,baseline
123,Henslow Sparrow,30,6,2,24,0.2,2,0.3333333333333333,has_breast_pattern::solid,baseline
126,Nelson Sharp tailed Sparrow,30,5,3,25,0.16666666666666666,0,0.0,has_breast_pattern::solid,baseline
127,Savannah Sparrow,30,0,0,30,0.0,0,,has_breast_pattern::solid,baseline
128,Seaside Sparrow,30,6,3,24,0.2,2,0.3333333333333333,has_breast_pattern::solid,baseline
129,Song Sparrow,30,3,1,27,0.1,0,0.0,has_breast_pattern::solid,baseline
130,Tree Sparrow,30,17,21,13,0.5666666666666667,13,0.7647058823529411,has_breast_pattern::solid,baseline
131,Vesper Sparrow,30,3,1,27,0.1,0,0.0,has_breast_pattern::solid,baseline
132,White crowned Sparrow,30,22,24,8,0.7333333333333333,18,0.8181818181818182,has_breast_pattern::solid,baseline
133,White throated Sparrow,30,11,11,19,0.36666666666666664,5,0.45454545454545453,has_breast_pattern::solid,baseline
134,Cape Glossy Starling,30,18,25,12,0.6,16,0.8888888888888888,has_breast_pattern::solid,baseline
135,Bank Swallow,30,18,16,12,0.6,9,0.5,has_breast_pattern::solid,baseline
136,Barn Swallow,30,15,24,15,0.5,11,0.7333333333333333,has_breast_pattern::solid,baseline
137,Cliff Swallow,30,11,9,19,0.36666666666666664,4,0.36363636363636365,has_breast_pattern::solid,baseline
138,Tree Swallow,30,26,22,4,0.8666666666666667,20,0.7692307692307693,has_breast_pattern::solid,baseline
139,Scarlet Tanager,30,26,30,4,0.8666666666666667,26,1.0,has_breast_pattern::solid,baseline
140,Summer Tanager,30,28,30,2,0.9333333333333333,28,1.0,has_breast_pattern::solid,baseline
118,House Sparrow,30,15,18,15,0.5,10,0.6666666666666666,has_breast_pattern::solid,baseline
116,Chipping Sparrow,30,24,26,6,0.8,22,0.9166666666666666,has_breast_pattern::solid,baseline
114,Black throated Sparrow,30,11,17,19,0.36666666666666664,6,0.5454545454545454,has_breast_pattern::solid,baseline
2,Laysan Albatross,30,26,29,4,0.8666666666666667,25,0.9615384615384616,has_breast_pattern::solid,baseline
92,Nighthawk,30,2,0,28,0.06666666666666667,0,0.0,has_breast_pattern::solid,baseline
93,Clark Nutcracker,30,24,30,6,0.8,24,1.0,has_breast_pattern::solid,baseline
94,White breasted Nuthatch,30,22,29,8,0.7333333333333333,21,0.9545454545454546,has_breast_pattern::solid,baseline
95,Baltimore Oriole,30,23,25,7,0.7666666666666667,19,0.8260869565217391,has_breast_pattern::solid,baseline
96,Hooded Oriole,30,16,27,14,0.5333333333333333,14,0.875,has_breast_pattern::solid,baseline
98,Scott Oriole,30,13,19,17,0.43333333333333335,8,0.6153846153846154,has_breast_pattern::solid,baseline
99,Ovenbird,30,2,4,28,0.06666666666666667,0,0.0,has_breast_pattern::solid,baseline
100,Brown Pelican,30,11,19,19,0.36666666666666664,6,0.5454545454545454,has_breast_pattern::solid,baseline
102,Western Wood Pewee,30,16,24,14,0.5333333333333333,13,0.8125,has_breast_pattern::solid,baseline
112,Great Grey Shrike,30,22,26,8,0.7333333333333333,18,0.8181818181818182,has_breast_pattern::solid,baseline
103,Sayornis,30,19,20,11,0.6333333333333333,14,0.7368421052631579,has_breast_pattern::solid,baseline
104,American Pipit,30,9,6,21,0.3,4,0.4444444444444444,has_breast_pattern::solid,baseline
106,Horned Puffin,30,17,21,13,0.5666666666666667,14,0.8235294117647058,has_breast_pattern::solid,baseline
107,Common Raven,30,22,24,8,0.7333333333333333,19,0.8636363636363636,has_breast_pattern::solid,baseline
108,White necked Raven,30,20,23,10,0.6666666666666666,16,0.8,has_breast_pattern::solid,baseline
109,American Redstart,30,10,18,20,0.3333333333333333,7,0.7,has_breast_pattern::solid,baseline
110,Geococcyx,30,10,2,20,0.3333333333333333,1,0.1,has_breast_pattern::solid,baseline
111,Loggerhead Shrike,30,23,29,7,0.7666666666666667,23,1.0,has_breast_pattern::solid,baseline
142,Black Tern,30,22,29,8,0.7333333333333333,21,0.9545454545454546,has_breast_pattern::solid,baseline
144,Common Tern,30,24,29,6,0.8,23,0.9583333333333334,has_breast_pattern::solid,baseline
90,Red breasted Merganser,30,6,10,24,0.2,2,0.3333333333333333,has_breast_pattern::solid,baseline
145,Elegant Tern,30,27,30,3,0.9,27,1.0,has_breast_pattern::solid,baseline
176,Prairie Warbler,30,14,2,16,0.4666666666666667,2,0.14285714285714285,has_breast_pattern::solid,baseline
177,Prothonotary Warbler,30,30,30,0,1.0,30,1.0,has_breast_pattern::solid,baseline
180,Wilson Warbler,30,26,28,4,0.8666666666666667,25,0.9615384615384616,has_breast_pattern::solid,baseline
182,Yellow Warbler,30,11,15,19,0.36666666666666664,8,0.7272727272727273,has_breast_pattern::solid,baseline
183,Northern Waterthrush,30,0,3,30,0.0,0,,has_breast_pattern::solid,baseline
184,Louisiana Waterthrush,30,0,0,30,0.0,0,,has_breast_pattern::solid,baseline
185,Bohemian Waxwing,30,27,29,3,0.9,26,0.9629629629629629,has_breast_pattern::solid,baseline
186,Cedar Waxwing,30,28,30,2,0.9333333333333333,28,1.0,has_breast_pattern::solid,baseline
188,Pileated Woodpecker,30,20,24,10,0.6666666666666666,16,0.8,has_breast_pattern::solid,baseline
189,Red bellied Woodpecker,30,24,16,6,0.8,13,0.5416666666666666,has_breast_pattern::solid,baseline
191,Red headed Woodpecker,30,18,27,12,0.6,17,0.9444444444444444,has_breast_pattern::solid,baseline
192,Downy Woodpecker,30,27,11,3,0.9,10,0.37037037037037035,has_breast_pattern::solid,baseline
193,Bewick Wren,30,24,25,6,0.8,20,0.8333333333333334,has_breast_pattern::solid,baseline
194,Cactus Wren,30,1,0,29,0.03333333333333333,0,0.0,has_breast_pattern::solid,baseline
195,Carolina Wren,30,21,19,9,0.7,15,0.7142857142857143,has_breast_pattern::solid,baseline
196,House Wren,30,19,16,11,0.6333333333333333,13,0.6842105263157895,has_breast_pattern::solid,baseline
197,Marsh Wren,30,24,17,6,0.8,13,0.5416666666666666,has_breast_pattern::solid,baseline
198,Rock Wren,30,19,19,11,0.6333333333333333,14,0.7368421052631579,has_breast_pattern::solid,baseline
199,Winter Wren,30,15,8,15,0.5,5,0.3333333333333333,has_breast_pattern::solid,baseline
175,Pine Warbler,30,20,23,10,0.6666666666666666,15,0.75,has_breast_pattern::solid,baseline
174,Palm Warbler,30,11,8,19,0.36666666666666664,3,0.2727272727272727,has_breast_pattern::solid,baseline
173,Orange crowned Warbler,30,18,26,12,0.6,15,0.8333333333333334,has_breast_pattern::solid,baseline
158,Bay breasted Warbler,30,13,13,17,0.43333333333333335,9,0.6923076923076923,has_breast_pattern::solid,baseline
146,Forsters Tern,30,28,30,2,0.9333333333333333,28,1.0,has_breast_pattern::solid,baseline
147,Least Tern,30,26,30,4,0.8666666666666667,26,1.0,has_breast_pattern::solid,baseline
148,Green tailed Towhee,30,24,25,6,0.8,20,0.8333333333333334,has_breast_pattern::solid,baseline
150,Sage Thrasher,30,1,3,29,0.03333333333333333,0,0.0,has_breast_pattern::solid,baseline
152,Blue headed Vireo,30,18,25,12,0.6,16,0.8888888888888888,has_breast_pattern::solid,baseline
154,Red eyed Vireo,30,24,29,6,0.8,23,0.9583333333333334,has_breast_pattern::solid,baseline
155,Warbling Vireo,30,27,30,3,0.9,27,1.0,has_breast_pattern::solid,baseline
156,White eyed Vireo,30,19,22,11,0.6333333333333333,16,0.8421052631578947,has_breast_pattern::solid,baseline
159,Black and white Warbler,30,6,0,24,0.2,0,0.0,has_breast_pattern::solid,baseline
172,Nashville Warbler,30,21,26,9,0.7,18,0.8571428571428571,has_breast_pattern::solid,baseline
161,Blue winged Warbler,30,25,29,5,0.8333333333333334,25,1.0,has_breast_pattern::solid,baseline
162,Canada Warbler,30,11,11,19,0.36666666666666664,6,0.5454545454545454,has_breast_pattern::solid,baseline
163,Cape May Warbler,30,1,1,29,0.03333333333333333,0,0.0,has_breast_pattern::solid,baseline
164,Cerulean Warbler,30,8,11,22,0.26666666666666666,5,0.625,has_breast_pattern::solid,baseline
165,Chestnut sided Warbler,30,17,10,13,0.5666666666666667,8,0.47058823529411764,has_breast_pattern::solid,baseline
167,Hooded Warbler,30,15,24,15,0.5,11,0.7333333333333333,has_breast_pattern::solid,baseline
170,Mourning Warbler,30,12,25,18,0.4,11,0.9166666666666666,has_breast_pattern::solid,baseline
171,Myrtle Warbler,30,6,4,24,0.2,2,0.3333333333333333,has_breast_pattern::solid,baseline
91,Mockingbird,30,24,24,6,0.8,20,0.8333333333333334,has_breast_pattern::solid,baseline
200,Common Yellowthroat,30,25,28,5,0.8333333333333334,23,0.92,has_breast_pattern::solid,baseline
89,Hooded Merganser,30,7,8,23,0.23333333333333334,2,0.2857142857142857,has_breast_pattern::solid,baseline
26,Bronzed Cowbird,30,25,29,5,0.8333333333333334,24,0.96,has_breast_pattern::solid,baseline
61,Heermann Gull,30,24,30,6,0.8,24,1.0,has_breast_pattern::solid,baseline
59,California Gull,30,22,28,8,0.7333333333333333,21,0.9545454545454546,has_breast_pattern::solid,baseline
25,Pelagic Cormorant,30,21,21,9,0.7,16,0.7619047619047619,has_breast_pattern::solid,baseline
57,Rose breasted Grosbeak,30,5,20,25,0.16666666666666666,4,0.8,has_breast_pattern::solid,baseline
56,Pine Grosbeak,30,13,27,17,0.43333333333333335,12,0.9230769230769231,has_breast_pattern::solid,baseline
55,Evening Grosbeak,30,12,22,18,0.4,8,0.6666666666666666,has_breast_pattern::solid,baseline
54,Blue Grosbeak,30,20,21,10,0.6666666666666666,15,0.75,has_breast_pattern::solid,baseline
53,Western Grebe,30,14,8,16,0.4666666666666667,3,0.21428571428571427,has_breast_pattern::solid,baseline
52,Pied billed Grebe,30,6,3,24,0.2,0,0.0,has_breast_pattern::solid,baseline
51,Horned Grebe,30,10,3,20,0.3333333333333333,0,0.0,has_breast_pattern::solid,baseline
50,Eared Grebe,30,10,5,20,0.3333333333333333,0,0.0,has_breast_pattern::solid,baseline
49,Boat tailed Grackle,30,25,29,5,0.8333333333333334,24,0.96,has_breast_pattern::solid,baseline
48,European Goldfinch,30,9,21,21,0.3,6,0.6666666666666666,has_breast_pattern::solid,baseline
47,American Goldfinch,30,25,27,5,0.8333333333333334,22,0.88,has_breast_pattern::solid,baseline
63,Ivory Gull,30,27,29,3,0.9,26,0.9629629629629629,has_breast_pattern::solid,baseline
46,Gadwall,30,9,7,21,0.3,4,0.4444444444444444,has_breast_pattern::solid,baseline
45,Northern Fulmar,30,25,29,5,0.8333333333333334,24,0.96,has_breast_pattern::solid,baseline
44,Frigatebird,30,22,26,8,0.7333333333333333,18,0.8181818181818182,has_breast_pattern::solid,baseline
88,Western Meadowlark,30,4,4,26,0.13333333333333333,1,0.25,has_breast_pattern::solid,baseline
42,Vermilion Flycatcher,30,26,30,4,0.8666666666666667,26,1.0,has_breast_pattern::solid,baseline
41,Scissor tailed Flycatcher,30,20,28,10,0.6666666666666666,19,0.95,has_breast_pattern::solid,baseline
27,Shiny Cowbird,30,21,25,9,0.7,20,0.9523809523809523,has_breast_pattern::solid,baseline
40,Olive sided Flycatcher,30,10,16,20,0.3333333333333333,7,0.7,has_breast_pattern::solid,baseline
38,Great Crested Flycatcher,30,11,23,19,0.36666666666666664,8,0.7272727272727273,has_breast_pattern::solid,baseline
36,Northern Flicker,30,6,4,24,0.2,2,0.3333333333333333,has_breast_pattern::solid,baseline
29,American Crow,30,30,28,0,1.0,28,0.9333333333333333,has_breast_pattern::solid,baseline
35,Purple Finch,30,10,16,20,0.3333333333333333,6,0.6,has_breast_pattern::solid,baseline
30,Fish Crow,30,26,28,4,0.8666666666666667,24,0.9230769230769231,has_breast_pattern::solid,baseline
21,Eastern Towhee,30,15,21,15,0.5,10,0.6666666666666666,has_breast_pattern::solid,baseline
62,Herring Gull,30,27,27,3,0.9,24,0.8888888888888888,has_breast_pattern::solid,baseline
64,Ring billed Gull,30,26,27,4,0.8666666666666667,25,0.9615384615384616,has_breast_pattern::solid,baseline
73,Blue Jay,30,14,14,16,0.4666666666666667,6,0.42857142857142855,has_breast_pattern::solid,baseline
87,Mallard,30,12,16,18,0.4,8,0.6666666666666666,has_breast_pattern::solid,baseline
86,Pacific Loon,30,15,13,15,0.5,7,0.4666666666666667,has_breast_pattern::solid,baseline
85,Horned Lark,30,10,9,20,0.3333333333333333,3,0.3,has_breast_pattern::solid,baseline
4,Groove billed Ani,30,22,24,8,0.7333333333333333,17,0.7727272727272727,has_breast_pattern::solid,baseline
83,White breasted Kingfisher,30,13,25,17,0.43333333333333335,10,0.7692307692307693,has_breast_pattern::solid,baseline
82,Ringed Kingfisher,30,8,16,22,0.26666666666666666,4,0.5,has_breast_pattern::solid,baseline
81,Pied Kingfisher,30,4,4,26,0.13333333333333333,1,0.25,has_breast_pattern::solid,baseline
80,Green Kingfisher,30,15,5,15,0.5,1,0.06666666666666667,has_breast_pattern::solid,baseline
79,Belted Kingfisher,30,6,15,24,0.2,2,0.3333333333333333,has_breast_pattern::solid,baseline
10,Red winged Blackbird,30,28,29,2,0.9333333333333333,28,1.0,has_breast_pattern::solid,baseline
77,Tropical Kingbird,30,17,25,13,0.5666666666666667,14,0.8235294117647058,has_breast_pattern::solid,baseline
11,Rusty Blackbird,30,16,25,14,0.5333333333333333,12,0.75,has_breast_pattern::solid,baseline
74,Florida Jay,30,9,26,21,0.3,7,0.7777777777777778,has_breast_pattern::solid,baseline
76,Dark eyed Junco,30,11,23,19,0.36666666666666664,7,0.6363636363636364,has_breast_pattern::solid,baseline
72,Pomarine Jaeger,30,9,18,21,0.3,7,0.7777777777777778,has_breast_pattern::solid,baseline
14,Indigo Bunting,30,23,25,7,0.7666666666666667,20,0.8695652173913043,has_breast_pattern::solid,baseline
66,Western Gull,30,28,29,2,0.9333333333333333,28,1.0,has_breast_pattern::solid,baseline
71,Long tailed Jaeger,30,16,23,14,0.5333333333333333,16,1.0,has_breast_pattern::solid,baseline
67,Anna Hummingbird,30,11,16,19,0.36666666666666664,7,0.6363636363636364,has_breast_pattern::solid,baseline
68,Ruby throated Hummingbird,30,17,15,13,0.5666666666666667,8,0.47058823529411764,has_breast_pattern::solid,baseline
31,Black billed Cuckoo,30,25,29,5,0.8333333333333334,24,0.96,has_breast_pattern::solid,baseline
69,Rufous Hummingbird,30,14,22,16,0.4666666666666667,12,0.8571428571428571,has_breast_pattern::solid,baseline
13,Bobolink,30,20,16,10,0.6666666666666666,11,0.55,has_breast_pattern::solid,baseline
70,Green Violetear,30,5,8,25,0.16666666666666666,1,0.2,has_breast_pattern::solid,baseline
181,Worm eating Warbler,29,25,23,4,0.8620689655172413,21,0.84,has_breast_pattern::solid,baseline
20,Yellow breasted Chat,29,26,24,3,0.896551724137931,22,0.8461538461538461,has_breast_pattern::solid,baseline
169,Magnolia Warbler,29,5,5,24,0.1724137931034483,2,0.4,has_breast_pattern::solid,baseline
168,Kentucky Warbler,29,23,22,6,0.7931034482758621,19,0.8260869565217391,has_breast_pattern::solid,baseline
28,Brown Creeper,29,27,3,2,0.9310344827586207,3,0.1111111111111111,has_breast_pattern::solid,baseline
9,Brewer Blackbird,29,19,25,10,0.6551724137931034,18,0.9473684210526315,has_breast_pattern::solid,baseline
166,Golden winged Warbler,29,13,24,16,0.4482758620689655,10,0.7692307692307693,has_breast_pattern::solid,baseline
23,Brandt Cormorant,29,18,17,11,0.6206896551724138,11,0.6111111111111112,has_breast_pattern::solid,baseline
190,Red cockaded Woodpecker,29,4,0,25,0.13793103448275862,0,0.0,has_breast_pattern::solid,baseline
33,Yellow billed Cuckoo,29,26,26,3,0.896551724137931,23,0.8846153846153846,has_breast_pattern::solid,baseline
179,Tennessee Warbler,29,23,28,6,0.7931034482758621,23,1.0,has_breast_pattern::solid,baseline
19,Gray Catbird,29,25,28,4,0.8620689655172413,25,1.0,has_breast_pattern::solid,baseline
43,Yellow bellied Flycatcher,29,15,20,14,0.5172413793103449,11,0.7333333333333333,has_breast_pattern::solid,baseline
117,Clay colored Sparrow,29,20,21,9,0.6896551724137931,13,0.65,has_breast_pattern::solid,baseline
141,Artic Tern,29,25,29,4,0.8620689655172413,25,1.0,has_breast_pattern::solid,baseline
160,Black throated Blue Warbler,29,16,21,13,0.5517241379310345,13,0.8125,has_breast_pattern::solid,baseline
119,Field Sparrow,29,11,24,18,0.3793103448275862,11,1.0,has_breast_pattern::solid,baseline
124,Le Conte Sparrow,29,11,6,18,0.3793103448275862,3,0.2727272727272727,has_breast_pattern::solid,baseline
125,Lincoln Sparrow,29,1,1,28,0.034482758620689655,0,0.0,has_breast_pattern::solid,baseline
115,Brewer Sparrow,29,17,18,12,0.5862068965517241,11,0.6470588235294118,has_breast_pattern::solid,baseline
60,Glaucous winged Gull,29,21,27,8,0.7241379310344828,20,0.9523809523809523,has_breast_pattern::solid,baseline
78,Gray Kingbird,29,25,24,4,0.8620689655172413,20,0.8,has_breast_pattern::solid,baseline
97,Orchard Oriole,29,19,19,10,0.6551724137931034,13,0.6842105263157895,has_breast_pattern::solid,baseline
149,Brown Thrasher,29,1,2,28,0.034482758620689655,1,1.0,has_breast_pattern::solid,baseline
39,Least Flycatcher,29,15,18,14,0.5172413793103449,9,0.6,has_breast_pattern::solid,baseline
153,Philadelphia Vireo,29,25,28,4,0.8620689655172413,24,0.96,has_breast_pattern::solid,baseline
37,Acadian Flycatcher,29,12,19,17,0.41379310344827586,8,0.6666666666666666,has_breast_pattern::solid,baseline
157,Yellow throated Vireo,29,19,25,10,0.6551724137931034,16,0.8421052631578947,has_breast_pattern::solid,baseline
34,Gray crowned Rosy Finch,29,12,5,17,0.41379310344827586,2,0.16666666666666666,has_breast_pattern::solid,baseline
3,Sooty Albatross,28,17,23,11,0.6071428571428571,15,0.8823529411764706,has_breast_pattern::solid,baseline
15,Lazuli Bunting,28,14,22,14,0.5,10,0.7142857142857143,has_breast_pattern::solid,baseline
16,Painted Bunting,28,19,28,9,0.6785714285714286,19,1.0,has_breast_pattern::solid,baseline
58,Pigeon Guillemot,28,20,20,8,0.7142857142857143,14,0.7,has_breast_pattern::solid,baseline
17,Cardinal,27,20,26,7,0.7407407407407407,19,0.95,has_breast_pattern::solid,baseline
75,Green Jay,27,5,20,22,0.18518518518518517,4,0.8,has_breast_pattern::solid,baseline
178,Swainson Warbler,26,14,24,12,0.5384615384615384,12,0.8571428571428571,has_breast_pattern::solid,baseline
12,Yellow headed Blackbird,26,15,24,11,0.5769230769230769,14,0.9333333333333333,has_breast_pattern::solid,baseline
22,Chuck will Widow,26,0,2,26,0.0,0,,has_breast_pattern::solid,baseline
7,Parakeet Auklet,23,7,6,16,0.30434782608695654,3,0.42857142857142855,has_breast_pattern::solid,baseline
84,Red legged Kittiwake,23,19,23,4,0.8260869565217391,19,1.0,has_breast_pattern::solid,baseline
32,Mangrove Cuckoo,23,15,21,8,0.6521739130434783,15,1.0,has_breast_pattern::solid,baseline
24,Red faced Cormorant,22,15,19,7,0.6818181818181818,12,0.8,has_breast_pattern::solid,baseline
151,Black capped Vireo,21,14,13,7,0.6666666666666666,9,0.6428571428571429,has_breast_pattern::solid,baseline
113,Baird Sparrow,20,4,0,16,0.2,0,0.0,has_breast_pattern::solid,baseline
187,American Three toed Woodpecker,20,8,1,12,0.4,0,0.0,has_breast_pattern::solid,baseline
65,Slaty backed Gull,20,10,18,10,0.5,9,0.9,has_breast_pattern::solid,baseline
101,White Pelican,20,17,17,3,0.85,14,0.8235294117647058,has_breast_pattern::solid,baseline
105,Whip poor Will,19,2,1,17,0.10526315789473684,0,0.0,has_breast_pattern::solid,baseline
8,Rhinoceros Auklet,18,10,7,8,0.5555555555555556,5,0.5,has_breast_pattern::solid,baseline
18,Spotted Catbird,15,2,1,13,0.13333333333333333,0,0.0,has_breast_pattern::solid,baseline
5,Crested Auklet,14,9,11,5,0.6428571428571429,6,0.6666666666666666,has_breast_pattern::solid,baseline
6,Least Auklet,11,1,2,10,0.09090909090909091,1,1.0,has_breast_pattern::solid,baseline
1,Black footed Albatross,30,8,8,22,0.26666666666666666,3,0.375,has_upperparts_color::black,baseline
143,Caspian Tern,30,3,0,27,0.1,0,0.0,has_upperparts_color::black,baseline
120,Fox Sparrow,30,2,2,28,0.06666666666666667,0,0.0,has_upperparts_color::black,baseline
121,Grasshopper Sparrow,30,12,10,18,0.4,4,0.3333333333333333,has_upperparts_color::black,baseline
122,Harris Sparrow,30,20,15,10,0.6666666666666666,13,0.65,has_upperparts_color::black,baseline
123,Henslow Sparrow,30,15,9,15,0.5,4,0.26666666666666666,has_upperparts_color::black,baseline
126,Nelson Sharp tailed Sparrow,30,6,5,24,0.2,1,0.16666666666666666,has_upperparts_color::black,baseline
127,Savannah Sparrow,30,11,7,19,0.36666666666666664,4,0.36363636363636365,has_upperparts_color::black,baseline
128,Seaside Sparrow,30,2,6,28,0.06666666666666667,1,0.5,has_upperparts_color::black,baseline
129,Song Sparrow,30,4,1,26,0.13333333333333333,1,0.25,has_upperparts_color::black,baseline
130,Tree Sparrow,30,12,7,18,0.4,4,0.3333333333333333,has_upperparts_color::black,baseline
131,Vesper Sparrow,30,7,5,23,0.23333333333333334,3,0.42857142857142855,has_upperparts_color::black,baseline
132,White crowned Sparrow,30,3,15,27,0.1,1,0.3333333333333333,has_upperparts_color::black,baseline
133,White throated Sparrow,30,14,10,16,0.4666666666666667,4,0.2857142857142857,has_upperparts_color::black,baseline
134,Cape Glossy Starling,30,17,18,13,0.5666666666666667,11,0.6470588235294118,has_upperparts_color::black,baseline
135,Bank Swallow,30,8,4,22,0.26666666666666666,1,0.125,has_upperparts_color::black,baseline
136,Barn Swallow,30,13,23,17,0.43333333333333335,10,0.7692307692307693,has_upperparts_color::black,baseline
137,Cliff Swallow,30,13,14,17,0.43333333333333335,6,0.46153846153846156,has_upperparts_color::black,baseline
138,Tree Swallow,30,9,11,21,0.3,4,0.4444444444444444,has_upperparts_color::black,baseline
139,Scarlet Tanager,30,22,21,8,0.7333333333333333,16,0.7272727272727273,has_upperparts_color::black,baseline
140,Summer Tanager,30,7,2,23,0.23333333333333334,1,0.14285714285714285,has_upperparts_color::black,baseline
118,House Sparrow,30,11,4,19,0.36666666666666664,2,0.18181818181818182,has_upperparts_color::black,baseline
116,Chipping Sparrow,30,14,3,16,0.4666666666666667,3,0.21428571428571427,has_upperparts_color::black,baseline
114,Black throated Sparrow,30,5,15,25,0.16666666666666666,2,0.4,has_upperparts_color::black,baseline
2,Laysan Albatross,30,10,6,20,0.3333333333333333,4,0.4,has_upperparts_color::black,baseline
92,Nighthawk,30,15,15,15,0.5,10,0.6666666666666666,has_upperparts_color::black,baseline
93,Clark Nutcracker,30,24,24,6,0.8,20,0.8333333333333334,has_upperparts_color::black,baseline
94,White breasted Nuthatch,30,20,26,10,0.6666666666666666,17,0.85,has_upperparts_color::black,baseline
95,Baltimore Oriole,30,26,29,4,0.8666666666666667,25,0.9615384615384616,has_upperparts_color::black,baseline
96,Hooded Oriole,30,21,20,9,0.7,14,0.6666666666666666,has_upperparts_color::black,baseline
98,Scott Oriole,30,21,28,9,0.7,20,0.9523809523809523,has_upperparts_color::black,baseline
99,Ovenbird,30,3,3,27,0.1,0,0.0,has_upperparts_color::black,baseline
100,Brown Pelican,30,8,10,22,0.26666666666666666,4,0.5,has_upperparts_color::black,baseline
102,Western Wood Pewee,30,8,7,22,0.26666666666666666,1,0.125,has_upperparts_color::black,baseline
112,Great Grey Shrike,30,17,11,13,0.5666666666666667,7,0.4117647058823529,has_upperparts_color::black,baseline
103,Sayornis,30,5,9,25,0.16666666666666666,4,0.8,has_upperparts_color::black,baseline
104,American Pipit,30,10,6,20,0.3333333333333333,2,0.2,has_upperparts_color::black,baseline
106,Horned Puffin,30,26,26,4,0.8666666666666667,23,0.8846153846153846,has_upperparts_color::black,baseline
107,Common Raven,30,28,30,2,0.9333333333333333,28,1.0,has_upperparts_color::black,baseline
108,White necked Raven,30,24,28,6,0.8,22,0.9166666666666666,has_upperparts_color::black,baseline
109,American Redstart,30,21,25,9,0.7,18,0.8571428571428571,has_upperparts_color::black,baseline
110,Geococcyx,30,13,21,17,0.43333333333333335,8,0.6153846153846154,has_upperparts_color::black,baseline
111,Loggerhead Shrike,30,19,18,11,0.6333333333333333,14,0.7368421052631579,has_upperparts_color::black,baseline
142,Black Tern,30,8,6,22,0.26666666666666666,2,0.25,has_upperparts_color::black,baseline
144,Common Tern,30,3,4,27,0.1,1,0.3333333333333333,has_upperparts_color::black,baseline
90,Red breasted Merganser,30,16,16,14,0.5333333333333333,13,0.8125,has_upperparts_color::black,baseline
145,Elegant Tern,30,4,1,26,0.13333333333333333,0,0.0,has_upperparts_color::black,baseline
176,Prairie Warbler,30,13,10,17,0.43333333333333335,3,0.23076923076923078,has_upperparts_color::black,baseline
177,Prothonotary Warbler,30,11,10,19,0.36666666666666664,6,0.5454545454545454,has_upperparts_color::black,baseline
180,Wilson Warbler,30,7,6,23,0.23333333333333334,2,0.2857142857142857,has_upperparts_color::black,baseline
182,Yellow Warbler,30,15,2,15,0.5,1,0.06666666666666667,has_upperparts_color::black,baseline
183,Northern Waterthrush,30,3,6,27,0.1,1,0.3333333333333333,has_upperparts_color::black,baseline
184,Louisiana Waterthrush,30,7,2,23,0.23333333333333334,1,0.14285714285714285,has_upperparts_color::black,baseline
185,Bohemian Waxwing,30,13,16,17,0.43333333333333335,10,0.7692307692307693,has_upperparts_color::black,baseline
186,Cedar Waxwing,30,5,1,25,0.16666666666666666,1,0.2,has_upperparts_color::black,baseline
188,Pileated Woodpecker,30,29,26,1,0.9666666666666667,26,0.896551724137931,has_upperparts_color::black,baseline
189,Red bellied Woodpecker,30,27,22,3,0.9,20,0.7407407407407407,has_upperparts_color::black,baseline
191,Red headed Woodpecker,30,22,25,8,0.7333333333333333,19,0.8636363636363636,has_upperparts_color::black,baseline
192,Downy Woodpecker,30,29,29,1,0.9666666666666667,29,1.0,has_upperparts_color::black,baseline
193,Bewick Wren,30,9,3,21,0.3,0,0.0,has_upperparts_color::black,baseline
194,Cactus Wren,30,11,9,19,0.36666666666666664,4,0.36363636363636365,has_upperparts_color::black,baseline
195,Carolina Wren,30,3,0,27,0.1,0,0.0,has_upperparts_color::black,baseline
196,House Wren,30,4,3,26,0.13333333333333333,1,0.25,has_upperparts_color::black,baseline
197,Marsh Wren,30,14,2,16,0.4666666666666667,1,0.07142857142857142,has_upperparts_color::black,baseline
198,Rock Wren,30,8,4,22,0.26666666666666666,2,0.25,has_upperparts_color::black,baseline
199,Winter Wren,30,8,0,22,0.26666666666666666,0,0.0,has_upperparts_color::black,baseline
175,Pine Warbler,30,3,11,27,0.1,2,0.6666666666666666,has_upperparts_color::black,baseline
174,Palm Warbler,30,8,2,22,0.26666666666666666,1,0.125,has_upperparts_color::black,baseline
173,Orange crowned Warbler,30,4,0,26,0.13333333333333333,0,0.0,has_upperparts_color::black,baseline
158,Bay breasted Warbler,30,14,22,16,0.4666666666666667,11,0.7857142857142857,has_upperparts_color::black,baseline
146,Forsters Tern,30,3,3,27,0.1,0,0.0,has_upperparts_color::black,baseline
147,Least Tern,30,8,4,22,0.26666666666666666,2,0.25,has_upperparts_color::black,baseline
148,Green tailed Towhee,30,2,1,28,0.06666666666666667,0,0.0,has_upperparts_color::black,baseline
150,Sage Thrasher,30,4,3,26,0.13333333333333333,1,0.25,has_upperparts_color::black,baseline
152,Blue headed Vireo,30,12,11,18,0.4,5,0.4166666666666667,has_upperparts_color::black,baseline
154,Red eyed Vireo,30,4,0,26,0.13333333333333333,0,0.0,has_upperparts_color::black,baseline
155,Warbling Vireo,30,3,1,27,0.1,0,0.0,has_upperparts_color::black,baseline
156,White eyed Vireo,30,12,8,18,0.4,4,0.3333333333333333,has_upperparts_color::black,baseline
159,Black and white Warbler,30,26,25,4,0.8666666666666667,22,0.8461538461538461,has_upperparts_color::black,baseline
172,Nashville Warbler,30,3,2,27,0.1,0,0.0,has_upperparts_color::black,baseline
161,Blue winged Warbler,30,3,3,27,0.1,1,0.3333333333333333,has_upperparts_color::black,baseline
162,Canada Warbler,30,10,4,20,0.3333333333333333,4,0.4,has_upperparts_color::black,baseline
163,Cape May Warbler,30,12,12,18,0.4,4,0.3333333333333333,has_upperparts_color::black,baseline
164,Cerulean Warbler,30,12,12,18,0.4,5,0.4166666666666667,has_upperparts_color::black,baseline
165,Chestnut sided Warbler,30,12,20,18,0.4,10,0.8333333333333334,has_upperparts_color::black,baseline
167,Hooded Warbler,30,7,12,23,0.23333333333333334,3,0.42857142857142855,has_upperparts_color::black,baseline
170,Mourning Warbler,30,1,1,29,0.03333333333333333,0,0.0,has_upperparts_color::black,baseline
171,Myrtle Warbler,30,12,18,18,0.4,8,0.6666666666666666,has_upperparts_color::black,baseline
91,Mockingbird,30,13,7,17,0.43333333333333335,4,0.3076923076923077,has_upperparts_color::black,baseline
200,Common Yellowthroat,30,4,2,26,0.13333333333333333,1,0.25,has_upperparts_color::black,baseline
89,Hooded Merganser,30,23,26,7,0.7666666666666667,21,0.9130434782608695,has_upperparts_color::black,baseline
26,Bronzed Cowbird,30,24,29,6,0.8,23,0.9583333333333334,has_upperparts_color::black,baseline
61,Heermann Gull,30,21,13,9,0.7,12,0.5714285714285714,has_upperparts_color::black,baseline
59,California Gull,30,14,12,16,0.4666666666666667,6,0.42857142857142855,has_upperparts_color::black,baseline
25,Pelagic Cormorant,30,21,27,9,0.7,19,0.9047619047619048,has_upperparts_color::black,baseline
57,Rose breasted Grosbeak,30,20,26,10,0.6666666666666666,19,0.95,has_upperparts_color::black,baseline
56,Pine Grosbeak,30,14,16,16,0.4666666666666667,9,0.6428571428571429,has_upperparts_color::black,baseline
55,Evening Grosbeak,30,13,22,17,0.43333333333333335,11,0.8461538461538461,has_upperparts_color::black,baseline
54,Blue Grosbeak,30,13,13,17,0.43333333333333335,6,0.46153846153846156,has_upperparts_color::black,baseline
53,Western Grebe,30,14,14,16,0.4666666666666667,8,0.5714285714285714,has_upperparts_color::black,baseline
52,Pied billed Grebe,30,9,5,21,0.3,2,0.2222222222222222,has_upperparts_color::black,baseline
51,Horned Grebe,30,16,12,14,0.5333333333333333,9,0.5625,has_upperparts_color::black,baseline
50,Eared Grebe,30,14,13,16,0.4666666666666667,7,0.5,has_upperparts_color::black,baseline
49,Boat tailed Grackle,30,19,26,11,0.6333333333333333,17,0.8947368421052632,has_upperparts_color::black,baseline
48,European Goldfinch,30,21,21,9,0.7,15,0.7142857142857143,has_upperparts_color::black,baseline
47,American Goldfinch,30,22,22,8,0.7333333333333333,17,0.7727272727272727,has_upperparts_color::black,baseline
63,Ivory Gull,30,4,1,26,0.13333333333333333,1,0.25,has_upperparts_color::black,baseline
46,Gadwall,30,6,5,24,0.2,0,0.0,has_upperparts_color::black,baseline
45,Northern Fulmar,30,6,1,24,0.2,0,0.0,has_upperparts_color::black,baseline
44,Frigatebird,30,15,26,15,0.5,14,0.9333333333333333,has_upperparts_color::black,baseline
88,Western Meadowlark,30,7,9,23,0.23333333333333334,2,0.2857142857142857,has_upperparts_color::black,baseline
42,Vermilion Flycatcher,30,14,11,16,0.4666666666666667,6,0.42857142857142855,has_upperparts_color::black,baseline
41,Scissor tailed Flycatcher,30,16,9,14,0.5333333333333333,4,0.25,has_upperparts_color::black,baseline
27,Shiny Cowbird,30,23,22,7,0.7666666666666667,19,0.8260869565217391,has_upperparts_color::black,baseline
40,Olive sided Flycatcher,30,9,1,21,0.3,0,0.0,has_upperparts_color::black,baseline
38,Great Crested Flycatcher,30,10,1,20,0.3333333333333333,1,0.1,has_upperparts_color::black,baseline
36,Northern Flicker,30,17,14,13,0.5666666666666667,10,0.5882352941176471,has_upperparts_color::black,baseline
29,American Crow,30,30,30,0,1.0,30,1.0,has_upperparts_color::black,baseline
35,Purple Finch,30,6,0,24,0.2,0,0.0,has_upperparts_color::black,baseline
30,Fish Crow,30,25,28,5,0.8333333333333334,24,0.96,has_upperparts_color::black,baseline
21,Eastern Towhee,30,22,23,8,0.7333333333333333,19,0.8636363636363636,has_upperparts_color::black,baseline
62,Herring Gull,30,6,3,24,0.2,1,0.16666666666666666,has_upperparts_color::black,baseline
64,Ring billed Gull,30,5,3,25,0.16666666666666666,0,0.0,has_upperparts_color::black,baseline
73,Blue Jay,30,16,8,14,0.5333333333333333,6,0.375,has_upperparts_color::black,baseline
87,Mallard,30,10,10,20,0.3333333333333333,3,0.3,has_upperparts_color::black,baseline
86,Pacific Loon,30,19,14,11,0.6333333333333333,11,0.5789473684210527,has_upperparts_color::black,baseline
85,Horned Lark,30,9,8,21,0.3,0,0.0,has_upperparts_color::black,baseline
4,Groove billed Ani,30,24,24,6,0.8,20,0.8333333333333334,has_upperparts_color::black,baseline
83,White breasted Kingfisher,30,4,2,26,0.13333333333333333,0,0.0,has_upperparts_color::black,baseline
82,Ringed Kingfisher,30,8,14,22,0.26666666666666666,4,0.5,has_upperparts_color::black,baseline
81,Pied Kingfisher,30,20,30,10,0.6666666666666666,20,1.0,has_upperparts_color::black,baseline
80,Green Kingfisher,30,17,16,13,0.5666666666666667,9,0.5294117647058824,has_upperparts_color::black,baseline
79,Belted Kingfisher,30,6,20,24,0.2,4,0.6666666666666666,has_upperparts_color::black,baseline
10,Red winged Blackbird,30,27,29,3,0.9,26,0.9629629629629629,has_upperparts_color::black,baseline
77,Tropical Kingbird,30,3,2,27,0.1,1,0.3333333333333333,has_upperparts_color::black,baseline
11,Rusty Blackbird,30,21,21,9,0.7,14,0.6666666666666666,has_upperparts_color::black,baseline
74,Florida Jay,30,2,0,28,0.06666666666666667,0,0.0,has_upperparts_color::black,baseline
76,Dark eyed Junco,30,6,10,24,0.2,2,0.3333333333333333,has_upperparts_color::black,baseline
72,Pomarine Jaeger,30,11,4,19,0.36666666666666664,2,0.18181818181818182,has_upperparts_color::black,baseline
14,Indigo Bunting,30,10,3,20,0.3333333333333333,1,0.1,has_upperparts_color::black,baseline
66,Western Gull,30,13,11,17,0.43333333333333335,7,0.5384615384615384,has_upperparts_color::black,baseline
71,Long tailed Jaeger,30,5,8,25,0.16666666666666666,4,0.8,has_upperparts_color::black,baseline
67,Anna Hummingbird,30,6,1,24,0.2,0,0.0,has_upperparts_color::black,baseline
68,Ruby throated Hummingbird,30,1,2,29,0.03333333333333333,0,0.0,has_upperparts_color::black,baseline
31,Black billed Cuckoo,30,3,0,27,0.1,0,0.0,has_upperparts_color::black,baseline
69,Rufous Hummingbird,30,1,2,29,0.03333333333333333,0,0.0,has_upperparts_color::black,baseline
13,Bobolink,30,21,29,9,0.7,20,0.9523809523809523,has_upperparts_color::black,baseline
70,Green Violetear,30,2,1,28,0.06666666666666667,0,0.0,has_upperparts_color::black,baseline
181,Worm eating Warbler,29,5,1,24,0.1724137931034483,0,0.0,has_upperparts_color::black,baseline
20,Yellow breasted Chat,29,7,5,22,0.2413793103448276,3,0.42857142857142855,has_upperparts_color::black,baseline
169,Magnolia Warbler,29,21,21,8,0.7241379310344828,18,0.8571428571428571,has_upperparts_color::black,baseline
168,Kentucky Warbler,29,6,1,23,0.20689655172413793,0,0.0,has_upperparts_color::black,baseline
28,Brown Creeper,29,9,22,20,0.3103448275862069,6,0.6666666666666666,has_upperparts_color::black,baseline
9,Brewer Blackbird,29,18,26,11,0.6206896551724138,17,0.9444444444444444,has_upperparts_color::black,baseline
166,Golden winged Warbler,29,10,8,19,0.3448275862068966,3,0.3,has_upperparts_color::black,baseline
23,Brandt Cormorant,29,16,21,13,0.5517241379310345,14,0.875,has_upperparts_color::black,baseline
190,Red cockaded Woodpecker,29,25,28,4,0.8620689655172413,24,0.96,has_upperparts_color::black,baseline
33,Yellow billed Cuckoo,29,2,0,27,0.06896551724137931,0,0.0,has_upperparts_color::black,baseline
179,Tennessee Warbler,29,11,3,18,0.3793103448275862,2,0.18181818181818182,has_upperparts_color::black,baseline
19,Gray Catbird,29,7,2,22,0.2413793103448276,0,0.0,has_upperparts_color::black,baseline
43,Yellow bellied Flycatcher,29,9,8,20,0.3103448275862069,2,0.2222222222222222,has_upperparts_color::black,baseline
117,Clay colored Sparrow,29,16,3,13,0.5517241379310345,1,0.0625,has_upperparts_color::black,baseline
141,Artic Tern,29,3,0,26,0.10344827586206896,0,0.0,has_upperparts_color::black,baseline
160,Black throated Blue Warbler,29,14,23,15,0.4827586206896552,10,0.7142857142857143,has_upperparts_color::black,baseline
119,Field Sparrow,29,12,2,17,0.41379310344827586,1,0.08333333333333333,has_upperparts_color::black,baseline
124,Le Conte Sparrow,29,15,8,14,0.5172413793103449,8,0.5333333333333333,has_upperparts_color::black,baseline
125,Lincoln Sparrow,29,18,2,11,0.6206896551724138,1,0.05555555555555555,has_upperparts_color::black,baseline
115,Brewer Sparrow,29,9,6,20,0.3103448275862069,3,0.3333333333333333,has_upperparts_color::black,baseline
60,Glaucous winged Gull,29,0,2,29,0.0,0,,has_upperparts_color::black,baseline
78,Gray Kingbird,29,5,2,24,0.1724137931034483,1,0.2,has_upperparts_color::black,baseline
97,Orchard Oriole,29,21,22,8,0.7241379310344828,16,0.7619047619047619,has_upperparts_color::black,baseline
149,Brown Thrasher,29,3,2,26,0.10344827586206896,0,0.0,has_upperparts_color::black,baseline
39,Least Flycatcher,29,7,5,22,0.2413793103448276,2,0.2857142857142857,has_upperparts_color::black,baseline
153,Philadelphia Vireo,29,6,0,23,0.20689655172413793,0,0.0,has_upperparts_color::black,baseline
37,Acadian Flycatcher,29,4,7,25,0.13793103448275862,0,0.0,has_upperparts_color::black,baseline
157,Yellow throated Vireo,29,8,4,21,0.27586206896551724,2,0.25,has_upperparts_color::black,baseline
34,Gray crowned Rosy Finch,29,13,8,16,0.4482758620689655,4,0.3076923076923077,has_upperparts_color::black,baseline
3,Sooty Albatross,28,2,5,26,0.07142857142857142,1,0.5,has_upperparts_color::black,baseline
15,Lazuli Bunting,28,17,9,11,0.6071428571428571,6,0.35294117647058826,has_upperparts_color::black,baseline
16,Painted Bunting,28,2,1,26,0.07142857142857142,0,0.0,has_upperparts_color::black,baseline
58,Pigeon Guillemot,28,18,22,10,0.6428571428571429,15,0.8333333333333334,has_upperparts_color::black,baseline
17,Cardinal,27,5,1,22,0.18518518518518517,0,0.0,has_upperparts_color::black,baseline
75,Green Jay,27,1,5,26,0.037037037037037035,0,0.0,has_upperparts_color::black,baseline
178,Swainson Warbler,26,3,0,23,0.11538461538461539,0,0.0,has_upperparts_color::black,baseline
12,Yellow headed Blackbird,26,20,24,6,0.7692307692307693,18,0.9,has_upperparts_color::black,baseline
22,Chuck will Widow,26,6,1,20,0.23076923076923078,1,0.16666666666666666,has_upperparts_color::black,baseline
7,Parakeet Auklet,23,15,19,8,0.6521739130434783,13,0.8666666666666667,has_upperparts_color::black,baseline
84,Red legged Kittiwake,23,5,4,18,0.21739130434782608,0,0.0,has_upperparts_color::black,baseline
32,Mangrove Cuckoo,23,3,6,20,0.13043478260869565,1,0.3333333333333333,has_upperparts_color::black,baseline
24,Red faced Cormorant,22,16,20,6,0.7272727272727273,14,0.875,has_upperparts_color::black,baseline
151,Black capped Vireo,21,7,13,14,0.3333333333333333,5,0.7142857142857143,has_upperparts_color::black,baseline
113,Baird Sparrow,20,5,5,15,0.25,1,0.2,has_upperparts_color::black,baseline
187,American Three toed Woodpecker,20,17,20,3,0.85,17,1.0,has_upperparts_color::black,baseline
65,Slaty backed Gull,20,11,9,9,0.55,6,0.5454545454545454,has_upperparts_color::black,baseline
101,White Pelican,20,2,0,18,0.1,0,0.0,has_upperparts_color::black,baseline
105,Whip poor Will,19,6,3,13,0.3157894736842105,1,0.16666666666666666,has_upperparts_color::black,baseline
8,Rhinoceros Auklet,18,11,12,7,0.6111111111111112,7,0.6363636363636364,has_upperparts_color::black,baseline
18,Spotted Catbird,15,3,1,12,0.2,0,0.0,has_upperparts_color::black,baseline
5,Crested Auklet,14,10,13,4,0.7142857142857143,9,0.9,has_upperparts_color::black,baseline
6,Least Auklet,11,6,9,5,0.5454545454545454,5,0.8333333333333334,has_upperparts_color::black,baseline
1,Black footed Albatross,30,1,0,29,0.03333333333333333,0,0.0,has_bill_length::shorter_than_head,baseline
143,Caspian Tern,30,2,0,28,0.06666666666666667,0,0.0,has_bill_length::shorter_than_head,baseline
120,Fox Sparrow,30,28,28,2,0.9333333333333333,26,0.9285714285714286,has_bill_length::shorter_than_head,baseline
121,Grasshopper Sparrow,30,28,28,2,0.9333333333333333,27,0.9642857142857143,has_bill_length::shorter_than_head,baseline
122,Harris Sparrow,30,30,28,0,1.0,28,0.9333333333333333,has_bill_length::shorter_than_head,baseline
123,Henslow Sparrow,30,27,30,3,0.9,27,1.0,has_bill_length::shorter_than_head,baseline
126,Nelson Sharp tailed Sparrow,30,29,29,1,0.9666666666666667,28,0.9655172413793104,has_bill_length::shorter_than_head,baseline
127,Savannah Sparrow,30,28,29,2,0.9333333333333333,27,0.9642857142857143,has_bill_length::shorter_than_head,baseline
128,Seaside Sparrow,30,19,28,11,0.6333333333333333,17,0.8947368421052632,has_bill_length::shorter_than_head,baseline
129,Song Sparrow,30,29,29,1,0.9666666666666667,28,0.9655172413793104,has_bill_length::shorter_than_head,baseline
130,Tree Sparrow,30,29,29,1,0.9666666666666667,28,0.9655172413793104,has_bill_length::shorter_than_head,baseline
131,Vesper Sparrow,30,30,30,0,1.0,30,1.0,has_bill_length::shorter_than_head,baseline
132,White crowned Sparrow,30,30,27,0,1.0,27,0.9,has_bill_length::shorter_than_head,baseline
133,White throated Sparrow,30,28,27,2,0.9333333333333333,25,0.8928571428571429,has_bill_length::shorter_than_head,baseline
134,Cape Glossy Starling,30,20,10,10,0.6666666666666666,7,0.35,has_bill_length::shorter_than_head,baseline
135,Bank Swallow,30,27,25,3,0.9,23,0.8518518518518519,has_bill_length::shorter_than_head,baseline
136,Barn Swallow,30,27,25,3,0.9,24,0.8888888888888888,has_bill_length::shorter_than_head,baseline
137,Cliff Swallow,30,21,26,9,0.7,20,0.9523809523809523,has_bill_length::shorter_than_head,baseline
138,Tree Swallow,30,26,21,4,0.8666666666666667,19,0.7307692307692307,has_bill_length::shorter_than_head,baseline
139,Scarlet Tanager,30,29,24,1,0.9666666666666667,23,0.7931034482758621,has_bill_length::shorter_than_head,baseline
140,Summer Tanager,30,23,26,7,0.7666666666666667,19,0.8260869565217391,has_bill_length::shorter_than_head,baseline
118,House Sparrow,30,27,26,3,0.9,23,0.8518518518518519,has_bill_length::shorter_than_head,baseline
116,Chipping Sparrow,30,30,28,0,1.0,28,0.9333333333333333,has_bill_length::shorter_than_head,baseline
114,Black throated Sparrow,30,28,28,2,0.9333333333333333,26,0.9285714285714286,has_bill_length::shorter_than_head,baseline
2,Laysan Albatross,30,3,3,27,0.1,1,0.3333333333333333,has_bill_length::shorter_than_head,baseline
92,Nighthawk,30,27,10,3,0.9,9,0.3333333333333333,has_bill_length::shorter_than_head,baseline
93,Clark Nutcracker,30,3,10,27,0.1,2,0.6666666666666666,has_bill_length::shorter_than_head,baseline
94,White breasted Nuthatch,30,8,19,22,0.26666666666666666,6,0.75,has_bill_length::shorter_than_head,baseline
95,Baltimore Oriole,30,19,26,11,0.6333333333333333,16,0.8421052631578947,has_bill_length::shorter_than_head,baseline
96,Hooded Oriole,30,7,24,23,0.23333333333333334,6,0.8571428571428571,has_bill_length::shorter_than_head,baseline
98,Scott Oriole,30,10,24,20,0.3333333333333333,5,0.5,has_bill_length::shorter_than_head,baseline
99,Ovenbird,30,25,27,5,0.8333333333333334,22,0.88,has_bill_length::shorter_than_head,baseline
100,Brown Pelican,30,0,1,30,0.0,0,,has_bill_length::shorter_than_head,baseline
102,Western Wood Pewee,30,21,24,9,0.7,16,0.7619047619047619,has_bill_length::shorter_than_head,baseline
112,Great Grey Shrike,30,25,23,5,0.8333333333333334,18,0.72,has_bill_length::shorter_than_head,baseline
103,Sayornis,30,20,28,10,0.6666666666666666,19,0.95,has_bill_length::shorter_than_head,baseline
104,American Pipit,30,21,26,9,0.7,19,0.9047619047619048,has_bill_length::shorter_than_head,baseline
106,Horned Puffin,30,14,2,16,0.4666666666666667,1,0.07142857142857142,has_bill_length::shorter_than_head,baseline
107,Common Raven,30,7,4,23,0.23333333333333334,0,0.0,has_bill_length::shorter_than_head,baseline
108,White necked Raven,30,11,3,19,0.36666666666666664,1,0.09090909090909091,has_bill_length::shorter_than_head,baseline
109,American Redstart,30,24,29,6,0.8,23,0.9583333333333334,has_bill_length::shorter_than_head,baseline
110,Geococcyx,30,7,6,23,0.23333333333333334,0,0.0,has_bill_length::shorter_than_head,baseline
111,Loggerhead Shrike,30,29,23,1,0.9666666666666667,22,0.7586206896551724,has_bill_length::shorter_than_head,baseline
142,Black Tern,30,4,1,26,0.13333333333333333,0,0.0,has_bill_length::shorter_than_head,baseline
144,Common Tern,30,2,0,28,0.06666666666666667,0,0.0,has_bill_length::shorter_than_head,baseline
90,Red breasted Merganser,30,1,0,29,0.03333333333333333,0,0.0,has_bill_length::shorter_than_head,baseline
145,Elegant Tern,30,0,0,30,0.0,0,,has_bill_length::shorter_than_head,baseline
176,Prairie Warbler,30,26,29,4,0.8666666666666667,25,0.9615384615384616,has_bill_length::shorter_than_head,baseline
177,Prothonotary Warbler,30,19,26,11,0.6333333333333333,17,0.8947368421052632,has_bill_length::shorter_than_head,baseline
180,Wilson Warbler,30,30,30,0,1.0,30,1.0,has_bill_length::shorter_than_head,baseline
182,Yellow Warbler,30,26,30,4,0.8666666666666667,26,1.0,has_bill_length::shorter_than_head,baseline
183,Northern Waterthrush,30,21,21,9,0.7,15,0.7142857142857143,has_bill_length::shorter_than_head,baseline
184,Louisiana Waterthrush,30,20,22,10,0.6666666666666666,16,0.8,has_bill_length::shorter_than_head,baseline
185,Bohemian Waxwing,30,24,29,6,0.8,23,0.9583333333333334,has_bill_length::shorter_than_head,baseline
186,Cedar Waxwing,30,29,29,1,0.9666666666666667,28,0.9655172413793104,has_bill_length::shorter_than_head,baseline
188,Pileated Woodpecker,30,2,5,28,0.06666666666666667,0,0.0,has_bill_length::shorter_than_head,baseline
189,Red bellied Woodpecker,30,3,5,27,0.1,0,0.0,has_bill_length::shorter_than_head,baseline
191,Red headed Woodpecker,30,3,5,27,0.1,0,0.0,has_bill_length::shorter_than_head,baseline
192,Downy Woodpecker,30,24,20,6,0.8,14,0.5833333333333334,has_bill_length::shorter_than_head,baseline
193,Bewick Wren,30,15,20,15,0.5,13,0.8666666666666667,has_bill_length::shorter_than_head,baseline
194,Cactus Wren,30,8,6,22,0.26666666666666666,1,0.125,has_bill_length::shorter_than_head,baseline
195,Carolina Wren,30,14,20,16,0.4666666666666667,9,0.6428571428571429,has_bill_length::shorter_than_head,baseline
196,House Wren,30,13,15,17,0.43333333333333335,6,0.46153846153846156,has_bill_length::shorter_than_head,baseline
197,Marsh Wren,30,15,25,15,0.5,14,0.9333333333333333,has_bill_length::shorter_than_head,baseline
198,Rock Wren,30,7,10,23,0.23333333333333334,5,0.7142857142857143,has_bill_length::shorter_than_head,baseline
199,Winter Wren,30,20,22,10,0.6666666666666666,14,0.7,has_bill_length::shorter_than_head,baseline
175,Pine Warbler,30,26,29,4,0.8666666666666667,25,0.9615384615384616,has_bill_length::shorter_than_head,baseline
174,Palm Warbler,30,27,29,3,0.9,26,0.9629629629629629,has_bill_length::shorter_than_head,baseline
173,Orange crowned Warbler,30,22,29,8,0.7333333333333333,21,0.9545454545454546,has_bill_length::shorter_than_head,baseline
158,Bay breasted Warbler,30,21,28,9,0.7,20,0.9523809523809523,has_bill_length::shorter_than_head,baseline
146,Forsters Tern,30,0,0,30,0.0,0,,has_bill_length::shorter_than_head,baseline
147,Least Tern,30,4,0,26,0.13333333333333333,0,0.0,has_bill_length::shorter_than_head,baseline
148,Green tailed Towhee,30,29,30,1,0.9666666666666667,29,1.0,has_bill_length::shorter_than_head,baseline
150,Sage Thrasher,30,19,21,11,0.6333333333333333,12,0.631578947368421,has_bill_length::shorter_than_head,baseline
152,Blue headed Vireo,30,20,30,10,0.6666666666666666,20,1.0,has_bill_length::shorter_than_head,baseline
154,Red eyed Vireo,30,20,25,10,0.6666666666666666,18,0.9,has_bill_length::shorter_than_head,baseline
155,Warbling Vireo,30,23,23,7,0.7666666666666667,18,0.782608695652174,has_bill_length::shorter_than_head,baseline
156,White eyed Vireo,30,23,29,7,0.7666666666666667,23,1.0,has_bill_length::shorter_than_head,baseline
159,Black and white Warbler,30,17,21,13,0.5666666666666667,13,0.7647058823529411,has_bill_length::shorter_than_head,baseline
172,Nashville Warbler,30,25,29,5,0.8333333333333334,25,1.0,has_bill_length::shorter_than_head,baseline
161,Blue winged Warbler,30,20,28,10,0.6666666666666666,18,0.9,has_bill_length::shorter_than_head,baseline
162,Canada Warbler,30,24,29,6,0.8,23,0.9583333333333334,has_bill_length::shorter_than_head,baseline
163,Cape May Warbler,30,26,29,4,0.8666666666666667,26,1.0,has_bill_length::shorter_than_head,baseline
164,Cerulean Warbler,30,18,27,12,0.6,15,0.8333333333333334,has_bill_length::shorter_than_head,baseline
165,Chestnut sided Warbler,30,25,29,5,0.8333333333333334,24,0.96,has_bill_length::shorter_than_head,baseline
167,Hooded Warbler,30,20,28,10,0.6666666666666666,19,0.95,has_bill_length::shorter_than_head,baseline
170,Mourning Warbler,30,21,29,9,0.7,20,0.9523809523809523,has_bill_length::shorter_than_head,baseline
171,Myrtle Warbler,30,25,28,5,0.8333333333333334,23,0.92,has_bill_length::shorter_than_head,baseline
91,Mockingbird,30,19,21,11,0.6333333333333333,15,0.7894736842105263,has_bill_length::shorter_than_head,baseline
200,Common Yellowthroat,30,20,30,10,0.6666666666666666,20,1.0,has_bill_length::shorter_than_head,baseline
89,Hooded Merganser,30,4,4,26,0.13333333333333333,1,0.25,has_bill_length::shorter_than_head,baseline
26,Bronzed Cowbird,30,21,20,9,0.7,13,0.6190476190476191,has_bill_length::shorter_than_head,baseline
61,Heermann Gull,30,7,1,23,0.23333333333333334,0,0.0,has_bill_length::shorter_than_head,baseline
59,California Gull,30,4,0,26,0.13333333333333333,0,0.0,has_bill_length::shorter_than_head,baseline
25,Pelagic Cormorant,30,3,1,27,0.1,1,0.3333333333333333,has_bill_length::shorter_than_head,baseline
57,Rose breasted Grosbeak,30,26,27,4,0.8666666666666667,24,0.9230769230769231,has_bill_length::shorter_than_head,baseline
56,Pine Grosbeak,30,26,29,4,0.8666666666666667,26,1.0,has_bill_length::shorter_than_head,baseline
55,Evening Grosbeak,30,23,27,7,0.7666666666666667,20,0.8695652173913043,has_bill_length::shorter_than_head,baseline
54,Blue Grosbeak,30,23,30,7,0.7666666666666667,23,1.0,has_bill_length::shorter_than_head,baseline
53,Western Grebe,30,1,0,29,0.03333333333333333,0,0.0,has_bill_length::shorter_than_head,baseline
52,Pied billed Grebe,30,17,9,13,0.5666666666666667,6,0.35294117647058826,has_bill_length::shorter_than_head,baseline
51,Horned Grebe,30,12,11,18,0.4,5,0.4166666666666667,has_bill_length::shorter_than_head,baseline
50,Eared Grebe,30,9,7,21,0.3,2,0.2222222222222222,has_bill_length::shorter_than_head,baseline
49,Boat tailed Grackle,30,10,11,20,0.3333333333333333,3,0.3,has_bill_length::shorter_than_head,baseline
48,European Goldfinch,30,28,28,2,0.9333333333333333,26,0.9285714285714286,has_bill_length::shorter_than_head,baseline
47,American Goldfinch,30,25,29,5,0.8333333333333334,24,0.96,has_bill_length::shorter_than_head,baseline
63,Ivory Gull,30,14,4,16,0.4666666666666667,2,0.14285714285714285,has_bill_length::shorter_than_head,baseline
46,Gadwall,30,3,0,27,0.1,0,0.0,has_bill_length::shorter_than_head,baseline
45,Northern Fulmar,30,15,3,15,0.5,2,0.13333333333333333,has_bill_length::shorter_than_head,baseline
44,Frigatebird,30,0,0,30,0.0,0,,has_bill_length::shorter_than_head,baseline
88,Western Meadowlark,30,5,14,25,0.16666666666666666,5,1.0,has_bill_length::shorter_than_head,baseline
42,Vermilion Flycatcher,30,28,23,2,0.9333333333333333,21,0.75,has_bill_length::shorter_than_head,baseline
41,Scissor tailed Flycatcher,30,20,13,10,0.6666666666666666,10,0.5,has_bill_length::shorter_than_head,baseline
27,Shiny Cowbird,30,20,14,10,0.6666666666666666,9,0.45,has_bill_length::shorter_than_head,baseline
40,Olive sided Flycatcher,30,17,22,13,0.5666666666666667,11,0.6470588235294118,has_bill_length::shorter_than_head,baseline
38,Great Crested Flycatcher,30,14,23,16,0.4666666666666667,10,0.7142857142857143,has_bill_length::shorter_than_head,baseline
36,Northern Flicker,30,1,7,29,0.03333333333333333,1,1.0,has_bill_length::shorter_than_head,baseline
29,American Crow,30,5,3,25,0.16666666666666666,1,0.2,has_bill_length::shorter_than_head,baseline
35,Purple Finch,30,28,29,2,0.9333333333333333,27,0.9642857142857143,has_bill_length::shorter_than_head,baseline
30,Fish Crow,30,8,6,22,0.26666666666666666,2,0.25,has_bill_length::shorter_than_head,baseline
21,Eastern Towhee,30,30,25,0,1.0,25,0.8333333333333334,has_bill_length::shorter_than_head,baseline
62,Herring Gull,30,4,3,26,0.13333333333333333,1,0.25,has_bill_length::shorter_than_head,baseline
64,Ring billed Gull,30,3,3,27,0.1,0,0.0,has_bill_length::shorter_than_head,baseline
73,Blue Jay,30,15,20,15,0.5,11,0.7333333333333333,has_bill_length::shorter_than_head,baseline
87,Mallard,30,3,2,27,0.1,0,0.0,has_bill_length::shorter_than_head,baseline
86,Pacific Loon,30,4,0,26,0.13333333333333333,0,0.0,has_bill_length::shorter_than_head,baseline
85,Horned Lark,30,26,28,4,0.8666666666666667,24,0.9230769230769231,has_bill_length::shorter_than_head,baseline
4,Groove billed Ani,30,22,18,8,0.7333333333333333,14,0.6363636363636364,has_bill_length::shorter_than_head,baseline
83,White breasted Kingfisher,30,0,9,30,0.0,0,,has_bill_length::shorter_than_head,baseline
82,Ringed Kingfisher,30,0,6,30,0.0,0,,has_bill_length::shorter_than_head,baseline
81,Pied Kingfisher,30,0,2,30,0.0,0,,has_bill_length::shorter_than_head,baseline
80,Green Kingfisher,30,1,7,29,0.03333333333333333,0,0.0,has_bill_length::shorter_than_head,baseline
79,Belted Kingfisher,30,3,7,27,0.1,0,0.0,has_bill_length::shorter_than_head,baseline
10,Red winged Blackbird,30,18,16,12,0.6,10,0.5555555555555556,has_bill_length::shorter_than_head,baseline
77,Tropical Kingbird,30,16,21,14,0.5333333333333333,13,0.8125,has_bill_length::shorter_than_head,baseline
11,Rusty Blackbird,30,21,16,9,0.7,12,0.5714285714285714,has_bill_length::shorter_than_head,baseline
74,Florida Jay,30,23,22,7,0.7666666666666667,18,0.782608695652174,has_bill_length::shorter_than_head,baseline
76,Dark eyed Junco,30,25,25,5,0.8333333333333334,21,0.84,has_bill_length::shorter_than_head,baseline
72,Pomarine Jaeger,30,8,3,22,0.26666666666666666,1,0.125,has_bill_length::shorter_than_head,baseline
14,Indigo Bunting,30,24,26,6,0.8,21,0.875,has_bill_length::shorter_than_head,baseline
66,Western Gull,30,5,1,25,0.16666666666666666,0,0.0,has_bill_length::shorter_than_head,baseline
71,Long tailed Jaeger,30,15,0,15,0.5,0,0.0,has_bill_length::shorter_than_head,baseline
67,Anna Hummingbird,30,0,8,30,0.0,0,,has_bill_length::shorter_than_head,baseline
68,Ruby throated Hummingbird,30,0,5,30,0.0,0,,has_bill_length::shorter_than_head,baseline
31,Black billed Cuckoo,30,11,18,19,0.36666666666666664,6,0.5454545454545454,has_bill_length::shorter_than_head,baseline
69,Rufous Hummingbird,30,1,5,29,0.03333333333333333,0,0.0,has_bill_length::shorter_than_head,baseline
13,Bobolink,30,29,21,1,0.9666666666666667,20,0.6896551724137931,has_bill_length::shorter_than_head,baseline
70,Green Violetear,30,1,1,29,0.03333333333333333,0,0.0,has_bill_length::shorter_than_head,baseline
181,Worm eating Warbler,29,22,27,7,0.7586206896551724,20,0.9090909090909091,has_bill_length::shorter_than_head,baseline
20,Yellow breasted Chat,29,24,26,5,0.8275862068965517,23,0.9583333333333334,has_bill_length::shorter_than_head,baseline
169,Magnolia Warbler,29,25,27,4,0.8620689655172413,23,0.92,has_bill_length::shorter_than_head,baseline
168,Kentucky Warbler,29,23,27,6,0.7931034482758621,22,0.9565217391304348,has_bill_length::shorter_than_head,baseline
28,Brown Creeper,29,5,10,24,0.1724137931034483,1,0.2,has_bill_length::shorter_than_head,baseline
9,Brewer Blackbird,29,16,16,13,0.5517241379310345,8,0.5,has_bill_length::shorter_than_head,baseline
166,Golden winged Warbler,29,17,27,12,0.5862068965517241,16,0.9411764705882353,has_bill_length::shorter_than_head,baseline
23,Brandt Cormorant,29,0,1,29,0.0,0,,has_bill_length::shorter_than_head,baseline
190,Red cockaded Woodpecker,29,4,1,25,0.13793103448275862,0,0.0,has_bill_length::shorter_than_head,baseline
33,Yellow billed Cuckoo,29,10,8,19,0.3448275862068966,2,0.2,has_bill_length::shorter_than_head,baseline
179,Tennessee Warbler,29,23,27,6,0.7931034482758621,21,0.9130434782608695,has_bill_length::shorter_than_head,baseline
19,Gray Catbird,29,14,16,15,0.4827586206896552,8,0.5714285714285714,has_bill_length::shorter_than_head,baseline
43,Yellow bellied Flycatcher,29,23,29,6,0.7931034482758621,23,1.0,has_bill_length::shorter_than_head,baseline
117,Clay colored Sparrow,29,29,29,0,1.0,29,1.0,has_bill_length::shorter_than_head,baseline
141,Artic Tern,29,4,1,25,0.13793103448275862,0,0.0,has_bill_length::shorter_than_head,baseline
160,Black throated Blue Warbler,29,23,26,6,0.7931034482758621,20,0.8695652173913043,has_bill_length::shorter_than_head,baseline
119,Field Sparrow,29,26,28,3,0.896551724137931,25,0.9615384615384616,has_bill_length::shorter_than_head,baseline
124,Le Conte Sparrow,29,28,29,1,0.9655172413793104,28,1.0,has_bill_length::shorter_than_head,baseline
125,Lincoln Sparrow,29,26,28,3,0.896551724137931,26,1.0,has_bill_length::shorter_than_head,baseline
115,Brewer Sparrow,29,27,28,2,0.9310344827586207,26,0.9629629629629629,has_bill_length::shorter_than_head,baseline
60,Glaucous winged Gull,29,3,0,26,0.10344827586206896,0,0.0,has_bill_length::shorter_than_head,baseline
78,Gray Kingbird,29,11,14,18,0.3793103448275862,9,0.8181818181818182,has_bill_length::shorter_than_head,baseline
97,Orchard Oriole,29,13,25,16,0.4482758620689655,10,0.7692307692307693,has_bill_length::shorter_than_head,baseline
149,Brown Thrasher,29,7,22,22,0.2413793103448276,5,0.7142857142857143,has_bill_length::shorter_than_head,baseline
39,Least Flycatcher,29,20,27,9,0.6896551724137931,19,0.95,has_bill_length::shorter_than_head,baseline
153,Philadelphia Vireo,29,26,28,3,0.896551724137931,25,0.9615384615384616,has_bill_length::shorter_than_head,baseline
37,Acadian Flycatcher,29,24,29,5,0.8275862068965517,24,1.0,has_bill_length::shorter_than_head,baseline
157,Yellow throated Vireo,29,25,27,4,0.8620689655172413,25,1.0,has_bill_length::shorter_than_head,baseline
34,Gray crowned Rosy Finch,29,28,26,1,0.9655172413793104,26,0.9285714285714286,has_bill_length::shorter_than_head,baseline
3,Sooty Albatross,28,1,3,27,0.03571428571428571,1,1.0,has_bill_length::shorter_than_head,baseline
15,Lazuli Bunting,28,26,28,2,0.9285714285714286,26,1.0,has_bill_length::shorter_than_head,baseline
16,Painted Bunting,28,24,28,4,0.8571428571428571,24,1.0,has_bill_length::shorter_than_head,baseline
58,Pigeon Guillemot,28,1,0,27,0.03571428571428571,0,0.0,has_bill_length::shorter_than_head,baseline
17,Cardinal,27,25,26,2,0.9259259259259259,24,0.96,has_bill_length::shorter_than_head,baseline
75,Green Jay,27,18,17,9,0.6666666666666666,12,0.6666666666666666,has_bill_length::shorter_than_head,baseline
178,Swainson Warbler,26,5,22,21,0.19230769230769232,5,1.0,has_bill_length::shorter_than_head,baseline
12,Yellow headed Blackbird,26,18,20,8,0.6923076923076923,12,0.6666666666666666,has_bill_length::shorter_than_head,baseline
22,Chuck will Widow,26,22,19,4,0.8461538461538461,17,0.7727272727272727,has_bill_length::shorter_than_head,baseline
7,Parakeet Auklet,23,21,11,2,0.9130434782608695,9,0.42857142857142855,has_bill_length::shorter_than_head,baseline
84,Red legged Kittiwake,23,14,4,9,0.6086956521739131,2,0.14285714285714285,has_bill_length::shorter_than_head,baseline
32,Mangrove Cuckoo,23,9,13,14,0.391304347826087,6,0.6666666666666666,has_bill_length::shorter_than_head,baseline
24,Red faced Cormorant,22,1,3,21,0.045454545454545456,0,0.0,has_bill_length::shorter_than_head,baseline
151,Black capped Vireo,21,18,20,3,0.8571428571428571,17,0.9444444444444444,has_bill_length::shorter_than_head,baseline
113,Baird Sparrow,20,20,20,0,1.0,20,1.0,has_bill_length::shorter_than_head,baseline
187,American Three toed Woodpecker,20,7,4,13,0.35,2,0.2857142857142857,has_bill_length::shorter_than_head,baseline
65,Slaty backed Gull,20,7,2,13,0.35,2,0.2857142857142857,has_bill_length::shorter_than_head,baseline
101,White Pelican,20,0,0,20,0.0,0,,has_bill_length::shorter_than_head,baseline
105,Whip poor Will,19,17,16,2,0.8947368421052632,15,0.8823529411764706,has_bill_length::shorter_than_head,baseline
8,Rhinoceros Auklet,18,10,4,8,0.5555555555555556,1,0.1,has_bill_length::shorter_than_head,baseline
18,Spotted Catbird,15,11,15,4,0.7333333333333333,11,1.0,has_bill_length::shorter_than_head,baseline
5,Crested Auklet,14,13,9,1,0.9285714285714286,9,0.6923076923076923,has_bill_length::shorter_than_head,baseline
6,Least Auklet,11,11,10,0,1.0,10,0.9090909090909091,has_bill_length::shorter_than_head,baseline
1,Black footed Albatross,30,13,16,17,0.43333333333333335,9,0.6923076923076923,has_upperparts_color::brown,baseline
143,Caspian Tern,30,2,0,28,0.06666666666666667,0,0.0,has_upperparts_color::brown,baseline
120,Fox Sparrow,30,21,27,9,0.7,20,0.9523809523809523,has_upperparts_color::brown,baseline
121,Grasshopper Sparrow,30,19,26,11,0.6333333333333333,17,0.8947368421052632,has_upperparts_color::brown,baseline
122,Harris Sparrow,30,14,18,16,0.4666666666666667,9,0.6428571428571429,has_upperparts_color::brown,baseline
123,Henslow Sparrow,30,13,25,17,0.43333333333333335,12,0.9230769230769231,has_upperparts_color::brown,baseline
126,Nelson Sharp tailed Sparrow,30,12,26,18,0.4,11,0.9166666666666666,has_upperparts_color::brown,baseline
127,Savannah Sparrow,30,22,27,8,0.7333333333333333,20,0.9090909090909091,has_upperparts_color::brown,baseline
128,Seaside Sparrow,30,15,23,15,0.5,11,0.7333333333333333,has_upperparts_color::brown,baseline
129,Song Sparrow,30,25,29,5,0.8333333333333334,24,0.96,has_upperparts_color::brown,baseline
130,Tree Sparrow,30,21,26,9,0.7,18,0.8571428571428571,has_upperparts_color::brown,baseline
131,Vesper Sparrow,30,14,27,16,0.4666666666666667,12,0.8571428571428571,has_upperparts_color::brown,baseline
132,White crowned Sparrow,30,15,17,15,0.5,12,0.8,has_upperparts_color::brown,baseline
133,White throated Sparrow,30,19,28,11,0.6333333333333333,18,0.9473684210526315,has_upperparts_color::brown,baseline
134,Cape Glossy Starling,30,1,2,29,0.03333333333333333,0,0.0,has_upperparts_color::brown,baseline
135,Bank Swallow,30,10,15,20,0.3333333333333333,7,0.7,has_upperparts_color::brown,baseline
136,Barn Swallow,30,4,2,26,0.13333333333333333,0,0.0,has_upperparts_color::brown,baseline
137,Cliff Swallow,30,8,20,22,0.26666666666666666,5,0.625,has_upperparts_color::brown,baseline
138,Tree Swallow,30,2,2,28,0.06666666666666667,2,1.0,has_upperparts_color::brown,baseline
139,Scarlet Tanager,30,0,0,30,0.0,0,,has_upperparts_color::brown,baseline
140,Summer Tanager,30,2,2,28,0.06666666666666667,0,0.0,has_upperparts_color::brown,baseline
118,House Sparrow,30,19,24,11,0.6333333333333333,16,0.8421052631578947,has_upperparts_color::brown,baseline
116,Chipping Sparrow,30,17,24,13,0.5666666666666667,15,0.8823529411764706,has_upperparts_color::brown,baseline
114,Black throated Sparrow,30,12,10,18,0.4,5,0.4166666666666667,has_upperparts_color::brown,baseline
2,Laysan Albatross,30,7,5,23,0.23333333333333334,2,0.2857142857142857,has_upperparts_color::brown,baseline
92,Nighthawk,30,16,25,14,0.5333333333333333,13,0.8125,has_upperparts_color::brown,baseline
93,Clark Nutcracker,30,0,3,30,0.0,0,,has_upperparts_color::brown,baseline
94,White breasted Nuthatch,30,3,0,27,0.1,0,0.0,has_upperparts_color::brown,baseline
95,Baltimore Oriole,30,1,2,29,0.03333333333333333,0,0.0,has_upperparts_color::brown,baseline
96,Hooded Oriole,30,1,3,29,0.03333333333333333,1,1.0,has_upperparts_color::brown,baseline
98,Scott Oriole,30,1,1,29,0.03333333333333333,0,0.0,has_upperparts_color::brown,baseline
99,Ovenbird,30,9,24,21,0.3,9,1.0,has_upperparts_color::brown,baseline
100,Brown Pelican,30,9,12,21,0.3,4,0.4444444444444444,has_upperparts_color::brown,baseline
102,Western Wood Pewee,30,9,17,21,0.3,4,0.4444444444444444,has_upperparts_color::brown,baseline
112,Great Grey Shrike,30,2,2,28,0.06666666666666667,0,0.0,has_upperparts_color::brown,baseline
103,Sayornis,30,14,24,16,0.4666666666666667,12,0.8571428571428571,has_upperparts_color::brown,baseline
104,American Pipit,30,11,25,19,0.36666666666666664,10,0.9090909090909091,has_upperparts_color::brown,baseline
106,Horned Puffin,30,0,3,30,0.0,0,,has_upperparts_color::brown,baseline
107,Common Raven,30,0,0,30,0.0,0,,has_upperparts_color::brown,baseline
108,White necked Raven,30,3,1,27,0.1,0,0.0,has_upperparts_color::brown,baseline
109,American Redstart,30,3,7,27,0.1,2,0.6666666666666666,has_upperparts_color::brown,baseline
110,Geococcyx,30,16,23,14,0.5333333333333333,12,0.75,has_upperparts_color::brown,baseline
111,Loggerhead Shrike,30,0,3,30,0.0,0,,has_upperparts_color::brown,baseline
142,Black Tern,30,3,2,27,0.1,1,0.3333333333333333,has_upperparts_color::brown,baseline
144,Common Tern,30,1,0,29,0.03333333333333333,0,0.0,has_upperparts_color::brown,baseline
90,Red breasted Merganser,30,6,10,24,0.2,3,0.5,has_upperparts_color::brown,baseline
145,Elegant Tern,30,0,0,30,0.0,0,,has_upperparts_color::brown,baseline
176,Prairie Warbler,30,2,8,28,0.06666666666666667,1,0.5,has_upperparts_color::brown,baseline
177,Prothonotary Warbler,30,0,1,30,0.0,0,,has_upperparts_color::brown,baseline
180,Wilson Warbler,30,2,3,28,0.06666666666666667,0,0.0,has_upperparts_color::brown,baseline
182,Yellow Warbler,30,6,5,24,0.2,1,0.16666666666666666,has_upperparts_color::brown,baseline
183,Northern Waterthrush,30,20,25,10,0.6666666666666666,19,0.95,has_upperparts_color::brown,baseline
184,Louisiana Waterthrush,30,13,28,17,0.43333333333333335,13,1.0,has_upperparts_color::brown,baseline
185,Bohemian Waxwing,30,5,8,25,0.16666666666666666,1,0.2,has_upperparts_color::brown,baseline
186,Cedar Waxwing,30,9,19,21,0.3,5,0.5555555555555556,has_upperparts_color::brown,baseline
188,Pileated Woodpecker,30,0,6,30,0.0,0,,has_upperparts_color::brown,baseline
189,Red bellied Woodpecker,30,0,3,30,0.0,0,,has_upperparts_color::brown,baseline
191,Red headed Woodpecker,30,0,0,30,0.0,0,,has_upperparts_color::brown,baseline
192,Downy Woodpecker,30,0,1,30,0.0,0,,has_upperparts_color::brown,baseline
193,Bewick Wren,30,24,27,6,0.8,21,0.875,has_upperparts_color::brown,baseline
194,Cactus Wren,30,15,25,15,0.5,14,0.9333333333333333,has_upperparts_color::brown,baseline
195,Carolina Wren,30,24,27,6,0.8,21,0.875,has_upperparts_color::brown,baseline
196,House Wren,30,24,28,6,0.8,22,0.9166666666666666,has_upperparts_color::brown,baseline
197,Marsh Wren,30,19,30,11,0.6333333333333333,19,1.0,has_upperparts_color::brown,baseline
198,Rock Wren,30,17,25,13,0.5666666666666667,17,1.0,has_upperparts_color::brown,baseline
199,Winter Wren,30,25,30,5,0.8333333333333334,25,1.0,has_upperparts_color::brown,baseline
175,Pine Warbler,30,8,7,22,0.26666666666666666,2,0.25,has_upperparts_color::brown,baseline
174,Palm Warbler,30,16,24,14,0.5333333333333333,15,0.9375,has_upperparts_color::brown,baseline
173,Orange crowned Warbler,30,7,8,23,0.23333333333333334,5,0.7142857142857143,has_upperparts_color::brown,baseline
158,Bay breasted Warbler,30,6,10,24,0.2,5,0.8333333333333334,has_upperparts_color::brown,baseline
146,Forsters Tern,30,0,0,30,0.0,0,,has_upperparts_color::brown,baseline
147,Least Tern,30,0,0,30,0.0,0,,has_upperparts_color::brown,baseline
148,Green tailed Towhee,30,6,7,24,0.2,3,0.5,has_upperparts_color::brown,baseline
150,Sage Thrasher,30,13,25,17,0.43333333333333335,13,1.0,has_upperparts_color::brown,baseline
152,Blue headed Vireo,30,6,8,24,0.2,4,0.6666666666666666,has_upperparts_color::brown,baseline
154,Red eyed Vireo,30,4,16,26,0.13333333333333333,3,0.75,has_upperparts_color::brown,baseline
155,Warbling Vireo,30,7,15,23,0.23333333333333334,4,0.5714285714285714,has_upperparts_color::brown,baseline
156,White eyed Vireo,30,11,10,19,0.36666666666666664,6,0.5454545454545454,has_upperparts_color::brown,baseline
159,Black and white Warbler,30,0,1,30,0.0,0,,has_upperparts_color::brown,baseline
172,Nashville Warbler,30,4,6,26,0.13333333333333333,1,0.25,has_upperparts_color::brown,baseline
161,Blue winged Warbler,30,0,3,30,0.0,0,,has_upperparts_color::brown,baseline
162,Canada Warbler,30,1,4,29,0.03333333333333333,0,0.0,has_upperparts_color::brown,baseline
163,Cape May Warbler,30,5,17,25,0.16666666666666666,3,0.6,has_upperparts_color::brown,baseline
164,Cerulean Warbler,30,2,0,28,0.06666666666666667,0,0.0,has_upperparts_color::brown,baseline
165,Chestnut sided Warbler,30,1,4,29,0.03333333333333333,0,0.0,has_upperparts_color::brown,baseline
167,Hooded Warbler,30,3,2,27,0.1,0,0.0,has_upperparts_color::brown,baseline
170,Mourning Warbler,30,3,5,27,0.1,0,0.0,has_upperparts_color::brown,baseline
171,Myrtle Warbler,30,3,12,27,0.1,2,0.6666666666666666,has_upperparts_color::brown,baseline
91,Mockingbird,30,9,14,21,0.3,8,0.8888888888888888,has_upperparts_color::brown,baseline
200,Common Yellowthroat,30,13,10,17,0.43333333333333335,6,0.46153846153846156,has_upperparts_color::brown,baseline
89,Hooded Merganser,30,9,11,21,0.3,4,0.4444444444444444,has_upperparts_color::brown,baseline
26,Bronzed Cowbird,30,4,2,26,0.13333333333333333,2,0.5,has_upperparts_color::brown,baseline
61,Heermann Gull,30,7,4,23,0.23333333333333334,2,0.2857142857142857,has_upperparts_color::brown,baseline
59,California Gull,30,0,1,30,0.0,0,,has_upperparts_color::brown,baseline
25,Pelagic Cormorant,30,1,1,29,0.03333333333333333,0,0.0,has_upperparts_color::brown,baseline
57,Rose breasted Grosbeak,30,3,1,27,0.1,0,0.0,has_upperparts_color::brown,baseline
56,Pine Grosbeak,30,3,5,27,0.1,1,0.3333333333333333,has_upperparts_color::brown,baseline
55,Evening Grosbeak,30,7,9,23,0.23333333333333334,4,0.5714285714285714,has_upperparts_color::brown,baseline
54,Blue Grosbeak,30,4,7,26,0.13333333333333333,0,0.0,has_upperparts_color::brown,baseline
53,Western Grebe,30,7,12,23,0.23333333333333334,5,0.7142857142857143,has_upperparts_color::brown,baseline
52,Pied billed Grebe,30,18,27,12,0.6,17,0.9444444444444444,has_upperparts_color::brown,baseline
51,Horned Grebe,30,9,14,21,0.3,5,0.5555555555555556,has_upperparts_color::brown,baseline
50,Eared Grebe,30,14,14,16,0.4666666666666667,7,0.5,has_upperparts_color::brown,baseline
49,Boat tailed Grackle,30,3,7,27,0.1,3,1.0,has_upperparts_color::brown,baseline
48,European Goldfinch,30,4,6,26,0.13333333333333333,0,0.0,has_upperparts_color::brown,baseline
47,American Goldfinch,30,3,2,27,0.1,1,0.3333333333333333,has_upperparts_color::brown,baseline
63,Ivory Gull,30,0,0,30,0.0,0,,has_upperparts_color::brown,baseline
46,Gadwall,30,21,29,9,0.7,20,0.9523809523809523,has_upperparts_color::brown,baseline
45,Northern Fulmar,30,2,4,28,0.06666666666666667,1,0.5,has_upperparts_color::brown,baseline
44,Frigatebird,30,5,1,25,0.16666666666666666,0,0.0,has_upperparts_color::brown,baseline
88,Western Meadowlark,30,10,21,20,0.3333333333333333,7,0.7,has_upperparts_color::brown,baseline
42,Vermilion Flycatcher,30,8,1,22,0.26666666666666666,1,0.125,has_upperparts_color::brown,baseline
41,Scissor tailed Flycatcher,30,6,6,24,0.2,2,0.3333333333333333,has_upperparts_color::brown,baseline
27,Shiny Cowbird,30,1,6,29,0.03333333333333333,1,1.0,has_upperparts_color::brown,baseline
40,Olive sided Flycatcher,30,9,12,21,0.3,6,0.6666666666666666,has_upperparts_color::brown,baseline
38,Great Crested Flycatcher,30,12,24,18,0.4,11,0.9166666666666666,has_upperparts_color::brown,baseline
36,Northern Flicker,30,7,20,23,0.23333333333333334,6,0.8571428571428571,has_upperparts_color::brown,baseline
29,American Crow,30,1,0,29,0.03333333333333333,0,0.0,has_upperparts_color::brown,baseline
35,Purple Finch,30,11,19,19,0.36666666666666664,8,0.7272727272727273,has_upperparts_color::brown,baseline
30,Fish Crow,30,0,2,30,0.0,0,,has_upperparts_color::brown,baseline
21,Eastern Towhee,30,8,7,22,0.26666666666666666,5,0.625,has_upperparts_color::brown,baseline
62,Herring Gull,30,5,3,25,0.16666666666666666,2,0.4,has_upperparts_color::brown,baseline
64,Ring billed Gull,30,0,2,30,0.0,0,,has_upperparts_color::brown,baseline
73,Blue Jay,30,0,1,30,0.0,0,,has_upperparts_color::brown,baseline
87,Mallard,30,16,10,14,0.5333333333333333,7,0.4375,has_upperparts_color::brown,baseline
86,Pacific Loon,30,7,13,23,0.23333333333333334,5,0.7142857142857143,has_upperparts_color::brown,baseline
85,Horned Lark,30,10,25,20,0.3333333333333333,9,0.9,has_upperparts_color::brown,baseline
4,Groove billed Ani,30,1,3,29,0.03333333333333333,1,1.0,has_upperparts_color::brown,baseline
83,White breasted Kingfisher,30,6,7,24,0.2,1,0.16666666666666666,has_upperparts_color::brown,baseline
82,Ringed Kingfisher,30,1,0,29,0.03333333333333333,0,0.0,has_upperparts_color::brown,baseline
81,Pied Kingfisher,30,0,1,30,0.0,0,,has_upperparts_color::brown,baseline
80,Green Kingfisher,30,2,3,28,0.06666666666666667,2,1.0,has_upperparts_color::brown,baseline
79,Belted Kingfisher,30,0,1,30,0.0,0,,has_upperparts_color::brown,baseline
10,Red winged Blackbird,30,1,2,29,0.03333333333333333,0,0.0,has_upperparts_color::brown,baseline
77,Tropical Kingbird,30,11,7,19,0.36666666666666664,3,0.2727272727272727,has_upperparts_color::brown,baseline
11,Rusty Blackbird,30,12,10,18,0.4,6,0.5,has_upperparts_color::brown,baseline
74,Florida Jay,30,1,0,29,0.03333333333333333,0,0.0,has_upperparts_color::brown,baseline
76,Dark eyed Junco,30,4,9,26,0.13333333333333333,4,1.0,has_upperparts_color::brown,baseline
72,Pomarine Jaeger,30,12,8,18,0.4,4,0.3333333333333333,has_upperparts_color::brown,baseline
14,Indigo Bunting,30,3,0,27,0.1,0,0.0,has_upperparts_color::brown,baseline
66,Western Gull,30,3,2,27,0.1,1,0.3333333333333333,has_upperparts_color::brown,baseline
71,Long tailed Jaeger,30,8,6,22,0.26666666666666666,4,0.5,has_upperparts_color::brown,baseline
67,Anna Hummingbird,30,5,10,25,0.16666666666666666,5,1.0,has_upperparts_color::brown,baseline
68,Ruby throated Hummingbird,30,5,5,25,0.16666666666666666,2,0.4,has_upperparts_color::brown,baseline
31,Black billed Cuckoo,30,13,21,17,0.43333333333333335,10,0.7692307692307693,has_upperparts_color::brown,baseline
69,Rufous Hummingbird,30,8,15,22,0.26666666666666666,6,0.75,has_upperparts_color::brown,baseline
13,Bobolink,30,2,5,28,0.06666666666666667,1,0.5,has_upperparts_color::brown,baseline
70,Green Violetear,30,2,4,28,0.06666666666666667,0,0.0,has_upperparts_color::brown,baseline
181,Worm eating Warbler,29,8,18,21,0.27586206896551724,7,0.875,has_upperparts_color::brown,baseline
20,Yellow breasted Chat,29,6,4,23,0.20689655172413793,2,0.3333333333333333,has_upperparts_color::brown,baseline
169,Magnolia Warbler,29,4,3,25,0.13793103448275862,2,0.5,has_upperparts_color::brown,baseline
168,Kentucky Warbler,29,0,3,29,0.0,0,,has_upperparts_color::brown,baseline
28,Brown Creeper,29,20,26,9,0.6896551724137931,17,0.85,has_upperparts_color::brown,baseline
9,Brewer Blackbird,29,3,5,26,0.10344827586206896,2,0.6666666666666666,has_upperparts_color::brown,baseline
166,Golden winged Warbler,29,1,1,28,0.034482758620689655,0,0.0,has_upperparts_color::brown,baseline
23,Brandt Cormorant,29,2,5,27,0.06896551724137931,1,0.5,has_upperparts_color::brown,baseline
190,Red cockaded Woodpecker,29,6,8,23,0.20689655172413793,4,0.6666666666666666,has_upperparts_color::brown,baseline
33,Yellow billed Cuckoo,29,14,10,15,0.4827586206896552,4,0.2857142857142857,has_upperparts_color::brown,baseline
179,Tennessee Warbler,29,3,7,26,0.10344827586206896,1,0.3333333333333333,has_upperparts_color::brown,baseline
19,Gray Catbird,29,1,0,28,0.034482758620689655,0,0.0,has_upperparts_color::brown,baseline
43,Yellow bellied Flycatcher,29,4,16,25,0.13793103448275862,4,1.0,has_upperparts_color::brown,baseline
117,Clay colored Sparrow,29,16,28,13,0.5517241379310345,16,1.0,has_upperparts_color::brown,baseline
141,Artic Tern,29,0,0,29,0.0,0,,has_upperparts_color::brown,baseline
160,Black throated Blue Warbler,29,2,0,27,0.06896551724137931,0,0.0,has_upperparts_color::brown,baseline
119,Field Sparrow,29,15,27,14,0.5172413793103449,14,0.9333333333333333,has_upperparts_color::brown,baseline
124,Le Conte Sparrow,29,9,23,20,0.3103448275862069,6,0.6666666666666666,has_upperparts_color::brown,baseline
125,Lincoln Sparrow,29,16,25,13,0.5517241379310345,14,0.875,has_upperparts_color::brown,baseline
115,Brewer Sparrow,29,14,27,15,0.4827586206896552,14,1.0,has_upperparts_color::brown,baseline
60,Glaucous winged Gull,29,0,1,29,0.0,0,,has_upperparts_color::brown,baseline
78,Gray Kingbird,29,10,14,19,0.3448275862068966,5,0.5,has_upperparts_color::brown,baseline
97,Orchard Oriole,29,3,11,26,0.10344827586206896,3,1.0,has_upperparts_color::brown,baseline
149,Brown Thrasher,29,20,29,9,0.6896551724137931,20,1.0,has_upperparts_color::brown,baseline
39,Least Flycatcher,29,9,16,20,0.3103448275862069,4,0.4444444444444444,has_upperparts_color::brown,baseline
153,Philadelphia Vireo,29,1,6,28,0.034482758620689655,0,0.0,has_upperparts_color::brown,baseline
37,Acadian Flycatcher,29,10,24,19,0.3448275862068966,9,0.9,has_upperparts_color::brown,baseline
157,Yellow throated Vireo,29,1,5,28,0.034482758620689655,0,0.0,has_upperparts_color::brown,baseline
34,Gray crowned Rosy Finch,29,18,25,11,0.6206896551724138,16,0.8888888888888888,has_upperparts_color::brown,baseline
3,Sooty Albatross,28,2,6,26,0.07142857142857142,0,0.0,has_upperparts_color::brown,baseline
15,Lazuli Bunting,28,0,2,28,0.0,0,,has_upperparts_color::brown,baseline
16,Painted Bunting,28,3,0,25,0.10714285714285714,0,0.0,has_upperparts_color::brown,baseline
58,Pigeon Guillemot,28,6,3,22,0.21428571428571427,1,0.16666666666666666,has_upperparts_color::brown,baseline
17,Cardinal,27,3,7,24,0.1111111111111111,2,0.6666666666666666,has_upperparts_color::brown,baseline
75,Green Jay,27,0,1,27,0.0,0,,has_upperparts_color::brown,baseline
178,Swainson Warbler,26,18,21,8,0.6923076923076923,17,0.9444444444444444,has_upperparts_color::brown,baseline
12,Yellow headed Blackbird,26,1,2,25,0.038461538461538464,0,0.0,has_upperparts_color::brown,baseline
22,Chuck will Widow,26,13,25,13,0.5,13,1.0,has_upperparts_color::brown,baseline
7,Parakeet Auklet,23,1,1,22,0.043478260869565216,1,1.0,has_upperparts_color::brown,baseline
84,Red legged Kittiwake,23,1,0,22,0.043478260869565216,0,0.0,has_upperparts_color::brown,baseline
32,Mangrove Cuckoo,23,4,5,19,0.17391304347826086,1,0.25,has_upperparts_color::brown,baseline
24,Red faced Cormorant,22,0,0,22,0.0,0,,has_upperparts_color::brown,baseline
151,Black capped Vireo,21,1,2,20,0.047619047619047616,0,0.0,has_upperparts_color::brown,baseline
113,Baird Sparrow,20,8,13,12,0.4,6,0.75,has_upperparts_color::brown,baseline
187,American Three toed Woodpecker,20,1,0,19,0.05,0,0.0,has_upperparts_color::brown,baseline
65,Slaty backed Gull,20,2,1,18,0.1,0,0.0,has_upperparts_color::brown,baseline
101,White Pelican,20,1,3,19,0.05,0,0.0,has_upperparts_color::brown,baseline
105,Whip poor Will,19,11,16,8,0.5789473684210527,10,0.9090909090909091,has_upperparts_color::brown,baseline
8,Rhinoceros Auklet,18,6,4,12,0.3333333333333333,1,0.16666666666666666,has_upperparts_color::brown,baseline
18,Spotted Catbird,15,1,9,14,0.06666666666666667,1,1.0,has_upperparts_color::brown,baseline
5,Crested Auklet,14,1,3,13,0.07142857142857142,1,1.0,has_upperparts_color::brown,baseline
6,Least Auklet,11,0,2,11,0.0,0,,has_upperparts_color::brown,baseline
1,Black footed Albatross,30,8,15,22,0.26666666666666666,5,0.625,has_wing_color::black,baseline
143,Caspian Tern,30,6,4,24,0.2,1,0.16666666666666666,has_wing_color::black,baseline
120,Fox Sparrow,30,3,10,27,0.1,2,0.6666666666666666,has_wing_color::black,baseline
121,Grasshopper Sparrow,30,13,20,17,0.43333333333333335,8,0.6153846153846154,has_wing_color::black,baseline
122,Harris Sparrow,30,20,21,10,0.6666666666666666,18,0.9,has_wing_color::black,baseline
123,Henslow Sparrow,30,14,22,16,0.4666666666666667,10,0.7142857142857143,has_wing_color::black,baseline
126,Nelson Sharp tailed Sparrow,30,8,14,22,0.26666666666666666,5,0.625,has_wing_color::black,baseline
127,Savannah Sparrow,30,11,16,19,0.36666666666666664,8,0.7272727272727273,has_wing_color::black,baseline
128,Seaside Sparrow,30,5,17,25,0.16666666666666666,4,0.8,has_wing_color::black,baseline
129,Song Sparrow,30,5,11,25,0.16666666666666666,2,0.4,has_wing_color::black,baseline
130,Tree Sparrow,30,14,17,16,0.4666666666666667,8,0.5714285714285714,has_wing_color::black,baseline
131,Vesper Sparrow,30,9,17,21,0.3,7,0.7777777777777778,has_wing_color::black,baseline
132,White crowned Sparrow,30,7,24,23,0.23333333333333334,5,0.7142857142857143,has_wing_color::black,baseline
133,White throated Sparrow,30,15,20,15,0.5,11,0.7333333333333333,has_wing_color::black,baseline
134,Cape Glossy Starling,30,15,25,15,0.5,15,1.0,has_wing_color::black,baseline
135,Bank Swallow,30,9,16,21,0.3,6,0.6666666666666666,has_wing_color::black,baseline
136,Barn Swallow,30,15,27,15,0.5,14,0.9333333333333333,has_wing_color::black,baseline
137,Cliff Swallow,30,12,22,18,0.4,10,0.8333333333333334,has_wing_color::black,baseline
138,Tree Swallow,30,13,21,17,0.43333333333333335,9,0.6923076923076923,has_wing_color::black,baseline
139,Scarlet Tanager,30,25,30,5,0.8333333333333334,25,1.0,has_wing_color::black,baseline
140,Summer Tanager,30,8,16,22,0.26666666666666666,6,0.75,has_wing_color::black,baseline
118,House Sparrow,30,13,13,17,0.43333333333333335,7,0.5384615384615384,has_wing_color::black,baseline
116,Chipping Sparrow,30,13,17,17,0.43333333333333335,7,0.5384615384615384,has_wing_color::black,baseline
114,Black throated Sparrow,30,7,30,23,0.23333333333333334,7,1.0,has_wing_color::black,baseline
2,Laysan Albatross,30,14,13,16,0.4666666666666667,8,0.5714285714285714,has_wing_color::black,baseline
92,Nighthawk,30,14,26,16,0.4666666666666667,13,0.9285714285714286,has_wing_color::black,baseline
93,Clark Nutcracker,30,29,30,1,0.9666666666666667,29,1.0,has_wing_color::black,baseline
94,White breasted Nuthatch,30,21,28,9,0.7,20,0.9523809523809523,has_wing_color::black,baseline
95,Baltimore Oriole,30,27,30,3,0.9,27,1.0,has_wing_color::black,baseline
96,Hooded Oriole,30,25,29,5,0.8333333333333334,24,0.96,has_wing_color::black,baseline
98,Scott Oriole,30,24,30,6,0.8,24,1.0,has_wing_color::black,baseline
99,Ovenbird,30,1,10,29,0.03333333333333333,1,1.0,has_wing_color::black,baseline
100,Brown Pelican,30,11,19,19,0.36666666666666664,9,0.8181818181818182,has_wing_color::black,baseline
102,Western Wood Pewee,30,10,14,20,0.3333333333333333,5,0.5,has_wing_color::black,baseline
112,Great Grey Shrike,30,21,22,9,0.7,19,0.9047619047619048,has_wing_color::black,baseline
103,Sayornis,30,6,17,24,0.2,5,0.8333333333333334,has_wing_color::black,baseline
104,American Pipit,30,10,12,20,0.3333333333333333,5,0.5,has_wing_color::black,baseline
106,Horned Puffin,30,20,30,10,0.6666666666666666,20,1.0,has_wing_color::black,baseline
107,Common Raven,30,27,30,3,0.9,27,1.0,has_wing_color::black,baseline
108,White necked Raven,30,25,29,5,0.8333333333333334,24,0.96,has_wing_color::black,baseline
109,American Redstart,30,23,28,7,0.7666666666666667,21,0.9130434782608695,has_wing_color::black,baseline
110,Geococcyx,30,15,25,15,0.5,14,0.9333333333333333,has_wing_color::black,baseline
111,Loggerhead Shrike,30,22,25,8,0.7333333333333333,20,0.9090909090909091,has_wing_color::black,baseline
142,Black Tern,30,8,13,22,0.26666666666666666,4,0.5,has_wing_color::black,baseline
144,Common Tern,30,4,7,26,0.13333333333333333,0,0.0,has_wing_color::black,baseline
90,Red breasted Merganser,30,12,22,18,0.4,10,0.8333333333333334,has_wing_color::black,baseline
145,Elegant Tern,30,3,7,27,0.1,1,0.3333333333333333,has_wing_color::black,baseline
176,Prairie Warbler,30,13,18,17,0.43333333333333335,7,0.5384615384615384,has_wing_color::black,baseline
177,Prothonotary Warbler,30,14,25,16,0.4666666666666667,13,0.9285714285714286,has_wing_color::black,baseline
180,Wilson Warbler,30,8,19,22,0.26666666666666666,5,0.625,has_wing_color::black,baseline
182,Yellow Warbler,30,14,16,16,0.4666666666666667,6,0.42857142857142855,has_wing_color::black,baseline
183,Northern Waterthrush,30,2,7,28,0.06666666666666667,1,0.5,has_wing_color::black,baseline
184,Louisiana Waterthrush,30,8,7,22,0.26666666666666666,3,0.375,has_wing_color::black,baseline
185,Bohemian Waxwing,30,13,27,17,0.43333333333333335,13,1.0,has_wing_color::black,baseline
186,Cedar Waxwing,30,6,14,24,0.2,3,0.5,has_wing_color::black,baseline
188,Pileated Woodpecker,30,29,28,1,0.9666666666666667,27,0.9310344827586207,has_wing_color::black,baseline
189,Red bellied Woodpecker,30,29,29,1,0.9666666666666667,28,0.9655172413793104,has_wing_color::black,baseline
191,Red headed Woodpecker,30,25,28,5,0.8333333333333334,24,0.96,has_wing_color::black,baseline
192,Downy Woodpecker,30,30,30,0,1.0,30,1.0,has_wing_color::black,baseline
193,Bewick Wren,30,11,17,19,0.36666666666666664,6,0.5454545454545454,has_wing_color::black,baseline
194,Cactus Wren,30,16,23,14,0.5333333333333333,12,0.75,has_wing_color::black,baseline
195,Carolina Wren,30,11,13,19,0.36666666666666664,4,0.36363636363636365,has_wing_color::black,baseline
196,House Wren,30,8,10,22,0.26666666666666666,4,0.5,has_wing_color::black,baseline
197,Marsh Wren,30,15,11,15,0.5,6,0.4,has_wing_color::black,baseline
198,Rock Wren,30,7,8,23,0.23333333333333334,1,0.14285714285714285,has_wing_color::black,baseline
199,Winter Wren,30,10,10,20,0.3333333333333333,4,0.4,has_wing_color::black,baseline
175,Pine Warbler,30,9,22,21,0.3,9,1.0,has_wing_color::black,baseline
174,Palm Warbler,30,10,9,20,0.3333333333333333,4,0.4,has_wing_color::black,baseline
173,Orange crowned Warbler,30,2,3,28,0.06666666666666667,1,0.5,has_wing_color::black,baseline
158,Bay breasted Warbler,30,17,28,13,0.5666666666666667,15,0.8823529411764706,has_wing_color::black,baseline
146,Forsters Tern,30,2,7,28,0.06666666666666667,0,0.0,has_wing_color::black,baseline
147,Least Tern,30,6,9,24,0.2,2,0.3333333333333333,has_wing_color::black,baseline
148,Green tailed Towhee,30,2,9,28,0.06666666666666667,0,0.0,has_wing_color::black,baseline
150,Sage Thrasher,30,6,13,24,0.2,3,0.5,has_wing_color::black,baseline
152,Blue headed Vireo,30,16,19,14,0.5333333333333333,12,0.75,has_wing_color::black,baseline
154,Red eyed Vireo,30,5,4,25,0.16666666666666666,2,0.4,has_wing_color::black,baseline
155,Warbling Vireo,30,2,4,28,0.06666666666666667,0,0.0,has_wing_color::black,baseline
156,White eyed Vireo,30,12,19,18,0.4,8,0.6666666666666666,has_wing_color::black,baseline
159,Black and white Warbler,30,28,29,2,0.9333333333333333,27,0.9642857142857143,has_wing_color::black,baseline
172,Nashville Warbler,30,2,2,28,0.06666666666666667,0,0.0,has_wing_color::black,baseline
161,Blue winged Warbler,30,5,20,25,0.16666666666666666,4,0.8,has_wing_color::black,baseline
162,Canada Warbler,30,9,11,21,0.3,4,0.4444444444444444,has_wing_color::black,baseline
163,Cape May Warbler,30,19,22,11,0.6333333333333333,15,0.7894736842105263,has_wing_color::black,baseline
164,Cerulean Warbler,30,18,25,12,0.6,14,0.7777777777777778,has_wing_color::black,baseline
165,Chestnut sided Warbler,30,11,28,19,0.36666666666666664,11,1.0,has_wing_color::black,baseline
167,Hooded Warbler,30,6,18,24,0.2,2,0.3333333333333333,has_wing_color::black,baseline
170,Mourning Warbler,30,3,8,27,0.1,0,0.0,has_wing_color::black,baseline
171,Myrtle Warbler,30,13,27,17,0.43333333333333335,13,1.0,has_wing_color::black,baseline
91,Mockingbird,30,16,18,14,0.5333333333333333,11,0.6875,has_wing_color::black,baseline
200,Common Yellowthroat,30,2,14,28,0.06666666666666667,1,0.5,has_wing_color::black,baseline
89,Hooded Merganser,30,18,28,12,0.6,18,1.0,has_wing_color::black,baseline
26,Bronzed Cowbird,30,24,30,6,0.8,24,1.0,has_wing_color::black,baseline
61,Heermann Gull,30,14,17,16,0.4666666666666667,8,0.5714285714285714,has_wing_color::black,baseline
59,California Gull,30,9,15,21,0.3,6,0.6666666666666666,has_wing_color::black,baseline
25,Pelagic Cormorant,30,25,30,5,0.8333333333333334,25,1.0,has_wing_color::black,baseline
57,Rose breasted Grosbeak,30,25,29,5,0.8333333333333334,25,1.0,has_wing_color::black,baseline
56,Pine Grosbeak,30,16,29,14,0.5333333333333333,15,0.9375,has_wing_color::black,baseline
55,Evening Grosbeak,30,17,28,13,0.5666666666666667,15,0.8823529411764706,has_wing_color::black,baseline
54,Blue Grosbeak,30,19,25,11,0.6333333333333333,15,0.7894736842105263,has_wing_color::black,baseline
53,Western Grebe,30,13,23,17,0.43333333333333335,10,0.7692307692307693,has_wing_color::black,baseline
52,Pied billed Grebe,30,6,10,24,0.2,2,0.3333333333333333,has_wing_color::black,baseline
51,Horned Grebe,30,13,18,17,0.43333333333333335,9,0.6923076923076923,has_wing_color::black,baseline
50,Eared Grebe,30,12,20,18,0.4,10,0.8333333333333334,has_wing_color::black,baseline
49,Boat tailed Grackle,30,17,30,13,0.5666666666666667,17,1.0,has_wing_color::black,baseline
48,European Goldfinch,30,27,28,3,0.9,25,0.9259259259259259,has_wing_color::black,baseline
47,American Goldfinch,30,23,28,7,0.7666666666666667,22,0.9565217391304348,has_wing_color::black,baseline
63,Ivory Gull,30,4,3,26,0.13333333333333333,1,0.25,has_wing_color::black,baseline
46,Gadwall,30,6,11,24,0.2,2,0.3333333333333333,has_wing_color::black,baseline
45,Northern Fulmar,30,6,4,24,0.2,0,0.0,has_wing_color::black,baseline
44,Frigatebird,30,24,30,6,0.8,24,1.0,has_wing_color::black,baseline
88,Western Meadowlark,30,7,21,23,0.23333333333333334,4,0.5714285714285714,has_wing_color::black,baseline
42,Vermilion Flycatcher,30,15,27,15,0.5,14,0.9333333333333333,has_wing_color::black,baseline
41,Scissor tailed Flycatcher,30,18,23,12,0.6,16,0.8888888888888888,has_wing_color::black,baseline
27,Shiny Cowbird,30,24,27,6,0.8,23,0.9583333333333334,has_wing_color::black,baseline
40,Olive sided Flycatcher,30,12,15,18,0.4,7,0.5833333333333334,has_wing_color::black,baseline
38,Great Crested Flycatcher,30,8,6,22,0.26666666666666666,3,0.375,has_wing_color::black,baseline
36,Northern Flicker,30,16,28,14,0.5333333333333333,16,1.0,has_wing_color::black,baseline
29,American Crow,30,29,30,1,0.9666666666666667,29,1.0,has_wing_color::black,baseline
35,Purple Finch,30,5,7,25,0.16666666666666666,0,0.0,has_wing_color::black,baseline
30,Fish Crow,30,27,30,3,0.9,27,1.0,has_wing_color::black,baseline
21,Eastern Towhee,30,18,28,12,0.6,18,1.0,has_wing_color::black,baseline
62,Herring Gull,30,5,5,25,0.16666666666666666,2,0.4,has_wing_color::black,baseline
64,Ring billed Gull,30,7,4,23,0.23333333333333334,0,0.0,has_wing_color::black,baseline
73,Blue Jay,30,17,27,13,0.5666666666666667,16,0.9411764705882353,has_wing_color::black,baseline
87,Mallard,30,4,15,26,0.13333333333333333,3,0.75,has_wing_color::black,baseline
86,Pacific Loon,30,21,16,9,0.7,13,0.6190476190476191,has_wing_color::black,baseline
85,Horned Lark,30,9,16,21,0.3,3,0.3333333333333333,has_wing_color::black,baseline
4,Groove billed Ani,30,25,28,5,0.8333333333333334,23,0.92,has_wing_color::black,baseline
83,White breasted Kingfisher,30,6,16,24,0.2,3,0.5,has_wing_color::black,baseline
82,Ringed Kingfisher,30,8,24,22,0.26666666666666666,8,1.0,has_wing_color::black,baseline
81,Pied Kingfisher,30,24,30,6,0.8,24,1.0,has_wing_color::black,baseline
80,Green Kingfisher,30,19,25,11,0.6333333333333333,18,0.9473684210526315,has_wing_color::black,baseline
79,Belted Kingfisher,30,5,29,25,0.16666666666666666,5,1.0,has_wing_color::black,baseline
10,Red winged Blackbird,30,26,30,4,0.8666666666666667,26,1.0,has_wing_color::black,baseline
77,Tropical Kingbird,30,3,8,27,0.1,2,0.6666666666666666,has_wing_color::black,baseline
11,Rusty Blackbird,30,22,29,8,0.7333333333333333,21,0.9545454545454546,has_wing_color::black,baseline
74,Florida Jay,30,3,1,27,0.1,1,0.3333333333333333,has_wing_color::black,baseline
76,Dark eyed Junco,30,11,22,19,0.36666666666666664,10,0.9090909090909091,has_wing_color::black,baseline
72,Pomarine Jaeger,30,14,21,16,0.4666666666666667,12,0.8571428571428571,has_wing_color::black,baseline
14,Indigo Bunting,30,10,17,20,0.3333333333333333,6,0.6,has_wing_color::black,baseline
66,Western Gull,30,6,16,24,0.2,4,0.6666666666666666,has_wing_color::black,baseline
71,Long tailed Jaeger,30,10,18,20,0.3333333333333333,7,0.7,has_wing_color::black,baseline
67,Anna Hummingbird,30,8,15,22,0.26666666666666666,6,0.75,has_wing_color::black,baseline
68,Ruby throated Hummingbird,30,3,12,27,0.1,0,0.0,has_wing_color::black,baseline
31,Black billed Cuckoo,30,2,3,28,0.06666666666666667,0,0.0,has_wing_color::black,baseline
69,Rufous Hummingbird,30,5,8,25,0.16666666666666666,0,0.0,has_wing_color::black,baseline
13,Bobolink,30,25,30,5,0.8333333333333334,25,1.0,has_wing_color::black,baseline
70,Green Violetear,30,7,10,23,0.23333333333333334,2,0.2857142857142857,has_wing_color::black,baseline
181,Worm eating Warbler,29,4,4,25,0.13793103448275862,0,0.0,has_wing_color::black,baseline
20,Yellow breasted Chat,29,9,14,20,0.3103448275862069,7,0.7777777777777778,has_wing_color::black,baseline
169,Magnolia Warbler,29,23,26,6,0.7931034482758621,22,0.9565217391304348,has_wing_color::black,baseline
168,Kentucky Warbler,29,7,7,22,0.2413793103448276,3,0.42857142857142855,has_wing_color::black,baseline
28,Brown Creeper,29,10,27,19,0.3448275862068966,10,1.0,has_wing_color::black,baseline
9,Brewer Blackbird,29,22,28,7,0.7586206896551724,21,0.9545454545454546,has_wing_color::black,baseline
166,Golden winged Warbler,29,13,22,16,0.4482758620689655,11,0.8461538461538461,has_wing_color::black,baseline
23,Brandt Cormorant,29,16,24,13,0.5517241379310345,16,1.0,has_wing_color::black,baseline
190,Red cockaded Woodpecker,29,25,29,4,0.8620689655172413,25,1.0,has_wing_color::black,baseline
33,Yellow billed Cuckoo,29,3,6,26,0.10344827586206896,0,0.0,has_wing_color::black,baseline
179,Tennessee Warbler,29,13,6,16,0.4482758620689655,2,0.15384615384615385,has_wing_color::black,baseline
19,Gray Catbird,29,6,15,23,0.20689655172413793,4,0.6666666666666666,has_wing_color::black,baseline
43,Yellow bellied Flycatcher,29,12,19,17,0.41379310344827586,7,0.5833333333333334,has_wing_color::black,baseline
117,Clay colored Sparrow,29,11,14,18,0.3793103448275862,6,0.5454545454545454,has_wing_color::black,baseline
141,Artic Tern,29,0,3,29,0.0,0,,has_wing_color::black,baseline
160,Black throated Blue Warbler,29,17,27,12,0.5862068965517241,16,0.9411764705882353,has_wing_color::black,baseline
119,Field Sparrow,29,13,10,16,0.4482758620689655,5,0.38461538461538464,has_wing_color::black,baseline
124,Le Conte Sparrow,29,19,18,10,0.6551724137931034,14,0.7368421052631579,has_wing_color::black,baseline
125,Lincoln Sparrow,29,18,8,11,0.6206896551724138,5,0.2777777777777778,has_wing_color::black,baseline
115,Brewer Sparrow,29,7,15,22,0.2413793103448276,4,0.5714285714285714,has_wing_color::black,baseline
60,Glaucous winged Gull,29,1,3,28,0.034482758620689655,1,1.0,has_wing_color::black,baseline
78,Gray Kingbird,29,7,12,22,0.2413793103448276,6,0.8571428571428571,has_wing_color::black,baseline
97,Orchard Oriole,29,23,29,6,0.7931034482758621,23,1.0,has_wing_color::black,baseline
149,Brown Thrasher,29,3,9,26,0.10344827586206896,2,0.6666666666666666,has_wing_color::black,baseline
39,Least Flycatcher,29,10,18,19,0.3448275862068966,7,0.7,has_wing_color::black,baseline
153,Philadelphia Vireo,29,9,5,20,0.3103448275862069,1,0.1111111111111111,has_wing_color::black,baseline
37,Acadian Flycatcher,29,6,16,23,0.20689655172413793,3,0.5,has_wing_color::black,baseline
157,Yellow throated Vireo,29,10,20,19,0.3448275862068966,8,0.8,has_wing_color::black,baseline
34,Gray crowned Rosy Finch,29,11,17,18,0.3793103448275862,6,0.5454545454545454,has_wing_color::black,baseline
3,Sooty Albatross,28,4,16,24,0.14285714285714285,4,1.0,has_wing_color::black,baseline
15,Lazuli Bunting,28,17,26,11,0.6071428571428571,17,1.0,has_wing_color::black,baseline
16,Painted Bunting,28,2,12,26,0.07142857142857142,0,0.0,has_wing_color::black,baseline
58,Pigeon Guillemot,28,16,25,12,0.5714285714285714,16,1.0,has_wing_color::black,baseline
17,Cardinal,27,8,10,19,0.2962962962962963,3,0.375,has_wing_color::black,baseline
75,Green Jay,27,0,13,27,0.0,0,,has_wing_color::black,baseline
178,Swainson Warbler,26,3,3,23,0.11538461538461539,0,0.0,has_wing_color::black,baseline
12,Yellow headed Blackbird,26,21,26,5,0.8076923076923077,21,1.0,has_wing_color::black,baseline
22,Chuck will Widow,26,7,10,19,0.2692307692307692,4,0.5714285714285714,has_wing_color::black,baseline
7,Parakeet Auklet,23,14,23,9,0.6086956521739131,14,1.0,has_wing_color::black,baseline
84,Red legged Kittiwake,23,7,6,16,0.30434782608695654,0,0.0,has_wing_color::black,baseline
32,Mangrove Cuckoo,23,5,14,18,0.21739130434782608,3,0.6,has_wing_color::black,baseline
24,Red faced Cormorant,22,15,22,7,0.6818181818181818,15,1.0,has_wing_color::black,baseline
151,Black capped Vireo,21,10,20,11,0.47619047619047616,9,0.9,has_wing_color::black,baseline
113,Baird Sparrow,20,4,7,16,0.2,1,0.25,has_wing_color::black,baseline
187,American Three toed Woodpecker,20,17,20,3,0.85,17,1.0,has_wing_color::black,baseline
65,Slaty backed Gull,20,12,9,8,0.6,6,0.5,has_wing_color::black,baseline
101,White Pelican,20,5,1,15,0.25,1,0.2,has_wing_color::black,baseline
105,Whip poor Will,19,6,11,13,0.3157894736842105,4,0.6666666666666666,has_wing_color::black,baseline
8,Rhinoceros Auklet,18,10,17,8,0.5555555555555556,10,1.0,has_wing_color::black,baseline
18,Spotted Catbird,15,3,3,12,0.2,0,0.0,has_wing_color::black,baseline
5,Crested Auklet,14,9,14,5,0.6428571428571429,9,1.0,has_wing_color::black,baseline
6,Least Auklet,11,6,10,5,0.5454545454545454,6,1.0,has_wing_color::black,baseline
1,Black footed Albatross,30,0,7,30,0.0,0,,has_breast_color::white,baseline
143,Caspian Tern,30,26,30,4,0.8666666666666667,26,1.0,has_breast_color::white,baseline
120,Fox Sparrow,30,19,20,11,0.6333333333333333,15,0.7894736842105263,has_breast_color::white,baseline
121,Grasshopper Sparrow,30,5,19,25,0.16666666666666666,4,0.8,has_breast_color::white,baseline
122,Harris Sparrow,30,23,22,7,0.7666666666666667,17,0.7391304347826086,has_breast_color::white,baseline
123,Henslow Sparrow,30,10,10,20,0.3333333333333333,6,0.6,has_breast_color::white,baseline
126,Nelson Sharp tailed Sparrow,30,11,4,19,0.36666666666666664,2,0.18181818181818182,has_breast_color::white,baseline
127,Savannah Sparrow,30,14,23,16,0.4666666666666667,12,0.8571428571428571,has_breast_color::white,baseline
128,Seaside Sparrow,30,6,2,24,0.2,0,0.0,has_breast_color::white,baseline
129,Song Sparrow,30,16,21,14,0.5333333333333333,10,0.625,has_breast_color::white,baseline
130,Tree Sparrow,30,10,20,20,0.3333333333333333,6,0.6,has_breast_color::white,baseline
131,Vesper Sparrow,30,16,19,14,0.5333333333333333,9,0.5625,has_breast_color::white,baseline
132,White crowned Sparrow,30,8,25,22,0.26666666666666666,7,0.875,has_breast_color::white,baseline
133,White throated Sparrow,30,10,18,20,0.3333333333333333,5,0.5,has_breast_color::white,baseline
134,Cape Glossy Starling,30,0,0,30,0.0,0,,has_breast_color::white,baseline
135,Bank Swallow,30,13,19,17,0.43333333333333335,7,0.5384615384615384,has_breast_color::white,baseline
136,Barn Swallow,30,9,1,21,0.3,1,0.1111111111111111,has_breast_color::white,baseline
137,Cliff Swallow,30,8,9,22,0.26666666666666666,3,0.375,has_breast_color::white,baseline
138,Tree Swallow,30,27,24,3,0.9,22,0.8148148148148148,has_breast_color::white,baseline
139,Scarlet Tanager,30,0,0,30,0.0,0,,has_breast_color::white,baseline
140,Summer Tanager,30,0,0,30,0.0,0,,has_breast_color::white,baseline
118,House Sparrow,30,7,17,23,0.23333333333333334,4,0.5714285714285714,has_breast_color::white,baseline
116,Chipping Sparrow,30,14,25,16,0.4666666666666667,11,0.7857142857142857,has_breast_color::white,baseline
114,Black throated Sparrow,30,17,18,13,0.5666666666666667,10,0.5882352941176471,has_breast_color::white,baseline
2,Laysan Albatross,30,24,24,6,0.8,21,0.875,has_breast_color::white,baseline
92,Nighthawk,30,15,13,15,0.5,7,0.4666666666666667,has_breast_color::white,baseline
93,Clark Nutcracker,30,7,19,23,0.23333333333333334,5,0.7142857142857143,has_breast_color::white,baseline
94,White breasted Nuthatch,30,20,28,10,0.6666666666666666,18,0.9,has_breast_color::white,baseline
95,Baltimore Oriole,30,1,0,29,0.03333333333333333,0,0.0,has_breast_color::white,baseline
96,Hooded Oriole,30,0,0,30,0.0,0,,has_breast_color::white,baseline
98,Scott Oriole,30,0,0,30,0.0,0,,has_breast_color::white,baseline
99,Ovenbird,30,20,21,10,0.6666666666666666,16,0.8,has_breast_color::white,baseline
100,Brown Pelican,30,8,15,22,0.26666666666666666,5,0.625,has_breast_color::white,baseline
102,Western Wood Pewee,30,14,14,16,0.4666666666666667,8,0.5714285714285714,has_breast_color::white,baseline
112,Great Grey Shrike,30,18,21,12,0.6,14,0.7777777777777778,has_breast_color::white,baseline
103,Sayornis,30,7,13,23,0.23333333333333334,5,0.7142857142857143,has_breast_color::white,baseline
104,American Pipit,30,2,9,28,0.06666666666666667,2,1.0,has_breast_color::white,baseline
106,Horned Puffin,30,19,21,11,0.6333333333333333,16,0.8421052631578947,has_breast_color::white,baseline
107,Common Raven,30,0,0,30,0.0,0,,has_breast_color::white,baseline
108,White necked Raven,30,0,3,30,0.0,0,,has_breast_color::white,baseline
109,American Redstart,30,4,6,26,0.13333333333333333,2,0.5,has_breast_color::white,baseline
110,Geococcyx,30,6,19,24,0.2,5,0.8333333333333334,has_breast_color::white,baseline
111,Loggerhead Shrike,30,22,25,8,0.7333333333333333,18,0.8181818181818182,has_breast_color::white,baseline
142,Black Tern,30,11,22,19,0.36666666666666664,10,0.9090909090909091,has_breast_color::white,baseline
144,Common Tern,30,25,29,5,0.8333333333333334,24,0.96,has_breast_color::white,baseline
90,Red breasted Merganser,30,8,11,22,0.26666666666666666,3,0.375,has_breast_color::white,baseline
145,Elegant Tern,30,29,30,1,0.9666666666666667,29,1.0,has_breast_color::white,baseline
176,Prairie Warbler,30,0,0,30,0.0,0,,has_breast_color::white,baseline
177,Prothonotary Warbler,30,0,2,30,0.0,0,,has_breast_color::white,baseline
180,Wilson Warbler,30,0,0,30,0.0,0,,has_breast_color::white,baseline
182,Yellow Warbler,30,1,0,29,0.03333333333333333,0,0.0,has_breast_color::white,baseline
183,Northern Waterthrush,30,16,14,14,0.5333333333333333,8,0.5,has_breast_color::white,baseline
184,Louisiana Waterthrush,30,22,28,8,0.7333333333333333,21,0.9545454545454546,has_breast_color::white,baseline
185,Bohemian Waxwing,30,6,10,24,0.2,4,0.6666666666666666,has_breast_color::white,baseline
186,Cedar Waxwing,30,0,2,30,0.0,0,,has_breast_color::white,baseline
188,Pileated Woodpecker,30,1,6,29,0.03333333333333333,1,1.0,has_breast_color::white,baseline
189,Red bellied Woodpecker,30,22,27,8,0.7333333333333333,19,0.8636363636363636,has_breast_color::white,baseline
191,Red headed Woodpecker,30,22,13,8,0.7333333333333333,10,0.45454545454545453,has_breast_color::white,baseline
192,Downy Woodpecker,30,27,25,3,0.9,22,0.8148148148148148,has_breast_color::white,baseline
193,Bewick Wren,30,16,15,14,0.5333333333333333,11,0.6875,has_breast_color::white,baseline
194,Cactus Wren,30,9,14,21,0.3,6,0.6666666666666666,has_breast_color::white,baseline
195,Carolina Wren,30,5,14,25,0.16666666666666666,4,0.8,has_breast_color::white,baseline
196,House Wren,30,10,6,20,0.3333333333333333,6,0.6,has_breast_color::white,baseline
197,Marsh Wren,30,17,15,13,0.5666666666666667,10,0.5882352941176471,has_breast_color::white,baseline
198,Rock Wren,30,10,16,20,0.3333333333333333,5,0.5,has_breast_color::white,baseline
199,Winter Wren,30,8,2,22,0.26666666666666666,2,0.25,has_breast_color::white,baseline
175,Pine Warbler,30,1,3,29,0.03333333333333333,0,0.0,has_breast_color::white,baseline
174,Palm Warbler,30,7,5,23,0.23333333333333334,2,0.2857142857142857,has_breast_color::white,baseline
173,Orange crowned Warbler,30,2,3,28,0.06666666666666667,1,0.5,has_breast_color::white,baseline
158,Bay breasted Warbler,30,11,19,19,0.36666666666666664,10,0.9090909090909091,has_breast_color::white,baseline
146,Forsters Tern,30,29,30,1,0.9666666666666667,29,1.0,has_breast_color::white,baseline
147,Least Tern,30,27,29,3,0.9,27,1.0,has_breast_color::white,baseline
148,Green tailed Towhee,30,7,7,23,0.23333333333333334,1,0.14285714285714285,has_breast_color::white,baseline
150,Sage Thrasher,30,18,14,12,0.6,9,0.5,has_breast_color::white,baseline
152,Blue headed Vireo,30,21,24,9,0.7,18,0.8571428571428571,has_breast_color::white,baseline
154,Red eyed Vireo,30,26,28,4,0.8666666666666667,25,0.9615384615384616,has_breast_color::white,baseline
155,Warbling Vireo,30,21,23,9,0.7,16,0.7619047619047619,has_breast_color::white,baseline
156,White eyed Vireo,30,9,10,21,0.3,5,0.5555555555555556,has_breast_color::white,baseline
159,Black and white Warbler,30,24,28,6,0.8,24,1.0,has_breast_color::white,baseline
172,Nashville Warbler,30,2,2,28,0.06666666666666667,0,0.0,has_breast_color::white,baseline
161,Blue winged Warbler,30,0,0,30,0.0,0,,has_breast_color::white,baseline
162,Canada Warbler,30,1,1,29,0.03333333333333333,1,1.0,has_breast_color::white,baseline
163,Cape May Warbler,30,0,2,30,0.0,0,,has_breast_color::white,baseline
164,Cerulean Warbler,30,21,24,9,0.7,17,0.8095238095238095,has_breast_color::white,baseline
165,Chestnut sided Warbler,30,18,25,12,0.6,17,0.9444444444444444,has_breast_color::white,baseline
167,Hooded Warbler,30,0,0,30,0.0,0,,has_breast_color::white,baseline
170,Mourning Warbler,30,1,2,29,0.03333333333333333,0,0.0,has_breast_color::white,baseline
171,Myrtle Warbler,30,13,14,17,0.43333333333333335,7,0.5384615384615384,has_breast_color::white,baseline
91,Mockingbird,30,12,20,18,0.4,9,0.75,has_breast_color::white,baseline
200,Common Yellowthroat,30,0,1,30,0.0,0,,has_breast_color::white,baseline
89,Hooded Merganser,30,18,4,12,0.6,3,0.16666666666666666,has_breast_color::white,baseline
26,Bronzed Cowbird,30,0,0,30,0.0,0,,has_breast_color::white,baseline
61,Heermann Gull,30,8,19,22,0.26666666666666666,5,0.625,has_breast_color::white,baseline
59,California Gull,30,28,29,2,0.9333333333333333,28,1.0,has_breast_color::white,baseline
25,Pelagic Cormorant,30,0,2,30,0.0,0,,has_breast_color::white,baseline
57,Rose breasted Grosbeak,30,14,21,16,0.4666666666666667,9,0.6428571428571429,has_breast_color::white,baseline
56,Pine Grosbeak,30,0,5,30,0.0,0,,has_breast_color::white,baseline
55,Evening Grosbeak,30,2,2,28,0.06666666666666667,0,0.0,has_breast_color::white,baseline
54,Blue Grosbeak,30,2,0,28,0.06666666666666667,0,0.0,has_breast_color::white,baseline
53,Western Grebe,30,19,23,11,0.6333333333333333,16,0.8421052631578947,has_breast_color::white,baseline
52,Pied billed Grebe,30,2,3,28,0.06666666666666667,1,0.5,has_breast_color::white,baseline
51,Horned Grebe,30,10,10,20,0.3333333333333333,6,0.6,has_breast_color::white,baseline
50,Eared Grebe,30,4,7,26,0.13333333333333333,2,0.5,has_breast_color::white,baseline
49,Boat tailed Grackle,30,1,0,29,0.03333333333333333,0,0.0,has_breast_color::white,baseline
48,European Goldfinch,30,23,18,7,0.7666666666666667,16,0.6956521739130435,has_breast_color::white,baseline
47,American Goldfinch,30,2,1,28,0.06666666666666667,1,0.5,has_breast_color::white,baseline
63,Ivory Gull,30,28,30,2,0.9333333333333333,28,1.0,has_breast_color::white,baseline
46,Gadwall,30,6,7,24,0.2,0,0.0,has_breast_color::white,baseline
45,Northern Fulmar,30,22,24,8,0.7333333333333333,21,0.9545454545454546,has_breast_color::white,baseline
44,Frigatebird,30,13,11,17,0.43333333333333335,7,0.5384615384615384,has_breast_color::white,baseline
88,Western Meadowlark,30,3,7,27,0.1,2,0.6666666666666666,has_breast_color::white,baseline
42,Vermilion Flycatcher,30,0,1,30,0.0,0,,has_breast_color::white,baseline
41,Scissor tailed Flycatcher,30,17,23,13,0.5666666666666667,16,0.9411764705882353,has_breast_color::white,baseline
27,Shiny Cowbird,30,2,0,28,0.06666666666666667,0,0.0,has_breast_color::white,baseline
40,Olive sided Flycatcher,30,19,14,11,0.6333333333333333,10,0.5263157894736842,has_breast_color::white,baseline
38,Great Crested Flycatcher,30,4,9,26,0.13333333333333333,1,0.25,has_breast_color::white,baseline
36,Northern Flicker,30,5,12,25,0.16666666666666666,3,0.6,has_breast_color::white,baseline
29,American Crow,30,0,0,30,0.0,0,,has_breast_color::white,baseline
35,Purple Finch,30,10,3,20,0.3333333333333333,1,0.1,has_breast_color::white,baseline
30,Fish Crow,30,0,0,30,0.0,0,,has_breast_color::white,baseline
21,Eastern Towhee,30,15,10,15,0.5,5,0.3333333333333333,has_breast_color::white,baseline
62,Herring Gull,30,26,29,4,0.8666666666666667,25,0.9615384615384616,has_breast_color::white,baseline
64,Ring billed Gull,30,29,29,1,0.9666666666666667,28,0.9655172413793104,has_breast_color::white,baseline
73,Blue Jay,30,13,19,17,0.43333333333333335,9,0.6923076923076923,has_breast_color::white,baseline
87,Mallard,30,1,10,29,0.03333333333333333,0,0.0,has_breast_color::white,baseline
86,Pacific Loon,30,15,17,15,0.5,12,0.8,has_breast_color::white,baseline
85,Horned Lark,30,17,14,13,0.5666666666666667,10,0.5882352941176471,has_breast_color::white,baseline
4,Groove billed Ani,30,1,0,29,0.03333333333333333,0,0.0,has_breast_color::white,baseline
83,White breasted Kingfisher,30,20,7,10,0.6666666666666666,6,0.3,has_breast_color::white,baseline
82,Ringed Kingfisher,30,7,12,23,0.23333333333333334,2,0.2857142857142857,has_breast_color::white,baseline
81,Pied Kingfisher,30,24,28,6,0.8,22,0.9166666666666666,has_breast_color::white,baseline
80,Green Kingfisher,30,12,16,18,0.4,8,0.6666666666666666,has_breast_color::white,baseline
79,Belted Kingfisher,30,18,23,12,0.6,13,0.7222222222222222,has_breast_color::white,baseline
10,Red winged Blackbird,30,0,1,30,0.0,0,,has_breast_color::white,baseline
77,Tropical Kingbird,30,5,1,25,0.16666666666666666,0,0.0,has_breast_color::white,baseline
11,Rusty Blackbird,30,2,1,28,0.06666666666666667,0,0.0,has_breast_color::white,baseline
74,Florida Jay,30,11,8,19,0.36666666666666664,4,0.36363636363636365,has_breast_color::white,baseline
76,Dark eyed Junco,30,7,16,23,0.23333333333333334,4,0.5714285714285714,has_breast_color::white,baseline
72,Pomarine Jaeger,30,15,12,15,0.5,9,0.6,has_breast_color::white,baseline
14,Indigo Bunting,30,0,3,30,0.0,0,,has_breast_color::white,baseline
66,Western Gull,30,27,30,3,0.9,27,1.0,has_breast_color::white,baseline
71,Long tailed Jaeger,30,13,15,17,0.43333333333333335,9,0.6923076923076923,has_breast_color::white,baseline
67,Anna Hummingbird,30,15,12,15,0.5,8,0.5333333333333333,has_breast_color::white,baseline
68,Ruby throated Hummingbird,30,20,15,10,0.6666666666666666,13,0.65,has_breast_color::white,baseline
31,Black billed Cuckoo,30,23,23,7,0.7666666666666667,18,0.782608695652174,has_breast_color::white,baseline
69,Rufous Hummingbird,30,14,11,16,0.4666666666666667,6,0.42857142857142855,has_breast_color::white,baseline
13,Bobolink,30,1,1,29,0.03333333333333333,0,0.0,has_breast_color::white,baseline
70,Green Violetear,30,0,1,30,0.0,0,,has_breast_color::white,baseline
181,Worm eating Warbler,29,3,7,26,0.10344827586206896,2,0.6666666666666666,has_breast_color::white,baseline
20,Yellow breasted Chat,29,3,2,26,0.10344827586206896,0,0.0,has_breast_color::white,baseline
169,Magnolia Warbler,29,2,1,27,0.06896551724137931,0,0.0,has_breast_color::white,baseline
168,Kentucky Warbler,29,1,1,28,0.034482758620689655,0,0.0,has_breast_color::white,baseline
28,Brown Creeper,29,22,26,7,0.7586206896551724,20,0.9090909090909091,has_breast_color::white,baseline
9,Brewer Blackbird,29,0,0,29,0.0,0,,has_breast_color::white,baseline
166,Golden winged Warbler,29,11,13,18,0.3793103448275862,6,0.5454545454545454,has_breast_color::white,baseline
23,Brandt Cormorant,29,0,1,29,0.0,0,,has_breast_color::white,baseline
190,Red cockaded Woodpecker,29,13,27,16,0.4482758620689655,11,0.8461538461538461,has_breast_color::white,baseline
33,Yellow billed Cuckoo,29,26,22,3,0.896551724137931,19,0.7307692307692307,has_breast_color::white,baseline
179,Tennessee Warbler,29,13,8,16,0.4482758620689655,5,0.38461538461538464,has_breast_color::white,baseline
19,Gray Catbird,29,3,7,26,0.10344827586206896,2,0.6666666666666666,has_breast_color::white,baseline
43,Yellow bellied Flycatcher,29,9,5,20,0.3103448275862069,3,0.3333333333333333,has_breast_color::white,baseline
117,Clay colored Sparrow,29,12,21,17,0.41379310344827586,10,0.8333333333333334,has_breast_color::white,baseline
141,Artic Tern,29,24,28,5,0.8275862068965517,24,1.0,has_breast_color::white,baseline
160,Black throated Blue Warbler,29,24,16,5,0.8275862068965517,14,0.5833333333333334,has_breast_color::white,baseline
119,Field Sparrow,29,14,17,15,0.4827586206896552,11,0.7857142857142857,has_breast_color::white,baseline
124,Le Conte Sparrow,29,7,6,22,0.2413793103448276,3,0.42857142857142855,has_breast_color::white,baseline
125,Lincoln Sparrow,29,11,14,18,0.3793103448275862,6,0.5454545454545454,has_breast_color::white,baseline
115,Brewer Sparrow,29,11,15,18,0.3793103448275862,7,0.6363636363636364,has_breast_color::white,baseline
60,Glaucous winged Gull,29,26,28,3,0.896551724137931,25,0.9615384615384616,has_breast_color::white,baseline
78,Gray Kingbird,29,22,25,7,0.7586206896551724,19,0.8636363636363636,has_breast_color::white,baseline
97,Orchard Oriole,29,0,1,29,0.0,0,,has_breast_color::white,baseline
149,Brown Thrasher,29,12,13,17,0.41379310344827586,7,0.5833333333333334,has_breast_color::white,baseline
39,Least Flycatcher,29,13,10,16,0.4482758620689655,7,0.5384615384615384,has_breast_color::white,baseline
153,Philadelphia Vireo,29,8,9,21,0.27586206896551724,4,0.5,has_breast_color::white,baseline
37,Acadian Flycatcher,29,11,16,18,0.3793103448275862,10,0.9090909090909091,has_breast_color::white,baseline
157,Yellow throated Vireo,29,2,6,27,0.06896551724137931,2,1.0,has_breast_color::white,baseline
34,Gray crowned Rosy Finch,29,1,6,28,0.034482758620689655,0,0.0,has_breast_color::white,baseline
3,Sooty Albatross,28,3,8,25,0.10714285714285714,2,0.6666666666666666,has_breast_color::white,baseline
15,Lazuli Bunting,28,6,3,22,0.21428571428571427,2,0.3333333333333333,has_breast_color::white,baseline
16,Painted Bunting,28,0,0,28,0.0,0,,has_breast_color::white,baseline
58,Pigeon Guillemot,28,2,2,26,0.07142857142857142,2,1.0,has_breast_color::white,baseline
17,Cardinal,27,0,2,27,0.0,0,,has_breast_color::white,baseline
75,Green Jay,27,1,2,26,0.037037037037037035,0,0.0,has_breast_color::white,baseline
178,Swainson Warbler,26,17,14,9,0.6538461538461539,10,0.5882352941176471,has_breast_color::white,baseline
12,Yellow headed Blackbird,26,0,0,26,0.0,0,,has_breast_color::white,baseline
22,Chuck will Widow,26,5,7,21,0.19230769230769232,2,0.4,has_breast_color::white,baseline
7,Parakeet Auklet,23,18,15,5,0.782608695652174,13,0.7222222222222222,has_breast_color::white,baseline
84,Red legged Kittiwake,23,21,23,2,0.9130434782608695,21,1.0,has_breast_color::white,baseline
32,Mangrove Cuckoo,23,8,2,15,0.34782608695652173,1,0.125,has_breast_color::white,baseline
24,Red faced Cormorant,22,0,0,22,0.0,0,,has_breast_color::white,baseline
151,Black capped Vireo,21,16,16,5,0.7619047619047619,12,0.75,has_breast_color::white,baseline
113,Baird Sparrow,20,8,14,12,0.4,6,0.75,has_breast_color::white,baseline
187,American Three toed Woodpecker,20,13,13,7,0.65,10,0.7692307692307693,has_breast_color::white,baseline
65,Slaty backed Gull,20,16,16,4,0.8,14,0.875,has_breast_color::white,baseline
101,White Pelican,20,16,20,4,0.8,16,1.0,has_breast_color::white,baseline
105,Whip poor Will,19,4,8,15,0.21052631578947367,3,0.75,has_breast_color::white,baseline
8,Rhinoceros Auklet,18,5,5,13,0.2777777777777778,2,0.4,has_breast_color::white,baseline
18,Spotted Catbird,15,3,1,12,0.2,1,0.3333333333333333,has_breast_color::white,baseline
5,Crested Auklet,14,2,2,12,0.14285714285714285,1,0.5,has_breast_color::white,baseline
6,Least Auklet,11,7,10,4,0.6363636363636364,7,1.0,has_breast_color::white,baseline
1,Black footed Albatross,30,8,11,22,0.26666666666666666,6,0.75,has_wing_color::grey,baseline
143,Caspian Tern,30,9,25,21,0.3,6,0.6666666666666666,has_wing_color::grey,baseline
120,Fox Sparrow,30,7,5,23,0.23333333333333334,1,0.14285714285714285,has_wing_color::grey,baseline
121,Grasshopper Sparrow,30,6,15,24,0.2,3,0.5,has_wing_color::grey,baseline
122,Harris Sparrow,30,7,9,23,0.23333333333333334,4,0.5714285714285714,has_wing_color::grey,baseline
123,Henslow Sparrow,30,5,3,25,0.16666666666666666,0,0.0,has_wing_color::grey,baseline
126,Nelson Sharp tailed Sparrow,30,10,3,20,0.3333333333333333,1,0.1,has_wing_color::grey,baseline
127,Savannah Sparrow,30,7,5,23,0.23333333333333334,0,0.0,has_wing_color::grey,baseline
128,Seaside Sparrow,30,12,11,18,0.4,3,0.25,has_wing_color::grey,baseline
129,Song Sparrow,30,7,2,23,0.23333333333333334,1,0.14285714285714285,has_wing_color::grey,baseline
130,Tree Sparrow,30,6,9,24,0.2,3,0.5,has_wing_color::grey,baseline
131,Vesper Sparrow,30,10,7,20,0.3333333333333333,1,0.1,has_wing_color::grey,baseline
132,White crowned Sparrow,30,10,13,20,0.3333333333333333,5,0.5,has_wing_color::grey,baseline
133,White throated Sparrow,30,5,8,25,0.16666666666666666,2,0.4,has_wing_color::grey,baseline
134,Cape Glossy Starling,30,1,0,29,0.03333333333333333,0,0.0,has_wing_color::grey,baseline
135,Bank Swallow,30,11,14,19,0.36666666666666664,9,0.8181818181818182,has_wing_color::grey,baseline
136,Barn Swallow,30,1,3,29,0.03333333333333333,0,0.0,has_wing_color::grey,baseline
137,Cliff Swallow,30,4,6,26,0.13333333333333333,1,0.25,has_wing_color::grey,baseline
138,Tree Swallow,30,6,4,24,0.2,0,0.0,has_wing_color::grey,baseline
139,Scarlet Tanager,30,2,1,28,0.06666666666666667,0,0.0,has_wing_color::grey,baseline
140,Summer Tanager,30,1,0,29,0.03333333333333333,0,0.0,has_wing_color::grey,baseline
118,House Sparrow,30,8,9,22,0.26666666666666666,4,0.5,has_wing_color::grey,baseline
116,Chipping Sparrow,30,6,6,24,0.2,1,0.16666666666666666,has_wing_color::grey,baseline
114,Black throated Sparrow,30,15,19,15,0.5,11,0.7333333333333333,has_wing_color::grey,baseline
2,Laysan Albatross,30,7,14,23,0.23333333333333334,3,0.42857142857142855,has_wing_color::grey,baseline
92,Nighthawk,30,12,2,18,0.4,2,0.16666666666666666,has_wing_color::grey,baseline
93,Clark Nutcracker,30,12,22,18,0.4,8,0.6666666666666666,has_wing_color::grey,baseline
94,White breasted Nuthatch,30,21,26,9,0.7,19,0.9047619047619048,has_wing_color::grey,baseline
95,Baltimore Oriole,30,6,4,24,0.2,0,0.0,has_wing_color::grey,baseline
96,Hooded Oriole,30,6,1,24,0.2,0,0.0,has_wing_color::grey,baseline
98,Scott Oriole,30,7,3,23,0.23333333333333334,2,0.2857142857142857,has_wing_color::grey,baseline
99,Ovenbird,30,5,6,25,0.16666666666666666,2,0.4,has_wing_color::grey,baseline
100,Brown Pelican,30,11,4,19,0.36666666666666664,2,0.18181818181818182,has_wing_color::grey,baseline
102,Western Wood Pewee,30,13,18,17,0.43333333333333335,12,0.9230769230769231,has_wing_color::grey,baseline
112,Great Grey Shrike,30,16,25,14,0.5333333333333333,14,0.875,has_wing_color::grey,baseline
103,Sayornis,30,6,17,24,0.2,5,0.8333333333333334,has_wing_color::grey,baseline
104,American Pipit,30,14,16,16,0.4666666666666667,10,0.7142857142857143,has_wing_color::grey,baseline
106,Horned Puffin,30,2,6,28,0.06666666666666667,0,0.0,has_wing_color::grey,baseline
107,Common Raven,30,4,4,26,0.13333333333333333,2,0.5,has_wing_color::grey,baseline
108,White necked Raven,30,6,3,24,0.2,1,0.16666666666666666,has_wing_color::grey,baseline
109,American Redstart,30,6,5,24,0.2,2,0.3333333333333333,has_wing_color::grey,baseline
110,Geococcyx,30,6,4,24,0.2,1,0.16666666666666666,has_wing_color::grey,baseline
111,Loggerhead Shrike,30,14,25,16,0.4666666666666667,12,0.8571428571428571,has_wing_color::grey,baseline
142,Black Tern,30,19,21,11,0.6333333333333333,16,0.8421052631578947,has_wing_color::grey,baseline
144,Common Tern,30,15,25,15,0.5,10,0.6666666666666666,has_wing_color::grey,baseline
90,Red breasted Merganser,30,15,8,15,0.5,2,0.13333333333333333,has_wing_color::grey,baseline
145,Elegant Tern,30,17,28,13,0.5666666666666667,15,0.8823529411764706,has_wing_color::grey,baseline
176,Prairie Warbler,30,8,18,22,0.26666666666666666,6,0.75,has_wing_color::grey,baseline
177,Prothonotary Warbler,30,15,21,15,0.5,12,0.8,has_wing_color::grey,baseline
180,Wilson Warbler,30,12,9,18,0.4,4,0.3333333333333333,has_wing_color::grey,baseline
182,Yellow Warbler,30,6,6,24,0.2,1,0.16666666666666666,has_wing_color::grey,baseline
183,Northern Waterthrush,30,10,13,20,0.3333333333333333,8,0.8,has_wing_color::grey,baseline
184,Louisiana Waterthrush,30,13,17,17,0.43333333333333335,10,0.7692307692307693,has_wing_color::grey,baseline
185,Bohemian Waxwing,30,14,9,16,0.4666666666666667,4,0.2857142857142857,has_wing_color::grey,baseline
186,Cedar Waxwing,30,13,8,17,0.43333333333333335,7,0.5384615384615384,has_wing_color::grey,baseline
188,Pileated Woodpecker,30,1,4,29,0.03333333333333333,0,0.0,has_wing_color::grey,baseline
189,Red bellied Woodpecker,30,3,2,27,0.1,0,0.0,has_wing_color::grey,baseline
191,Red headed Woodpecker,30,2,3,28,0.06666666666666667,1,0.5,has_wing_color::grey,baseline
192,Downy Woodpecker,30,2,0,28,0.06666666666666667,0,0.0,has_wing_color::grey,baseline
193,Bewick Wren,30,6,6,24,0.2,3,0.5,has_wing_color::grey,baseline
194,Cactus Wren,30,6,3,24,0.2,2,0.3333333333333333,has_wing_color::grey,baseline
195,Carolina Wren,30,4,3,26,0.13333333333333333,0,0.0,has_wing_color::grey,baseline
196,House Wren,30,4,7,26,0.13333333333333333,1,0.25,has_wing_color::grey,baseline
197,Marsh Wren,30,4,7,26,0.13333333333333333,1,0.25,has_wing_color::grey,baseline
198,Rock Wren,30,12,10,18,0.4,4,0.3333333333333333,has_wing_color::grey,baseline
199,Winter Wren,30,2,4,28,0.06666666666666667,0,0.0,has_wing_color::grey,baseline
175,Pine Warbler,30,22,27,8,0.7333333333333333,22,1.0,has_wing_color::grey,baseline
174,Palm Warbler,30,8,13,22,0.26666666666666666,5,0.625,has_wing_color::grey,baseline
173,Orange crowned Warbler,30,15,12,15,0.5,8,0.5333333333333333,has_wing_color::grey,baseline
158,Bay breasted Warbler,30,14,15,16,0.4666666666666667,6,0.42857142857142855,has_wing_color::grey,baseline
146,Forsters Tern,30,16,29,14,0.5333333333333333,16,1.0,has_wing_color::grey,baseline
147,Least Tern,30,19,26,11,0.6333333333333333,17,0.8947368421052632,has_wing_color::grey,baseline
148,Green tailed Towhee,30,18,22,12,0.6,14,0.7777777777777778,has_wing_color::grey,baseline
150,Sage Thrasher,30,14,16,16,0.4666666666666667,11,0.7857142857142857,has_wing_color::grey,baseline
152,Blue headed Vireo,30,18,24,12,0.6,16,0.8888888888888888,has_wing_color::grey,baseline
154,Red eyed Vireo,30,11,14,19,0.36666666666666664,7,0.6363636363636364,has_wing_color::grey,baseline
155,Warbling Vireo,30,15,20,15,0.5,13,0.8666666666666667,has_wing_color::grey,baseline
156,White eyed Vireo,30,13,26,17,0.43333333333333335,11,0.8461538461538461,has_wing_color::grey,baseline
159,Black and white Warbler,30,5,14,25,0.16666666666666666,3,0.6,has_wing_color::grey,baseline
172,Nashville Warbler,30,16,26,14,0.5333333333333333,14,0.875,has_wing_color::grey,baseline
161,Blue winged Warbler,30,20,18,10,0.6666666666666666,14,0.7,has_wing_color::grey,baseline
162,Canada Warbler,30,16,21,14,0.5333333333333333,15,0.9375,has_wing_color::grey,baseline
163,Cape May Warbler,30,8,13,22,0.26666666666666666,6,0.75,has_wing_color::grey,baseline
164,Cerulean Warbler,30,10,23,20,0.3333333333333333,9,0.9,has_wing_color::grey,baseline
165,Chestnut sided Warbler,30,15,13,15,0.5,8,0.5333333333333333,has_wing_color::grey,baseline
167,Hooded Warbler,30,9,4,21,0.3,2,0.2222222222222222,has_wing_color::grey,baseline
170,Mourning Warbler,30,6,22,24,0.2,4,0.6666666666666666,has_wing_color::grey,baseline
171,Myrtle Warbler,30,15,21,15,0.5,12,0.8,has_wing_color::grey,baseline
91,Mockingbird,30,13,23,17,0.43333333333333335,11,0.8461538461538461,has_wing_color::grey,baseline
200,Common Yellowthroat,30,3,9,27,0.1,3,1.0,has_wing_color::grey,baseline
89,Hooded Merganser,30,7,3,23,0.23333333333333334,2,0.2857142857142857,has_wing_color::grey,baseline
26,Bronzed Cowbird,30,2,0,28,0.06666666666666667,0,0.0,has_wing_color::grey,baseline
61,Heermann Gull,30,21,26,9,0.7,19,0.9047619047619048,has_wing_color::grey,baseline
59,California Gull,30,21,26,9,0.7,20,0.9523809523809523,has_wing_color::grey,baseline
25,Pelagic Cormorant,30,3,3,27,0.1,1,0.3333333333333333,has_wing_color::grey,baseline
57,Rose breasted Grosbeak,30,0,5,30,0.0,0,,has_wing_color::grey,baseline
56,Pine Grosbeak,30,15,15,15,0.5,8,0.5333333333333333,has_wing_color::grey,baseline
55,Evening Grosbeak,30,1,5,29,0.03333333333333333,1,1.0,has_wing_color::grey,baseline
54,Blue Grosbeak,30,2,2,28,0.06666666666666667,1,0.5,has_wing_color::grey,baseline
53,Western Grebe,30,10,16,20,0.3333333333333333,5,0.5,has_wing_color::grey,baseline
52,Pied billed Grebe,30,4,11,26,0.13333333333333333,3,0.75,has_wing_color::grey,baseline
51,Horned Grebe,30,10,15,20,0.3333333333333333,5,0.5,has_wing_color::grey,baseline
50,Eared Grebe,30,9,16,21,0.3,5,0.5555555555555556,has_wing_color::grey,baseline
49,Boat tailed Grackle,30,4,1,26,0.13333333333333333,1,0.25,has_wing_color::grey,baseline
48,European Goldfinch,30,3,5,27,0.1,1,0.3333333333333333,has_wing_color::grey,baseline
47,American Goldfinch,30,4,4,26,0.13333333333333333,1,0.25,has_wing_color::grey,baseline
63,Ivory Gull,30,3,24,27,0.1,3,1.0,has_wing_color::grey,baseline
46,Gadwall,30,11,23,19,0.36666666666666664,9,0.8181818181818182,has_wing_color::grey,baseline
45,Northern Fulmar,30,25,28,5,0.8333333333333334,23,0.92,has_wing_color::grey,baseline
44,Frigatebird,30,3,1,27,0.1,0,0.0,has_wing_color::grey,baseline
88,Western Meadowlark,30,12,13,18,0.4,8,0.6666666666666666,has_wing_color::grey,baseline
42,Vermilion Flycatcher,30,9,7,21,0.3,1,0.1111111111111111,has_wing_color::grey,baseline
41,Scissor tailed Flycatcher,30,11,23,19,0.36666666666666664,9,0.8181818181818182,has_wing_color::grey,baseline
27,Shiny Cowbird,30,3,2,27,0.1,1,0.3333333333333333,has_wing_color::grey,baseline
40,Olive sided Flycatcher,30,12,10,18,0.4,5,0.4166666666666667,has_wing_color::grey,baseline
38,Great Crested Flycatcher,30,9,12,21,0.3,4,0.4444444444444444,has_wing_color::grey,baseline
36,Northern Flicker,30,9,2,21,0.3,1,0.1111111111111111,has_wing_color::grey,baseline
29,American Crow,30,2,3,28,0.06666666666666667,0,0.0,has_wing_color::grey,baseline
35,Purple Finch,30,7,4,23,0.23333333333333334,2,0.2857142857142857,has_wing_color::grey,baseline
30,Fish Crow,30,1,0,29,0.03333333333333333,0,0.0,has_wing_color::grey,baseline
21,Eastern Towhee,30,1,7,29,0.03333333333333333,0,0.0,has_wing_color::grey,baseline
62,Herring Gull,30,22,27,8,0.7333333333333333,20,0.9090909090909091,has_wing_color::grey,baseline
64,Ring billed Gull,30,21,29,9,0.7,21,1.0,has_wing_color::grey,baseline
73,Blue Jay,30,10,10,20,0.3333333333333333,3,0.3,has_wing_color::grey,baseline
87,Mallard,30,10,5,20,0.3333333333333333,2,0.2,has_wing_color::grey,baseline
86,Pacific Loon,30,11,21,19,0.36666666666666664,8,0.7272727272727273,has_wing_color::grey,baseline
85,Horned Lark,30,7,15,23,0.23333333333333334,3,0.42857142857142855,has_wing_color::grey,baseline
4,Groove billed Ani,30,1,1,29,0.03333333333333333,0,0.0,has_wing_color::grey,baseline
83,White breasted Kingfisher,30,1,2,29,0.03333333333333333,1,1.0,has_wing_color::grey,baseline
82,Ringed Kingfisher,30,14,11,16,0.4666666666666667,5,0.35714285714285715,has_wing_color::grey,baseline
81,Pied Kingfisher,30,5,8,25,0.16666666666666666,1,0.2,has_wing_color::grey,baseline
80,Green Kingfisher,30,3,7,27,0.1,1,0.3333333333333333,has_wing_color::grey,baseline
79,Belted Kingfisher,30,21,19,9,0.7,13,0.6190476190476191,has_wing_color::grey,baseline
10,Red winged Blackbird,30,0,0,30,0.0,0,,has_wing_color::grey,baseline
77,Tropical Kingbird,30,16,27,14,0.5333333333333333,16,1.0,has_wing_color::grey,baseline
11,Rusty Blackbird,30,7,7,23,0.23333333333333334,3,0.42857142857142855,has_wing_color::grey,baseline
74,Florida Jay,30,8,22,22,0.26666666666666666,7,0.875,has_wing_color::grey,baseline
76,Dark eyed Junco,30,14,11,16,0.4666666666666667,6,0.42857142857142855,has_wing_color::grey,baseline
72,Pomarine Jaeger,30,5,17,25,0.16666666666666666,2,0.4,has_wing_color::grey,baseline
14,Indigo Bunting,30,7,7,23,0.23333333333333334,2,0.2857142857142857,has_wing_color::grey,baseline
66,Western Gull,30,22,28,8,0.7333333333333333,21,0.9545454545454546,has_wing_color::grey,baseline
71,Long tailed Jaeger,30,13,14,17,0.43333333333333335,9,0.6923076923076923,has_wing_color::grey,baseline
67,Anna Hummingbird,30,13,2,17,0.43333333333333335,2,0.15384615384615385,has_wing_color::grey,baseline
68,Ruby throated Hummingbird,30,6,4,24,0.2,1,0.16666666666666666,has_wing_color::grey,baseline
31,Black billed Cuckoo,30,2,8,28,0.06666666666666667,0,0.0,has_wing_color::grey,baseline
69,Rufous Hummingbird,30,5,2,25,0.16666666666666666,0,0.0,has_wing_color::grey,baseline
13,Bobolink,30,8,0,22,0.26666666666666666,0,0.0,has_wing_color::grey,baseline
70,Green Violetear,30,6,0,24,0.2,0,0.0,has_wing_color::grey,baseline
181,Worm eating Warbler,29,7,10,22,0.2413793103448276,4,0.5714285714285714,has_wing_color::grey,baseline
20,Yellow breasted Chat,29,10,17,19,0.3448275862068966,7,0.7,has_wing_color::grey,baseline
169,Magnolia Warbler,29,13,21,16,0.4482758620689655,8,0.6153846153846154,has_wing_color::grey,baseline
168,Kentucky Warbler,29,8,15,21,0.27586206896551724,5,0.625,has_wing_color::grey,baseline
28,Brown Creeper,29,5,5,24,0.1724137931034483,1,0.2,has_wing_color::grey,baseline
9,Brewer Blackbird,29,0,1,29,0.0,0,,has_wing_color::grey,baseline
166,Golden winged Warbler,29,21,21,8,0.7241379310344828,16,0.7619047619047619,has_wing_color::grey,baseline
23,Brandt Cormorant,29,6,4,23,0.20689655172413793,1,0.16666666666666666,has_wing_color::grey,baseline
190,Red cockaded Woodpecker,29,2,2,27,0.06896551724137931,0,0.0,has_wing_color::grey,baseline
33,Yellow billed Cuckoo,29,7,13,22,0.2413793103448276,4,0.5714285714285714,has_wing_color::grey,baseline
179,Tennessee Warbler,29,14,16,15,0.4827586206896552,11,0.7857142857142857,has_wing_color::grey,baseline
19,Gray Catbird,29,25,23,4,0.8620689655172413,21,0.84,has_wing_color::grey,baseline
43,Yellow bellied Flycatcher,29,11,12,18,0.3793103448275862,7,0.6363636363636364,has_wing_color::grey,baseline
117,Clay colored Sparrow,29,9,11,20,0.3103448275862069,4,0.4444444444444444,has_wing_color::grey,baseline
141,Artic Tern,29,7,21,22,0.2413793103448276,6,0.8571428571428571,has_wing_color::grey,baseline
160,Black throated Blue Warbler,29,6,12,23,0.20689655172413793,1,0.16666666666666666,has_wing_color::grey,baseline
119,Field Sparrow,29,11,6,18,0.3793103448275862,1,0.09090909090909091,has_wing_color::grey,baseline
124,Le Conte Sparrow,29,4,5,25,0.13793103448275862,2,0.5,has_wing_color::grey,baseline
125,Lincoln Sparrow,29,6,2,23,0.20689655172413793,1,0.16666666666666666,has_wing_color::grey,baseline
115,Brewer Sparrow,29,9,11,20,0.3103448275862069,5,0.5555555555555556,has_wing_color::grey,baseline
60,Glaucous winged Gull,29,24,29,5,0.8275862068965517,24,1.0,has_wing_color::grey,baseline
78,Gray Kingbird,29,16,15,13,0.5517241379310345,9,0.5625,has_wing_color::grey,baseline
97,Orchard Oriole,29,5,4,24,0.1724137931034483,1,0.2,has_wing_color::grey,baseline
149,Brown Thrasher,29,2,1,27,0.06896551724137931,1,0.5,has_wing_color::grey,baseline
39,Least Flycatcher,29,13,15,16,0.4482758620689655,9,0.6923076923076923,has_wing_color::grey,baseline
153,Philadelphia Vireo,29,18,22,11,0.6206896551724138,14,0.7777777777777778,has_wing_color::grey,baseline
37,Acadian Flycatcher,29,11,17,18,0.3793103448275862,9,0.8181818181818182,has_wing_color::grey,baseline
157,Yellow throated Vireo,29,14,17,15,0.4827586206896552,10,0.7142857142857143,has_wing_color::grey,baseline
34,Gray crowned Rosy Finch,29,12,15,17,0.41379310344827586,5,0.4166666666666667,has_wing_color::grey,baseline
3,Sooty Albatross,28,13,17,15,0.4642857142857143,8,0.6153846153846154,has_wing_color::grey,baseline
15,Lazuli Bunting,28,8,10,20,0.2857142857142857,2,0.25,has_wing_color::grey,baseline
16,Painted Bunting,28,2,4,26,0.07142857142857142,1,0.5,has_wing_color::grey,baseline
58,Pigeon Guillemot,28,7,9,21,0.25,4,0.5714285714285714,has_wing_color::grey,baseline
17,Cardinal,27,7,1,20,0.25925925925925924,1,0.14285714285714285,has_wing_color::grey,baseline
75,Green Jay,27,0,4,27,0.0,0,,has_wing_color::grey,baseline
178,Swainson Warbler,26,1,7,25,0.038461538461538464,0,0.0,has_wing_color::grey,baseline
12,Yellow headed Blackbird,26,3,2,23,0.11538461538461539,0,0.0,has_wing_color::grey,baseline
22,Chuck will Widow,26,4,2,22,0.15384615384615385,0,0.0,has_wing_color::grey,baseline
7,Parakeet Auklet,23,10,10,13,0.43478260869565216,5,0.5,has_wing_color::grey,baseline
84,Red legged Kittiwake,23,14,20,9,0.6086956521739131,11,0.7857142857142857,has_wing_color::grey,baseline
32,Mangrove Cuckoo,23,7,7,16,0.30434782608695654,1,0.14285714285714285,has_wing_color::grey,baseline
24,Red faced Cormorant,22,3,0,19,0.13636363636363635,0,0.0,has_wing_color::grey,baseline
151,Black capped Vireo,21,5,8,16,0.23809523809523808,1,0.2,has_wing_color::grey,baseline
113,Baird Sparrow,20,2,5,18,0.1,1,0.5,has_wing_color::grey,baseline
187,American Three toed Woodpecker,20,3,1,17,0.15,0,0.0,has_wing_color::grey,baseline
65,Slaty backed Gull,20,10,14,10,0.5,8,0.8,has_wing_color::grey,baseline
101,White Pelican,20,3,11,17,0.15,3,1.0,has_wing_color::grey,baseline
105,Whip poor Will,19,7,2,12,0.3684210526315789,2,0.2857142857142857,has_wing_color::grey,baseline
8,Rhinoceros Auklet,18,2,6,16,0.1111111111111111,1,0.5,has_wing_color::grey,baseline
18,Spotted Catbird,15,1,0,14,0.06666666666666667,0,0.0,has_wing_color::grey,baseline
5,Crested Auklet,14,4,3,10,0.2857142857142857,1,0.25,has_wing_color::grey,baseline
6,Least Auklet,11,4,3,7,0.36363636363636365,1,0.25,has_wing_color::grey,baseline
1,Black footed Albatross,30,1,0,29,0.03333333333333333,0,0.0,has_wing_color::white,baseline
143,Caspian Tern,30,20,26,10,0.6666666666666666,19,0.95,has_wing_color::white,baseline
120,Fox Sparrow,30,8,6,22,0.26666666666666666,3,0.375,has_wing_color::white,baseline
121,Grasshopper Sparrow,30,6,13,24,0.2,3,0.5,has_wing_color::white,baseline
122,Harris Sparrow,30,15,11,15,0.5,8,0.5333333333333333,has_wing_color::white,baseline
123,Henslow Sparrow,30,5,2,25,0.16666666666666666,0,0.0,has_wing_color::white,baseline
126,Nelson Sharp tailed Sparrow,30,6,1,24,0.2,0,0.0,has_wing_color::white,baseline
127,Savannah Sparrow,30,10,6,20,0.3333333333333333,2,0.2,has_wing_color::white,baseline
128,Seaside Sparrow,30,1,0,29,0.03333333333333333,0,0.0,has_wing_color::white,baseline
129,Song Sparrow,30,4,2,26,0.13333333333333333,0,0.0,has_wing_color::white,baseline
130,Tree Sparrow,30,14,9,16,0.4666666666666667,5,0.35714285714285715,has_wing_color::white,baseline
131,Vesper Sparrow,30,9,10,21,0.3,4,0.4444444444444444,has_wing_color::white,baseline
132,White crowned Sparrow,30,10,16,20,0.3333333333333333,6,0.6,has_wing_color::white,baseline
133,White throated Sparrow,30,5,3,25,0.16666666666666666,1,0.2,has_wing_color::white,baseline
134,Cape Glossy Starling,30,0,0,30,0.0,0,,has_wing_color::white,baseline
135,Bank Swallow,30,3,3,27,0.1,2,0.6666666666666666,has_wing_color::white,baseline
136,Barn Swallow,30,2,1,28,0.06666666666666667,0,0.0,has_wing_color::white,baseline
137,Cliff Swallow,30,1,4,29,0.03333333333333333,0,0.0,has_wing_color::white,baseline
138,Tree Swallow,30,1,4,29,0.03333333333333333,1,1.0,has_wing_color::white,baseline
139,Scarlet Tanager,30,0,4,30,0.0,0,,has_wing_color::white,baseline
140,Summer Tanager,30,0,0,30,0.0,0,,has_wing_color::white,baseline
118,House Sparrow,30,5,3,25,0.16666666666666666,1,0.2,has_wing_color::white,baseline
116,Chipping Sparrow,30,11,11,19,0.36666666666666664,8,0.7272727272727273,has_wing_color::white,baseline
114,Black throated Sparrow,30,3,4,27,0.1,1,0.3333333333333333,has_wing_color::white,baseline
2,Laysan Albatross,30,3,6,27,0.1,1,0.3333333333333333,has_wing_color::white,baseline
92,Nighthawk,30,19,20,11,0.6333333333333333,15,0.7894736842105263,has_wing_color::white,baseline
93,Clark Nutcracker,30,10,13,20,0.3333333333333333,7,0.7,has_wing_color::white,baseline
94,White breasted Nuthatch,30,11,20,19,0.36666666666666664,9,0.8181818181818182,has_wing_color::white,baseline
95,Baltimore Oriole,30,17,17,13,0.5666666666666667,10,0.5882352941176471,has_wing_color::white,baseline
96,Hooded Oriole,30,13,14,17,0.43333333333333335,8,0.6153846153846154,has_wing_color::white,baseline
98,Scott Oriole,30,15,17,15,0.5,10,0.6666666666666666,has_wing_color::white,baseline
99,Ovenbird,30,0,1,30,0.0,0,,has_wing_color::white,baseline
100,Brown Pelican,30,5,7,25,0.16666666666666666,2,0.4,has_wing_color::white,baseline
102,Western Wood Pewee,30,12,2,18,0.4,2,0.16666666666666666,has_wing_color::white,baseline
112,Great Grey Shrike,30,10,13,20,0.3333333333333333,6,0.6,has_wing_color::white,baseline
103,Sayornis,30,5,5,25,0.16666666666666666,2,0.4,has_wing_color::white,baseline
104,American Pipit,30,5,7,25,0.16666666666666666,3,0.6,has_wing_color::white,baseline
106,Horned Puffin,30,3,7,27,0.1,1,0.3333333333333333,has_wing_color::white,baseline
107,Common Raven,30,0,0,30,0.0,0,,has_wing_color::white,baseline
108,White necked Raven,30,0,0,30,0.0,0,,has_wing_color::white,baseline
109,American Redstart,30,0,2,30,0.0,0,,has_wing_color::white,baseline
110,Geococcyx,30,10,18,20,0.3333333333333333,7,0.7,has_wing_color::white,baseline
111,Loggerhead Shrike,30,15,20,15,0.5,12,0.8,has_wing_color::white,baseline
142,Black Tern,30,10,8,20,0.3333333333333333,5,0.5,has_wing_color::white,baseline
144,Common Tern,30,20,28,10,0.6666666666666666,19,0.95,has_wing_color::white,baseline
90,Red breasted Merganser,30,12,15,18,0.4,8,0.6666666666666666,has_wing_color::white,baseline
145,Elegant Tern,30,18,26,12,0.6,17,0.9444444444444444,has_wing_color::white,baseline
176,Prairie Warbler,30,2,2,28,0.06666666666666667,0,0.0,has_wing_color::white,baseline
177,Prothonotary Warbler,30,2,2,28,0.06666666666666667,0,0.0,has_wing_color::white,baseline
180,Wilson Warbler,30,0,1,30,0.0,0,,has_wing_color::white,baseline
182,Yellow Warbler,30,0,1,30,0.0,0,,has_wing_color::white,baseline
183,Northern Waterthrush,30,1,4,29,0.03333333333333333,0,0.0,has_wing_color::white,baseline
184,Louisiana Waterthrush,30,0,4,30,0.0,0,,has_wing_color::white,baseline
185,Bohemian Waxwing,30,19,17,11,0.6333333333333333,13,0.6842105263157895,has_wing_color::white,baseline
186,Cedar Waxwing,30,4,4,26,0.13333333333333333,1,0.25,has_wing_color::white,baseline
188,Pileated Woodpecker,30,4,8,26,0.13333333333333333,0,0.0,has_wing_color::white,baseline
189,Red bellied Woodpecker,30,30,29,0,1.0,29,0.9666666666666667,has_wing_color::white,baseline
191,Red headed Woodpecker,30,22,14,8,0.7333333333333333,10,0.45454545454545453,has_wing_color::white,baseline
192,Downy Woodpecker,30,28,29,2,0.9333333333333333,27,0.9642857142857143,has_wing_color::white,baseline
193,Bewick Wren,30,3,2,27,0.1,0,0.0,has_wing_color::white,baseline
194,Cactus Wren,30,14,12,16,0.4666666666666667,7,0.5,has_wing_color::white,baseline
195,Carolina Wren,30,5,7,25,0.16666666666666666,1,0.2,has_wing_color::white,baseline
196,House Wren,30,6,1,24,0.2,0,0.0,has_wing_color::white,baseline
197,Marsh Wren,30,6,3,24,0.2,1,0.16666666666666666,has_wing_color::white,baseline
198,Rock Wren,30,5,6,25,0.16666666666666666,0,0.0,has_wing_color::white,baseline
199,Winter Wren,30,9,3,21,0.3,1,0.1111111111111111,has_wing_color::white,baseline
175,Pine Warbler,30,14,18,16,0.4666666666666667,10,0.7142857142857143,has_wing_color::white,baseline
174,Palm Warbler,30,3,1,27,0.1,0,0.0,has_wing_color::white,baseline
173,Orange crowned Warbler,30,0,0,30,0.0,0,,has_wing_color::white,baseline
158,Bay breasted Warbler,30,21,19,9,0.7,15,0.7142857142857143,has_wing_color::white,baseline
146,Forsters Tern,30,19,26,11,0.6333333333333333,16,0.8421052631578947,has_wing_color::white,baseline
147,Least Tern,30,13,20,17,0.43333333333333335,10,0.7692307692307693,has_wing_color::white,baseline
148,Green tailed Towhee,30,0,0,30,0.0,0,,has_wing_color::white,baseline
150,Sage Thrasher,30,13,6,17,0.43333333333333335,2,0.15384615384615385,has_wing_color::white,baseline
152,Blue headed Vireo,30,20,11,10,0.6666666666666666,9,0.45,has_wing_color::white,baseline
154,Red eyed Vireo,30,2,2,28,0.06666666666666667,0,0.0,has_wing_color::white,baseline
155,Warbling Vireo,30,2,0,28,0.06666666666666667,0,0.0,has_wing_color::white,baseline
156,White eyed Vireo,30,11,11,19,0.36666666666666664,5,0.45454545454545453,has_wing_color::white,baseline
159,Black and white Warbler,30,28,28,2,0.9333333333333333,26,0.9285714285714286,has_wing_color::white,baseline
172,Nashville Warbler,30,0,2,30,0.0,0,,has_wing_color::white,baseline
161,Blue winged Warbler,30,8,6,22,0.26666666666666666,2,0.25,has_wing_color::white,baseline
162,Canada Warbler,30,2,1,28,0.06666666666666667,0,0.0,has_wing_color::white,baseline
163,Cape May Warbler,30,10,8,20,0.3333333333333333,2,0.2,has_wing_color::white,baseline
164,Cerulean Warbler,30,21,15,9,0.7,11,0.5238095238095238,has_wing_color::white,baseline
165,Chestnut sided Warbler,30,10,25,20,0.3333333333333333,9,0.9,has_wing_color::white,baseline
167,Hooded Warbler,30,0,3,30,0.0,0,,has_wing_color::white,baseline
170,Mourning Warbler,30,0,0,30,0.0,0,,has_wing_color::white,baseline
171,Myrtle Warbler,30,12,17,18,0.4,9,0.75,has_wing_color::white,baseline
91,Mockingbird,30,6,13,24,0.2,4,0.6666666666666666,has_wing_color::white,baseline
200,Common Yellowthroat,30,0,0,30,0.0,0,,has_wing_color::white,baseline
89,Hooded Merganser,30,9,16,21,0.3,6,0.6666666666666666,has_wing_color::white,baseline
26,Bronzed Cowbird,30,1,0,29,0.03333333333333333,0,0.0,has_wing_color::white,baseline
61,Heermann Gull,30,12,15,18,0.4,7,0.5833333333333334,has_wing_color::white,baseline
59,California Gull,30,11,23,19,0.36666666666666664,10,0.9090909090909091,has_wing_color::white,baseline
25,Pelagic Cormorant,30,0,0,30,0.0,0,,has_wing_color::white,baseline
57,Rose breasted Grosbeak,30,22,18,8,0.7333333333333333,14,0.6363636363636364,has_wing_color::white,baseline
56,Pine Grosbeak,30,13,20,17,0.43333333333333335,12,0.9230769230769231,has_wing_color::white,baseline
55,Evening Grosbeak,30,19,10,11,0.6333333333333333,6,0.3157894736842105,has_wing_color::white,baseline
54,Blue Grosbeak,30,1,0,29,0.03333333333333333,0,0.0,has_wing_color::white,baseline
53,Western Grebe,30,5,14,25,0.16666666666666666,3,0.6,has_wing_color::white,baseline
52,Pied billed Grebe,30,5,1,25,0.16666666666666666,0,0.0,has_wing_color::white,baseline
51,Horned Grebe,30,9,7,21,0.3,2,0.2222222222222222,has_wing_color::white,baseline
50,Eared Grebe,30,7,7,23,0.23333333333333334,3,0.42857142857142855,has_wing_color::white,baseline
49,Boat tailed Grackle,30,0,0,30,0.0,0,,has_wing_color::white,baseline
48,European Goldfinch,30,11,21,19,0.36666666666666664,9,0.8181818181818182,has_wing_color::white,baseline
47,American Goldfinch,30,17,17,13,0.5666666666666667,11,0.6470588235294118,has_wing_color::white,baseline
63,Ivory Gull,30,28,28,2,0.9333333333333333,27,0.9642857142857143,has_wing_color::white,baseline
46,Gadwall,30,4,7,26,0.13333333333333333,1,0.25,has_wing_color::white,baseline
45,Northern Fulmar,30,9,10,21,0.3,5,0.5555555555555556,has_wing_color::white,baseline
44,Frigatebird,30,2,1,28,0.06666666666666667,0,0.0,has_wing_color::white,baseline
88,Western Meadowlark,30,6,8,24,0.2,3,0.5,has_wing_color::white,baseline
42,Vermilion Flycatcher,30,3,2,27,0.1,0,0.0,has_wing_color::white,baseline
41,Scissor tailed Flycatcher,30,9,16,21,0.3,5,0.5555555555555556,has_wing_color::white,baseline
27,Shiny Cowbird,30,0,0,30,0.0,0,,has_wing_color::white,baseline
40,Olive sided Flycatcher,30,10,1,20,0.3333333333333333,1,0.1,has_wing_color::white,baseline
38,Great Crested Flycatcher,30,10,5,20,0.3333333333333333,1,0.1,has_wing_color::white,baseline
36,Northern Flicker,30,4,15,26,0.13333333333333333,4,1.0,has_wing_color::white,baseline
29,American Crow,30,0,0,30,0.0,0,,has_wing_color::white,baseline
35,Purple Finch,30,7,4,23,0.23333333333333334,2,0.2857142857142857,has_wing_color::white,baseline
30,Fish Crow,30,0,0,30,0.0,0,,has_wing_color::white,baseline
21,Eastern Towhee,30,12,7,18,0.4,4,0.3333333333333333,has_wing_color::white,baseline
62,Herring Gull,30,15,23,15,0.5,12,0.8,has_wing_color::white,baseline
64,Ring billed Gull,30,11,25,19,0.36666666666666664,8,0.7272727272727273,has_wing_color::white,baseline
73,Blue Jay,30,12,15,18,0.4,9,0.75,has_wing_color::white,baseline
87,Mallard,30,8,8,22,0.26666666666666666,1,0.125,has_wing_color::white,baseline
86,Pacific Loon,30,12,15,18,0.4,7,0.5833333333333334,has_wing_color::white,baseline
85,Horned Lark,30,5,4,25,0.16666666666666666,0,0.0,has_wing_color::white,baseline
4,Groove billed Ani,30,1,0,29,0.03333333333333333,0,0.0,has_wing_color::white,baseline
83,White breasted Kingfisher,30,1,1,29,0.03333333333333333,0,0.0,has_wing_color::white,baseline
82,Ringed Kingfisher,30,2,4,28,0.06666666666666667,0,0.0,has_wing_color::white,baseline
81,Pied Kingfisher,30,27,26,3,0.9,23,0.8518518518518519,has_wing_color::white,baseline
80,Green Kingfisher,30,12,11,18,0.4,5,0.4166666666666667,has_wing_color::white,baseline
79,Belted Kingfisher,30,8,7,22,0.26666666666666666,3,0.375,has_wing_color::white,baseline
10,Red winged Blackbird,30,2,2,28,0.06666666666666667,0,0.0,has_wing_color::white,baseline
77,Tropical Kingbird,30,4,2,26,0.13333333333333333,0,0.0,has_wing_color::white,baseline
11,Rusty Blackbird,30,1,3,29,0.03333333333333333,0,0.0,has_wing_color::white,baseline
74,Florida Jay,30,6,0,24,0.2,0,0.0,has_wing_color::white,baseline
76,Dark eyed Junco,30,3,6,27,0.1,1,0.3333333333333333,has_wing_color::white,baseline
72,Pomarine Jaeger,30,8,6,22,0.26666666666666666,1,0.125,has_wing_color::white,baseline
14,Indigo Bunting,30,0,1,30,0.0,0,,has_wing_color::white,baseline
66,Western Gull,30,18,26,12,0.6,16,0.8888888888888888,has_wing_color::white,baseline
71,Long tailed Jaeger,30,9,5,21,0.3,2,0.2222222222222222,has_wing_color::white,baseline
67,Anna Hummingbird,30,2,0,28,0.06666666666666667,0,0.0,has_wing_color::white,baseline
68,Ruby throated Hummingbird,30,3,1,27,0.1,0,0.0,has_wing_color::white,baseline
31,Black billed Cuckoo,30,3,0,27,0.1,0,0.0,has_wing_color::white,baseline
69,Rufous Hummingbird,30,3,2,27,0.1,0,0.0,has_wing_color::white,baseline
13,Bobolink,30,16,16,14,0.5333333333333333,8,0.5,has_wing_color::white,baseline
70,Green Violetear,30,0,0,30,0.0,0,,has_wing_color::white,baseline
181,Worm eating Warbler,29,1,0,28,0.034482758620689655,0,0.0,has_wing_color::white,baseline
20,Yellow breasted Chat,29,3,2,26,0.10344827586206896,0,0.0,has_wing_color::white,baseline
169,Magnolia Warbler,29,16,16,13,0.5517241379310345,9,0.5625,has_wing_color::white,baseline
168,Kentucky Warbler,29,1,2,28,0.034482758620689655,1,1.0,has_wing_color::white,baseline
28,Brown Creeper,29,11,25,18,0.3793103448275862,11,1.0,has_wing_color::white,baseline
9,Brewer Blackbird,29,0,0,29,0.0,0,,has_wing_color::white,baseline
166,Golden winged Warbler,29,6,7,23,0.20689655172413793,1,0.16666666666666666,has_wing_color::white,baseline
23,Brandt Cormorant,29,0,2,29,0.0,0,,has_wing_color::white,baseline
190,Red cockaded Woodpecker,29,28,25,1,0.9655172413793104,25,0.8928571428571429,has_wing_color::white,baseline
33,Yellow billed Cuckoo,29,1,1,28,0.034482758620689655,0,0.0,has_wing_color::white,baseline
179,Tennessee Warbler,29,2,1,27,0.06896551724137931,1,0.5,has_wing_color::white,baseline
19,Gray Catbird,29,2,1,27,0.06896551724137931,0,0.0,has_wing_color::white,baseline
43,Yellow bellied Flycatcher,29,8,9,21,0.27586206896551724,3,0.375,has_wing_color::white,baseline
117,Clay colored Sparrow,29,6,5,23,0.20689655172413793,2,0.3333333333333333,has_wing_color::white,baseline
141,Artic Tern,29,22,25,7,0.7586206896551724,21,0.9545454545454546,has_wing_color::white,baseline
160,Black throated Blue Warbler,29,11,6,18,0.3793103448275862,2,0.18181818181818182,has_wing_color::white,baseline
119,Field Sparrow,29,11,8,18,0.3793103448275862,3,0.2727272727272727,has_wing_color::white,baseline
124,Le Conte Sparrow,29,5,4,24,0.1724137931034483,1,0.2,has_wing_color::white,baseline
125,Lincoln Sparrow,29,5,2,24,0.1724137931034483,1,0.2,has_wing_color::white,baseline
115,Brewer Sparrow,29,4,7,25,0.13793103448275862,1,0.25,has_wing_color::white,baseline
60,Glaucous winged Gull,29,14,25,15,0.4827586206896552,12,0.8571428571428571,has_wing_color::white,baseline
78,Gray Kingbird,29,7,7,22,0.2413793103448276,3,0.42857142857142855,has_wing_color::white,baseline
97,Orchard Oriole,29,8,5,21,0.27586206896551724,2,0.25,has_wing_color::white,baseline
149,Brown Thrasher,29,5,4,24,0.1724137931034483,2,0.4,has_wing_color::white,baseline
39,Least Flycatcher,29,8,10,21,0.27586206896551724,5,0.625,has_wing_color::white,baseline
153,Philadelphia Vireo,29,2,1,27,0.06896551724137931,0,0.0,has_wing_color::white,baseline
37,Acadian Flycatcher,29,10,16,19,0.3448275862068966,6,0.6,has_wing_color::white,baseline
157,Yellow throated Vireo,29,13,9,16,0.4482758620689655,5,0.38461538461538464,has_wing_color::white,baseline
34,Gray crowned Rosy Finch,29,7,9,22,0.2413793103448276,2,0.2857142857142857,has_wing_color::white,baseline
3,Sooty Albatross,28,2,3,26,0.07142857142857142,0,0.0,has_wing_color::white,baseline
15,Lazuli Bunting,28,16,12,12,0.5714285714285714,8,0.5,has_wing_color::white,baseline
16,Painted Bunting,28,0,0,28,0.0,0,,has_wing_color::white,baseline
58,Pigeon Guillemot,28,21,8,7,0.75,5,0.23809523809523808,has_wing_color::white,baseline
17,Cardinal,27,1,1,26,0.037037037037037035,0,0.0,has_wing_color::white,baseline
75,Green Jay,27,0,1,27,0.0,0,,has_wing_color::white,baseline
178,Swainson Warbler,26,0,0,26,0.0,0,,has_wing_color::white,baseline
12,Yellow headed Blackbird,26,7,3,19,0.2692307692307692,1,0.14285714285714285,has_wing_color::white,baseline
22,Chuck will Widow,26,2,1,24,0.07692307692307693,0,0.0,has_wing_color::white,baseline
7,Parakeet Auklet,23,3,9,20,0.13043478260869565,2,0.6666666666666666,has_wing_color::white,baseline
84,Red legged Kittiwake,23,11,20,12,0.4782608695652174,11,1.0,has_wing_color::white,baseline
32,Mangrove Cuckoo,23,0,1,23,0.0,0,,has_wing_color::white,baseline
24,Red faced Cormorant,22,1,0,21,0.045454545454545456,0,0.0,has_wing_color::white,baseline
151,Black capped Vireo,21,4,4,17,0.19047619047619047,1,0.25,has_wing_color::white,baseline
113,Baird Sparrow,20,3,6,17,0.15,1,0.3333333333333333,has_wing_color::white,baseline
187,American Three toed Woodpecker,20,13,16,7,0.65,12,0.9230769230769231,has_wing_color::white,baseline
65,Slaty backed Gull,20,15,15,5,0.75,12,0.8,has_wing_color::white,baseline
101,White Pelican,20,18,19,2,0.9,17,0.9444444444444444,has_wing_color::white,baseline
105,Whip poor Will,19,4,1,15,0.21052631578947367,0,0.0,has_wing_color::white,baseline
8,Rhinoceros Auklet,18,0,0,18,0.0,0,,has_wing_color::white,baseline
18,Spotted Catbird,15,0,0,15,0.0,0,,has_wing_color::white,baseline
5,Crested Auklet,14,0,1,14,0.0,0,,has_wing_color::white,baseline
6,Least Auklet,11,6,4,5,0.5454545454545454,3,0.5,has_wing_color::white,baseline
1,Black footed Albatross,30,6,16,24,0.2,5,0.8333333333333334,has_under_tail_color::black,baseline
143,Caspian Tern,30,7,18,23,0.23333333333333334,2,0.2857142857142857,has_under_tail_color::black,baseline
120,Fox Sparrow,30,2,6,28,0.06666666666666667,2,1.0,has_under_tail_color::black,baseline
121,Grasshopper Sparrow,30,2,8,28,0.06666666666666667,1,0.5,has_under_tail_color::black,baseline
122,Harris Sparrow,30,13,14,17,0.43333333333333335,7,0.5384615384615384,has_under_tail_color::black,baseline
123,Henslow Sparrow,30,3,6,27,0.1,2,0.6666666666666666,has_under_tail_color::black,baseline
126,Nelson Sharp tailed Sparrow,30,5,6,25,0.16666666666666666,1,0.2,has_under_tail_color::black,baseline
127,Savannah Sparrow,30,5,9,25,0.16666666666666666,2,0.4,has_under_tail_color::black,baseline
128,Seaside Sparrow,30,1,9,29,0.03333333333333333,1,1.0,has_under_tail_color::black,baseline
129,Song Sparrow,30,2,4,28,0.06666666666666667,0,0.0,has_under_tail_color::black,baseline
130,Tree Sparrow,30,3,8,27,0.1,1,0.3333333333333333,has_under_tail_color::black,baseline
131,Vesper Sparrow,30,5,7,25,0.16666666666666666,2,0.4,has_under_tail_color::black,baseline
132,White crowned Sparrow,30,3,16,27,0.1,2,0.6666666666666666,has_under_tail_color::black,baseline
133,White throated Sparrow,30,5,10,25,0.16666666666666666,2,0.4,has_under_tail_color::black,baseline
134,Cape Glossy Starling,30,14,26,16,0.4666666666666667,14,1.0,has_under_tail_color::black,baseline
135,Bank Swallow,30,10,19,20,0.3333333333333333,6,0.6,has_under_tail_color::black,baseline
136,Barn Swallow,30,11,27,19,0.36666666666666664,10,0.9090909090909091,has_under_tail_color::black,baseline
137,Cliff Swallow,30,8,25,22,0.26666666666666666,8,1.0,has_under_tail_color::black,baseline
138,Tree Swallow,30,6,21,24,0.2,5,0.8333333333333334,has_under_tail_color::black,baseline
139,Scarlet Tanager,30,23,29,7,0.7666666666666667,23,1.0,has_under_tail_color::black,baseline
140,Summer Tanager,30,5,10,25,0.16666666666666666,4,0.8,has_under_tail_color::black,baseline
118,House Sparrow,30,8,10,22,0.26666666666666666,2,0.25,has_under_tail_color::black,baseline
116,Chipping Sparrow,30,5,7,25,0.16666666666666666,1,0.2,has_under_tail_color::black,baseline
114,Black throated Sparrow,30,13,27,17,0.43333333333333335,13,1.0,has_under_tail_color::black,baseline
2,Laysan Albatross,30,10,15,20,0.3333333333333333,7,0.7,has_under_tail_color::black,baseline
92,Nighthawk,30,14,29,16,0.4666666666666667,14,1.0,has_under_tail_color::black,baseline
93,Clark Nutcracker,30,19,30,11,0.6333333333333333,19,1.0,has_under_tail_color::black,baseline
94,White breasted Nuthatch,30,12,29,18,0.4,11,0.9166666666666666,has_under_tail_color::black,baseline
95,Baltimore Oriole,30,12,28,18,0.4,12,1.0,has_under_tail_color::black,baseline
96,Hooded Oriole,30,15,29,15,0.5,15,1.0,has_under_tail_color::black,baseline
98,Scott Oriole,30,17,29,13,0.5666666666666667,17,1.0,has_under_tail_color::black,baseline
99,Ovenbird,30,2,5,28,0.06666666666666667,1,0.5,has_under_tail_color::black,baseline
100,Brown Pelican,30,6,22,24,0.2,6,1.0,has_under_tail_color::black,baseline
102,Western Wood Pewee,30,11,14,19,0.36666666666666664,5,0.45454545454545453,has_under_tail_color::black,baseline
112,Great Grey Shrike,30,17,26,13,0.5666666666666667,15,0.8823529411764706,has_under_tail_color::black,baseline
103,Sayornis,30,5,17,25,0.16666666666666666,4,0.8,has_under_tail_color::black,baseline
104,American Pipit,30,8,8,22,0.26666666666666666,3,0.375,has_under_tail_color::black,baseline
106,Horned Puffin,30,12,27,18,0.4,12,1.0,has_under_tail_color::black,baseline
107,Common Raven,30,26,30,4,0.8666666666666667,26,1.0,has_under_tail_color::black,baseline
108,White necked Raven,30,21,30,9,0.7,21,1.0,has_under_tail_color::black,baseline
109,American Redstart,30,19,29,11,0.6333333333333333,18,0.9473684210526315,has_under_tail_color::black,baseline
110,Geococcyx,30,14,26,16,0.4666666666666667,14,1.0,has_under_tail_color::black,baseline
111,Loggerhead Shrike,30,17,28,13,0.5666666666666667,16,0.9411764705882353,has_under_tail_color::black,baseline
142,Black Tern,30,7,19,23,0.23333333333333334,5,0.7142857142857143,has_under_tail_color::black,baseline
144,Common Tern,30,1,15,29,0.03333333333333333,1,1.0,has_under_tail_color::black,baseline
90,Red breasted Merganser,30,2,17,28,0.06666666666666667,2,1.0,has_under_tail_color::black,baseline
145,Elegant Tern,30,5,15,25,0.16666666666666666,2,0.4,has_under_tail_color::black,baseline
176,Prairie Warbler,30,9,12,21,0.3,1,0.1111111111111111,has_under_tail_color::black,baseline
177,Prothonotary Warbler,30,9,26,21,0.3,7,0.7777777777777778,has_under_tail_color::black,baseline
180,Wilson Warbler,30,7,11,23,0.23333333333333334,3,0.42857142857142855,has_under_tail_color::black,baseline
182,Yellow Warbler,30,8,8,22,0.26666666666666666,2,0.25,has_under_tail_color::black,baseline
183,Northern Waterthrush,30,3,8,27,0.1,1,0.3333333333333333,has_under_tail_color::black,baseline
184,Louisiana Waterthrush,30,5,3,25,0.16666666666666666,1,0.2,has_under_tail_color::black,baseline
185,Bohemian Waxwing,30,10,30,20,0.3333333333333333,10,1.0,has_under_tail_color::black,baseline
186,Cedar Waxwing,30,10,19,20,0.3333333333333333,5,0.5,has_under_tail_color::black,baseline
188,Pileated Woodpecker,30,24,28,6,0.8,22,0.9166666666666666,has_under_tail_color::black,baseline
189,Red bellied Woodpecker,30,17,26,13,0.5666666666666667,14,0.8235294117647058,has_under_tail_color::black,baseline
191,Red headed Woodpecker,30,20,28,10,0.6666666666666666,20,1.0,has_under_tail_color::black,baseline
192,Downy Woodpecker,30,21,30,9,0.7,21,1.0,has_under_tail_color::black,baseline
193,Bewick Wren,30,14,16,16,0.4666666666666667,7,0.5,has_under_tail_color::black,baseline
194,Cactus Wren,30,11,24,19,0.36666666666666664,11,1.0,has_under_tail_color::black,baseline
195,Carolina Wren,30,8,7,22,0.26666666666666666,1,0.125,has_under_tail_color::black,baseline
196,House Wren,30,6,10,24,0.2,4,0.6666666666666666,has_under_tail_color::black,baseline
197,Marsh Wren,30,7,11,23,0.23333333333333334,2,0.2857142857142857,has_under_tail_color::black,baseline
198,Rock Wren,30,8,18,22,0.26666666666666666,3,0.375,has_under_tail_color::black,baseline
199,Winter Wren,30,7,16,23,0.23333333333333334,7,1.0,has_under_tail_color::black,baseline
175,Pine Warbler,30,6,20,24,0.2,5,0.8333333333333334,has_under_tail_color::black,baseline
174,Palm Warbler,30,6,5,24,0.2,1,0.16666666666666666,has_under_tail_color::black,baseline
173,Orange crowned Warbler,30,4,6,26,0.13333333333333333,1,0.25,has_under_tail_color::black,baseline
158,Bay breasted Warbler,30,10,27,20,0.3333333333333333,9,0.9,has_under_tail_color::black,baseline
146,Forsters Tern,30,7,15,23,0.23333333333333334,4,0.5714285714285714,has_under_tail_color::black,baseline
147,Least Tern,30,8,19,22,0.26666666666666666,8,1.0,has_under_tail_color::black,baseline
148,Green tailed Towhee,30,2,8,28,0.06666666666666667,0,0.0,has_under_tail_color::black,baseline
150,Sage Thrasher,30,5,12,25,0.16666666666666666,3,0.6,has_under_tail_color::black,baseline
152,Blue headed Vireo,30,7,13,23,0.23333333333333334,6,0.8571428571428571,has_under_tail_color::black,baseline
154,Red eyed Vireo,30,3,4,27,0.1,1,0.3333333333333333,has_under_tail_color::black,baseline
155,Warbling Vireo,30,1,4,29,0.03333333333333333,1,1.0,has_under_tail_color::black,baseline
156,White eyed Vireo,30,4,11,26,0.13333333333333333,1,0.25,has_under_tail_color::black,baseline
159,Black and white Warbler,30,16,27,14,0.5333333333333333,16,1.0,has_under_tail_color::black,baseline
172,Nashville Warbler,30,2,6,28,0.06666666666666667,0,0.0,has_under_tail_color::black,baseline
161,Blue winged Warbler,30,3,21,27,0.1,3,1.0,has_under_tail_color::black,baseline
162,Canada Warbler,30,7,10,23,0.23333333333333334,1,0.14285714285714285,has_under_tail_color::black,baseline
163,Cape May Warbler,30,10,9,20,0.3333333333333333,4,0.4,has_under_tail_color::black,baseline
164,Cerulean Warbler,30,8,22,22,0.26666666666666666,7,0.875,has_under_tail_color::black,baseline
165,Chestnut sided Warbler,30,6,20,24,0.2,6,1.0,has_under_tail_color::black,baseline
167,Hooded Warbler,30,5,18,25,0.16666666666666666,3,0.6,has_under_tail_color::black,baseline
170,Mourning Warbler,30,4,3,26,0.13333333333333333,1,0.25,has_under_tail_color::black,baseline
171,Myrtle Warbler,30,12,21,18,0.4,10,0.8333333333333334,has_under_tail_color::black,baseline
91,Mockingbird,30,10,24,20,0.3333333333333333,7,0.7,has_under_tail_color::black,baseline
200,Common Yellowthroat,30,3,9,27,0.1,1,0.3333333333333333,has_under_tail_color::black,baseline
89,Hooded Merganser,30,8,26,22,0.26666666666666666,7,0.875,has_under_tail_color::black,baseline
26,Bronzed Cowbird,30,23,30,7,0.7666666666666667,23,1.0,has_under_tail_color::black,baseline
61,Heermann Gull,30,18,30,12,0.6,18,1.0,has_under_tail_color::black,baseline
59,California Gull,30,19,23,11,0.6333333333333333,15,0.7894736842105263,has_under_tail_color::black,baseline
25,Pelagic Cormorant,30,18,29,12,0.6,18,1.0,has_under_tail_color::black,baseline
57,Rose breasted Grosbeak,30,12,27,18,0.4,12,1.0,has_under_tail_color::black,baseline
56,Pine Grosbeak,30,7,28,23,0.23333333333333334,7,1.0,has_under_tail_color::black,baseline
55,Evening Grosbeak,30,14,28,16,0.4666666666666667,12,0.8571428571428571,has_under_tail_color::black,baseline
54,Blue Grosbeak,30,11,22,19,0.36666666666666664,8,0.7272727272727273,has_under_tail_color::black,baseline
53,Western Grebe,30,6,12,24,0.2,3,0.5,has_under_tail_color::black,baseline
52,Pied billed Grebe,30,4,6,26,0.13333333333333333,2,0.5,has_under_tail_color::black,baseline
51,Horned Grebe,30,6,9,24,0.2,1,0.16666666666666666,has_under_tail_color::black,baseline
50,Eared Grebe,30,3,5,27,0.1,0,0.0,has_under_tail_color::black,baseline
49,Boat tailed Grackle,30,18,30,12,0.6,18,1.0,has_under_tail_color::black,baseline
48,European Goldfinch,30,24,29,6,0.8,23,0.9583333333333334,has_under_tail_color::black,baseline
47,American Goldfinch,30,18,25,12,0.6,15,0.8333333333333334,has_under_tail_color::black,baseline
63,Ivory Gull,30,4,9,26,0.13333333333333333,2,0.5,has_under_tail_color::black,baseline
46,Gadwall,30,8,18,22,0.26666666666666666,6,0.75,has_under_tail_color::black,baseline
45,Northern Fulmar,30,5,6,25,0.16666666666666666,2,0.4,has_under_tail_color::black,baseline
44,Frigatebird,30,18,30,12,0.6,18,1.0,has_under_tail_color::black,baseline
88,Western Meadowlark,30,5,21,25,0.16666666666666666,5,1.0,has_under_tail_color::black,baseline
42,Vermilion Flycatcher,30,12,25,18,0.4,11,0.9166666666666666,has_under_tail_color::black,baseline
41,Scissor tailed Flycatcher,30,20,29,10,0.6666666666666666,20,1.0,has_under_tail_color::black,baseline
27,Shiny Cowbird,30,21,28,9,0.7,21,1.0,has_under_tail_color::black,baseline
40,Olive sided Flycatcher,30,11,16,19,0.36666666666666664,9,0.8181818181818182,has_under_tail_color::black,baseline
38,Great Crested Flycatcher,30,0,7,30,0.0,0,,has_under_tail_color::black,baseline
36,Northern Flicker,30,16,27,14,0.5333333333333333,16,1.0,has_under_tail_color::black,baseline
29,American Crow,30,27,30,3,0.9,27,1.0,has_under_tail_color::black,baseline
35,Purple Finch,30,4,4,26,0.13333333333333333,1,0.25,has_under_tail_color::black,baseline
30,Fish Crow,30,26,30,4,0.8666666666666667,26,1.0,has_under_tail_color::black,baseline
21,Eastern Towhee,30,12,28,18,0.4,12,1.0,has_under_tail_color::black,baseline
62,Herring Gull,30,10,13,20,0.3333333333333333,4,0.4,has_under_tail_color::black,baseline
64,Ring billed Gull,30,12,17,18,0.4,6,0.5,has_under_tail_color::black,baseline
73,Blue Jay,30,14,24,16,0.4666666666666667,12,0.8571428571428571,has_under_tail_color::black,baseline
87,Mallard,30,9,15,21,0.3,5,0.5555555555555556,has_under_tail_color::black,baseline
86,Pacific Loon,30,8,16,22,0.26666666666666666,3,0.375,has_under_tail_color::black,baseline
85,Horned Lark,30,7,17,23,0.23333333333333334,3,0.42857142857142855,has_under_tail_color::black,baseline
4,Groove billed Ani,30,22,29,8,0.7333333333333333,21,0.9545454545454546,has_under_tail_color::black,baseline
83,White breasted Kingfisher,30,4,21,26,0.13333333333333333,3,0.75,has_under_tail_color::black,baseline
82,Ringed Kingfisher,30,6,26,24,0.2,5,0.8333333333333334,has_under_tail_color::black,baseline
81,Pied Kingfisher,30,18,30,12,0.6,18,1.0,has_under_tail_color::black,baseline
80,Green Kingfisher,30,13,25,17,0.43333333333333335,12,0.9230769230769231,has_under_tail_color::black,baseline
79,Belted Kingfisher,30,5,29,25,0.16666666666666666,5,1.0,has_under_tail_color::black,baseline
10,Red winged Blackbird,30,26,29,4,0.8666666666666667,25,0.9615384615384616,has_under_tail_color::black,baseline
77,Tropical Kingbird,30,3,19,27,0.1,2,0.6666666666666666,has_under_tail_color::black,baseline
11,Rusty Blackbird,30,20,29,10,0.6666666666666666,19,0.95,has_under_tail_color::black,baseline
74,Florida Jay,30,2,11,28,0.06666666666666667,2,1.0,has_under_tail_color::black,baseline
76,Dark eyed Junco,30,5,12,25,0.16666666666666666,3,0.6,has_under_tail_color::black,baseline
72,Pomarine Jaeger,30,15,24,15,0.5,14,0.9333333333333333,has_under_tail_color::black,baseline
14,Indigo Bunting,30,4,15,26,0.13333333333333333,2,0.5,has_under_tail_color::black,baseline
66,Western Gull,30,11,18,19,0.36666666666666664,6,0.5454545454545454,has_under_tail_color::black,baseline
71,Long tailed Jaeger,30,13,26,17,0.43333333333333335,10,0.7692307692307693,has_under_tail_color::black,baseline
67,Anna Hummingbird,30,7,15,23,0.23333333333333334,4,0.5714285714285714,has_under_tail_color::black,baseline
68,Ruby throated Hummingbird,30,8,11,22,0.26666666666666666,4,0.5,has_under_tail_color::black,baseline
31,Black billed Cuckoo,30,3,6,27,0.1,1,0.3333333333333333,has_under_tail_color::black,baseline
69,Rufous Hummingbird,30,7,7,23,0.23333333333333334,1,0.14285714285714285,has_under_tail_color::black,baseline
13,Bobolink,30,17,30,13,0.5666666666666667,17,1.0,has_under_tail_color::black,baseline
70,Green Violetear,30,6,13,24,0.2,1,0.16666666666666666,has_under_tail_color::black,baseline
181,Worm eating Warbler,29,2,4,27,0.06896551724137931,0,0.0,has_under_tail_color::black,baseline
20,Yellow breasted Chat,29,4,14,25,0.13793103448275862,2,0.5,has_under_tail_color::black,baseline
169,Magnolia Warbler,29,18,24,11,0.6206896551724138,14,0.7777777777777778,has_under_tail_color::black,baseline
168,Kentucky Warbler,29,6,3,23,0.20689655172413793,1,0.16666666666666666,has_under_tail_color::black,baseline
28,Brown Creeper,29,2,21,27,0.06896551724137931,2,1.0,has_under_tail_color::black,baseline
9,Brewer Blackbird,29,21,29,8,0.7241379310344828,21,1.0,has_under_tail_color::black,baseline
166,Golden winged Warbler,29,12,25,17,0.41379310344827586,12,1.0,has_under_tail_color::black,baseline
23,Brandt Cormorant,29,11,24,18,0.3793103448275862,11,1.0,has_under_tail_color::black,baseline
190,Red cockaded Woodpecker,29,17,26,12,0.5862068965517241,16,0.9411764705882353,has_under_tail_color::black,baseline
33,Yellow billed Cuckoo,29,9,13,20,0.3103448275862069,3,0.3333333333333333,has_under_tail_color::black,baseline
179,Tennessee Warbler,29,6,7,23,0.20689655172413793,2,0.3333333333333333,has_under_tail_color::black,baseline
19,Gray Catbird,29,10,21,19,0.3448275862068966,10,1.0,has_under_tail_color::black,baseline
43,Yellow bellied Flycatcher,29,4,8,25,0.13793103448275862,2,0.5,has_under_tail_color::black,baseline
117,Clay colored Sparrow,29,4,4,25,0.13793103448275862,0,0.0,has_under_tail_color::black,baseline
141,Artic Tern,29,1,5,28,0.034482758620689655,0,0.0,has_under_tail_color::black,baseline
160,Black throated Blue Warbler,29,10,26,19,0.3448275862068966,9,0.9,has_under_tail_color::black,baseline
119,Field Sparrow,29,4,6,25,0.13793103448275862,1,0.25,has_under_tail_color::black,baseline
124,Le Conte Sparrow,29,9,7,20,0.3103448275862069,4,0.4444444444444444,has_under_tail_color::black,baseline
125,Lincoln Sparrow,29,7,2,22,0.2413793103448276,1,0.14285714285714285,has_under_tail_color::black,baseline
115,Brewer Sparrow,29,5,10,24,0.1724137931034483,2,0.4,has_under_tail_color::black,baseline
60,Glaucous winged Gull,29,0,9,29,0.0,0,,has_under_tail_color::black,baseline
78,Gray Kingbird,29,4,22,25,0.13793103448275862,4,1.0,has_under_tail_color::black,baseline
97,Orchard Oriole,29,19,27,10,0.6551724137931034,19,1.0,has_under_tail_color::black,baseline
149,Brown Thrasher,29,1,4,28,0.034482758620689655,1,1.0,has_under_tail_color::black,baseline
39,Least Flycatcher,29,4,13,25,0.13793103448275862,2,0.5,has_under_tail_color::black,baseline
153,Philadelphia Vireo,29,1,4,28,0.034482758620689655,0,0.0,has_under_tail_color::black,baseline
37,Acadian Flycatcher,29,3,5,26,0.10344827586206896,0,0.0,has_under_tail_color::black,baseline
157,Yellow throated Vireo,29,5,13,24,0.1724137931034483,2,0.4,has_under_tail_color::black,baseline
34,Gray crowned Rosy Finch,29,14,16,15,0.4827586206896552,10,0.7142857142857143,has_under_tail_color::black,baseline
3,Sooty Albatross,28,6,16,22,0.21428571428571427,5,0.8333333333333334,has_under_tail_color::black,baseline
15,Lazuli Bunting,28,5,20,23,0.17857142857142858,4,0.8,has_under_tail_color::black,baseline
16,Painted Bunting,28,2,8,26,0.07142857142857142,1,0.5,has_under_tail_color::black,baseline
58,Pigeon Guillemot,28,14,26,14,0.5,14,1.0,has_under_tail_color::black,baseline
17,Cardinal,27,5,6,22,0.18518518518518517,2,0.4,has_under_tail_color::black,baseline
75,Green Jay,27,2,16,25,0.07407407407407407,1,0.5,has_under_tail_color::black,baseline
178,Swainson Warbler,26,1,2,25,0.038461538461538464,0,0.0,has_under_tail_color::black,baseline
12,Yellow headed Blackbird,26,23,26,3,0.8846153846153846,23,1.0,has_under_tail_color::black,baseline
22,Chuck will Widow,26,3,12,23,0.11538461538461539,2,0.6666666666666666,has_under_tail_color::black,baseline
7,Parakeet Auklet,23,6,18,17,0.2608695652173913,5,0.8333333333333334,has_under_tail_color::black,baseline
84,Red legged Kittiwake,23,5,6,18,0.21739130434782608,1,0.2,has_under_tail_color::black,baseline
32,Mangrove Cuckoo,23,8,16,15,0.34782608695652173,7,0.875,has_under_tail_color::black,baseline
24,Red faced Cormorant,22,7,22,15,0.3181818181818182,7,1.0,has_under_tail_color::black,baseline
151,Black capped Vireo,21,6,11,15,0.2857142857142857,3,0.5,has_under_tail_color::black,baseline
113,Baird Sparrow,20,3,0,17,0.15,0,0.0,has_under_tail_color::black,baseline
187,American Three toed Woodpecker,20,8,20,12,0.4,8,1.0,has_under_tail_color::black,baseline
65,Slaty backed Gull,20,9,12,11,0.45,5,0.5555555555555556,has_under_tail_color::black,baseline
101,White Pelican,20,0,2,20,0.0,0,,has_under_tail_color::black,baseline
105,Whip poor Will,19,6,11,13,0.3157894736842105,4,0.6666666666666666,has_under_tail_color::black,baseline
8,Rhinoceros Auklet,18,5,15,13,0.2777777777777778,5,1.0,has_under_tail_color::black,baseline
18,Spotted Catbird,15,2,2,13,0.13333333333333333,0,0.0,has_under_tail_color::black,baseline
5,Crested Auklet,14,3,12,11,0.21428571428571427,3,1.0,has_under_tail_color::black,baseline
6,Least Auklet,11,3,9,8,0.2727272727272727,2,0.6666666666666666,has_under_tail_color::black,baseline
1,Black footed Albatross,30,3,0,27,0.1,0,0.0,has_under_tail_color::white,baseline
143,Caspian Tern,30,21,29,9,0.7,20,0.9523809523809523,has_under_tail_color::white,baseline
120,Fox Sparrow,30,5,5,25,0.16666666666666666,1,0.2,has_under_tail_color::white,baseline
121,Grasshopper Sparrow,30,7,14,23,0.23333333333333334,5,0.7142857142857143,has_under_tail_color::white,baseline
122,Harris Sparrow,30,8,12,22,0.26666666666666666,4,0.5,has_under_tail_color::white,baseline
123,Henslow Sparrow,30,3,8,27,0.1,2,0.6666666666666666,has_under_tail_color::white,baseline
126,Nelson Sharp tailed Sparrow,30,3,3,27,0.1,0,0.0,has_under_tail_color::white,baseline
127,Savannah Sparrow,30,9,7,21,0.3,1,0.1111111111111111,has_under_tail_color::white,baseline
128,Seaside Sparrow,30,0,2,30,0.0,0,,has_under_tail_color::white,baseline
129,Song Sparrow,30,2,4,28,0.06666666666666667,1,0.5,has_under_tail_color::white,baseline
130,Tree Sparrow,30,5,8,25,0.16666666666666666,1,0.2,has_under_tail_color::white,baseline
131,Vesper Sparrow,30,6,11,24,0.2,3,0.5,has_under_tail_color::white,baseline
132,White crowned Sparrow,30,1,19,29,0.03333333333333333,1,1.0,has_under_tail_color::white,baseline
133,White throated Sparrow,30,0,3,30,0.0,0,,has_under_tail_color::white,baseline
134,Cape Glossy Starling,30,0,0,30,0.0,0,,has_under_tail_color::white,baseline
135,Bank Swallow,30,6,9,24,0.2,1,0.16666666666666666,has_under_tail_color::white,baseline
136,Barn Swallow,30,3,2,27,0.1,1,0.3333333333333333,has_under_tail_color::white,baseline
137,Cliff Swallow,30,1,2,29,0.03333333333333333,0,0.0,has_under_tail_color::white,baseline
138,Tree Swallow,30,6,7,24,0.2,0,0.0,has_under_tail_color::white,baseline
139,Scarlet Tanager,30,0,2,30,0.0,0,,has_under_tail_color::white,baseline
140,Summer Tanager,30,0,0,30,0.0,0,,has_under_tail_color::white,baseline
118,House Sparrow,30,2,8,28,0.06666666666666667,1,0.5,has_under_tail_color::white,baseline
116,Chipping Sparrow,30,12,13,18,0.4,7,0.5833333333333334,has_under_tail_color::white,baseline
114,Black throated Sparrow,30,6,9,24,0.2,2,0.3333333333333333,has_under_tail_color::white,baseline
2,Laysan Albatross,30,8,18,22,0.26666666666666666,4,0.5,has_under_tail_color::white,baseline
92,Nighthawk,30,8,19,22,0.26666666666666666,5,0.625,has_under_tail_color::white,baseline
93,Clark Nutcracker,30,12,15,18,0.4,5,0.4166666666666667,has_under_tail_color::white,baseline
94,White breasted Nuthatch,30,13,22,17,0.43333333333333335,10,0.7692307692307693,has_under_tail_color::white,baseline
95,Baltimore Oriole,30,2,4,28,0.06666666666666667,1,0.5,has_under_tail_color::white,baseline
96,Hooded Oriole,30,0,1,30,0.0,0,,has_under_tail_color::white,baseline
98,Scott Oriole,30,2,0,28,0.06666666666666667,0,0.0,has_under_tail_color::white,baseline
99,Ovenbird,30,0,5,30,0.0,0,,has_under_tail_color::white,baseline
100,Brown Pelican,30,1,9,29,0.03333333333333333,0,0.0,has_under_tail_color::white,baseline
102,Western Wood Pewee,30,3,5,27,0.1,1,0.3333333333333333,has_under_tail_color::white,baseline
112,Great Grey Shrike,30,8,14,22,0.26666666666666666,3,0.375,has_under_tail_color::white,baseline
103,Sayornis,30,1,4,29,0.03333333333333333,0,0.0,has_under_tail_color::white,baseline
104,American Pipit,30,5,6,25,0.16666666666666666,1,0.2,has_under_tail_color::white,baseline
106,Horned Puffin,30,3,12,27,0.1,2,0.6666666666666666,has_under_tail_color::white,baseline
107,Common Raven,30,0,0,30,0.0,0,,has_under_tail_color::white,baseline
108,White necked Raven,30,0,1,30,0.0,0,,has_under_tail_color::white,baseline
109,American Redstart,30,2,2,28,0.06666666666666667,0,0.0,has_under_tail_color::white,baseline
110,Geococcyx,30,7,14,23,0.23333333333333334,4,0.5714285714285714,has_under_tail_color::white,baseline
111,Loggerhead Shrike,30,14,21,16,0.4666666666666667,11,0.7857142857142857,has_under_tail_color::white,baseline
142,Black Tern,30,12,19,18,0.4,9,0.75,has_under_tail_color::white,baseline
144,Common Tern,30,21,28,9,0.7,19,0.9047619047619048,has_under_tail_color::white,baseline
90,Red breasted Merganser,30,0,5,30,0.0,0,,has_under_tail_color::white,baseline
145,Elegant Tern,30,17,30,13,0.5666666666666667,17,1.0,has_under_tail_color::white,baseline
176,Prairie Warbler,30,3,4,27,0.1,0,0.0,has_under_tail_color::white,baseline
177,Prothonotary Warbler,30,4,12,26,0.13333333333333333,1,0.25,has_under_tail_color::white,baseline
180,Wilson Warbler,30,1,1,29,0.03333333333333333,0,0.0,has_under_tail_color::white,baseline
182,Yellow Warbler,30,0,4,30,0.0,0,,has_under_tail_color::white,baseline
183,Northern Waterthrush,30,1,2,29,0.03333333333333333,0,0.0,has_under_tail_color::white,baseline
184,Louisiana Waterthrush,30,2,9,28,0.06666666666666667,1,0.5,has_under_tail_color::white,baseline
185,Bohemian Waxwing,30,1,14,29,0.03333333333333333,1,1.0,has_under_tail_color::white,baseline
186,Cedar Waxwing,30,6,6,24,0.2,2,0.3333333333333333,has_under_tail_color::white,baseline
188,Pileated Woodpecker,30,0,1,30,0.0,0,,has_under_tail_color::white,baseline
189,Red bellied Woodpecker,30,15,27,15,0.5,12,0.8,has_under_tail_color::white,baseline
191,Red headed Woodpecker,30,6,10,24,0.2,4,0.6666666666666666,has_under_tail_color::white,baseline
192,Downy Woodpecker,30,16,24,14,0.5333333333333333,13,0.8125,has_under_tail_color::white,baseline
193,Bewick Wren,30,5,3,25,0.16666666666666666,0,0.0,has_under_tail_color::white,baseline
194,Cactus Wren,30,10,13,20,0.3333333333333333,4,0.4,has_under_tail_color::white,baseline
195,Carolina Wren,30,2,11,28,0.06666666666666667,1,0.5,has_under_tail_color::white,baseline
196,House Wren,30,4,2,26,0.13333333333333333,1,0.25,has_under_tail_color::white,baseline
197,Marsh Wren,30,5,6,25,0.16666666666666666,2,0.4,has_under_tail_color::white,baseline
198,Rock Wren,30,2,9,28,0.06666666666666667,0,0.0,has_under_tail_color::white,baseline
199,Winter Wren,30,3,1,27,0.1,0,0.0,has_under_tail_color::white,baseline
175,Pine Warbler,30,8,10,22,0.26666666666666666,1,0.125,has_under_tail_color::white,baseline
174,Palm Warbler,30,0,0,30,0.0,0,,has_under_tail_color::white,baseline
173,Orange crowned Warbler,30,1,1,29,0.03333333333333333,0,0.0,has_under_tail_color::white,baseline
158,Bay breasted Warbler,30,7,20,23,0.23333333333333334,5,0.7142857142857143,has_under_tail_color::white,baseline
146,Forsters Tern,30,19,28,11,0.6333333333333333,18,0.9473684210526315,has_under_tail_color::white,baseline
147,Least Tern,30,12,26,18,0.4,10,0.8333333333333334,has_under_tail_color::white,baseline
148,Green tailed Towhee,30,2,2,28,0.06666666666666667,0,0.0,has_under_tail_color::white,baseline
150,Sage Thrasher,30,5,5,25,0.16666666666666666,1,0.2,has_under_tail_color::white,baseline
152,Blue headed Vireo,30,6,14,24,0.2,1,0.16666666666666666,has_under_tail_color::white,baseline
154,Red eyed Vireo,30,4,6,26,0.13333333333333333,0,0.0,has_under_tail_color::white,baseline
155,Warbling Vireo,30,5,5,25,0.16666666666666666,1,0.2,has_under_tail_color::white,baseline
156,White eyed Vireo,30,2,8,28,0.06666666666666667,0,0.0,has_under_tail_color::white,baseline
159,Black and white Warbler,30,19,28,11,0.6333333333333333,18,0.9473684210526315,has_under_tail_color::white,baseline
172,Nashville Warbler,30,1,2,29,0.03333333333333333,0,0.0,has_under_tail_color::white,baseline
161,Blue winged Warbler,30,6,6,24,0.2,1,0.16666666666666666,has_under_tail_color::white,baseline
162,Canada Warbler,30,3,1,27,0.1,0,0.0,has_under_tail_color::white,baseline
163,Cape May Warbler,30,6,9,24,0.2,1,0.16666666666666666,has_under_tail_color::white,baseline
164,Cerulean Warbler,30,9,13,21,0.3,4,0.4444444444444444,has_under_tail_color::white,baseline
165,Chestnut sided Warbler,30,5,23,25,0.16666666666666666,5,1.0,has_under_tail_color::white,baseline
167,Hooded Warbler,30,3,2,27,0.1,0,0.0,has_under_tail_color::white,baseline
170,Mourning Warbler,30,0,0,30,0.0,0,,has_under_tail_color::white,baseline
171,Myrtle Warbler,30,8,15,22,0.26666666666666666,6,0.75,has_under_tail_color::white,baseline
91,Mockingbird,30,3,10,27,0.1,1,0.3333333333333333,has_under_tail_color::white,baseline
200,Common Yellowthroat,30,0,3,30,0.0,0,,has_under_tail_color::white,baseline
89,Hooded Merganser,30,1,4,29,0.03333333333333333,0,0.0,has_under_tail_color::white,baseline
26,Bronzed Cowbird,30,1,1,29,0.03333333333333333,0,0.0,has_under_tail_color::white,baseline
61,Heermann Gull,30,12,18,18,0.4,9,0.75,has_under_tail_color::white,baseline
59,California Gull,30,13,25,17,0.43333333333333335,11,0.8461538461538461,has_under_tail_color::white,baseline
25,Pelagic Cormorant,30,2,0,28,0.06666666666666667,0,0.0,has_under_tail_color::white,baseline
57,Rose breasted Grosbeak,30,11,14,19,0.36666666666666664,6,0.5454545454545454,has_under_tail_color::white,baseline
56,Pine Grosbeak,30,1,11,29,0.03333333333333333,1,1.0,has_under_tail_color::white,baseline
55,Evening Grosbeak,30,2,7,28,0.06666666666666667,1,0.5,has_under_tail_color::white,baseline
54,Blue Grosbeak,30,0,0,30,0.0,0,,has_under_tail_color::white,baseline
53,Western Grebe,30,3,11,27,0.1,3,1.0,has_under_tail_color::white,baseline
52,Pied billed Grebe,30,3,1,27,0.1,0,0.0,has_under_tail_color::white,baseline
51,Horned Grebe,30,3,7,27,0.1,2,0.6666666666666666,has_under_tail_color::white,baseline
50,Eared Grebe,30,3,5,27,0.1,1,0.3333333333333333,has_under_tail_color::white,baseline
49,Boat tailed Grackle,30,2,0,28,0.06666666666666667,0,0.0,has_under_tail_color::white,baseline
48,European Goldfinch,30,17,20,13,0.5666666666666667,11,0.6470588235294118,has_under_tail_color::white,baseline
47,American Goldfinch,30,13,14,17,0.43333333333333335,8,0.6153846153846154,has_under_tail_color::white,baseline
63,Ivory Gull,30,27,28,3,0.9,25,0.9259259259259259,has_under_tail_color::white,baseline
46,Gadwall,30,1,3,29,0.03333333333333333,0,0.0,has_under_tail_color::white,baseline
45,Northern Fulmar,30,10,20,20,0.3333333333333333,7,0.7,has_under_tail_color::white,baseline
44,Frigatebird,30,1,2,29,0.03333333333333333,0,0.0,has_under_tail_color::white,baseline
88,Western Meadowlark,30,5,13,25,0.16666666666666666,1,0.2,has_under_tail_color::white,baseline
42,Vermilion Flycatcher,30,1,1,29,0.03333333333333333,0,0.0,has_under_tail_color::white,baseline
41,Scissor tailed Flycatcher,30,10,16,20,0.3333333333333333,6,0.6,has_under_tail_color::white,baseline
27,Shiny Cowbird,30,1,0,29,0.03333333333333333,0,0.0,has_under_tail_color::white,baseline
40,Olive sided Flycatcher,30,4,5,26,0.13333333333333333,1,0.25,has_under_tail_color::white,baseline
38,Great Crested Flycatcher,30,2,2,28,0.06666666666666667,1,0.5,has_under_tail_color::white,baseline
36,Northern Flicker,30,4,17,26,0.13333333333333333,4,1.0,has_under_tail_color::white,baseline
29,American Crow,30,0,0,30,0.0,0,,has_under_tail_color::white,baseline
35,Purple Finch,30,8,7,22,0.26666666666666666,2,0.25,has_under_tail_color::white,baseline
30,Fish Crow,30,0,0,30,0.0,0,,has_under_tail_color::white,baseline
21,Eastern Towhee,30,5,3,25,0.16666666666666666,1,0.2,has_under_tail_color::white,baseline
62,Herring Gull,30,20,27,10,0.6666666666666666,19,0.95,has_under_tail_color::white,baseline
64,Ring billed Gull,30,20,28,10,0.6666666666666666,19,0.95,has_under_tail_color::white,baseline
73,Blue Jay,30,7,20,23,0.23333333333333334,4,0.5714285714285714,has_under_tail_color::white,baseline
87,Mallard,30,6,9,24,0.2,3,0.5,has_under_tail_color::white,baseline
86,Pacific Loon,30,3,9,27,0.1,2,0.6666666666666666,has_under_tail_color::white,baseline
85,Horned Lark,30,4,2,26,0.13333333333333333,1,0.25,has_under_tail_color::white,baseline
4,Groove billed Ani,30,2,1,28,0.06666666666666667,0,0.0,has_under_tail_color::white,baseline
83,White breasted Kingfisher,30,2,1,28,0.06666666666666667,1,0.5,has_under_tail_color::white,baseline
82,Ringed Kingfisher,30,6,5,24,0.2,1,0.16666666666666666,has_under_tail_color::white,baseline
81,Pied Kingfisher,30,13,28,17,0.43333333333333335,12,0.9230769230769231,has_under_tail_color::white,baseline
80,Green Kingfisher,30,8,14,22,0.26666666666666666,5,0.625,has_under_tail_color::white,baseline
79,Belted Kingfisher,30,8,12,22,0.26666666666666666,5,0.625,has_under_tail_color::white,baseline
10,Red winged Blackbird,30,1,0,29,0.03333333333333333,0,0.0,has_under_tail_color::white,baseline
77,Tropical Kingbird,30,1,1,29,0.03333333333333333,1,1.0,has_under_tail_color::white,baseline
11,Rusty Blackbird,30,1,2,29,0.03333333333333333,0,0.0,has_under_tail_color::white,baseline
74,Florida Jay,30,2,4,28,0.06666666666666667,0,0.0,has_under_tail_color::white,baseline
76,Dark eyed Junco,30,7,1,23,0.23333333333333334,1,0.14285714285714285,has_under_tail_color::white,baseline
72,Pomarine Jaeger,30,5,6,25,0.16666666666666666,1,0.2,has_under_tail_color::white,baseline
14,Indigo Bunting,30,2,1,28,0.06666666666666667,0,0.0,has_under_tail_color::white,baseline
66,Western Gull,30,18,28,12,0.6,17,0.9444444444444444,has_under_tail_color::white,baseline
71,Long tailed Jaeger,30,4,5,26,0.13333333333333333,0,0.0,has_under_tail_color::white,baseline
67,Anna Hummingbird,30,2,2,28,0.06666666666666667,0,0.0,has_under_tail_color::white,baseline
68,Ruby throated Hummingbird,30,7,5,23,0.23333333333333334,3,0.42857142857142855,has_under_tail_color::white,baseline
31,Black billed Cuckoo,30,3,5,27,0.1,1,0.3333333333333333,has_under_tail_color::white,baseline
69,Rufous Hummingbird,30,6,6,24,0.2,1,0.16666666666666666,has_under_tail_color::white,baseline
13,Bobolink,30,7,12,23,0.23333333333333334,4,0.5714285714285714,has_under_tail_color::white,baseline
70,Green Violetear,30,1,1,29,0.03333333333333333,0,0.0,has_under_tail_color::white,baseline
181,Worm eating Warbler,29,1,2,28,0.034482758620689655,1,1.0,has_under_tail_color::white,baseline
20,Yellow breasted Chat,29,4,8,25,0.13793103448275862,2,0.5,has_under_tail_color::white,baseline
169,Magnolia Warbler,29,8,16,21,0.27586206896551724,5,0.625,has_under_tail_color::white,baseline
168,Kentucky Warbler,29,0,3,29,0.0,0,,has_under_tail_color::white,baseline
28,Brown Creeper,29,6,22,23,0.20689655172413793,6,1.0,has_under_tail_color::white,baseline
9,Brewer Blackbird,29,0,0,29,0.0,0,,has_under_tail_color::white,baseline
166,Golden winged Warbler,29,3,14,26,0.10344827586206896,0,0.0,has_under_tail_color::white,baseline
23,Brandt Cormorant,29,0,0,29,0.0,0,,has_under_tail_color::white,baseline
190,Red cockaded Woodpecker,29,12,24,17,0.41379310344827586,11,0.9166666666666666,has_under_tail_color::white,baseline
33,Yellow billed Cuckoo,29,8,12,21,0.27586206896551724,4,0.5,has_under_tail_color::white,baseline
179,Tennessee Warbler,29,3,0,26,0.10344827586206896,0,0.0,has_under_tail_color::white,baseline
19,Gray Catbird,29,0,5,29,0.0,0,,has_under_tail_color::white,baseline
43,Yellow bellied Flycatcher,29,3,3,26,0.10344827586206896,1,0.3333333333333333,has_under_tail_color::white,baseline
117,Clay colored Sparrow,29,6,11,23,0.20689655172413793,2,0.3333333333333333,has_under_tail_color::white,baseline
141,Artic Tern,29,19,25,10,0.6551724137931034,18,0.9473684210526315,has_under_tail_color::white,baseline
160,Black throated Blue Warbler,29,7,3,22,0.2413793103448276,1,0.14285714285714285,has_under_tail_color::white,baseline
119,Field Sparrow,29,7,10,22,0.2413793103448276,2,0.2857142857142857,has_under_tail_color::white,baseline
124,Le Conte Sparrow,29,2,6,27,0.06896551724137931,1,0.5,has_under_tail_color::white,baseline
125,Lincoln Sparrow,29,2,4,27,0.06896551724137931,0,0.0,has_under_tail_color::white,baseline
115,Brewer Sparrow,29,3,8,26,0.10344827586206896,0,0.0,has_under_tail_color::white,baseline
60,Glaucous winged Gull,29,17,28,12,0.5862068965517241,16,0.9411764705882353,has_under_tail_color::white,baseline
78,Gray Kingbird,29,5,11,24,0.1724137931034483,2,0.4,has_under_tail_color::white,baseline
97,Orchard Oriole,29,2,0,27,0.06896551724137931,0,0.0,has_under_tail_color::white,baseline
149,Brown Thrasher,29,2,3,27,0.06896551724137931,0,0.0,has_under_tail_color::white,baseline
39,Least Flycatcher,29,2,7,27,0.06896551724137931,1,0.5,has_under_tail_color::white,baseline
153,Philadelphia Vireo,29,2,2,27,0.06896551724137931,0,0.0,has_under_tail_color::white,baseline
37,Acadian Flycatcher,29,5,9,24,0.1724137931034483,1,0.2,has_under_tail_color::white,baseline
157,Yellow throated Vireo,29,7,10,22,0.2413793103448276,2,0.2857142857142857,has_under_tail_color::white,baseline
34,Gray crowned Rosy Finch,29,9,10,20,0.3103448275862069,6,0.6666666666666666,has_under_tail_color::white,baseline
3,Sooty Albatross,28,2,6,26,0.07142857142857142,1,0.5,has_under_tail_color::white,baseline
15,Lazuli Bunting,28,5,9,23,0.17857142857142858,3,0.6,has_under_tail_color::white,baseline
16,Painted Bunting,28,1,0,27,0.03571428571428571,0,0.0,has_under_tail_color::white,baseline
58,Pigeon Guillemot,28,2,2,26,0.07142857142857142,0,0.0,has_under_tail_color::white,baseline
17,Cardinal,27,0,0,27,0.0,0,,has_under_tail_color::white,baseline
75,Green Jay,27,0,1,27,0.0,0,,has_under_tail_color::white,baseline
178,Swainson Warbler,26,2,5,24,0.07692307692307693,0,0.0,has_under_tail_color::white,baseline
12,Yellow headed Blackbird,26,0,1,26,0.0,0,,has_under_tail_color::white,baseline
22,Chuck will Widow,26,0,2,26,0.0,0,,has_under_tail_color::white,baseline
7,Parakeet Auklet,23,7,9,16,0.30434782608695654,4,0.5714285714285714,has_under_tail_color::white,baseline
84,Red legged Kittiwake,23,12,22,11,0.5217391304347826,12,1.0,has_under_tail_color::white,baseline
32,Mangrove Cuckoo,23,8,3,15,0.34782608695652173,2,0.25,has_under_tail_color::white,baseline
24,Red faced Cormorant,22,0,0,22,0.0,0,,has_under_tail_color::white,baseline
151,Black capped Vireo,21,6,4,15,0.2857142857142857,1,0.16666666666666666,has_under_tail_color::white,baseline
113,Baird Sparrow,20,5,13,15,0.25,2,0.4,has_under_tail_color::white,baseline
187,American Three toed Woodpecker,20,6,10,14,0.3,4,0.6666666666666666,has_under_tail_color::white,baseline
65,Slaty backed Gull,20,14,15,6,0.7,10,0.7142857142857143,has_under_tail_color::white,baseline
101,White Pelican,20,12,20,8,0.6,12,1.0,has_under_tail_color::white,baseline
105,Whip poor Will,19,3,2,16,0.15789473684210525,2,0.6666666666666666,has_under_tail_color::white,baseline
8,Rhinoceros Auklet,18,0,0,18,0.0,0,,has_under_tail_color::white,baseline
18,Spotted Catbird,15,0,0,15,0.0,0,,has_under_tail_color::white,baseline
5,Crested Auklet,14,0,1,14,0.0,0,,has_under_tail_color::white,baseline
6,Least Auklet,11,4,5,7,0.36363636363636365,1,0.25,has_under_tail_color::white,baseline
