species_id,species_name,n,n_pos,n_pred_pos,n_neg,prevalence,tp,recall,attr,model
1,Black footed Albatross,30,4,5,26,0.13333333333333333,2,0.5,has_upper_tail_color::white,cbm
143,Caspian Tern,30,13,28,17,0.43333333333333335,12,0.9230769230769231,has_upper_tail_color::white,cbm
120,Fox Sparrow,30,4,4,26,0.13333333333333333,2,0.5,has_upper_tail_color::white,cbm
121,Grasshopper Sparrow,30,5,10,25,0.16666666666666666,3,0.6,has_upper_tail_color::white,cbm
122,Harris Sparrow,30,3,8,27,0.1,1,0.3333333333333333,has_upper_tail_color::white,cbm
123,Henslow Sparrow,30,3,8,27,0.1,1,0.3333333333333333,has_upper_tail_color::white,cbm
126,Nelson Sharp tailed Sparrow,30,3,3,27,0.1,0,0.0,has_upper_tail_color::white,cbm
127,Savannah Sparrow,30,3,8,27,0.1,0,0.0,has_upper_tail_color::white,cbm
128,Seaside Sparrow,30,0,0,30,0.0,0,,has_upper_tail_color::white,cbm
129,Song Sparrow,30,1,3,29,0.03333333333333333,0,0.0,has_upper_tail_color::white,cbm
130,Tree Sparrow,30,2,9,28,0.06666666666666667,2,1.0,has_upper_tail_color::white,cbm
131,Vesper Sparrow,30,5,10,25,0.16666666666666666,2,0.4,has_upper_tail_color::white,cbm
132,White crowned Sparrow,30,4,7,26,0.13333333333333333,1,0.25,has_upper_tail_color::white,cbm
133,White throated Sparrow,30,1,6,29,0.03333333333333333,0,0.0,has_upper_tail_color::white,cbm
134,Cape Glossy Starling,30,1,0,29,0.03333333333333333,0,0.0,has_upper_tail_color::white,cbm
135,Bank Swallow,30,4,3,26,0.13333333333333333,0,0.0,has_upper_tail_color::white,cbm
136,Barn Swallow,30,2,0,28,0.06666666666666667,0,0.0,has_upper_tail_color::white,cbm
137,Cliff Swallow,30,1,3,29,0.03333333333333333,0,0.0,has_upper_tail_color::white,cbm
138,Tree Swallow,30,1,2,29,0.03333333333333333,0,0.0,has_upper_tail_color::white,cbm
139,Scarlet Tanager,30,0,3,30,0.0,0,,has_upper_tail_color::white,cbm
140,Summer Tanager,30,0,0,30,0.0,0,,has_upper_tail_color::white,cbm
118,House Sparrow,30,2,4,28,0.06666666666666667,0,0.0,has_upper_tail_color::white,cbm
116,Chipping Sparrow,30,3,6,27,0.1,1,0.3333333333333333,has_upper_tail_color::white,cbm
114,Black throated Sparrow,30,1,2,29,0.03333333333333333,0,0.0,has_upper_tail_color::white,cbm
2,Laysan Albatross,30,5,13,25,0.16666666666666666,2,0.4,has_upper_tail_color::white,cbm
92,Nighthawk,30,8,17,22,0.26666666666666666,5,0.625,has_upper_tail_color::white,cbm
93,Clark Nutcracker,30,10,16,20,0.3333333333333333,5,0.5,has_upper_tail_color::white,cbm
94,White breasted Nuthatch,30,4,14,26,0.13333333333333333,2,0.5,has_upper_tail_color::white,cbm
95,Baltimore Oriole,30,0,2,30,0.0,0,,has_upper_tail_color::white,cbm
96,Hooded Oriole,30,1,2,29,0.03333333333333333,0,0.0,has_upper_tail_color::white,cbm
98,Scott Oriole,30,1,3,29,0.03333333333333333,0,0.0,has_upper_tail_color::white,cbm
99,Ovenbird,30,0,8,30,0.0,0,,has_upper_tail_color::white,cbm
100,Brown Pelican,30,2,12,28,0.06666666666666667,1,0.5,has_upper_tail_color::white,cbm
102,Western Wood Pewee,30,0,2,30,0.0,0,,has_upper_tail_color::white,cbm
112,Great Grey Shrike,30,9,5,21,0.3,3,0.3333333333333333,has_upper_tail_color::white,cbm
103,Sayornis,30,1,3,29,0.03333333333333333,0,0.0,has_upper_tail_color::white,cbm
104,American Pipit,30,3,2,27,0.1,0,0.0,has_upper_tail_color::white,cbm
106,Horned Puffin,30,3,5,27,0.1,1,0.3333333333333333,has_upper_tail_color::white,cbm
107,Common Raven,30,0,0,30,0.0,0,,has_upper_tail_color::white,cbm
108,White necked Raven,30,0,1,30,0.0,0,,has_upper_tail_color::white,cbm
109,American Redstart,30,0,0,30,0.0,0,,has_upper_tail_color::white,cbm
110,Geococcyx,30,5,15,25,0.16666666666666666,2,0.4,has_upper_tail_color::white,cbm
111,Loggerhead Shrike,30,8,9,22,0.26666666666666666,5,0.625,has_upper_tail_color::white,cbm
142,Black Tern,30,10,14,20,0.3333333333333333,4,0.4,has_upper_tail_color::white,cbm
144,Common Tern,30,12,27,18,0.4,11,0.9166666666666666,has_upper_tail_color::white,cbm
90,Red breasted Merganser,30,5,10,25,0.16666666666666666,1,0.2,has_upper_tail_color::white,cbm
145,Elegant Tern,30,12,25,18,0.4,11,0.9166666666666666,has_upper_tail_color::white,cbm
176,Prairie Warbler,30,0,0,30,0.0,0,,has_upper_tail_color::white,cbm
177,Prothonotary Warbler,30,0,1,30,0.0,0,,has_upper_tail_color::white,cbm
180,Wilson Warbler,30,0,0,30,0.0,0,,has_upper_tail_color::white,cbm
182,Yellow Warbler,30,0,1,30,0.0,0,,has_upper_tail_color::white,cbm
183,Northern Waterthrush,30,1,2,29,0.03333333333333333,0,0.0,has_upper_tail_color::white,cbm
184,Louisiana Waterthrush,30,1,3,29,0.03333333333333333,0,0.0,has_upper_tail_color::white,cbm
185,Bohemian Waxwing,30,0,8,30,0.0,0,,has_upper_tail_color::white,cbm
186,Cedar Waxwing,30,6,4,24,0.2,2,0.3333333333333333,has_upper_tail_color::white,cbm
188,Pileated Woodpecker,30,0,2,30,0.0,0,,has_upper_tail_color::white,cbm
189,Red bellied Woodpecker,30,15,28,15,0.5,13,0.8666666666666667,has_upper_tail_color::white,cbm
191,Red headed Woodpecker,30,15,16,15,0.5,10,0.6666666666666666,has_upper_tail_color::white,cbm
192,Downy Woodpecker,30,13,19,17,0.43333333333333335,10,0.7692307692307693,has_upper_tail_color::white,cbm
193,Bewick Wren,30,2,2,28,0.06666666666666667,0,0.0,has_upper_tail_color::white,cbm
194,Cactus Wren,30,5,11,25,0.16666666666666666,2,0.4,has_upper_tail_color::white,cbm
195,Carolina Wren,30,1,3,29,0.03333333333333333,0,0.0,has_upper_tail_color::white,cbm
196,House Wren,30,3,3,27,0.1,1,0.3333333333333333,has_upper_tail_color::white,cbm
197,Marsh Wren,30,2,2,28,0.06666666666666667,0,0.0,has_upper_tail_color::white,cbm
198,Rock Wren,30,1,6,29,0.03333333333333333,0,0.0,has_upper_tail_color::white,cbm
199,Winter Wren,30,3,0,27,0.1,0,0.0,has_upper_tail_color::white,cbm
175,Pine Warbler,30,4,6,26,0.13333333333333333,1,0.25,has_upper_tail_color::white,cbm
174,Palm Warbler,30,1,0,29,0.03333333333333333,0,0.0,has_upper_tail_color::white,cbm
173,Orange crowned Warbler,30,0,0,30,0.0,0,,has_upper_tail_color::white,cbm
158,Bay breasted Warbler,30,4,18,26,0.13333333333333333,2,0.5,has_upper_tail_color::white,cbm
146,Forsters Tern,30,16,27,14,0.5333333333333333,15,0.9375,has_upper_tail_color::white,cbm
147,Least Tern,30,8,22,22,0.26666666666666666,6,0.75,has_upper_tail_color::white,cbm
148,Green tailed Towhee,30,2,0,28,0.06666666666666667,0,0.0,has_upper_tail_color::white,cbm
150,Sage Thrasher,30,2,7,28,0.06666666666666667,2,1.0,has_upper_tail_color::white,cbm
152,Blue headed Vireo,30,0,4,30,0.0,0,,has_upper_tail_color::white,cbm
154,Red eyed Vireo,30,0,3,30,0.0,0,,has_upper_tail_color::white,cbm
155,Warbling Vireo,30,1,2,29,0.03333333333333333,0,0.0,has_upper_tail_color::white,cbm
156,White eyed Vireo,30,1,3,29,0.03333333333333333,0,0.0,has_upper_tail_color::white,cbm
159,Black and white Warbler,30,14,27,16,0.4666666666666667,14,1.0,has_upper_tail_color::white,cbm
172,Nashville Warbler,30,2,1,28,0.06666666666666667,0,0.0,has_upper_tail_color::white,cbm
161,Blue winged Warbler,30,1,3,29,0.03333333333333333,0,0.0,has_upper_tail_color::white,cbm
162,Canada Warbler,30,0,0,30,0.0,0,,has_upper_tail_color::white,cbm
163,Cape May Warbler,30,2,3,28,0.06666666666666667,0,0.0,has_upper_tail_color::white,cbm
164,Cerulean Warbler,30,5,8,25,0.16666666666666666,2,0.4,has_upper_tail_color::white,cbm
165,Chestnut sided Warbler,30,3,16,27,0.1,1,0.3333333333333333,has_upper_tail_color::white,cbm
167,Hooded Warbler,30,0,0,30,0.0,0,,has_upper_tail_color::white,cbm
170,Mourning Warbler,30,0,0,30,0.0,0,,has_upper_tail_color::white,cbm
171,Myrtle Warbler,30,2,11,28,0.06666666666666667,2,1.0,has_upper_tail_color::white,cbm
91,Mockingbird,30,2,9,28,0.06666666666666667,1,0.5,has_upper_tail_color::white,cbm
200,Common Yellowthroat,30,0,1,30,0.0,0,,has_upper_tail_color::white,cbm
89,Hooded Merganser,30,2,5,28,0.06666666666666667,0,0.0,has_upper_tail_color::white,cbm
26,Bronzed Cowbird,30,1,0,29,0.03333333333333333,0,0.0,has_upper_tail_color::white,cbm
61,Heermann Gull,30,10,16,20,0.3333333333333333,8,0.8,has_upper_tail_color::white,cbm
59,California Gull,30,12,27,18,0.4,12,1.0,has_upper_tail_color::white,cbm
25,Pelagic Cormorant,30,2,0,28,0.06666666666666667,0,0.0,has_upper_tail_color::white,cbm
57,Rose breasted Grosbeak,30,5,16,25,0.16666666666666666,1,0.2,has_upper_tail_color::white,cbm
56,Pine Grosbeak,30,1,10,29,0.03333333333333333,1,1.0,has_upper_tail_color::white,cbm
55,Evening Grosbeak,30,5,13,25,0.16666666666666666,3,0.6,has_upper_tail_color::white,cbm
54,Blue Grosbeak,30,0,0,30,0.0,0,,has_upper_tail_color::white,cbm
53,Western Grebe,30,2,20,28,0.06666666666666667,2,1.0,has_upper_tail_color::white,cbm
52,Pied billed Grebe,30,3,0,27,0.1,0,0.0,has_upper_tail_color::white,cbm
51,Horned Grebe,30,2,3,28,0.06666666666666667,0,0.0,has_upper_tail_color::white,cbm
50,Eared Grebe,30,4,7,26,0.13333333333333333,1,0.25,has_upper_tail_color::white,cbm
49,Boat tailed Grackle,30,0,0,30,0.0,0,,has_upper_tail_color::white,cbm
48,European Goldfinch,30,13,16,17,0.43333333333333335,6,0.46153846153846156,has_upper_tail_color::white,cbm
47,American Goldfinch,30,12,15,18,0.4,7,0.5833333333333334,has_upper_tail_color::white,cbm
63,Ivory Gull,30,26,27,4,0.8666666666666667,24,0.9230769230769231,has_upper_tail_color::white,cbm
46,Gadwall,30,1,7,29,0.03333333333333333,1,1.0,has_upper_tail_color::white,cbm
45,Northern Fulmar,30,10,20,20,0.3333333333333333,6,0.6,has_upper_tail_color::white,cbm
44,Frigatebird,30,0,1,30,0.0,0,,has_upper_tail_color::white,cbm
88,Western Meadowlark,30,5,13,25,0.16666666666666666,2,0.4,has_upper_tail_color::white,cbm
42,Vermilion Flycatcher,30,0,0,30,0.0,0,,has_upper_tail_color::white,cbm
41,Scissor tailed Flycatcher,30,6,14,24,0.2,4,0.6666666666666666,has_upper_tail_color::white,cbm
27,Shiny Cowbird,30,0,0,30,0.0,0,,has_upper_tail_color::white,cbm
40,Olive sided Flycatcher,30,2,2,28,0.06666666666666667,0,0.0,has_upper_tail_color::white,cbm
38,Great Crested Flycatcher,30,1,2,29,0.03333333333333333,1,1.0,has_upper_tail_color::white,cbm
36,Northern Flicker,30,4,17,26,0.13333333333333333,4,1.0,has_upper_tail_color::white,cbm
29,American Crow,30,0,0,30,0.0,0,,has_upper_tail_color::white,cbm
35,Purple Finch,30,6,6,24,0.2,3,0.5,has_upper_tail_color::white,cbm
30,Fish Crow,30,0,0,30,0.0,0,,has_upper_tail_color::white,cbm
21,Eastern Towhee,30,3,0,27,0.1,0,0.0,has_upper_tail_color::white,cbm
62,Herring Gull,30,19,25,11,0.6333333333333333,18,0.9473684210526315,has_upper_tail_color::white,cbm
64,Ring billed Gull,30,12,26,18,0.4,11,0.9166666666666666,has_upper_tail_color::white,cbm
73,Blue Jay,30,10,9,20,0.3333333333333333,3,0.3,has_upper_tail_color::white,cbm
87,Mallard,30,4,8,26,0.13333333333333333,0,0.0,has_upper_tail_color::white,cbm
86,Pacific Loon,30,6,17,24,0.2,3,0.5,has_upper_tail_color::white,cbm
85,Horned Lark,30,3,5,27,0.1,1,0.3333333333333333,has_upper_tail_color::white,cbm
4,Groove billed Ani,30,1,0,29,0.03333333333333333,0,0.0,has_upper_tail_color::white,cbm
83,White breasted Kingfisher,30,1,1,29,0.03333333333333333,0,0.0,has_upper_tail_color::white,cbm
82,Ringed Kingfisher,30,1,3,29,0.03333333333333333,0,0.0,has_upper_tail_color::white,cbm
81,Pied Kingfisher,30,19,28,11,0.6333333333333333,18,0.9473684210526315,has_upper_tail_color::white,cbm
80,Green Kingfisher,30,5,8,25,0.16666666666666666,3,0.6,has_upper_tail_color::white,cbm
79,Belted Kingfisher,30,2,9,28,0.06666666666666667,1,0.5,has_upper_tail_color::white,cbm
10,Red winged Blackbird,30,0,0,30,0.0,0,,has_upper_tail_color::white,cbm
77,Tropical Kingbird,30,1,1,29,0.03333333333333333,0,0.0,has_upper_tail_color::white,cbm
11,Rusty Blackbird,30,1,0,29,0.03333333333333333,0,0.0,has_upper_tail_color::white,cbm
74,Florida Jay,30,3,0,27,0.1,0,0.0,has_upper_tail_color::white,cbm
76,Dark eyed Junco,30,1,1,29,0.03333333333333333,0,0.0,has_upper_tail_color::white,cbm
72,Pomarine Jaeger,30,7,7,23,0.23333333333333334,2,0.2857142857142857,has_upper_tail_color::white,cbm
14,Indigo Bunting,30,0,1,30,0.0,0,,has_upper_tail_color::white,cbm
66,Western Gull,30,15,29,15,0.5,15,1.0,has_upper_tail_color::white,cbm
71,Long tailed Jaeger,30,5,6,25,0.16666666666666666,1,0.2,has_upper_tail_color::white,cbm
67,Anna Hummingbird,30,0,1,30,0.0,0,,has_upper_tail_color::white,cbm
68,Ruby throated Hummingbird,30,3,2,27,0.1,0,0.0,has_upper_tail_color::white,cbm
31,Black billed Cuckoo,30,1,1,29,0.03333333333333333,0,0.0,has_upper_tail_color::white,cbm
69,Rufous Hummingbird,30,1,0,29,0.03333333333333333,0,0.0,has_upper_tail_color::white,cbm
13,Bobolink,30,9,12,21,0.3,6,0.6666666666666666,has_upper_tail_color::white,cbm
70,Green Violetear,30,0,0,30,0.0,0,,has_upper_tail_color::white,cbm
181,Worm eating Warbler,29,1,0,28,0.034482758620689655,0,0.0,has_upper_tail_color::white,cbm
20,Yellow breasted Chat,29,2,0,27,0.06896551724137931,0,0.0,has_upper_tail_color::white,cbm
169,Magnolia Warbler,29,5,8,24,0.1724137931034483,1,0.2,has_upper_tail_color::white,cbm
168,Kentucky Warbler,29,0,1,29,0.0,0,,has_upper_tail_color::white,cbm
28,Brown Creeper,29,6,17,23,0.20689655172413793,5,0.8333333333333334,has_upper_tail_color::white,cbm
9,Brewer Blackbird,29,0,0,29,0.0,0,,has_upper_tail_color::white,cbm
166,Golden winged Warbler,29,6,2,23,0.20689655172413793,0,0.0,has_upper_tail_color::white,cbm
23,Brandt Cormorant,29,0,4,29,0.0,0,,has_upper_tail_color::white,cbm
190,Red cockaded Woodpecker,29,10,21,19,0.3448275862068966,7,0.7,has_upper_tail_color::white,cbm
33,Yellow billed Cuckoo,29,2,1,27,0.06896551724137931,0,0.0,has_upper_tail_color::white,cbm
179,Tennessee Warbler,29,0,0,29,0.0,0,,has_upper_tail_color::white,cbm
19,Gray Catbird,29,1,2,28,0.034482758620689655,0,0.0,has_upper_tail_color::white,cbm
43,Yellow bellied Flycatcher,29,0,5,29,0.0,0,,has_upper_tail_color::white,cbm
117,Clay colored Sparrow,29,5,9,24,0.1724137931034483,3,0.6,has_upper_tail_color::white,cbm
141,Artic Tern,29,15,24,14,0.5172413793103449,13,0.8666666666666667,has_upper_tail_color::white,cbm
160,Black throated Blue Warbler,29,1,3,28,0.034482758620689655,0,0.0,has_upper_tail_color::white,cbm
119,Field Sparrow,29,6,6,23,0.20689655172413793,1,0.16666666666666666,has_upper_tail_color::white,cbm
124,Le Conte Sparrow,29,1,7,28,0.034482758620689655,0,0.0,has_upper_tail_color::white,cbm
125,Lincoln Sparrow,29,2,8,27,0.06896551724137931,1,0.5,has_upper_tail_color::white,cbm
115,Brewer Sparrow,29,2,5,27,0.06896551724137931,0,0.0,has_upper_tail_color::white,cbm
60,Glaucous winged Gull,29,15,26,14,0.5172413793103449,12,0.8,has_upper_tail_color::white,cbm
78,Gray Kingbird,29,1,7,28,0.034482758620689655,1,1.0,has_upper_tail_color::white,cbm
97,Orchard Oriole,29,0,0,29,0.0,0,,has_upper_tail_color::white,cbm
149,Brown Thrasher,29,1,4,28,0.034482758620689655,0,0.0,has_upper_tail_color::white,cbm
39,Least Flycatcher,29,2,6,27,0.06896551724137931,1,0.5,has_upper_tail_color::white,cbm
153,Philadelphia Vireo,29,0,0,29,0.0,0,,has_upper_tail_color::white,cbm
37,Acadian Flycatcher,29,1,4,28,0.034482758620689655,0,0.0,has_upper_tail_color::white,cbm
157,Yellow throated Vireo,29,4,9,25,0.13793103448275862,0,0.0,has_upper_tail_color::white,cbm
34,Gray crowned Rosy Finch,29,6,3,23,0.20689655172413793,1,0.16666666666666666,has_upper_tail_color::white,cbm
3,Sooty Albatross,28,1,3,27,0.03571428571428571,1,1.0,has_upper_tail_color::white,cbm
15,Lazuli Bunting,28,1,5,27,0.03571428571428571,0,0.0,has_upper_tail_color::white,cbm
16,Painted Bunting,28,0,0,28,0.0,0,,has_upper_tail_color::white,cbm
58,Pigeon Guillemot,28,4,10,24,0.14285714285714285,1,0.25,has_upper_tail_color::white,cbm
17,Cardinal,27,0,1,27,0.0,0,,has_upper_tail_color::white,cbm
75,Green Jay,27,0,1,27,0.0,0,,has_upper_tail_color::white,cbm
178,Swainson Warbler,26,0,0,26,0.0,0,,has_upper_tail_color::white,cbm
12,Yellow headed Blackbird,26,0,3,26,0.0,0,,has_upper_tail_color::white,cbm
22,Chuck will Widow,26,2,4,24,0.07692307692307693,1,0.5,has_upper_tail_color::white,cbm
7,Parakeet Auklet,23,1,1,22,0.043478260869565216,0,0.0,has_upper_tail_color::white,cbm
84,Red legged Kittiwake,23,11,22,12,0.4782608695652174,11,1.0,has_upper_tail_color::white,cbm
32,Mangrove Cuckoo,23,1,0,22,0.043478260869565216,0,0.0,has_upper_tail_color::white,cbm
24,Red faced Cormorant,22,0,0,22,0.0,0,,has_upper_tail_color::white,cbm
151,Black capped Vireo,21,2,1,19,0.09523809523809523,0,0.0,has_upper_tail_color::white,cbm
113,Baird Sparrow,20,2,6,18,0.1,0,0.0,has_upper_tail_color::white,cbm
187,American Three toed Woodpecker,20,4,9,16,0.2,3,0.75,has_upper_tail_color::white,cbm
65,Slaty backed Gull,20,14,17,6,0.7,12,0.8571428571428571,has_upper_tail_color::white,cbm
101,White Pelican,20,12,19,8,0.6,11,0.9166666666666666,has_upper_tail_color::white,cbm
105,Whip poor Will,19,5,3,14,0.2631578947368421,2,0.4,has_upper_tail_color::white,cbm
8,Rhinoceros Auklet,18,0,1,18,0.0,0,,has_upper_tail_color::white,cbm
18,Spotted Catbird,15,0,0,15,0.0,0,,has_upper_tail_color::white,cbm
5,Crested Auklet,14,0,0,14,0.0,0,,has_upper_tail_color::white,cbm
6,Least Auklet,11,4,4,7,0.36363636363636365,3,0.75,has_upper_tail_color::white,cbm
1,Black footed Albatross,30,3,0,27,0.1,0,0.0,has_bill_shape::all-purpose,cbm
143,Caspian Tern,30,6,0,24,0.2,0,0.0,has_bill_shape::all-purpose,cbm
120,Fox Sparrow,30,6,9,24,0.2,3,0.5,has_bill_shape::all-purpose,cbm
121,Grasshopper Sparrow,30,7,3,23,0.23333333333333334,1,0.14285714285714285,has_bill_shape::all-purpose,cbm
122,Harris Sparrow,30,2,1,28,0.06666666666666667,0,0.0,has_bill_shape::all-purpose,cbm
123,Henslow Sparrow,30,5,2,25,0.16666666666666666,0,0.0,has_bill_shape::all-purpose,cbm
126,Nelson Sharp tailed Sparrow,30,13,8,17,0.43333333333333335,2,0.15384615384615385,has_bill_shape::all-purpose,cbm
127,Savannah Sparrow,30,4,2,26,0.13333333333333333,0,0.0,has_bill_shape::all-purpose,cbm
128,Seaside Sparrow,30,14,4,16,0.4666666666666667,2,0.14285714285714285,has_bill_shape::all-purpose,cbm
129,Song Sparrow,30,3,1,27,0.1,0,0.0,has_bill_shape::all-purpose,cbm
130,Tree Sparrow,30,0,2,30,0.0,0,,has_bill_shape::all-purpose,cbm
131,Vesper Sparrow,30,8,3,22,0.26666666666666666,0,0.0,has_bill_shape::all-purpose,cbm
132,White crowned Sparrow,30,0,1,30,0.0,0,,has_bill_shape::all-purpose,cbm
133,White throated Sparrow,30,4,0,26,0.13333333333333333,0,0.0,has_bill_shape::all-purpose,cbm
134,Cape Glossy Starling,30,24,15,6,0.8,13,0.5416666666666666,has_bill_shape::all-purpose,cbm
135,Bank Swallow,30,11,7,19,0.36666666666666664,3,0.2727272727272727,has_bill_shape::all-purpose,cbm
136,Barn Swallow,30,12,6,18,0.4,2,0.16666666666666666,has_bill_shape::all-purpose,cbm
137,Cliff Swallow,30,11,1,19,0.36666666666666664,1,0.09090909090909091,has_bill_shape::all-purpose,cbm
138,Tree Swallow,30,11,4,19,0.36666666666666664,0,0.0,has_bill_shape::all-purpose,cbm
139,Scarlet Tanager,30,11,7,19,0.36666666666666664,3,0.2727272727272727,has_bill_shape::all-purpose,cbm
140,Summer Tanager,30,14,7,16,0.4666666666666667,3,0.21428571428571427,has_bill_shape::all-purpose,cbm
118,House Sparrow,30,4,2,26,0.13333333333333333,0,0.0,has_bill_shape::all-purpose,cbm
116,Chipping Sparrow,30,6,3,24,0.2,0,0.0,has_bill_shape::all-purpose,cbm
114,Black throated Sparrow,30,4,20,26,0.13333333333333333,4,1.0,has_bill_shape::all-purpose,cbm
2,Laysan Albatross,30,0,0,30,0.0,0,,has_bill_shape::all-purpose,cbm
92,Nighthawk,30,7,1,23,0.23333333333333334,0,0.0,has_bill_shape::all-purpose,cbm
93,Clark Nutcracker,30,11,8,19,0.36666666666666664,2,0.18181818181818182,has_bill_shape::all-purpose,cbm
94,White breasted Nuthatch,30,22,23,8,0.7333333333333333,17,0.7727272727272727,has_bill_shape::all-purpose,cbm
95,Baltimore Oriole,30,16,20,14,0.5333333333333333,11,0.6875,has_bill_shape::all-purpose,cbm
96,Hooded Oriole,30,16,21,14,0.5333333333333333,13,0.8125,has_bill_shape::all-purpose,cbm
98,Scott Oriole,30,20,16,10,0.6666666666666666,11,0.55,has_bill_shape::all-purpose,cbm
99,Ovenbird,30,24,25,6,0.8,19,0.7916666666666666,has_bill_shape::all-purpose,cbm
100,Brown Pelican,30,2,0,28,0.06666666666666667,0,0.0,has_bill_shape::all-purpose,cbm
102,Western Wood Pewee,30,24,15,6,0.8,13,0.5416666666666666,has_bill_shape::all-purpose,cbm
112,Great Grey Shrike,30,6,4,24,0.2,0,0.0,has_bill_shape::all-purpose,cbm
103,Sayornis,30,20,23,10,0.6666666666666666,16,0.8,has_bill_shape::all-purpose,cbm
104,American Pipit,30,24,21,6,0.8,16,0.6666666666666666,has_bill_shape::all-purpose,cbm
106,Horned Puffin,30,4,1,26,0.13333333333333333,0,0.0,has_bill_shape::all-purpose,cbm
107,Common Raven,30,14,10,16,0.4666666666666667,4,0.2857142857142857,has_bill_shape::all-purpose,cbm
108,White necked Raven,30,3,4,27,0.1,0,0.0,has_bill_shape::all-purpose,cbm
109,American Redstart,30,18,19,12,0.6,12,0.6666666666666666,has_bill_shape::all-purpose,cbm
110,Geococcyx,30,11,10,19,0.36666666666666664,4,0.36363636363636365,has_bill_shape::all-purpose,cbm
111,Loggerhead Shrike,30,7,3,23,0.23333333333333334,0,0.0,has_bill_shape::all-purpose,cbm
142,Black Tern,30,18,6,12,0.6,4,0.2222222222222222,has_bill_shape::all-purpose,cbm
144,Common Tern,30,9,2,21,0.3,1,0.1111111111111111,has_bill_shape::all-purpose,cbm
90,Red breasted Merganser,30,3,0,27,0.1,0,0.0,has_bill_shape::all-purpose,cbm
145,Elegant Tern,30,2,1,28,0.06666666666666667,0,0.0,has_bill_shape::all-purpose,cbm
176,Prairie Warbler,30,25,30,5,0.8333333333333334,25,1.0,has_bill_shape::all-purpose,cbm
177,Prothonotary Warbler,30,25,29,5,0.8333333333333334,24,0.96,has_bill_shape::all-purpose,cbm
180,Wilson Warbler,30,23,26,7,0.7666666666666667,19,0.8260869565217391,has_bill_shape::all-purpose,cbm
182,Yellow Warbler,30,24,28,6,0.8,22,0.9166666666666666,has_bill_shape::all-purpose,cbm
183,Northern Waterthrush,30,25,26,5,0.8333333333333334,22,0.88,has_bill_shape::all-purpose,cbm
184,Louisiana Waterthrush,30,27,27,3,0.9,24,0.8888888888888888,has_bill_shape::all-purpose,cbm
185,Bohemian Waxwing,30,12,3,18,0.4,0,0.0,has_bill_shape::all-purpose,cbm
186,Cedar Waxwing,30,12,25,18,0.4,10,0.8333333333333334,has_bill_shape::all-purpose,cbm
188,Pileated Woodpecker,30,2,5,28,0.06666666666666667,0,0.0,has_bill_shape::all-purpose,cbm
189,Red bellied Woodpecker,30,7,3,23,0.23333333333333334,1,0.14285714285714285,has_bill_shape::all-purpose,cbm
191,Red headed Woodpecker,30,11,4,19,0.36666666666666664,2,0.18181818181818182,has_bill_shape::all-purpose,cbm
192,Downy Woodpecker,30,14,10,16,0.4666666666666667,6,0.42857142857142855,has_bill_shape::all-purpose,cbm
193,Bewick Wren,30,20,17,10,0.6666666666666666,11,0.55,has_bill_shape::all-purpose,cbm
194,Cactus Wren,30,13,6,17,0.43333333333333335,2,0.15384615384615385,has_bill_shape::all-purpose,cbm
195,Carolina Wren,30,20,22,10,0.6666666666666666,14,0.7,has_bill_shape::all-purpose,cbm
196,House Wren,30,23,23,7,0.7666666666666667,17,0.7391304347826086,has_bill_shape::all-purpose,cbm
197,Marsh Wren,30,15,12,15,0.5,5,0.3333333333333333,has_bill_shape::all-purpose,cbm
198,Rock Wren,30,14,18,16,0.4666666666666667,11,0.7857142857142857,has_bill_shape::all-purpose,cbm
199,Winter Wren,30,26,23,4,0.8666666666666667,20,0.7692307692307693,has_bill_shape::all-purpose,cbm
175,Pine Warbler,30,25,28,5,0.8333333333333334,24,0.96,has_bill_shape::all-purpose,cbm
174,Palm Warbler,30,26,27,4,0.8666666666666667,23,0.8846153846153846,has_bill_shape::all-purpose,cbm
173,Orange crowned Warbler,30,23,29,7,0.7666666666666667,22,0.9565217391304348,has_bill_shape::all-purpose,cbm
158,Bay breasted Warbler,30,21,20,9,0.7,13,0.6190476190476191,has_bill_shape::all-purpose,cbm
146,Forsters Tern,30,5,1,25,0.16666666666666666,1,0.2,has_bill_shape::all-purpose,cbm
147,Least Tern,30,4,2,26,0.13333333333333333,0,0.0,has_bill_shape::all-purpose,cbm
148,Green tailed Towhee,30,6,5,24,0.2,2,0.3333333333333333,has_bill_shape::all-purpose,cbm
150,Sage Thrasher,30,29,19,1,0.9666666666666667,19,0.6551724137931034,has_bill_shape::all-purpose,cbm
152,Blue headed Vireo,30,18,27,12,0.6,15,0.8333333333333334,has_bill_shape::all-purpose,cbm
154,Red eyed Vireo,30,26,25,4,0.8666666666666667,23,0.8846153846153846,has_bill_shape::all-purpose,cbm
155,Warbling Vireo,30,24,26,6,0.8,21,0.875,has_bill_shape::all-purpose,cbm
156,White eyed Vireo,30,21,26,9,0.7,17,0.8095238095238095,has_bill_shape::all-purpose,cbm
159,Black and white Warbler,30,26,22,4,0.8666666666666667,19,0.7307692307692307,has_bill_shape::all-purpose,cbm
172,Nashville Warbler,30,23,28,7,0.7666666666666667,21,0.9130434782608695,has_bill_shape::all-purpose,cbm
161,Blue winged Warbler,30,21,29,9,0.7,20,0.9523809523809523,has_bill_shape::all-purpose,cbm
162,Canada Warbler,30,18,28,12,0.6,17,0.9444444444444444,has_bill_shape::all-purpose,cbm
163,Cape May Warbler,30,27,28,3,0.9,26,0.9629629629629629,has_bill_shape::all-purpose,cbm
164,Cerulean Warbler,30,23,21,7,0.7666666666666667,18,0.782608695652174,has_bill_shape::all-purpose,cbm
165,Chestnut sided Warbler,30,19,16,11,0.6333333333333333,10,0.5263157894736842,has_bill_shape::all-purpose,cbm
167,Hooded Warbler,30,23,30,7,0.7666666666666667,23,1.0,has_bill_shape::all-purpose,cbm
170,Mourning Warbler,30,18,26,12,0.6,18,1.0,has_bill_shape::all-purpose,cbm
171,Myrtle Warbler,30,19,24,11,0.6333333333333333,16,0.8421052631578947,has_bill_shape::all-purpose,cbm
91,Mockingbird,30,19,20,11,0.6333333333333333,14,0.7368421052631579,has_bill_shape::all-purpose,cbm
200,Common Yellowthroat,30,25,23,5,0.8333333333333334,19,0.76,has_bill_shape::all-purpose,cbm
89,Hooded Merganser,30,3,4,27,0.1,0,0.0,has_bill_shape::all-purpose,cbm
26,Bronzed Cowbird,30,15,7,15,0.5,5,0.3333333333333333,has_bill_shape::all-purpose,cbm
61,Heermann Gull,30,4,1,26,0.13333333333333333,0,0.0,has_bill_shape::all-purpose,cbm
59,California Gull,30,2,0,28,0.06666666666666667,0,0.0,has_bill_shape::all-purpose,cbm
25,Pelagic Cormorant,30,0,1,30,0.0,0,,has_bill_shape::all-purpose,cbm
57,Rose breasted Grosbeak,30,1,1,29,0.03333333333333333,0,0.0,has_bill_shape::all-purpose,cbm
56,Pine Grosbeak,30,4,2,26,0.13333333333333333,0,0.0,has_bill_shape::all-purpose,cbm
55,Evening Grosbeak,30,2,6,28,0.06666666666666667,1,0.5,has_bill_shape::all-purpose,cbm
54,Blue Grosbeak,30,2,4,28,0.06666666666666667,0,0.0,has_bill_shape::all-purpose,cbm
53,Western Grebe,30,0,0,30,0.0,0,,has_bill_shape::all-purpose,cbm
52,Pied billed Grebe,30,6,2,24,0.2,1,0.16666666666666666,has_bill_shape::all-purpose,cbm
51,Horned Grebe,30,12,0,18,0.4,0,0.0,has_bill_shape::all-purpose,cbm
50,Eared Grebe,30,10,0,20,0.3333333333333333,0,0.0,has_bill_shape::all-purpose,cbm
49,Boat tailed Grackle,30,16,12,14,0.5333333333333333,6,0.375,has_bill_shape::all-purpose,cbm
48,European Goldfinch,30,6,1,24,0.2,0,0.0,has_bill_shape::all-purpose,cbm
47,American Goldfinch,30,1,5,29,0.03333333333333333,0,0.0,has_bill_shape::all-purpose,cbm
63,Ivory Gull,30,12,9,18,0.4,4,0.3333333333333333,has_bill_shape::all-purpose,cbm
46,Gadwall,30,0,1,30,0.0,0,,has_bill_shape::all-purpose,cbm
45,Northern Fulmar,30,7,0,23,0.23333333333333334,0,0.0,has_bill_shape::all-purpose,cbm
44,Frigatebird,30,1,0,29,0.03333333333333333,0,0.0,has_bill_shape::all-purpose,cbm
88,Western Meadowlark,30,13,15,17,0.43333333333333335,7,0.5384615384615384,has_bill_shape::all-purpose,cbm
42,Vermilion Flycatcher,30,24,11,6,0.8,10,0.4166666666666667,has_bill_shape::all-purpose,cbm
41,Scissor tailed Flycatcher,30,20,5,10,0.6666666666666666,3,0.15,has_bill_shape::all-purpose,cbm
27,Shiny Cowbird,30,17,18,13,0.5666666666666667,12,0.7058823529411765,has_bill_shape::all-purpose,cbm
40,Olive sided Flycatcher,30,24,15,6,0.8,12,0.5,has_bill_shape::all-purpose,cbm
38,Great Crested Flycatcher,30,26,26,4,0.8666666666666667,23,0.8846153846153846,has_bill_shape::all-purpose,cbm
36,Northern Flicker,30,10,4,20,0.3333333333333333,0,0.0,has_bill_shape::all-purpose,cbm
29,American Crow,30,11,11,19,0.36666666666666664,5,0.45454545454545453,has_bill_shape::all-purpose,cbm
35,Purple Finch,30,2,0,28,0.06666666666666667,0,0.0,has_bill_shape::all-purpose,cbm
30,Fish Crow,30,14,8,16,0.4666666666666667,1,0.07142857142857142,has_bill_shape::all-purpose,cbm
21,Eastern Towhee,30,4,1,26,0.13333333333333333,0,0.0,has_bill_shape::all-purpose,cbm
62,Herring Gull,30,6,1,24,0.2,0,0.0,has_bill_shape::all-purpose,cbm
64,Ring billed Gull,30,3,4,27,0.1,0,0.0,has_bill_shape::all-purpose,cbm
73,Blue Jay,30,15,20,15,0.5,11,0.7333333333333333,has_bill_shape::all-purpose,cbm
87,Mallard,30,0,0,30,0.0,0,,has_bill_shape::all-purpose,cbm
86,Pacific Loon,30,5,0,25,0.16666666666666666,0,0.0,has_bill_shape::all-purpose,cbm
85,Horned Lark,30,15,7,15,0.5,3,0.2,has_bill_shape::all-purpose,cbm
4,Groove billed Ani,30,4,5,26,0.13333333333333333,0,0.0,has_bill_shape::all-purpose,cbm
83,White breasted Kingfisher,30,1,2,29,0.03333333333333333,0,0.0,has_bill_shape::all-purpose,cbm
82,Ringed Kingfisher,30,7,0,23,0.23333333333333334,0,0.0,has_bill_shape::all-purpose,cbm
81,Pied Kingfisher,30,1,1,29,0.03333333333333333,0,0.0,has_bill_shape::all-purpose,cbm
80,Green Kingfisher,30,3,1,27,0.1,0,0.0,has_bill_shape::all-purpose,cbm
79,Belted Kingfisher,30,5,1,25,0.16666666666666666,1,0.2,has_bill_shape::all-purpose,cbm
10,Red winged Blackbird,30,15,5,15,0.5,1,0.06666666666666667,has_bill_shape::all-purpose,cbm
77,Tropical Kingbird,30,22,23,8,0.7333333333333333,16,0.7272727272727273,has_bill_shape::all-purpose,cbm
11,Rusty Blackbird,30,16,16,14,0.5333333333333333,8,0.5,has_bill_shape::all-purpose,cbm
74,Florida Jay,30,20,9,10,0.6666666666666666,3,0.15,has_bill_shape::all-purpose,cbm
76,Dark eyed Junco,30,1,4,29,0.03333333333333333,0,0.0,has_bill_shape::all-purpose,cbm
72,Pomarine Jaeger,30,7,4,23,0.23333333333333334,1,0.14285714285714285,has_bill_shape::all-purpose,cbm
14,Indigo Bunting,30,5,4,25,0.16666666666666666,0,0.0,has_bill_shape::all-purpose,cbm
66,Western Gull,30,2,0,28,0.06666666666666667,0,0.0,has_bill_shape::all-purpose,cbm
71,Long tailed Jaeger,30,14,1,16,0.4666666666666667,1,0.07142857142857142,has_bill_shape::all-purpose,cbm
67,Anna Hummingbird,30,3,4,27,0.1,0,0.0,has_bill_shape::all-purpose,cbm
68,Ruby throated Hummingbird,30,2,4,28,0.06666666666666667,1,0.5,has_bill_shape::all-purpose,cbm
31,Black billed Cuckoo,30,22,18,8,0.7333333333333333,14,0.6363636363636364,has_bill_shape::all-purpose,cbm
69,Rufous Hummingbird,30,1,3,29,0.03333333333333333,0,0.0,has_bill_shape::all-purpose,cbm
13,Bobolink,30,6,4,24,0.2,1,0.16666666666666666,has_bill_shape::all-purpose,cbm
70,Green Violetear,30,1,1,29,0.03333333333333333,0,0.0,has_bill_shape::all-purpose,cbm
181,Worm eating Warbler,29,19,29,10,0.6551724137931034,19,1.0,has_bill_shape::all-purpose,cbm
20,Yellow breasted Chat,29,17,20,12,0.5862068965517241,15,0.8823529411764706,has_bill_shape::all-purpose,cbm
169,Magnolia Warbler,29,21,28,8,0.7241379310344828,20,0.9523809523809523,has_bill_shape::all-purpose,cbm
168,Kentucky Warbler,29,22,28,7,0.7586206896551724,21,0.9545454545454546,has_bill_shape::all-purpose,cbm
28,Brown Creeper,29,11,6,18,0.3793103448275862,1,0.09090909090909091,has_bill_shape::all-purpose,cbm
9,Brewer Blackbird,29,20,14,9,0.6896551724137931,11,0.55,has_bill_shape::all-purpose,cbm
166,Golden winged Warbler,29,18,23,11,0.6206896551724138,15,0.8333333333333334,has_bill_shape::all-purpose,cbm
23,Brandt Cormorant,29,0,1,29,0.0,0,,has_bill_shape::all-purpose,cbm
190,Red cockaded Woodpecker,29,12,10,17,0.41379310344827586,5,0.4166666666666667,has_bill_shape::all-purpose,cbm
33,Yellow billed Cuckoo,29,12,15,17,0.41379310344827586,7,0.5833333333333334,has_bill_shape::all-purpose,cbm
179,Tennessee Warbler,29,22,24,7,0.7586206896551724,19,0.8636363636363636,has_bill_shape::all-purpose,cbm
19,Gray Catbird,29,28,23,1,0.9655172413793104,22,0.7857142857142857,has_bill_shape::all-purpose,cbm
43,Yellow bellied Flycatcher,29,20,26,9,0.6896551724137931,17,0.85,has_bill_shape::all-purpose,cbm
117,Clay colored Sparrow,29,6,2,23,0.20689655172413793,0,0.0,has_bill_shape::all-purpose,cbm
141,Artic Tern,29,9,0,20,0.3103448275862069,0,0.0,has_bill_shape::all-purpose,cbm
160,Black throated Blue Warbler,29,25,16,4,0.8620689655172413,14,0.56,has_bill_shape::all-purpose,cbm
119,Field Sparrow,29,4,2,25,0.13793103448275862,1,0.25,has_bill_shape::all-purpose,cbm
124,Le Conte Sparrow,29,6,5,23,0.20689655172413793,1,0.16666666666666666,has_bill_shape::all-purpose,cbm
125,Lincoln Sparrow,29,3,4,26,0.10344827586206896,0,0.0,has_bill_shape::all-purpose,cbm
115,Brewer Sparrow,29,3,0,26,0.10344827586206896,0,0.0,has_bill_shape::all-purpose,cbm
60,Glaucous winged Gull,29,4,1,25,0.13793103448275862,0,0.0,has_bill_shape::all-purpose,cbm
78,Gray Kingbird,29,21,12,8,0.7241379310344828,7,0.3333333333333333,has_bill_shape::all-purpose,cbm
97,Orchard Oriole,29,20,17,9,0.6896551724137931,10,0.5,has_bill_shape::all-purpose,cbm
149,Brown Thrasher,29,19,14,10,0.6551724137931034,11,0.5789473684210527,has_bill_shape::all-purpose,cbm
39,Least Flycatcher,29,22,23,7,0.7586206896551724,18,0.8181818181818182,has_bill_shape::all-purpose,cbm
153,Philadelphia Vireo,29,18,29,11,0.6206896551724138,18,1.0,has_bill_shape::all-purpose,cbm
37,Acadian Flycatcher,29,23,26,6,0.7931034482758621,21,0.9130434782608695,has_bill_shape::all-purpose,cbm
157,Yellow throated Vireo,29,21,25,8,0.7241379310344828,18,0.8571428571428571,has_bill_shape::all-purpose,cbm
34,Gray crowned Rosy Finch,29,4,3,25,0.13793103448275862,0,0.0,has_bill_shape::all-purpose,cbm
3,Sooty Albatross,28,2,2,26,0.07142857142857142,0,0.0,has_bill_shape::all-purpose,cbm
15,Lazuli Bunting,28,7,5,21,0.25,0,0.0,has_bill_shape::all-purpose,cbm
16,Painted Bunting,28,7,1,21,0.25,0,0.0,has_bill_shape::all-purpose,cbm
58,Pigeon Guillemot,28,11,0,17,0.39285714285714285,0,0.0,has_bill_shape::all-purpose,cbm
17,Cardinal,27,0,0,27,0.0,0,,has_bill_shape::all-purpose,cbm
75,Green Jay,27,13,18,14,0.48148148148148145,9,0.6923076923076923,has_bill_shape::all-purpose,cbm
178,Swainson Warbler,26,17,13,9,0.6538461538461539,7,0.4117647058823529,has_bill_shape::all-purpose,cbm
12,Yellow headed Blackbird,26,10,17,16,0.38461538461538464,8,0.8,has_bill_shape::all-purpose,cbm
22,Chuck will Widow,26,5,4,21,0.19230769230769232,1,0.2,has_bill_shape::all-purpose,cbm
7,Parakeet Auklet,23,1,0,22,0.043478260869565216,0,0.0,has_bill_shape::all-purpose,cbm
84,Red legged Kittiwake,23,11,0,12,0.4782608695652174,0,0.0,has_bill_shape::all-purpose,cbm
32,Mangrove Cuckoo,23,9,14,14,0.391304347826087,6,0.6666666666666666,has_bill_shape::all-purpose,cbm
24,Red faced Cormorant,22,1,3,21,0.045454545454545456,1,1.0,has_bill_shape::all-purpose,cbm
151,Black capped Vireo,21,15,16,6,0.7142857142857143,12,0.8,has_bill_shape::all-purpose,cbm
113,Baird Sparrow,20,5,1,15,0.25,1,0.2,has_bill_shape::all-purpose,cbm
187,American Three toed Woodpecker,20,10,6,10,0.5,2,0.2,has_bill_shape::all-purpose,cbm
65,Slaty backed Gull,20,1,0,19,0.05,0,0.0,has_bill_shape::all-purpose,cbm
101,White Pelican,20,0,0,20,0.0,0,,has_bill_shape::all-purpose,cbm
105,Whip poor Will,19,7,3,12,0.3684210526315789,1,0.14285714285714285,has_bill_shape::all-purpose,cbm
8,Rhinoceros Auklet,18,5,0,13,0.2777777777777778,0,0.0,has_bill_shape::all-purpose,cbm
18,Spotted Catbird,15,6,5,9,0.4,3,0.5,has_bill_shape::all-purpose,cbm
5,Crested Auklet,14,0,0,14,0.0,0,,has_bill_shape::all-purpose,cbm
6,Least Auklet,11,2,0,9,0.18181818181818182,0,0.0,has_bill_shape::all-purpose,cbm
1,Black footed Albatross,30,17,12,13,0.5666666666666667,7,0.4117647058823529,has_breast_pattern::solid,cbm
143,Caspian Tern,30,27,30,3,0.9,27,1.0,has_breast_pattern::solid,cbm
120,Fox Sparrow,30,2,1,28,0.06666666666666667,1,0.5,has_breast_pattern::solid,cbm
121,Grasshopper Sparrow,30,15,5,15,0.5,2,0.13333333333333333,has_breast_pattern::solid,cbm
122,Harris Sparrow,30,7,3,23,0.23333333333333334,1,0.14285714285714285,has_breast_pattern::solid,cbm
123,Henslow Sparrow,30,6,0,24,0.2,0,0.0,has_breast_pattern::solid,cbm
126,Nelson Sharp tailed Sparrow,30,5,1,25,0.16666666666666666,0,0.0,has_breast_pattern::solid,cbm
127,Savannah Sparrow,30,0,1,30,0.0,0,,has_breast_pattern::solid,cbm
128,Seaside Sparrow,30,6,1,24,0.2,1,0.16666666666666666,has_breast_pattern::solid,cbm
129,Song Sparrow,30,3,2,27,0.1,1,0.3333333333333333,has_breast_pattern::solid,cbm
130,Tree Sparrow,30,17,11,13,0.5666666666666667,7,0.4117647058823529,has_breast_pattern::solid,cbm
131,Vesper Sparrow,30,3,2,27,0.1,0,0.0,has_breast_pattern::solid,cbm
132,White crowned Sparrow,30,22,24,8,0.7333333333333333,19,0.8636363636363636,has_breast_pattern::solid,cbm
133,White throated Sparrow,30,11,6,19,0.36666666666666664,2,0.18181818181818182,has_breast_pattern::solid,cbm
134,Cape Glossy Starling,30,18,23,12,0.6,15,0.8333333333333334,has_breast_pattern::solid,cbm
135,Bank Swallow,30,18,16,12,0.6,10,0.5555555555555556,has_breast_pattern::solid,cbm
136,Barn Swallow,30,15,21,15,0.5,10,0.6666666666666666,has_breast_pattern::solid,cbm
137,Cliff Swallow,30,11,7,19,0.36666666666666664,3,0.2727272727272727,has_breast_pattern::solid,cbm
138,Tree Swallow,30,26,25,4,0.8666666666666667,23,0.8846153846153846,has_breast_pattern::solid,cbm
139,Scarlet Tanager,30,26,30,4,0.8666666666666667,26,1.0,has_breast_pattern::solid,cbm
140,Summer Tanager,30,28,30,2,0.9333333333333333,28,1.0,has_breast_pattern::solid,cbm
118,House Sparrow,30,15,13,15,0.5,6,0.4,has_breast_pattern::solid,cbm
116,Chipping Sparrow,30,24,21,6,0.8,18,0.75,has_breast_pattern::solid,cbm
114,Black throated Sparrow,30,11,11,19,0.36666666666666664,3,0.2727272727272727,has_breast_pattern::solid,cbm
2,Laysan Albatross,30,26,27,4,0.8666666666666667,23,0.8846153846153846,has_breast_pattern::solid,cbm
92,Nighthawk,30,2,1,28,0.06666666666666667,0,0.0,has_breast_pattern::solid,cbm
93,Clark Nutcracker,30,24,29,6,0.8,23,0.9583333333333334,has_breast_pattern::solid,cbm
94,White breasted Nuthatch,30,22,24,8,0.7333333333333333,18,0.8181818181818182,has_breast_pattern::solid,cbm
95,Baltimore Oriole,30,23,24,7,0.7666666666666667,17,0.7391304347826086,has_breast_pattern::solid,cbm
96,Hooded Oriole,30,16,20,14,0.5333333333333333,10,0.625,has_breast_pattern::solid,cbm
98,Scott Oriole,30,13,12,17,0.43333333333333335,5,0.38461538461538464,has_breast_pattern::solid,cbm
99,Ovenbird,30,2,0,28,0.06666666666666667,0,0.0,has_breast_pattern::solid,cbm
100,Brown Pelican,30,11,15,19,0.36666666666666664,5,0.45454545454545453,has_breast_pattern::solid,cbm
102,Western Wood Pewee,30,16,21,14,0.5333333333333333,10,0.625,has_breast_pattern::solid,cbm
112,Great Grey Shrike,30,22,26,8,0.7333333333333333,18,0.8181818181818182,has_breast_pattern::solid,cbm
103,Sayornis,30,19,15,11,0.6333333333333333,8,0.42105263157894735,has_breast_pattern::solid,cbm
104,American Pipit,30,9,3,21,0.3,2,0.2222222222222222,has_breast_pattern::solid,cbm
106,Horned Puffin,30,17,18,13,0.5666666666666667,10,0.5882352941176471,has_breast_pattern::solid,cbm
107,Common Raven,30,22,27,8,0.7333333333333333,22,1.0,has_breast_pattern::solid,cbm
108,White necked Raven,30,20,25,10,0.6666666666666666,16,0.8,has_breast_pattern::solid,cbm
109,American Redstart,30,10,13,20,0.3333333333333333,6,0.6,has_breast_pattern::solid,cbm
110,Geococcyx,30,10,1,20,0.3333333333333333,1,0.1,has_breast_pattern::solid,cbm
111,Loggerhead Shrike,30,23,23,7,0.7666666666666667,20,0.8695652173913043,has_breast_pattern::solid,cbm
142,Black Tern,30,22,23,8,0.7333333333333333,18,0.8181818181818182,has_breast_pattern::solid,cbm
144,Common Tern,30,24,29,6,0.8,23,0.9583333333333334,has_breast_pattern::solid,cbm
90,Red breasted Merganser,30,6,1,24,0.2,1,0.16666666666666666,has_breast_pattern::solid,cbm
145,Elegant Tern,30,27,28,3,0.9,26,0.9629629629629629,has_breast_pattern::solid,cbm
176,Prairie Warbler,30,14,1,16,0.4666666666666667,1,0.07142857142857142,has_breast_pattern::solid,cbm
177,Prothonotary Warbler,30,30,30,0,1.0,30,1.0,has_breast_pattern::solid,cbm
180,Wilson Warbler,30,26,30,4,0.8666666666666667,26,1.0,has_breast_pattern::solid,cbm
182,Yellow Warbler,30,11,15,19,0.36666666666666664,8,0.7272727272727273,has_breast_pattern::solid,cbm
183,Northern Waterthrush,30,0,0,30,0.0,0,,has_breast_pattern::solid,cbm
184,Louisiana Waterthrush,30,0,1,30,0.0,0,,has_breast_pattern::solid,cbm
185,Bohemian Waxwing,30,27,24,3,0.9,22,0.8148148148148148,has_breast_pattern::solid,cbm
186,Cedar Waxwing,30,28,30,2,0.9333333333333333,28,1.0,has_breast_pattern::solid,cbm
188,Pileated Woodpecker,30,20,17,10,0.6666666666666666,10,0.5,has_breast_pattern::solid,cbm
189,Red bellied Woodpecker,30,24,21,6,0.8,16,0.6666666666666666,has_breast_pattern::solid,cbm
191,Red headed Woodpecker,30,18,22,12,0.6,12,0.6666666666666666,has_breast_pattern::solid,cbm
192,Downy Woodpecker,30,27,13,3,0.9,11,0.4074074074074074,has_breast_pattern::solid,cbm
193,Bewick Wren,30,24,25,6,0.8,21,0.875,has_breast_pattern::solid,cbm
194,Cactus Wren,30,1,1,29,0.03333333333333333,0,0.0,has_breast_pattern::solid,cbm
195,Carolina Wren,30,21,22,9,0.7,15,0.7142857142857143,has_breast_pattern::solid,cbm
196,House Wren,30,19,17,11,0.6333333333333333,11,0.5789473684210527,has_breast_pattern::solid,cbm
197,Marsh Wren,30,24,19,6,0.8,14,0.5833333333333334,has_breast_pattern::solid,cbm
198,Rock Wren,30,19,17,11,0.6333333333333333,13,0.6842105263157895,has_breast_pattern::solid,cbm
199,Winter Wren,30,15,14,15,0.5,9,0.6,has_breast_pattern::solid,cbm
175,Pine Warbler,30,20,22,10,0.6666666666666666,14,0.7,has_breast_pattern::solid,cbm
174,Palm Warbler,30,11,4,19,0.36666666666666664,2,0.18181818181818182,has_breast_pattern::solid,cbm
173,Orange crowned Warbler,30,18,20,12,0.6,11,0.6111111111111112,has_breast_pattern::solid,cbm
158,Bay breasted Warbler,30,13,9,17,0.43333333333333335,6,0.46153846153846156,has_breast_pattern::solid,cbm
146,Forsters Tern,30,28,29,2,0.9333333333333333,27,0.9642857142857143,has_breast_pattern::solid,cbm
147,Least Tern,30,26,28,4,0.8666666666666667,24,0.9230769230769231,has_breast_pattern::solid,cbm
148,Green tailed Towhee,30,24,20,6,0.8,15,0.625,has_breast_pattern::solid,cbm
150,Sage Thrasher,30,1,3,29,0.03333333333333333,0,0.0,has_breast_pattern::solid,cbm
152,Blue headed Vireo,30,18,14,12,0.6,10,0.5555555555555556,has_breast_pattern::solid,cbm
154,Red eyed Vireo,30,24,27,6,0.8,21,0.875,has_breast_pattern::solid,cbm
155,Warbling Vireo,30,27,24,3,0.9,22,0.8148148148148148,has_breast_pattern::solid,cbm
156,White eyed Vireo,30,19,14,11,0.6333333333333333,10,0.5263157894736842,has_breast_pattern::solid,cbm
159,Black and white Warbler,30,6,1,24,0.2,1,0.16666666666666666,has_breast_pattern::solid,cbm
172,Nashville Warbler,30,21,27,9,0.7,20,0.9523809523809523,has_breast_pattern::solid,cbm
161,Blue winged Warbler,30,25,29,5,0.8333333333333334,24,0.96,has_breast_pattern::solid,cbm
162,Canada Warbler,30,11,10,19,0.36666666666666664,5,0.45454545454545453,has_breast_pattern::solid,cbm
163,Cape May Warbler,30,1,0,29,0.03333333333333333,0,0.0,has_breast_pattern::solid,cbm
164,Cerulean Warbler,30,8,7,22,0.26666666666666666,5,0.625,has_breast_pattern::solid,cbm
165,Chestnut sided Warbler,30,17,10,13,0.5666666666666667,6,0.35294117647058826,has_breast_pattern::solid,cbm
167,Hooded Warbler,30,15,17,15,0.5,11,0.7333333333333333,has_breast_pattern::solid,cbm
170,Mourning Warbler,30,12,18,18,0.4,9,0.75,has_breast_pattern::solid,cbm
171,Myrtle Warbler,30,6,0,24,0.2,0,0.0,has_breast_pattern::solid,cbm
91,Mockingbird,30,24,23,6,0.8,20,0.8333333333333334,has_breast_pattern::solid,cbm
200,Common Yellowthroat,30,25,22,5,0.8333333333333334,18,0.72,has_breast_pattern::solid,cbm
89,Hooded Merganser,30,7,2,23,0.23333333333333334,1,0.14285714285714285,has_breast_pattern::solid,cbm
26,Bronzed Cowbird,30,25,27,5,0.8333333333333334,22,0.88,has_breast_pattern::solid,cbm
61,Heermann Gull,30,24,29,6,0.8,24,1.0,has_breast_pattern::solid,cbm
59,California Gull,30,22,25,8,0.7333333333333333,20,0.9090909090909091,has_breast_pattern::solid,cbm
25,Pelagic Cormorant,30,21,17,9,0.7,13,0.6190476190476191,has_breast_pattern::solid,cbm
57,Rose breasted Grosbeak,30,5,14,25,0.16666666666666666,2,0.4,has_breast_pattern::solid,cbm
56,Pine Grosbeak,30,13,19,17,0.43333333333333335,9,0.6923076923076923,has_breast_pattern::solid,cbm
55,Evening Grosbeak,30,12,18,18,0.4,6,0.5,has_breast_pattern::solid,cbm
54,Blue Grosbeak,30,20,13,10,0.6666666666666666,9,0.45,has_breast_pattern::solid,cbm
53,Western Grebe,30,14,11,16,0.4666666666666667,5,0.35714285714285715,has_breast_pattern::solid,cbm
52,Pied billed Grebe,30,6,2,24,0.2,0,0.0,has_breast_pattern::solid,cbm
51,Horned Grebe,30,10,5,20,0.3333333333333333,2,0.2,has_breast_pattern::solid,cbm
50,Eared Grebe,30,10,4,20,0.3333333333333333,0,0.0,has_breast_pattern::solid,cbm
49,Boat tailed Grackle,30,25,24,5,0.8333333333333334,21,0.84,has_breast_pattern::solid,cbm
48,European Goldfinch,30,9,8,21,0.3,4,0.4444444444444444,has_breast_pattern::solid,cbm
47,American Goldfinch,30,25,26,5,0.8333333333333334,22,0.88,has_breast_pattern::solid,cbm
63,Ivory Gull,30,27,28,3,0.9,26,0.9629629629629629,has_breast_pattern::solid,cbm
46,Gadwall,30,9,3,21,0.3,1,0.1111111111111111,has_breast_pattern::solid,cbm
45,Northern Fulmar,30,25,24,5,0.8333333333333334,20,0.8,has_breast_pattern::solid,cbm
44,Frigatebird,30,22,21,8,0.7333333333333333,14,0.6363636363636364,has_breast_pattern::solid,cbm
88,Western Meadowlark,30,4,2,26,0.13333333333333333,1,0.25,has_breast_pattern::solid,cbm
42,Vermilion Flycatcher,30,26,28,4,0.8666666666666667,24,0.9230769230769231,has_breast_pattern::solid,cbm
41,Scissor tailed Flycatcher,30,20,24,10,0.6666666666666666,19,0.95,has_breast_pattern::solid,cbm
27,Shiny Cowbird,30,21,27,9,0.7,20,0.9523809523809523,has_breast_pattern::solid,cbm
40,Olive sided Flycatcher,30,10,13,20,0.3333333333333333,6,0.6,has_breast_pattern::solid,cbm
38,Great Crested Flycatcher,30,11,24,19,0.36666666666666664,8,0.7272727272727273,has_breast_pattern::solid,cbm
36,Northern Flicker,30,6,1,24,0.2,1,0.16666666666666666,has_breast_pattern::solid,cbm
29,American Crow,30,30,27,0,1.0,27,0.9,has_breast_pattern::solid,cbm
35,Purple Finch,30,10,8,20,0.3333333333333333,2,0.2,has_breast_pattern::solid,cbm
30,Fish Crow,30,26,27,4,0.8666666666666667,23,0.8846153846153846,has_breast_pattern::solid,cbm
21,Eastern Towhee,30,15,7,15,0.5,2,0.13333333333333333,has_breast_pattern::solid,cbm
62,Herring Gull,30,27,26,3,0.9,25,0.9259259259259259,has_breast_pattern::solid,cbm
64,Ring billed Gull,30,26,27,4,0.8666666666666667,24,0.9230769230769231,has_breast_pattern::solid,cbm
73,Blue Jay,30,14,6,16,0.4666666666666667,3,0.21428571428571427,has_breast_pattern::solid,cbm
87,Mallard,30,12,7,18,0.4,5,0.4166666666666667,has_breast_pattern::solid,cbm
86,Pacific Loon,30,15,4,15,0.5,4,0.26666666666666666,has_breast_pattern::solid,cbm
85,Horned Lark,30,10,6,20,0.3333333333333333,2,0.2,has_breast_pattern::solid,cbm
4,Groove billed Ani,30,22,21,8,0.7333333333333333,14,0.6363636363636364,has_breast_pattern::solid,cbm
83,White breasted Kingfisher,30,13,5,17,0.43333333333333335,2,0.15384615384615385,has_breast_pattern::solid,cbm
82,Ringed Kingfisher,30,8,9,22,0.26666666666666666,3,0.375,has_breast_pattern::solid,cbm
81,Pied Kingfisher,30,4,2,26,0.13333333333333333,0,0.0,has_breast_pattern::solid,cbm
80,Green Kingfisher,30,15,4,15,0.5,1,0.06666666666666667,has_breast_pattern::solid,cbm
79,Belted Kingfisher,30,6,8,24,0.2,1,0.16666666666666666,has_breast_pattern::solid,cbm
10,Red winged Blackbird,30,28,24,2,0.9333333333333333,23,0.8214285714285714,has_breast_pattern::solid,cbm
77,Tropical Kingbird,30,17,24,13,0.5666666666666667,14,0.8235294117647058,has_breast_pattern::solid,cbm
11,Rusty Blackbird,30,16,16,14,0.5333333333333333,9,0.5625,has_breast_pattern::solid,cbm
74,Florida Jay,30,9,7,21,0.3,1,0.1111111111111111,has_breast_pattern::solid,cbm
76,Dark eyed Junco,30,11,17,19,0.36666666666666664,5,0.45454545454545453,has_breast_pattern::solid,cbm
72,Pomarine Jaeger,30,9,10,21,0.3,6,0.6666666666666666,has_breast_pattern::solid,cbm
14,Indigo Bunting,30,23,22,7,0.7666666666666667,17,0.7391304347826086,has_breast_pattern::solid,cbm
66,Western Gull,30,28,29,2,0.9333333333333333,28,1.0,has_breast_pattern::solid,cbm
71,Long tailed Jaeger,30,16,18,14,0.5333333333333333,15,0.9375,has_breast_pattern::solid,cbm
67,Anna Hummingbird,30,11,5,19,0.36666666666666664,2,0.18181818181818182,has_breast_pattern::solid,cbm
68,Ruby throated Hummingbird,30,17,6,13,0.5666666666666667,4,0.23529411764705882,has_breast_pattern::solid,cbm
31,Black billed Cuckoo,30,25,27,5,0.8333333333333334,22,0.88,has_breast_pattern::solid,cbm
69,Rufous Hummingbird,30,14,6,16,0.4666666666666667,4,0.2857142857142857,has_breast_pattern::solid,cbm
13,Bobolink,30,20,7,10,0.6666666666666666,5,0.25,has_breast_pattern::solid,cbm
70,Green Violetear,30,5,4,25,0.16666666666666666,0,0.0,has_breast_pattern::solid,cbm
181,Worm eating Warbler,29,25,21,4,0.8620689655172413,19,0.76,has_breast_pattern::solid,cbm
20,Yellow breasted Chat,29,26,22,3,0.896551724137931,20,0.7692307692307693,has_breast_pattern::solid,cbm
169,Magnolia Warbler,29,5,6,24,0.1724137931034483,2,0.4,has_breast_pattern::solid,cbm
168,Kentucky Warbler,29,23,18,6,0.7931034482758621,15,0.6521739130434783,has_breast_pattern::solid,cbm
28,Brown Creeper,29,27,5,2,0.9310344827586207,4,0.14814814814814814,has_breast_pattern::solid,cbm
9,Brewer Blackbird,29,19,20,10,0.6551724137931034,15,0.7894736842105263,has_breast_pattern::solid,cbm
166,Golden winged Warbler,29,13,14,16,0.4482758620689655,8,0.6153846153846154,has_breast_pattern::solid,cbm
23,Brandt Cormorant,29,18,16,11,0.6206896551724138,11,0.6111111111111112,has_breast_pattern::solid,cbm
190,Red cockaded Woodpecker,29,4,3,25,0.13793103448275862,0,0.0,has_breast_pattern::solid,cbm
33,Yellow billed Cuckoo,29,26,23,3,0.896551724137931,20,0.7692307692307693,has_breast_pattern::solid,cbm
179,Tennessee Warbler,29,23,24,6,0.7931034482758621,20,0.8695652173913043,has_breast_pattern::solid,cbm
19,Gray Catbird,29,25,25,4,0.8620689655172413,23,0.92,has_breast_pattern::solid,cbm
43,Yellow bellied Flycatcher,29,15,17,14,0.5172413793103449,8,0.5333333333333333,has_breast_pattern::solid,cbm
117,Clay colored Sparrow,29,20,18,9,0.6896551724137931,11,0.55,has_breast_pattern::solid,cbm
141,Artic Tern,29,25,29,4,0.8620689655172413,25,1.0,has_breast_pattern::solid,cbm
160,Black throated Blue Warbler,29,16,9,13,0.5517241379310345,5,0.3125,has_breast_pattern::solid,cbm
119,Field Sparrow,29,11,18,18,0.3793103448275862,6,0.5454545454545454,has_breast_pattern::solid,cbm
124,Le Conte Sparrow,29,11,5,18,0.3793103448275862,3,0.2727272727272727,has_breast_pattern::solid,cbm
125,Lincoln Sparrow,29,1,0,28,0.034482758620689655,0,0.0,has_breast_pattern::solid,cbm
115,Brewer Sparrow,29,17,17,12,0.5862068965517241,13,0.7647058823529411,has_breast_pattern::solid,cbm
60,Glaucous winged Gull,29,21,26,8,0.7241379310344828,20,0.9523809523809523,has_breast_pattern::solid,cbm
78,Gray Kingbird,29,25,20,4,0.8620689655172413,17,0.68,has_breast_pattern::solid,cbm
97,Orchard Oriole,29,19,22,10,0.6551724137931034,14,0.7368421052631579,has_breast_pattern::solid,cbm
149,Brown Thrasher,29,1,0,28,0.034482758620689655,0,0.0,has_breast_pattern::solid,cbm
39,Least Flycatcher,29,15,15,14,0.5172413793103449,11,0.7333333333333333,has_breast_pattern::solid,cbm
153,Philadelphia Vireo,29,25,28,4,0.8620689655172413,24,0.96,has_breast_pattern::solid,cbm
37,Acadian Flycatcher,29,12,17,17,0.41379310344827586,7,0.5833333333333334,has_breast_pattern::solid,cbm
157,Yellow throated Vireo,29,19,25,10,0.6551724137931034,16,0.8421052631578947,has_breast_pattern::solid,cbm
34,Gray crowned Rosy Finch,29,12,4,17,0.41379310344827586,3,0.25,has_breast_pattern::solid,cbm
3,Sooty Albatross,28,17,14,11,0.6071428571428571,8,0.47058823529411764,has_breast_pattern::solid,cbm
15,Lazuli Bunting,28,14,15,14,0.5,5,0.35714285714285715,has_breast_pattern::solid,cbm
16,Painted Bunting,28,19,20,9,0.6785714285714286,14,0.7368421052631579,has_breast_pattern::solid,cbm
58,Pigeon Guillemot,28,20,11,8,0.7142857142857143,9,0.45,has_breast_pattern::solid,cbm
17,Cardinal,27,20,24,7,0.7407407407407407,18,0.9,has_breast_pattern::solid,cbm
75,Green Jay,27,5,3,22,0.18518518518518517,0,0.0,has_breast_pattern::solid,cbm
178,Swainson Warbler,26,14,23,12,0.5384615384615384,12,0.8571428571428571,has_breast_pattern::solid,cbm
12,Yellow headed Blackbird,26,15,17,11,0.5769230769230769,9,0.6,has_breast_pattern::solid,cbm
22,Chuck will Widow,26,0,0,26,0.0,0,,has_breast_pattern::solid,cbm
7,Parakeet Auklet,23,7,6,16,0.30434782608695654,3,0.42857142857142855,has_breast_pattern::solid,cbm
84,Red legged Kittiwake,23,19,22,4,0.8260869565217391,19,1.0,has_breast_pattern::solid,cbm
32,Mangrove Cuckoo,23,15,15,8,0.6521739130434783,10,0.6666666666666666,has_breast_pattern::solid,cbm
24,Red faced Cormorant,22,15,18,7,0.6818181818181818,12,0.8,has_breast_pattern::solid,cbm
151,Black capped Vireo,21,14,10,7,0.6666666666666666,8,0.5714285714285714,has_breast_pattern::solid,cbm
113,Baird Sparrow,20,4,0,16,0.2,0,0.0,has_breast_pattern::solid,cbm
187,American Three toed Woodpecker,20,8,0,12,0.4,0,0.0,has_breast_pattern::solid,cbm
65,Slaty backed Gull,20,10,14,10,0.5,8,0.8,has_breast_pattern::solid,cbm
101,White Pelican,20,17,18,3,0.85,15,0.8823529411764706,has_breast_pattern::solid,cbm
105,Whip poor Will,19,2,1,17,0.10526315789473684,0,0.0,has_breast_pattern::solid,cbm
8,Rhinoceros Auklet,18,10,8,8,0.5555555555555556,5,0.5,has_breast_pattern::solid,cbm
18,Spotted Catbird,15,2,2,13,0.13333333333333333,0,0.0,has_breast_pattern::solid,cbm
5,Crested Auklet,14,9,10,5,0.6428571428571429,8,0.8888888888888888,has_breast_pattern::solid,cbm
6,Least Auklet,11,1,1,10,0.09090909090909091,1,1.0,has_breast_pattern::solid,cbm
1,Black footed Albatross,30,8,8,22,0.26666666666666666,4,0.5,has_upperparts_color::black,cbm
143,Caspian Tern,30,3,0,27,0.1,0,0.0,has_upperparts_color::black,cbm
120,Fox Sparrow,30,2,7,28,0.06666666666666667,1,0.5,has_upperparts_color::black,cbm
121,Grasshopper Sparrow,30,12,11,18,0.4,5,0.4166666666666667,has_upperparts_color::black,cbm
122,Harris Sparrow,30,20,17,10,0.6666666666666666,14,0.7,has_upperparts_color::black,cbm
123,Henslow Sparrow,30,15,17,15,0.5,8,0.5333333333333333,has_upperparts_color::black,cbm
126,Nelson Sharp tailed Sparrow,30,6,6,24,0.2,1,0.16666666666666666,has_upperparts_color::black,cbm
127,Savannah Sparrow,30,11,11,19,0.36666666666666664,6,0.5454545454545454,has_upperparts_color::black,cbm
128,Seaside Sparrow,30,2,6,28,0.06666666666666667,1,0.5,has_upperparts_color::black,cbm
129,Song Sparrow,30,4,4,26,0.13333333333333333,2,0.5,has_upperparts_color::black,cbm
130,Tree Sparrow,30,12,7,18,0.4,5,0.4166666666666667,has_upperparts_color::black,cbm
131,Vesper Sparrow,30,7,7,23,0.23333333333333334,4,0.5714285714285714,has_upperparts_color::black,cbm
132,White crowned Sparrow,30,3,14,27,0.1,2,0.6666666666666666,has_upperparts_color::black,cbm
133,White throated Sparrow,30,14,15,16,0.4666666666666667,8,0.5714285714285714,has_upperparts_color::black,cbm
134,Cape Glossy Starling,30,17,21,13,0.5666666666666667,15,0.8823529411764706,has_upperparts_color::black,cbm
135,Bank Swallow,30,8,8,22,0.26666666666666666,3,0.375,has_upperparts_color::black,cbm
136,Barn Swallow,30,13,20,17,0.43333333333333335,9,0.6923076923076923,has_upperparts_color::black,cbm
137,Cliff Swallow,30,13,15,17,0.43333333333333335,9,0.6923076923076923,has_upperparts_color::black,cbm
138,Tree Swallow,30,9,12,21,0.3,4,0.4444444444444444,has_upperparts_color::black,cbm
139,Scarlet Tanager,30,22,24,8,0.7333333333333333,19,0.8636363636363636,has_upperparts_color::black,cbm
140,Summer Tanager,30,7,1,23,0.23333333333333334,1,0.14285714285714285,has_upperparts_color::black,cbm
118,House Sparrow,30,11,10,19,0.36666666666666664,7,0.6363636363636364,has_upperparts_color::black,cbm
116,Chipping Sparrow,30,14,5,16,0.4666666666666667,4,0.2857142857142857,has_upperparts_color::black,cbm
114,Black throated Sparrow,30,5,10,25,0.16666666666666666,1,0.2,has_upperparts_color::black,cbm
2,Laysan Albatross,30,10,10,20,0.3333333333333333,6,0.6,has_upperparts_color::black,cbm
92,Nighthawk,30,15,13,15,0.5,7,0.4666666666666667,has_upperparts_color::black,cbm
93,Clark Nutcracker,30,24,22,6,0.8,17,0.7083333333333334,has_upperparts_color::black,cbm
94,White breasted Nuthatch,30,20,25,10,0.6666666666666666,18,0.9,has_upperparts_color::black,cbm
95,Baltimore Oriole,30,26,27,4,0.8666666666666667,25,0.9615384615384616,has_upperparts_color::black,cbm
96,Hooded Oriole,30,21,22,9,0.7,17,0.8095238095238095,has_upperparts_color::black,cbm
98,Scott Oriole,30,21,22,9,0.7,18,0.8571428571428571,has_upperparts_color::black,cbm
99,Ovenbird,30,3,7,27,0.1,0,0.0,has_upperparts_color::black,cbm
100,Brown Pelican,30,8,10,22,0.26666666666666666,5,0.625,has_upperparts_color::black,cbm
102,Western Wood Pewee,30,8,7,22,0.26666666666666666,1,0.125,has_upperparts_color::black,cbm
112,Great Grey Shrike,30,17,14,13,0.5666666666666667,9,0.5294117647058824,has_upperparts_color::black,cbm
103,Sayornis,30,5,8,25,0.16666666666666666,4,0.8,has_upperparts_color::black,cbm
104,American Pipit,30,10,6,20,0.3333333333333333,2,0.2,has_upperparts_color::black,cbm
106,Horned Puffin,30,26,20,4,0.8666666666666667,18,0.6923076923076923,has_upperparts_color::black,cbm
107,Common Raven,30,28,30,2,0.9333333333333333,28,1.0,has_upperparts_color::black,cbm
108,White necked Raven,30,24,29,6,0.8,23,0.9583333333333334,has_upperparts_color::black,cbm
109,American Redstart,30,21,28,9,0.7,20,0.9523809523809523,has_upperparts_color::black,cbm
110,Geococcyx,30,13,25,17,0.43333333333333335,12,0.9230769230769231,has_upperparts_color::black,cbm
111,Loggerhead Shrike,30,19,18,11,0.6333333333333333,14,0.7368421052631579,has_upperparts_color::black,cbm
142,Black Tern,30,8,6,22,0.26666666666666666,4,0.5,has_upperparts_color::black,cbm
144,Common Tern,30,3,0,27,0.1,0,0.0,has_upperparts_color::black,cbm
90,Red breasted Merganser,30,16,17,14,0.5333333333333333,14,0.875,has_upperparts_color::black,cbm
145,Elegant Tern,30,4,1,26,0.13333333333333333,0,0.0,has_upperparts_color::black,cbm
176,Prairie Warbler,30,13,13,17,0.43333333333333335,4,0.3076923076923077,has_upperparts_color::black,cbm
177,Prothonotary Warbler,30,11,11,19,0.36666666666666664,6,0.5454545454545454,has_upperparts_color::black,cbm
180,Wilson Warbler,30,7,6,23,0.23333333333333334,1,0.14285714285714285,has_upperparts_color::black,cbm
182,Yellow Warbler,30,15,11,15,0.5,7,0.4666666666666667,has_upperparts_color::black,cbm
183,Northern Waterthrush,30,3,5,27,0.1,1,0.3333333333333333,has_upperparts_color::black,cbm
184,Louisiana Waterthrush,30,7,3,23,0.23333333333333334,1,0.14285714285714285,has_upperparts_color::black,cbm
185,Bohemian Waxwing,30,13,10,17,0.43333333333333335,6,0.46153846153846156,has_upperparts_color::black,cbm
186,Cedar Waxwing,30,5,2,25,0.16666666666666666,2,0.4,has_upperparts_color::black,cbm
188,Pileated Woodpecker,30,29,26,1,0.9666666666666667,26,0.896551724137931,has_upperparts_color::black,cbm
189,Red bellied Woodpecker,30,27,28,3,0.9,25,0.9259259259259259,has_upperparts_color::black,cbm
191,Red headed Woodpecker,30,22,25,8,0.7333333333333333,19,0.8636363636363636,has_upperparts_color::black,cbm
192,Downy Woodpecker,30,29,29,1,0.9666666666666667,29,1.0,has_upperparts_color::black,cbm
193,Bewick Wren,30,9,5,21,0.3,1,0.1111111111111111,has_upperparts_color::black,cbm
194,Cactus Wren,30,11,14,19,0.36666666666666664,5,0.45454545454545453,has_upperparts_color::black,cbm
195,Carolina Wren,30,3,1,27,0.1,0,0.0,has_upperparts_color::black,cbm
196,House Wren,30,4,5,26,0.13333333333333333,1,0.25,has_upperparts_color::black,cbm
197,Marsh Wren,30,14,8,16,0.4666666666666667,6,0.42857142857142855,has_upperparts_color::black,cbm
198,Rock Wren,30,8,5,22,0.26666666666666666,4,0.5,has_upperparts_color::black,cbm
199,Winter Wren,30,8,9,22,0.26666666666666666,3,0.375,has_upperparts_color::black,cbm
175,Pine Warbler,30,3,10,27,0.1,2,0.6666666666666666,has_upperparts_color::black,cbm
174,Palm Warbler,30,8,4,22,0.26666666666666666,1,0.125,has_upperparts_color::black,cbm
173,Orange crowned Warbler,30,4,0,26,0.13333333333333333,0,0.0,has_upperparts_color::black,cbm
158,Bay breasted Warbler,30,14,25,16,0.4666666666666667,12,0.8571428571428571,has_upperparts_color::black,cbm
146,Forsters Tern,30,3,4,27,0.1,0,0.0,has_upperparts_color::black,cbm
147,Least Tern,30,8,3,22,0.26666666666666666,1,0.125,has_upperparts_color::black,cbm
148,Green tailed Towhee,30,2,1,28,0.06666666666666667,0,0.0,has_upperparts_color::black,cbm
150,Sage Thrasher,30,4,6,26,0.13333333333333333,2,0.5,has_upperparts_color::black,cbm
152,Blue headed Vireo,30,12,15,18,0.4,7,0.5833333333333334,has_upperparts_color::black,cbm
154,Red eyed Vireo,30,4,3,26,0.13333333333333333,2,0.5,has_upperparts_color::black,cbm
155,Warbling Vireo,30,3,2,27,0.1,1,0.3333333333333333,has_upperparts_color::black,cbm
156,White eyed Vireo,30,12,9,18,0.4,4,0.3333333333333333,has_upperparts_color::black,cbm
159,Black and white Warbler,30,26,26,4,0.8666666666666667,22,0.8461538461538461,has_upperparts_color::black,cbm
172,Nashville Warbler,30,3,0,27,0.1,0,0.0,has_upperparts_color::black,cbm
161,Blue winged Warbler,30,3,8,27,0.1,2,0.6666666666666666,has_upperparts_color::black,cbm
162,Canada Warbler,30,10,2,20,0.3333333333333333,2,0.2,has_upperparts_color::black,cbm
163,Cape May Warbler,30,12,21,18,0.4,9,0.75,has_upperparts_color::black,cbm
164,Cerulean Warbler,30,12,8,18,0.4,1,0.08333333333333333,has_upperparts_color::black,cbm
165,Chestnut sided Warbler,30,12,24,18,0.4,10,0.8333333333333334,has_upperparts_color::black,cbm
167,Hooded Warbler,30,7,9,23,0.23333333333333334,3,0.42857142857142855,has_upperparts_color::black,cbm
170,Mourning Warbler,30,1,2,29,0.03333333333333333,0,0.0,has_upperparts_color::black,cbm
171,Myrtle Warbler,30,12,19,18,0.4,8,0.6666666666666666,has_upperparts_color::black,cbm
91,Mockingbird,30,13,11,17,0.43333333333333335,7,0.5384615384615384,has_upperparts_color::black,cbm
200,Common Yellowthroat,30,4,0,26,0.13333333333333333,0,0.0,has_upperparts_color::black,cbm
89,Hooded Merganser,30,23,25,7,0.7666666666666667,19,0.8260869565217391,has_upperparts_color::black,cbm
26,Bronzed Cowbird,30,24,29,6,0.8,23,0.9583333333333334,has_upperparts_color::black,cbm
61,Heermann Gull,30,21,16,9,0.7,13,0.6190476190476191,has_upperparts_color::black,cbm
59,California Gull,30,14,13,16,0.4666666666666667,7,0.5,has_upperparts_color::black,cbm
25,Pelagic Cormorant,30,21,27,9,0.7,19,0.9047619047619048,has_upperparts_color::black,cbm
57,Rose breasted Grosbeak,30,20,27,10,0.6666666666666666,19,0.95,has_upperparts_color::black,cbm
56,Pine Grosbeak,30,14,19,16,0.4666666666666667,11,0.7857142857142857,has_upperparts_color::black,cbm
55,Evening Grosbeak,30,13,27,17,0.43333333333333335,12,0.9230769230769231,has_upperparts_color::black,cbm
54,Blue Grosbeak,30,13,12,17,0.43333333333333335,7,0.5384615384615384,has_upperparts_color::black,cbm
53,Western Grebe,30,14,21,16,0.4666666666666667,11,0.7857142857142857,has_upperparts_color::black,cbm
52,Pied billed Grebe,30,9,7,21,0.3,4,0.4444444444444444,has_upperparts_color::black,cbm
51,Horned Grebe,30,16,16,14,0.5333333333333333,9,0.5625,has_upperparts_color::black,cbm
50,Eared Grebe,30,14,22,16,0.4666666666666667,12,0.8571428571428571,has_upperparts_color::black,cbm
49,Boat tailed Grackle,30,19,26,11,0.6333333333333333,18,0.9473684210526315,has_upperparts_color::black,cbm
48,European Goldfinch,30,21,25,9,0.7,17,0.8095238095238095,has_upperparts_color::black,cbm
47,American Goldfinch,30,22,25,8,0.7333333333333333,19,0.8636363636363636,has_upperparts_color::black,cbm
63,Ivory Gull,30,4,1,26,0.13333333333333333,0,0.0,has_upperparts_color::black,cbm
46,Gadwall,30,6,10,24,0.2,2,0.3333333333333333,has_upperparts_color::black,cbm
45,Northern Fulmar,30,6,3,24,0.2,0,0.0,has_upperparts_color::black,cbm
44,Frigatebird,30,15,17,15,0.5,8,0.5333333333333333,has_upperparts_color::black,cbm
88,Western Meadowlark,30,7,11,23,0.23333333333333334,3,0.42857142857142855,has_upperparts_color::black,cbm
42,Vermilion Flycatcher,30,14,18,16,0.4666666666666667,10,0.7142857142857143,has_upperparts_color::black,cbm
41,Scissor tailed Flycatcher,30,16,14,14,0.5333333333333333,11,0.6875,has_upperparts_color::black,cbm
27,Shiny Cowbird,30,23,25,7,0.7666666666666667,21,0.9130434782608695,has_upperparts_color::black,cbm
40,Olive sided Flycatcher,30,9,8,21,0.3,3,0.3333333333333333,has_upperparts_color::black,cbm
38,Great Crested Flycatcher,30,10,2,20,0.3333333333333333,1,0.1,has_upperparts_color::black,cbm
36,Northern Flicker,30,17,19,13,0.5666666666666667,12,0.7058823529411765,has_upperparts_color::black,cbm
29,American Crow,30,30,30,0,1.0,30,1.0,has_upperparts_color::black,cbm
35,Purple Finch,30,6,6,24,0.2,2,0.3333333333333333,has_upperparts_color::black,cbm
30,Fish Crow,30,25,29,5,0.8333333333333334,24,0.96,has_upperparts_color::black,cbm
21,Eastern Towhee,30,22,23,8,0.7333333333333333,21,0.9545454545454546,has_upperparts_color::black,cbm
62,Herring Gull,30,6,4,24,0.2,2,0.3333333333333333,has_upperparts_color::black,cbm
64,Ring billed Gull,30,5,6,25,0.16666666666666666,1,0.2,has_upperparts_color::black,cbm
73,Blue Jay,30,16,19,14,0.5333333333333333,13,0.8125,has_upperparts_color::black,cbm
87,Mallard,30,10,8,20,0.3333333333333333,3,0.3,has_upperparts_color::black,cbm
86,Pacific Loon,30,19,17,11,0.6333333333333333,13,0.6842105263157895,has_upperparts_color::black,cbm
85,Horned Lark,30,9,9,21,0.3,3,0.3333333333333333,has_upperparts_color::black,cbm
4,Groove billed Ani,30,24,24,6,0.8,21,0.875,has_upperparts_color::black,cbm
83,White breasted Kingfisher,30,4,4,26,0.13333333333333333,1,0.25,has_upperparts_color::black,cbm
82,Ringed Kingfisher,30,8,14,22,0.26666666666666666,6,0.75,has_upperparts_color::black,cbm
81,Pied Kingfisher,30,20,29,10,0.6666666666666666,19,0.95,has_upperparts_color::black,cbm
80,Green Kingfisher,30,17,20,13,0.5666666666666667,12,0.7058823529411765,has_upperparts_color::black,cbm
79,Belted Kingfisher,30,6,16,24,0.2,5,0.8333333333333334,has_upperparts_color::black,cbm
10,Red winged Blackbird,30,27,30,3,0.9,27,1.0,has_upperparts_color::black,cbm
77,Tropical Kingbird,30,3,3,27,0.1,2,0.6666666666666666,has_upperparts_color::black,cbm
11,Rusty Blackbird,30,21,24,9,0.7,16,0.7619047619047619,has_upperparts_color::black,cbm
74,Florida Jay,30,2,0,28,0.06666666666666667,0,0.0,has_upperparts_color::black,cbm
76,Dark eyed Junco,30,6,19,24,0.2,5,0.8333333333333334,has_upperparts_color::black,cbm
72,Pomarine Jaeger,30,11,9,19,0.36666666666666664,5,0.45454545454545453,has_upperparts_color::black,cbm
14,Indigo Bunting,30,10,4,20,0.3333333333333333,0,0.0,has_upperparts_color::black,cbm
66,Western Gull,30,13,19,17,0.43333333333333335,10,0.7692307692307693,has_upperparts_color::black,cbm
71,Long tailed Jaeger,30,5,6,25,0.16666666666666666,3,0.6,has_upperparts_color::black,cbm
67,Anna Hummingbird,30,6,5,24,0.2,1,0.16666666666666666,has_upperparts_color::black,cbm
68,Ruby throated Hummingbird,30,1,4,29,0.03333333333333333,0,0.0,has_upperparts_color::black,cbm
31,Black billed Cuckoo,30,3,1,27,0.1,0,0.0,has_upperparts_color::black,cbm
69,Rufous Hummingbird,30,1,2,29,0.03333333333333333,0,0.0,has_upperparts_color::black,cbm
13,Bobolink,30,21,29,9,0.7,20,0.9523809523809523,has_upperparts_color::black,cbm
70,Green Violetear,30,2,1,28,0.06666666666666667,0,0.0,has_upperparts_color::black,cbm
181,Worm eating Warbler,29,5,1,24,0.1724137931034483,1,0.2,has_upperparts_color::black,cbm
20,Yellow breasted Chat,29,7,7,22,0.2413793103448276,3,0.42857142857142855,has_upperparts_color::black,cbm
169,Magnolia Warbler,29,21,20,8,0.7241379310344828,15,0.7142857142857143,has_upperparts_color::black,cbm
168,Kentucky Warbler,29,6,1,23,0.20689655172413793,1,0.16666666666666666,has_upperparts_color::black,cbm
28,Brown Creeper,29,9,16,20,0.3103448275862069,4,0.4444444444444444,has_upperparts_color::black,cbm
9,Brewer Blackbird,29,18,25,11,0.6206896551724138,17,0.9444444444444444,has_upperparts_color::black,cbm
166,Golden winged Warbler,29,10,11,19,0.3448275862068966,4,0.4,has_upperparts_color::black,cbm
23,Brandt Cormorant,29,16,21,13,0.5517241379310345,13,0.8125,has_upperparts_color::black,cbm
190,Red cockaded Woodpecker,29,25,28,4,0.8620689655172413,24,0.96,has_upperparts_color::black,cbm
33,Yellow billed Cuckoo,29,2,5,27,0.06896551724137931,1,0.5,has_upperparts_color::black,cbm
179,Tennessee Warbler,29,11,4,18,0.3793103448275862,1,0.09090909090909091,has_upperparts_color::black,cbm
19,Gray Catbird,29,7,11,22,0.2413793103448276,4,0.5714285714285714,has_upperparts_color::black,cbm
43,Yellow bellied Flycatcher,29,9,8,20,0.3103448275862069,2,0.2222222222222222,has_upperparts_color::black,cbm
117,Clay colored Sparrow,29,16,10,13,0.5517241379310345,8,0.5,has_upperparts_color::black,cbm
141,Artic Tern,29,3,2,26,0.10344827586206896,0,0.0,has_upperparts_color::black,cbm
160,Black throated Blue Warbler,29,14,20,15,0.4827586206896552,9,0.6428571428571429,has_upperparts_color::black,cbm
119,Field Sparrow,29,12,12,17,0.41379310344827586,7,0.5833333333333334,has_upperparts_color::black,cbm
124,Le Conte Sparrow,29,15,14,14,0.5172413793103449,8,0.5333333333333333,has_upperparts_color::black,cbm
125,Lincoln Sparrow,29,18,8,11,0.6206896551724138,4,0.2222222222222222,has_upperparts_color::black,cbm
115,Brewer Sparrow,29,9,6,20,0.3103448275862069,3,0.3333333333333333,has_upperparts_color::black,cbm
60,Glaucous winged Gull,29,0,3,29,0.0,0,,has_upperparts_color::black,cbm
78,Gray Kingbird,29,5,8,24,0.1724137931034483,2,0.4,has_upperparts_color::black,cbm
97,Orchard Oriole,29,21,23,8,0.7241379310344828,17,0.8095238095238095,has_upperparts_color::black,cbm
149,Brown Thrasher,29,3,3,26,0.10344827586206896,1,0.3333333333333333,has_upperparts_color::black,cbm
39,Least Flycatcher,29,7,6,22,0.2413793103448276,2,0.2857142857142857,has_upperparts_color::black,cbm
153,Philadelphia Vireo,29,6,2,23,0.20689655172413793,0,0.0,has_upperparts_color::black,cbm
37,Acadian Flycatcher,29,4,6,25,0.13793103448275862,2,0.5,has_upperparts_color::black,cbm
157,Yellow throated Vireo,29,8,14,21,0.27586206896551724,5,0.625,has_upperparts_color::black,cbm
34,Gray crowned Rosy Finch,29,13,7,16,0.4482758620689655,4,0.3076923076923077,has_upperparts_color::black,cbm
3,Sooty Albatross,28,2,4,26,0.07142857142857142,0,0.0,has_upperparts_color::black,cbm
15,Lazuli Bunting,28,17,11,11,0.6071428571428571,9,0.5294117647058824,has_upperparts_color::black,cbm
16,Painted Bunting,28,2,2,26,0.07142857142857142,0,0.0,has_upperparts_color::black,cbm
58,Pigeon Guillemot,28,18,22,10,0.6428571428571429,17,0.9444444444444444,has_upperparts_color::black,cbm
17,Cardinal,27,5,0,22,0.18518518518518517,0,0.0,has_upperparts_color::black,cbm
75,Green Jay,27,1,1,26,0.037037037037037035,0,0.0,has_upperparts_color::black,cbm
178,Swainson Warbler,26,3,1,23,0.11538461538461539,0,0.0,has_upperparts_color::black,cbm
12,Yellow headed Blackbird,26,20,24,6,0.7692307692307693,18,0.9,has_upperparts_color::black,cbm
22,Chuck will Widow,26,6,10,20,0.23076923076923078,4,0.6666666666666666,has_upperparts_color::black,cbm
7,Parakeet Auklet,23,15,20,8,0.6521739130434783,14,0.9333333333333333,has_upperparts_color::black,cbm
84,Red legged Kittiwake,23,5,5,18,0.21739130434782608,1,0.2,has_upperparts_color::black,cbm
32,Mangrove Cuckoo,23,3,6,20,0.13043478260869565,2,0.6666666666666666,has_upperparts_color::black,cbm
24,Red faced Cormorant,22,16,21,6,0.7272727272727273,16,1.0,has_upperparts_color::black,cbm
151,Black capped Vireo,21,7,11,14,0.3333333333333333,6,0.8571428571428571,has_upperparts_color::black,cbm
113,Baird Sparrow,20,5,7,15,0.25,3,0.6,has_upperparts_color::black,cbm
187,American Three toed Woodpecker,20,17,19,3,0.85,17,1.0,has_upperparts_color::black,cbm
65,Slaty backed Gull,20,11,9,9,0.55,7,0.6363636363636364,has_upperparts_color::black,cbm
101,White Pelican,20,2,1,18,0.1,1,0.5,has_upperparts_color::black,cbm
105,Whip poor Will,19,6,7,13,0.3157894736842105,3,0.5,has_upperparts_color::black,cbm
8,Rhinoceros Auklet,18,11,12,7,0.6111111111111112,7,0.6363636363636364,has_upperparts_color::black,cbm
18,Spotted Catbird,15,3,3,12,0.2,1,0.3333333333333333,has_upperparts_color::black,cbm
5,Crested Auklet,14,10,9,4,0.7142857142857143,8,0.8,has_upperparts_color::black,cbm
6,Least Auklet,11,6,9,5,0.5454545454545454,5,0.8333333333333334,has_upperparts_color::black,cbm
1,Black footed Albatross,30,1,0,29,0.03333333333333333,0,0.0,has_bill_length::shorter_than_head,cbm
143,Caspian Tern,30,2,0,28,0.06666666666666667,0,0.0,has_bill_length::shorter_than_head,cbm
120,Fox Sparrow,30,28,23,2,0.9333333333333333,21,0.75,has_bill_length::shorter_than_head,cbm
121,Grasshopper Sparrow,30,28,27,2,0.9333333333333333,25,0.8928571428571429,has_bill_length::shorter_than_head,cbm
122,Harris Sparrow,30,30,27,0,1.0,27,0.9,has_bill_length::shorter_than_head,cbm
123,Henslow Sparrow,30,27,28,3,0.9,25,0.9259259259259259,has_bill_length::shorter_than_head,cbm
126,Nelson Sharp tailed Sparrow,30,29,28,1,0.9666666666666667,27,0.9310344827586207,has_bill_length::shorter_than_head,cbm
127,Savannah Sparrow,30,28,29,2,0.9333333333333333,27,0.9642857142857143,has_bill_length::shorter_than_head,cbm
128,Seaside Sparrow,30,19,23,11,0.6333333333333333,12,0.631578947368421,has_bill_length::shorter_than_head,cbm
129,Song Sparrow,30,29,28,1,0.9666666666666667,27,0.9310344827586207,has_bill_length::shorter_than_head,cbm
130,Tree Sparrow,30,29,29,1,0.9666666666666667,28,0.9655172413793104,has_bill_length::shorter_than_head,cbm
131,Vesper Sparrow,30,30,28,0,1.0,28,0.9333333333333333,has_bill_length::shorter_than_head,cbm
132,White crowned Sparrow,30,30,27,0,1.0,27,0.9,has_bill_length::shorter_than_head,cbm
133,White throated Sparrow,30,28,29,2,0.9333333333333333,27,0.9642857142857143,has_bill_length::shorter_than_head,cbm
134,Cape Glossy Starling,30,20,9,10,0.6666666666666666,6,0.3,has_bill_length::shorter_than_head,cbm
135,Bank Swallow,30,27,23,3,0.9,20,0.7407407407407407,has_bill_length::shorter_than_head,cbm
136,Barn Swallow,30,27,26,3,0.9,23,0.8518518518518519,has_bill_length::shorter_than_head,cbm
137,Cliff Swallow,30,21,20,9,0.7,15,0.7142857142857143,has_bill_length::shorter_than_head,cbm
138,Tree Swallow,30,26,17,4,0.8666666666666667,15,0.5769230769230769,has_bill_length::shorter_than_head,cbm
139,Scarlet Tanager,30,29,28,1,0.9666666666666667,27,0.9310344827586207,has_bill_length::shorter_than_head,cbm
140,Summer Tanager,30,23,25,7,0.7666666666666667,19,0.8260869565217391,has_bill_length::shorter_than_head,cbm
118,House Sparrow,30,27,29,3,0.9,26,0.9629629629629629,has_bill_length::shorter_than_head,cbm
116,Chipping Sparrow,30,30,26,0,1.0,26,0.8666666666666667,has_bill_length::shorter_than_head,cbm
114,Black throated Sparrow,30,28,27,2,0.9333333333333333,26,0.9285714285714286,has_bill_length::shorter_than_head,cbm
2,Laysan Albatross,30,3,2,27,0.1,1,0.3333333333333333,has_bill_length::shorter_than_head,cbm
92,Nighthawk,30,27,15,3,0.9,14,0.5185185185185185,has_bill_length::shorter_than_head,cbm
93,Clark Nutcracker,30,3,1,27,0.1,1,0.3333333333333333,has_bill_length::shorter_than_head,cbm
94,White breasted Nuthatch,30,8,11,22,0.26666666666666666,4,0.5,has_bill_length::shorter_than_head,cbm
95,Baltimore Oriole,30,19,19,11,0.6333333333333333,11,0.5789473684210527,has_bill_length::shorter_than_head,cbm
96,Hooded Oriole,30,7,13,23,0.23333333333333334,5,0.7142857142857143,has_bill_length::shorter_than_head,cbm
98,Scott Oriole,30,10,16,20,0.3333333333333333,5,0.5,has_bill_length::shorter_than_head,cbm
99,Ovenbird,30,25,24,5,0.8333333333333334,21,0.84,has_bill_length::shorter_than_head,cbm
100,Brown Pelican,30,0,1,30,0.0,0,,has_bill_length::shorter_than_head,cbm
102,Western Wood Pewee,30,21,25,9,0.7,18,0.8571428571428571,has_bill_length::shorter_than_head,cbm
112,Great Grey Shrike,30,25,23,5,0.8333333333333334,18,0.72,has_bill_length::shorter_than_head,cbm
103,Sayornis,30,20,24,10,0.6666666666666666,16,0.8,has_bill_length::shorter_than_head,cbm
104,American Pipit,30,21,18,9,0.7,14,0.6666666666666666,has_bill_length::shorter_than_head,cbm
106,Horned Puffin,30,14,3,16,0.4666666666666667,1,0.07142857142857142,has_bill_length::shorter_than_head,cbm
107,Common Raven,30,7,5,23,0.23333333333333334,0,0.0,has_bill_length::shorter_than_head,cbm
108,White necked Raven,30,11,3,19,0.36666666666666664,1,0.09090909090909091,has_bill_length::shorter_than_head,cbm
109,American Redstart,30,24,26,6,0.8,22,0.9166666666666666,has_bill_length::shorter_than_head,cbm
110,Geococcyx,30,7,4,23,0.23333333333333334,1,0.14285714285714285,has_bill_length::shorter_than_head,cbm
111,Loggerhead Shrike,30,29,25,1,0.9666666666666667,24,0.8275862068965517,has_bill_length::shorter_than_head,cbm
142,Black Tern,30,4,4,26,0.13333333333333333,1,0.25,has_bill_length::shorter_than_head,cbm
144,Common Tern,30,2,1,28,0.06666666666666667,0,0.0,has_bill_length::shorter_than_head,cbm
90,Red breasted Merganser,30,1,0,29,0.03333333333333333,0,0.0,has_bill_length::shorter_than_head,cbm
145,Elegant Tern,30,0,0,30,0.0,0,,has_bill_length::shorter_than_head,cbm
176,Prairie Warbler,30,26,30,4,0.8666666666666667,26,1.0,has_bill_length::shorter_than_head,cbm
177,Prothonotary Warbler,30,19,23,11,0.6333333333333333,15,0.7894736842105263,has_bill_length::shorter_than_head,cbm
180,Wilson Warbler,30,30,28,0,1.0,28,0.9333333333333333,has_bill_length::shorter_than_head,cbm
182,Yellow Warbler,30,26,24,4,0.8666666666666667,21,0.8076923076923077,has_bill_length::shorter_than_head,cbm
183,Northern Waterthrush,30,21,21,9,0.7,16,0.7619047619047619,has_bill_length::shorter_than_head,cbm
184,Louisiana Waterthrush,30,20,17,10,0.6666666666666666,14,0.7,has_bill_length::shorter_than_head,cbm
185,Bohemian Waxwing,30,24,24,6,0.8,19,0.7916666666666666,has_bill_length::shorter_than_head,cbm
186,Cedar Waxwing,30,29,25,1,0.9666666666666667,25,0.8620689655172413,has_bill_length::shorter_than_head,cbm
188,Pileated Woodpecker,30,2,2,28,0.06666666666666667,0,0.0,has_bill_length::shorter_than_head,cbm
189,Red bellied Woodpecker,30,3,2,27,0.1,0,0.0,has_bill_length::shorter_than_head,cbm
191,Red headed Woodpecker,30,3,3,27,0.1,1,0.3333333333333333,has_bill_length::shorter_than_head,cbm
192,Downy Woodpecker,30,24,11,6,0.8,10,0.4166666666666667,has_bill_length::shorter_than_head,cbm
193,Bewick Wren,30,15,14,15,0.5,10,0.6666666666666666,has_bill_length::shorter_than_head,cbm
194,Cactus Wren,30,8,9,22,0.26666666666666666,3,0.375,has_bill_length::shorter_than_head,cbm
195,Carolina Wren,30,14,13,16,0.4666666666666667,7,0.5,has_bill_length::shorter_than_head,cbm
196,House Wren,30,13,14,17,0.43333333333333335,7,0.5384615384615384,has_bill_length::shorter_than_head,cbm
197,Marsh Wren,30,15,20,15,0.5,11,0.7333333333333333,has_bill_length::shorter_than_head,cbm
198,Rock Wren,30,7,6,23,0.23333333333333334,3,0.42857142857142855,has_bill_length::shorter_than_head,cbm
199,Winter Wren,30,20,20,10,0.6666666666666666,13,0.65,has_bill_length::shorter_than_head,cbm
175,Pine Warbler,30,26,25,4,0.8666666666666667,21,0.8076923076923077,has_bill_length::shorter_than_head,cbm
174,Palm Warbler,30,27,27,3,0.9,24,0.8888888888888888,has_bill_length::shorter_than_head,cbm
173,Orange crowned Warbler,30,22,25,8,0.7333333333333333,18,0.8181818181818182,has_bill_length::shorter_than_head,cbm
158,Bay breasted Warbler,30,21,27,9,0.7,19,0.9047619047619048,has_bill_length::shorter_than_head,cbm
146,Forsters Tern,30,0,0,30,0.0,0,,has_bill_length::shorter_than_head,cbm
147,Least Tern,30,4,2,26,0.13333333333333333,1,0.25,has_bill_length::shorter_than_head,cbm
148,Green tailed Towhee,30,29,27,1,0.9666666666666667,26,0.896551724137931,has_bill_length::shorter_than_head,cbm
150,Sage Thrasher,30,19,17,11,0.6333333333333333,12,0.631578947368421,has_bill_length::shorter_than_head,cbm
152,Blue headed Vireo,30,20,28,10,0.6666666666666666,18,0.9,has_bill_length::shorter_than_head,cbm
154,Red eyed Vireo,30,20,23,10,0.6666666666666666,16,0.8,has_bill_length::shorter_than_head,cbm
155,Warbling Vireo,30,23,24,7,0.7666666666666667,19,0.8260869565217391,has_bill_length::shorter_than_head,cbm
156,White eyed Vireo,30,23,27,7,0.7666666666666667,22,0.9565217391304348,has_bill_length::shorter_than_head,cbm
159,Black and white Warbler,30,17,20,13,0.5666666666666667,12,0.7058823529411765,has_bill_length::shorter_than_head,cbm
172,Nashville Warbler,30,25,27,5,0.8333333333333334,24,0.96,has_bill_length::shorter_than_head,cbm
161,Blue winged Warbler,30,20,25,10,0.6666666666666666,17,0.85,has_bill_length::shorter_than_head,cbm
162,Canada Warbler,30,24,26,6,0.8,21,0.875,has_bill_length::shorter_than_head,cbm
163,Cape May Warbler,30,26,28,4,0.8666666666666667,26,1.0,has_bill_length::shorter_than_head,cbm
164,Cerulean Warbler,30,18,24,12,0.6,13,0.7222222222222222,has_bill_length::shorter_than_head,cbm
165,Chestnut sided Warbler,30,25,27,5,0.8333333333333334,23,0.92,has_bill_length::shorter_than_head,cbm
167,Hooded Warbler,30,20,21,10,0.6666666666666666,17,0.85,has_bill_length::shorter_than_head,cbm
170,Mourning Warbler,30,21,26,9,0.7,18,0.8571428571428571,has_bill_length::shorter_than_head,cbm
171,Myrtle Warbler,30,25,26,5,0.8333333333333334,21,0.84,has_bill_length::shorter_than_head,cbm
91,Mockingbird,30,19,15,11,0.6333333333333333,10,0.5263157894736842,has_bill_length::shorter_than_head,cbm
200,Common Yellowthroat,30,20,25,10,0.6666666666666666,16,0.8,has_bill_length::shorter_than_head,cbm
89,Hooded Merganser,30,4,2,26,0.13333333333333333,0,0.0,has_bill_length::shorter_than_head,cbm
26,Bronzed Cowbird,30,21,17,9,0.7,13,0.6190476190476191,has_bill_length::shorter_than_head,cbm
61,Heermann Gull,30,7,1,23,0.23333333333333334,0,0.0,has_bill_length::shorter_than_head,cbm
59,California Gull,30,4,1,26,0.13333333333333333,0,0.0,has_bill_length::shorter_than_head,cbm
25,Pelagic Cormorant,30,3,1,27,0.1,0,0.0,has_bill_length::shorter_than_head,cbm
57,Rose breasted Grosbeak,30,26,23,4,0.8666666666666667,20,0.7692307692307693,has_bill_length::shorter_than_head,cbm
56,Pine Grosbeak,30,26,28,4,0.8666666666666667,25,0.9615384615384616,has_bill_length::shorter_than_head,cbm
55,Evening Grosbeak,30,23,26,7,0.7666666666666667,20,0.8695652173913043,has_bill_length::shorter_than_head,cbm
54,Blue Grosbeak,30,23,30,7,0.7666666666666667,23,1.0,has_bill_length::shorter_than_head,cbm
53,Western Grebe,30,1,0,29,0.03333333333333333,0,0.0,has_bill_length::shorter_than_head,cbm
52,Pied billed Grebe,30,17,8,13,0.5666666666666667,4,0.23529411764705882,has_bill_length::shorter_than_head,cbm
51,Horned Grebe,30,12,10,18,0.4,5,0.4166666666666667,has_bill_length::shorter_than_head,cbm
50,Eared Grebe,30,9,2,21,0.3,0,0.0,has_bill_length::shorter_than_head,cbm
49,Boat tailed Grackle,30,10,9,20,0.3333333333333333,5,0.5,has_bill_length::shorter_than_head,cbm
48,European Goldfinch,30,28,29,2,0.9333333333333333,27,0.9642857142857143,has_bill_length::shorter_than_head,cbm
47,American Goldfinch,30,25,27,5,0.8333333333333334,23,0.92,has_bill_length::shorter_than_head,cbm
63,Ivory Gull,30,14,4,16,0.4666666666666667,2,0.14285714285714285,has_bill_length::shorter_than_head,cbm
46,Gadwall,30,3,1,27,0.1,0,0.0,has_bill_length::shorter_than_head,cbm
45,Northern Fulmar,30,15,2,15,0.5,2,0.13333333333333333,has_bill_length::shorter_than_head,cbm
44,Frigatebird,30,0,1,30,0.0,0,,has_bill_length::shorter_than_head,cbm
88,Western Meadowlark,30,5,9,25,0.16666666666666666,3,0.6,has_bill_length::shorter_than_head,cbm
42,Vermilion Flycatcher,30,28,24,2,0.9333333333333333,22,0.7857142857142857,has_bill_length::shorter_than_head,cbm
41,Scissor tailed Flycatcher,30,20,15,10,0.6666666666666666,11,0.55,has_bill_length::shorter_than_head,cbm
27,Shiny Cowbird,30,20,10,10,0.6666666666666666,6,0.3,has_bill_length::shorter_than_head,cbm
40,Olive sided Flycatcher,30,17,16,13,0.5666666666666667,7,0.4117647058823529,has_bill_length::shorter_than_head,cbm
38,Great Crested Flycatcher,30,14,15,16,0.4666666666666667,6,0.42857142857142855,has_bill_length::shorter_than_head,cbm
36,Northern Flicker,30,1,4,29,0.03333333333333333,0,0.0,has_bill_length::shorter_than_head,cbm
29,American Crow,30,5,8,25,0.16666666666666666,3,0.6,has_bill_length::shorter_than_head,cbm
35,Purple Finch,30,28,30,2,0.9333333333333333,28,1.0,has_bill_length::shorter_than_head,cbm
30,Fish Crow,30,8,7,22,0.26666666666666666,1,0.125,has_bill_length::shorter_than_head,cbm
21,Eastern Towhee,30,30,22,0,1.0,22,0.7333333333333333,has_bill_length::shorter_than_head,cbm
62,Herring Gull,30,4,2,26,0.13333333333333333,1,0.25,has_bill_length::shorter_than_head,cbm
64,Ring billed Gull,30,3,2,27,0.1,0,0.0,has_bill_length::shorter_than_head,cbm
73,Blue Jay,30,15,17,15,0.5,8,0.5333333333333333,has_bill_length::shorter_than_head,cbm
87,Mallard,30,3,1,27,0.1,0,0.0,has_bill_length::shorter_than_head,cbm
86,Pacific Loon,30,4,1,26,0.13333333333333333,0,0.0,has_bill_length::shorter_than_head,cbm
85,Horned Lark,30,26,27,4,0.8666666666666667,23,0.8846153846153846,has_bill_length::shorter_than_head,cbm
4,Groove billed Ani,30,22,17,8,0.7333333333333333,13,0.5909090909090909,has_bill_length::shorter_than_head,cbm
83,White breasted Kingfisher,30,0,1,30,0.0,0,,has_bill_length::shorter_than_head,cbm
82,Ringed Kingfisher,30,0,3,30,0.0,0,,has_bill_length::shorter_than_head,cbm
81,Pied Kingfisher,30,0,0,30,0.0,0,,has_bill_length::shorter_than_head,cbm
80,Green Kingfisher,30,1,2,29,0.03333333333333333,0,0.0,has_bill_length::shorter_than_head,cbm
79,Belted Kingfisher,30,3,1,27,0.1,0,0.0,has_bill_length::shorter_than_head,cbm
10,Red winged Blackbird,30,18,16,12,0.6,11,0.6111111111111112,has_bill_length::shorter_than_head,cbm
77,Tropical Kingbird,30,16,17,14,0.5333333333333333,10,0.625,has_bill_length::shorter_than_head,cbm
11,Rusty Blackbird,30,21,16,9,0.7,12,0.5714285714285714,has_bill_length::shorter_than_head,cbm
74,Florida Jay,30,23,15,7,0.7666666666666667,12,0.5217391304347826,has_bill_length::shorter_than_head,cbm
76,Dark eyed Junco,30,25,24,5,0.8333333333333334,20,0.8,has_bill_length::shorter_than_head,cbm
72,Pomarine Jaeger,30,8,1,22,0.26666666666666666,1,0.125,has_bill_length::shorter_than_head,cbm
14,Indigo Bunting,30,24,25,6,0.8,20,0.8333333333333334,has_bill_length::shorter_than_head,cbm
66,Western Gull,30,5,3,25,0.16666666666666666,0,0.0,has_bill_length::shorter_than_head,cbm
71,Long tailed Jaeger,30,15,0,15,0.5,0,0.0,has_bill_length::shorter_than_head,cbm
67,Anna Hummingbird,30,0,4,30,0.0,0,,has_bill_length::shorter_than_head,cbm
68,Ruby throated Hummingbird,30,0,2,30,0.0,0,,has_bill_length::shorter_than_head,cbm
31,Black billed Cuckoo,30,11,6,19,0.36666666666666664,3,0.2727272727272727,has_bill_length::shorter_than_head,cbm
69,Rufous Hummingbird,30,1,3,29,0.03333333333333333,0,0.0,has_bill_length::shorter_than_head,cbm
13,Bobolink,30,29,17,1,0.9666666666666667,16,0.5517241379310345,has_bill_length::shorter_than_head,cbm
70,Green Violetear,30,1,1,29,0.03333333333333333,0,0.0,has_bill_length::shorter_than_head,cbm
181,Worm eating Warbler,29,22,24,7,0.7586206896551724,17,0.7727272727272727,has_bill_length::shorter_than_head,cbm
20,Yellow breasted Chat,29,24,24,5,0.8275862068965517,21,0.875,has_bill_length::shorter_than_head,cbm
169,Magnolia Warbler,29,25,27,4,0.8620689655172413,23,0.92,has_bill_length::shorter_than_head,cbm
168,Kentucky Warbler,29,23,25,6,0.7931034482758621,20,0.8695652173913043,has_bill_length::shorter_than_head,cbm
28,Brown Creeper,29,5,5,24,0.1724137931034483,1,0.2,has_bill_length::shorter_than_head,cbm
9,Brewer Blackbird,29,16,10,13,0.5517241379310345,5,0.3125,has_bill_length::shorter_than_head,cbm
166,Golden winged Warbler,29,17,20,12,0.5862068965517241,13,0.7647058823529411,has_bill_length::shorter_than_head,cbm
23,Brandt Cormorant,29,0,0,29,0.0,0,,has_bill_length::shorter_than_head,cbm
190,Red cockaded Woodpecker,29,4,1,25,0.13793103448275862,0,0.0,has_bill_length::shorter_than_head,cbm
33,Yellow billed Cuckoo,29,10,7,19,0.3448275862068966,2,0.2,has_bill_length::shorter_than_head,cbm
179,Tennessee Warbler,29,23,23,6,0.7931034482758621,19,0.8260869565217391,has_bill_length::shorter_than_head,cbm
19,Gray Catbird,29,14,10,15,0.4827586206896552,8,0.5714285714285714,has_bill_length::shorter_than_head,cbm
43,Yellow bellied Flycatcher,29,23,26,6,0.7931034482758621,21,0.9130434782608695,has_bill_length::shorter_than_head,cbm
117,Clay colored Sparrow,29,29,28,0,1.0,28,0.9655172413793104,has_bill_length::shorter_than_head,cbm
141,Artic Tern,29,4,3,25,0.13793103448275862,1,0.25,has_bill_length::shorter_than_head,cbm
160,Black throated Blue Warbler,29,23,21,6,0.7931034482758621,16,0.6956521739130435,has_bill_length::shorter_than_head,cbm
119,Field Sparrow,29,26,28,3,0.896551724137931,25,0.9615384615384616,has_bill_length::shorter_than_head,cbm
124,Le Conte Sparrow,29,28,29,1,0.9655172413793104,28,1.0,has_bill_length::shorter_than_head,cbm
125,Lincoln Sparrow,29,26,27,3,0.896551724137931,25,0.9615384615384616,has_bill_length::shorter_than_head,cbm
115,Brewer Sparrow,29,27,28,2,0.9310344827586207,26,0.9629629629629629,has_bill_length::shorter_than_head,cbm
60,Glaucous winged Gull,29,3,2,26,0.10344827586206896,0,0.0,has_bill_length::shorter_than_head,cbm
78,Gray Kingbird,29,11,8,18,0.3793103448275862,4,0.36363636363636365,has_bill_length::shorter_than_head,cbm
97,Orchard Oriole,29,13,23,16,0.4482758620689655,9,0.6923076923076923,has_bill_length::shorter_than_head,cbm
149,Brown Thrasher,29,7,15,22,0.2413793103448276,4,0.5714285714285714,has_bill_length::shorter_than_head,cbm
39,Least Flycatcher,29,20,21,9,0.6896551724137931,13,0.65,has_bill_length::shorter_than_head,cbm
153,Philadelphia Vireo,29,26,29,3,0.896551724137931,26,1.0,has_bill_length::shorter_than_head,cbm
37,Acadian Flycatcher,29,24,25,5,0.8275862068965517,20,0.8333333333333334,has_bill_length::shorter_than_head,cbm
157,Yellow throated Vireo,29,25,25,4,0.8620689655172413,22,0.88,has_bill_length::shorter_than_head,cbm
34,Gray crowned Rosy Finch,29,28,26,1,0.9655172413793104,25,0.8928571428571429,has_bill_length::shorter_than_head,cbm
3,Sooty Albatross,28,1,1,27,0.03571428571428571,1,1.0,has_bill_length::shorter_than_head,cbm
15,Lazuli Bunting,28,26,27,2,0.9285714285714286,25,0.9615384615384616,has_bill_length::shorter_than_head,cbm
16,Painted Bunting,28,24,24,4,0.8571428571428571,21,0.875,has_bill_length::shorter_than_head,cbm
58,Pigeon Guillemot,28,1,1,27,0.03571428571428571,0,0.0,has_bill_length::shorter_than_head,cbm
17,Cardinal,27,25,25,2,0.9259259259259259,23,0.92,has_bill_length::shorter_than_head,cbm
75,Green Jay,27,18,14,9,0.6666666666666666,12,0.6666666666666666,has_bill_length::shorter_than_head,cbm
178,Swainson Warbler,26,5,17,21,0.19230769230769232,3,0.6,has_bill_length::shorter_than_head,cbm
12,Yellow headed Blackbird,26,18,15,8,0.6923076923076923,9,0.5,has_bill_length::shorter_than_head,cbm
22,Chuck will Widow,26,22,15,4,0.8461538461538461,13,0.5909090909090909,has_bill_length::shorter_than_head,cbm
7,Parakeet Auklet,23,21,15,2,0.9130434782608695,13,0.6190476190476191,has_bill_length::shorter_than_head,cbm
84,Red legged Kittiwake,23,14,4,9,0.6086956521739131,3,0.21428571428571427,has_bill_length::shorter_than_head,cbm
32,Mangrove Cuckoo,23,9,5,14,0.391304347826087,2,0.2222222222222222,has_bill_length::shorter_than_head,cbm
24,Red faced Cormorant,22,1,1,21,0.045454545454545456,0,0.0,has_bill_length::shorter_than_head,cbm
151,Black capped Vireo,21,18,18,3,0.8571428571428571,15,0.8333333333333334,has_bill_length::shorter_than_head,cbm
113,Baird Sparrow,20,20,18,0,1.0,18,0.9,has_bill_length::shorter_than_head,cbm
187,American Three toed Woodpecker,20,7,3,13,0.35,2,0.2857142857142857,has_bill_length::shorter_than_head,cbm
65,Slaty backed Gull,20,7,1,13,0.35,1,0.14285714285714285,has_bill_length::shorter_than_head,cbm
101,White Pelican,20,0,0,20,0.0,0,,has_bill_length::shorter_than_head,cbm
105,Whip poor Will,19,17,14,2,0.8947368421052632,13,0.7647058823529411,has_bill_length::shorter_than_head,cbm
8,Rhinoceros Auklet,18,10,4,8,0.5555555555555556,1,0.1,has_bill_length::shorter_than_head,cbm
18,Spotted Catbird,15,11,13,4,0.7333333333333333,10,0.9090909090909091,has_bill_length::shorter_than_head,cbm
5,Crested Auklet,14,13,5,1,0.9285714285714286,4,0.3076923076923077,has_bill_length::shorter_than_head,cbm
6,Least Auklet,11,11,7,0,1.0,7,0.6363636363636364,has_bill_length::shorter_than_head,cbm
1,Black footed Albatross,30,13,14,17,0.43333333333333335,9,0.6923076923076923,has_upperparts_color::brown,cbm
143,Caspian Tern,30,2,0,28,0.06666666666666667,0,0.0,has_upperparts_color::brown,cbm
120,Fox Sparrow,30,21,25,9,0.7,19,0.9047619047619048,has_upperparts_color::brown,cbm
121,Grasshopper Sparrow,30,19,20,11,0.6333333333333333,14,0.7368421052631579,has_upperparts_color::brown,cbm
122,Harris Sparrow,30,14,16,16,0.4666666666666667,7,0.5,has_upperparts_color::brown,cbm
123,Henslow Sparrow,30,13,20,17,0.43333333333333335,8,0.6153846153846154,has_upperparts_color::brown,cbm
126,Nelson Sharp tailed Sparrow,30,12,23,18,0.4,10,0.8333333333333334,has_upperparts_color::brown,cbm
127,Savannah Sparrow,30,22,25,8,0.7333333333333333,19,0.8636363636363636,has_upperparts_color::brown,cbm
128,Seaside Sparrow,30,15,8,15,0.5,4,0.26666666666666666,has_upperparts_color::brown,cbm
129,Song Sparrow,30,25,27,5,0.8333333333333334,23,0.92,has_upperparts_color::brown,cbm
130,Tree Sparrow,30,21,26,9,0.7,19,0.9047619047619048,has_upperparts_color::brown,cbm
131,Vesper Sparrow,30,14,26,16,0.4666666666666667,13,0.9285714285714286,has_upperparts_color::brown,cbm
132,White crowned Sparrow,30,15,18,15,0.5,12,0.8,has_upperparts_color::brown,cbm
133,White throated Sparrow,30,19,28,11,0.6333333333333333,18,0.9473684210526315,has_upperparts_color::brown,cbm
134,Cape Glossy Starling,30,1,0,29,0.03333333333333333,0,0.0,has_upperparts_color::brown,cbm
135,Bank Swallow,30,10,11,20,0.3333333333333333,6,0.6,has_upperparts_color::brown,cbm
136,Barn Swallow,30,4,5,26,0.13333333333333333,0,0.0,has_upperparts_color::brown,cbm
137,Cliff Swallow,30,8,8,22,0.26666666666666666,1,0.125,has_upperparts_color::brown,cbm
138,Tree Swallow,30,2,4,28,0.06666666666666667,2,1.0,has_upperparts_color::brown,cbm
139,Scarlet Tanager,30,0,1,30,0.0,0,,has_upperparts_color::brown,cbm
140,Summer Tanager,30,2,0,28,0.06666666666666667,0,0.0,has_upperparts_color::brown,cbm
118,House Sparrow,30,19,27,11,0.6333333333333333,18,0.9473684210526315,has_upperparts_color::brown,cbm
116,Chipping Sparrow,30,17,20,13,0.5666666666666667,12,0.7058823529411765,has_upperparts_color::brown,cbm
114,Black throated Sparrow,30,12,6,18,0.4,4,0.3333333333333333,has_upperparts_color::brown,cbm
2,Laysan Albatross,30,7,4,23,0.23333333333333334,2,0.2857142857142857,has_upperparts_color::brown,cbm
92,Nighthawk,30,16,22,14,0.5333333333333333,12,0.75,has_upperparts_color::brown,cbm
93,Clark Nutcracker,30,0,2,30,0.0,0,,has_upperparts_color::brown,cbm
94,White breasted Nuthatch,30,3,0,27,0.1,0,0.0,has_upperparts_color::brown,cbm
95,Baltimore Oriole,30,1,1,29,0.03333333333333333,0,0.0,has_upperparts_color::brown,cbm
96,Hooded Oriole,30,1,1,29,0.03333333333333333,1,1.0,has_upperparts_color::brown,cbm
98,Scott Oriole,30,1,0,29,0.03333333333333333,0,0.0,has_upperparts_color::brown,cbm
99,Ovenbird,30,9,17,21,0.3,8,0.8888888888888888,has_upperparts_color::brown,cbm
100,Brown Pelican,30,9,7,21,0.3,4,0.4444444444444444,has_upperparts_color::brown,cbm
102,Western Wood Pewee,30,9,17,21,0.3,5,0.5555555555555556,has_upperparts_color::brown,cbm
112,Great Grey Shrike,30,2,3,28,0.06666666666666667,0,0.0,has_upperparts_color::brown,cbm
103,Sayornis,30,14,21,16,0.4666666666666667,12,0.8571428571428571,has_upperparts_color::brown,cbm
104,American Pipit,30,11,24,19,0.36666666666666664,10,0.9090909090909091,has_upperparts_color::brown,cbm
106,Horned Puffin,30,0,3,30,0.0,0,,has_upperparts_color::brown,cbm
107,Common Raven,30,0,0,30,0.0,0,,has_upperparts_color::brown,cbm
108,White necked Raven,30,3,3,27,0.1,1,0.3333333333333333,has_upperparts_color::brown,cbm
109,American Redstart,30,3,2,27,0.1,0,0.0,has_upperparts_color::brown,cbm
110,Geococcyx,30,16,13,14,0.5333333333333333,9,0.5625,has_upperparts_color::brown,cbm
111,Loggerhead Shrike,30,0,3,30,0.0,0,,has_upperparts_color::brown,cbm
142,Black Tern,30,3,3,27,0.1,1,0.3333333333333333,has_upperparts_color::brown,cbm
144,Common Tern,30,1,0,29,0.03333333333333333,0,0.0,has_upperparts_color::brown,cbm
90,Red breasted Merganser,30,6,6,24,0.2,2,0.3333333333333333,has_upperparts_color::brown,cbm
145,Elegant Tern,30,0,0,30,0.0,0,,has_upperparts_color::brown,cbm
176,Prairie Warbler,30,2,3,28,0.06666666666666667,0,0.0,has_upperparts_color::brown,cbm
177,Prothonotary Warbler,30,0,2,30,0.0,0,,has_upperparts_color::brown,cbm
180,Wilson Warbler,30,2,3,28,0.06666666666666667,0,0.0,has_upperparts_color::brown,cbm
182,Yellow Warbler,30,6,2,24,0.2,0,0.0,has_upperparts_color::brown,cbm
183,Northern Waterthrush,30,20,21,10,0.6666666666666666,18,0.9,has_upperparts_color::brown,cbm
184,Louisiana Waterthrush,30,13,20,17,0.43333333333333335,11,0.8461538461538461,has_upperparts_color::brown,cbm
185,Bohemian Waxwing,30,5,8,25,0.16666666666666666,2,0.4,has_upperparts_color::brown,cbm
186,Cedar Waxwing,30,9,18,21,0.3,7,0.7777777777777778,has_upperparts_color::brown,cbm
188,Pileated Woodpecker,30,0,3,30,0.0,0,,has_upperparts_color::brown,cbm
189,Red bellied Woodpecker,30,0,0,30,0.0,0,,has_upperparts_color::brown,cbm
191,Red headed Woodpecker,30,0,0,30,0.0,0,,has_upperparts_color::brown,cbm
192,Downy Woodpecker,30,0,1,30,0.0,0,,has_upperparts_color::brown,cbm
193,Bewick Wren,30,24,27,6,0.8,22,0.9166666666666666,has_upperparts_color::brown,cbm
194,Cactus Wren,30,15,23,15,0.5,14,0.9333333333333333,has_upperparts_color::brown,cbm
195,Carolina Wren,30,24,29,6,0.8,24,1.0,has_upperparts_color::brown,cbm
196,House Wren,30,24,25,6,0.8,20,0.8333333333333334,has_upperparts_color::brown,cbm
197,Marsh Wren,30,19,23,11,0.6333333333333333,15,0.7894736842105263,has_upperparts_color::brown,cbm
198,Rock Wren,30,17,23,13,0.5666666666666667,15,0.8823529411764706,has_upperparts_color::brown,cbm
199,Winter Wren,30,25,30,5,0.8333333333333334,25,1.0,has_upperparts_color::brown,cbm
175,Pine Warbler,30,8,4,22,0.26666666666666666,2,0.25,has_upperparts_color::brown,cbm
174,Palm Warbler,30,16,19,14,0.5333333333333333,13,0.8125,has_upperparts_color::brown,cbm
173,Orange crowned Warbler,30,7,3,23,0.23333333333333334,2,0.2857142857142857,has_upperparts_color::brown,cbm
158,Bay breasted Warbler,30,6,6,24,0.2,2,0.3333333333333333,has_upperparts_color::brown,cbm
146,Forsters Tern,30,0,0,30,0.0,0,,has_upperparts_color::brown,cbm
147,Least Tern,30,0,0,30,0.0,0,,has_upperparts_color::brown,cbm
148,Green tailed Towhee,30,6,5,24,0.2,2,0.3333333333333333,has_upperparts_color::brown,cbm
150,Sage Thrasher,30,13,19,17,0.43333333333333335,11,0.8461538461538461,has_upperparts_color::brown,cbm
152,Blue headed Vireo,30,6,1,24,0.2,1,0.16666666666666666,has_upperparts_color::brown,cbm
154,Red eyed Vireo,30,4,8,26,0.13333333333333333,2,0.5,has_upperparts_color::brown,cbm
155,Warbling Vireo,30,7,10,23,0.23333333333333334,2,0.2857142857142857,has_upperparts_color::brown,cbm
156,White eyed Vireo,30,11,5,19,0.36666666666666664,4,0.36363636363636365,has_upperparts_color::brown,cbm
159,Black and white Warbler,30,0,2,30,0.0,0,,has_upperparts_color::brown,cbm
172,Nashville Warbler,30,4,7,26,0.13333333333333333,2,0.5,has_upperparts_color::brown,cbm
161,Blue winged Warbler,30,0,1,30,0.0,0,,has_upperparts_color::brown,cbm
162,Canada Warbler,30,1,2,29,0.03333333333333333,0,0.0,has_upperparts_color::brown,cbm
163,Cape May Warbler,30,5,10,25,0.16666666666666666,1,0.2,has_upperparts_color::brown,cbm
164,Cerulean Warbler,30,2,0,28,0.06666666666666667,0,0.0,has_upperparts_color::brown,cbm
165,Chestnut sided Warbler,30,1,2,29,0.03333333333333333,0,0.0,has_upperparts_color::brown,cbm
167,Hooded Warbler,30,3,3,27,0.1,1,0.3333333333333333,has_upperparts_color::brown,cbm
170,Mourning Warbler,30,3,1,27,0.1,0,0.0,has_upperparts_color::brown,cbm
171,Myrtle Warbler,30,3,7,27,0.1,2,0.6666666666666666,has_upperparts_color::brown,cbm
91,Mockingbird,30,9,10,21,0.3,7,0.7777777777777778,has_upperparts_color::brown,cbm
200,Common Yellowthroat,30,13,14,17,0.43333333333333335,10,0.7692307692307693,has_upperparts_color::brown,cbm
89,Hooded Merganser,30,9,6,21,0.3,2,0.2222222222222222,has_upperparts_color::brown,cbm
26,Bronzed Cowbird,30,4,0,26,0.13333333333333333,0,0.0,has_upperparts_color::brown,cbm
61,Heermann Gull,30,7,3,23,0.23333333333333334,2,0.2857142857142857,has_upperparts_color::brown,cbm
59,California Gull,30,0,1,30,0.0,0,,has_upperparts_color::brown,cbm
25,Pelagic Cormorant,30,1,1,29,0.03333333333333333,0,0.0,has_upperparts_color::brown,cbm
57,Rose breasted Grosbeak,30,3,0,27,0.1,0,0.0,has_upperparts_color::brown,cbm
56,Pine Grosbeak,30,3,3,27,0.1,0,0.0,has_upperparts_color::brown,cbm
55,Evening Grosbeak,30,7,7,23,0.23333333333333334,4,0.5714285714285714,has_upperparts_color::brown,cbm
54,Blue Grosbeak,30,4,3,26,0.13333333333333333,0,0.0,has_upperparts_color::brown,cbm
53,Western Grebe,30,7,9,23,0.23333333333333334,3,0.42857142857142855,has_upperparts_color::brown,cbm
52,Pied billed Grebe,30,18,23,12,0.6,15,0.8333333333333334,has_upperparts_color::brown,cbm
51,Horned Grebe,30,9,8,21,0.3,4,0.4444444444444444,has_upperparts_color::brown,cbm
50,Eared Grebe,30,14,7,16,0.4666666666666667,3,0.21428571428571427,has_upperparts_color::brown,cbm
49,Boat tailed Grackle,30,3,7,27,0.1,3,1.0,has_upperparts_color::brown,cbm
48,European Goldfinch,30,4,7,26,0.13333333333333333,1,0.25,has_upperparts_color::brown,cbm
47,American Goldfinch,30,3,1,27,0.1,1,0.3333333333333333,has_upperparts_color::brown,cbm
63,Ivory Gull,30,0,0,30,0.0,0,,has_upperparts_color::brown,cbm
46,Gadwall,30,21,25,9,0.7,18,0.8571428571428571,has_upperparts_color::brown,cbm
45,Northern Fulmar,30,2,4,28,0.06666666666666667,1,0.5,has_upperparts_color::brown,cbm
44,Frigatebird,30,5,2,25,0.16666666666666666,1,0.2,has_upperparts_color::brown,cbm
88,Western Meadowlark,30,10,19,20,0.3333333333333333,8,0.8,has_upperparts_color::brown,cbm
42,Vermilion Flycatcher,30,8,1,22,0.26666666666666666,1,0.125,has_upperparts_color::brown,cbm
41,Scissor tailed Flycatcher,30,6,8,24,0.2,2,0.3333333333333333,has_upperparts_color::brown,cbm
27,Shiny Cowbird,30,1,5,29,0.03333333333333333,1,1.0,has_upperparts_color::brown,cbm
40,Olive sided Flycatcher,30,9,6,21,0.3,3,0.3333333333333333,has_upperparts_color::brown,cbm
38,Great Crested Flycatcher,30,12,22,18,0.4,11,0.9166666666666666,has_upperparts_color::brown,cbm
36,Northern Flicker,30,7,14,23,0.23333333333333334,5,0.7142857142857143,has_upperparts_color::brown,cbm
29,American Crow,30,1,0,29,0.03333333333333333,0,0.0,has_upperparts_color::brown,cbm
35,Purple Finch,30,11,15,19,0.36666666666666664,6,0.5454545454545454,has_upperparts_color::brown,cbm
30,Fish Crow,30,0,1,30,0.0,0,,has_upperparts_color::brown,cbm
21,Eastern Towhee,30,8,7,22,0.26666666666666666,6,0.75,has_upperparts_color::brown,cbm
62,Herring Gull,30,5,2,25,0.16666666666666666,1,0.2,has_upperparts_color::brown,cbm
64,Ring billed Gull,30,0,1,30,0.0,0,,has_upperparts_color::brown,cbm
73,Blue Jay,30,0,0,30,0.0,0,,has_upperparts_color::brown,cbm
87,Mallard,30,16,7,14,0.5333333333333333,6,0.375,has_upperparts_color::brown,cbm
86,Pacific Loon,30,7,12,23,0.23333333333333334,7,1.0,has_upperparts_color::brown,cbm
85,Horned Lark,30,10,25,20,0.3333333333333333,10,1.0,has_upperparts_color::brown,cbm
4,Groove billed Ani,30,1,1,29,0.03333333333333333,1,1.0,has_upperparts_color::brown,cbm
83,White breasted Kingfisher,30,6,9,24,0.2,2,0.3333333333333333,has_upperparts_color::brown,cbm
82,Ringed Kingfisher,30,1,2,29,0.03333333333333333,0,0.0,has_upperparts_color::brown,cbm
81,Pied Kingfisher,30,0,0,30,0.0,0,,has_upperparts_color::brown,cbm
80,Green Kingfisher,30,2,2,28,0.06666666666666667,1,0.5,has_upperparts_color::brown,cbm
79,Belted Kingfisher,30,0,0,30,0.0,0,,has_upperparts_color::brown,cbm
10,Red winged Blackbird,30,1,1,29,0.03333333333333333,0,0.0,has_upperparts_color::brown,cbm
77,Tropical Kingbird,30,11,6,19,0.36666666666666664,3,0.2727272727272727,has_upperparts_color::brown,cbm
11,Rusty Blackbird,30,12,9,18,0.4,6,0.5,has_upperparts_color::brown,cbm
74,Florida Jay,30,1,2,29,0.03333333333333333,0,0.0,has_upperparts_color::brown,cbm
76,Dark eyed Junco,30,4,7,26,0.13333333333333333,3,0.75,has_upperparts_color::brown,cbm
72,Pomarine Jaeger,30,12,11,18,0.4,7,0.5833333333333334,has_upperparts_color::brown,cbm
14,Indigo Bunting,30,3,1,27,0.1,0,0.0,has_upperparts_color::brown,cbm
66,Western Gull,30,3,1,27,0.1,1,0.3333333333333333,has_upperparts_color::brown,cbm
71,Long tailed Jaeger,30,8,7,22,0.26666666666666666,6,0.75,has_upperparts_color::brown,cbm
67,Anna Hummingbird,30,5,8,25,0.16666666666666666,3,0.6,has_upperparts_color::brown,cbm
68,Ruby throated Hummingbird,30,5,2,25,0.16666666666666666,1,0.2,has_upperparts_color::brown,cbm
31,Black billed Cuckoo,30,13,20,17,0.43333333333333335,11,0.8461538461538461,has_upperparts_color::brown,cbm
69,Rufous Hummingbird,30,8,11,22,0.26666666666666666,6,0.75,has_upperparts_color::brown,cbm
13,Bobolink,30,2,4,28,0.06666666666666667,0,0.0,has_upperparts_color::brown,cbm
70,Green Violetear,30,2,1,28,0.06666666666666667,0,0.0,has_upperparts_color::brown,cbm
181,Worm eating Warbler,29,8,10,21,0.27586206896551724,5,0.625,has_upperparts_color::brown,cbm
20,Yellow breasted Chat,29,6,6,23,0.20689655172413793,3,0.5,has_upperparts_color::brown,cbm
169,Magnolia Warbler,29,4,2,25,0.13793103448275862,1,0.25,has_upperparts_color::brown,cbm
168,Kentucky Warbler,29,0,1,29,0.0,0,,has_upperparts_color::brown,cbm
28,Brown Creeper,29,20,25,9,0.6896551724137931,18,0.9,has_upperparts_color::brown,cbm
9,Brewer Blackbird,29,3,2,26,0.10344827586206896,0,0.0,has_upperparts_color::brown,cbm
166,Golden winged Warbler,29,1,0,28,0.034482758620689655,0,0.0,has_upperparts_color::brown,cbm
23,Brandt Cormorant,29,2,4,27,0.06896551724137931,1,0.5,has_upperparts_color::brown,cbm
190,Red cockaded Woodpecker,29,6,4,23,0.20689655172413793,3,0.5,has_upperparts_color::brown,cbm
33,Yellow billed Cuckoo,29,14,10,15,0.4827586206896552,7,0.5,has_upperparts_color::brown,cbm
179,Tennessee Warbler,29,3,5,26,0.10344827586206896,1,0.3333333333333333,has_upperparts_color::brown,cbm
19,Gray Catbird,29,1,1,28,0.034482758620689655,1,1.0,has_upperparts_color::brown,cbm
43,Yellow bellied Flycatcher,29,4,8,25,0.13793103448275862,2,0.5,has_upperparts_color::brown,cbm
117,Clay colored Sparrow,29,16,22,13,0.5517241379310345,15,0.9375,has_upperparts_color::brown,cbm
141,Artic Tern,29,0,0,29,0.0,0,,has_upperparts_color::brown,cbm
160,Black throated Blue Warbler,29,2,1,27,0.06896551724137931,1,0.5,has_upperparts_color::brown,cbm
119,Field Sparrow,29,15,19,14,0.5172413793103449,9,0.6,has_upperparts_color::brown,cbm
124,Le Conte Sparrow,29,9,21,20,0.3103448275862069,6,0.6666666666666666,has_upperparts_color::brown,cbm
125,Lincoln Sparrow,29,16,26,13,0.5517241379310345,14,0.875,has_upperparts_color::brown,cbm
115,Brewer Sparrow,29,14,20,15,0.4827586206896552,11,0.7857142857142857,has_upperparts_color::brown,cbm
60,Glaucous winged Gull,29,0,0,29,0.0,0,,has_upperparts_color::brown,cbm
78,Gray Kingbird,29,10,10,19,0.3448275862068966,5,0.5,has_upperparts_color::brown,cbm
97,Orchard Oriole,29,3,3,26,0.10344827586206896,2,0.6666666666666666,has_upperparts_color::brown,cbm
149,Brown Thrasher,29,20,25,9,0.6896551724137931,18,0.9,has_upperparts_color::brown,cbm
39,Least Flycatcher,29,9,11,20,0.3103448275862069,5,0.5555555555555556,has_upperparts_color::brown,cbm
153,Philadelphia Vireo,29,1,4,28,0.034482758620689655,0,0.0,has_upperparts_color::brown,cbm
37,Acadian Flycatcher,29,10,16,19,0.3448275862068966,6,0.6,has_upperparts_color::brown,cbm
157,Yellow throated Vireo,29,1,3,28,0.034482758620689655,0,0.0,has_upperparts_color::brown,cbm
34,Gray crowned Rosy Finch,29,18,21,11,0.6206896551724138,11,0.6111111111111112,has_upperparts_color::brown,cbm
3,Sooty Albatross,28,2,9,26,0.07142857142857142,2,1.0,has_upperparts_color::brown,cbm
15,Lazuli Bunting,28,0,1,28,0.0,0,,has_upperparts_color::brown,cbm
16,Painted Bunting,28,3,0,25,0.10714285714285714,0,0.0,has_upperparts_color::brown,cbm
58,Pigeon Guillemot,28,6,3,22,0.21428571428571427,2,0.3333333333333333,has_upperparts_color::brown,cbm
17,Cardinal,27,3,1,24,0.1111111111111111,1,0.3333333333333333,has_upperparts_color::brown,cbm
75,Green Jay,27,0,1,27,0.0,0,,has_upperparts_color::brown,cbm
178,Swainson Warbler,26,18,17,8,0.6923076923076923,15,0.8333333333333334,has_upperparts_color::brown,cbm
12,Yellow headed Blackbird,26,1,1,25,0.038461538461538464,0,0.0,has_upperparts_color::brown,cbm
22,Chuck will Widow,26,13,22,13,0.5,10,0.7692307692307693,has_upperparts_color::brown,cbm
7,Parakeet Auklet,23,1,1,22,0.043478260869565216,1,1.0,has_upperparts_color::brown,cbm
84,Red legged Kittiwake,23,1,0,22,0.043478260869565216,0,0.0,has_upperparts_color::brown,cbm
32,Mangrove Cuckoo,23,4,4,19,0.17391304347826086,0,0.0,has_upperparts_color::brown,cbm
24,Red faced Cormorant,22,0,0,22,0.0,0,,has_upperparts_color::brown,cbm
151,Black capped Vireo,21,1,1,20,0.047619047619047616,0,0.0,has_upperparts_color::brown,cbm
113,Baird Sparrow,20,8,10,12,0.4,5,0.625,has_upperparts_color::brown,cbm
187,American Three toed Woodpecker,20,1,0,19,0.05,0,0.0,has_upperparts_color::brown,cbm
65,Slaty backed Gull,20,2,1,18,0.1,1,0.5,has_upperparts_color::brown,cbm
101,White Pelican,20,1,1,19,0.05,0,0.0,has_upperparts_color::brown,cbm
105,Whip poor Will,19,11,15,8,0.5789473684210527,11,1.0,has_upperparts_color::brown,cbm
8,Rhinoceros Auklet,18,6,5,12,0.3333333333333333,3,0.5,has_upperparts_color::brown,cbm
18,Spotted Catbird,15,1,1,14,0.06666666666666667,0,0.0,has_upperparts_color::brown,cbm
5,Crested Auklet,14,1,2,13,0.07142857142857142,1,1.0,has_upperparts_color::brown,cbm
6,Least Auklet,11,0,0,11,0.0,0,,has_upperparts_color::brown,cbm
1,Black footed Albatross,30,8,12,22,0.26666666666666666,5,0.625,has_wing_color::black,cbm
143,Caspian Tern,30,6,2,24,0.2,1,0.16666666666666666,has_wing_color::black,cbm
120,Fox Sparrow,30,3,7,27,0.1,0,0.0,has_wing_color::black,cbm
121,Grasshopper Sparrow,30,13,8,17,0.43333333333333335,4,0.3076923076923077,has_wing_color::black,cbm
122,Harris Sparrow,30,20,14,10,0.6666666666666666,11,0.55,has_wing_color::black,cbm
123,Henslow Sparrow,30,14,15,16,0.4666666666666667,8,0.5714285714285714,has_wing_color::black,cbm
126,Nelson Sharp tailed Sparrow,30,8,8,22,0.26666666666666666,3,0.375,has_wing_color::black,cbm
127,Savannah Sparrow,30,11,8,19,0.36666666666666664,4,0.36363636363636365,has_wing_color::black,cbm
128,Seaside Sparrow,30,5,5,25,0.16666666666666666,1,0.2,has_wing_color::black,cbm
129,Song Sparrow,30,5,5,25,0.16666666666666666,2,0.4,has_wing_color::black,cbm
130,Tree Sparrow,30,14,8,16,0.4666666666666667,4,0.2857142857142857,has_wing_color::black,cbm
131,Vesper Sparrow,30,9,7,21,0.3,4,0.4444444444444444,has_wing_color::black,cbm
132,White crowned Sparrow,30,7,18,23,0.23333333333333334,5,0.7142857142857143,has_wing_color::black,cbm
133,White throated Sparrow,30,15,14,15,0.5,8,0.5333333333333333,has_wing_color::black,cbm
134,Cape Glossy Starling,30,15,23,15,0.5,13,0.8666666666666667,has_wing_color::black,cbm
135,Bank Swallow,30,9,8,21,0.3,3,0.3333333333333333,has_wing_color::black,cbm
136,Barn Swallow,30,15,22,15,0.5,12,0.8,has_wing_color::black,cbm
137,Cliff Swallow,30,12,16,18,0.4,9,0.75,has_wing_color::black,cbm
138,Tree Swallow,30,13,19,17,0.43333333333333335,7,0.5384615384615384,has_wing_color::black,cbm
139,Scarlet Tanager,30,25,29,5,0.8333333333333334,24,0.96,has_wing_color::black,cbm
140,Summer Tanager,30,8,4,22,0.26666666666666666,2,0.25,has_wing_color::black,cbm
118,House Sparrow,30,13,10,17,0.43333333333333335,7,0.5384615384615384,has_wing_color::black,cbm
116,Chipping Sparrow,30,13,6,17,0.43333333333333335,4,0.3076923076923077,has_wing_color::black,cbm
114,Black throated Sparrow,30,7,15,23,0.23333333333333334,4,0.5714285714285714,has_wing_color::black,cbm
2,Laysan Albatross,30,14,11,16,0.4666666666666667,8,0.5714285714285714,has_wing_color::black,cbm
92,Nighthawk,30,14,13,16,0.4666666666666667,7,0.5,has_wing_color::black,cbm
93,Clark Nutcracker,30,29,22,1,0.9666666666666667,21,0.7241379310344828,has_wing_color::black,cbm
94,White breasted Nuthatch,30,21,26,9,0.7,19,0.9047619047619048,has_wing_color::black,cbm
95,Baltimore Oriole,30,27,29,3,0.9,26,0.9629629629629629,has_wing_color::black,cbm
96,Hooded Oriole,30,25,24,5,0.8333333333333334,20,0.8,has_wing_color::black,cbm
98,Scott Oriole,30,24,25,6,0.8,23,0.9583333333333334,has_wing_color::black,cbm
99,Ovenbird,30,1,6,29,0.03333333333333333,0,0.0,has_wing_color::black,cbm
100,Brown Pelican,30,11,10,19,0.36666666666666664,7,0.6363636363636364,has_wing_color::black,cbm
102,Western Wood Pewee,30,10,7,20,0.3333333333333333,2,0.2,has_wing_color::black,cbm
112,Great Grey Shrike,30,21,20,9,0.7,17,0.8095238095238095,has_wing_color::black,cbm
103,Sayornis,30,6,11,24,0.2,4,0.6666666666666666,has_wing_color::black,cbm
104,American Pipit,30,10,5,20,0.3333333333333333,2,0.2,has_wing_color::black,cbm
106,Horned Puffin,30,20,18,10,0.6666666666666666,11,0.55,has_wing_color::black,cbm
107,Common Raven,30,27,30,3,0.9,27,1.0,has_wing_color::black,cbm
108,White necked Raven,30,25,27,5,0.8333333333333334,23,0.92,has_wing_color::black,cbm
109,American Redstart,30,23,28,7,0.7666666666666667,21,0.9130434782608695,has_wing_color::black,cbm
110,Geococcyx,30,15,25,15,0.5,15,1.0,has_wing_color::black,cbm
111,Loggerhead Shrike,30,22,21,8,0.7333333333333333,18,0.8181818181818182,has_wing_color::black,cbm
142,Black Tern,30,8,8,22,0.26666666666666666,4,0.5,has_wing_color::black,cbm
144,Common Tern,30,4,1,26,0.13333333333333333,0,0.0,has_wing_color::black,cbm
90,Red breasted Merganser,30,12,18,18,0.4,9,0.75,has_wing_color::black,cbm
145,Elegant Tern,30,3,2,27,0.1,1,0.3333333333333333,has_wing_color::black,cbm
176,Prairie Warbler,30,13,15,17,0.43333333333333335,6,0.46153846153846156,has_wing_color::black,cbm
177,Prothonotary Warbler,30,14,15,16,0.4666666666666667,9,0.6428571428571429,has_wing_color::black,cbm
180,Wilson Warbler,30,8,9,22,0.26666666666666666,1,0.125,has_wing_color::black,cbm
182,Yellow Warbler,30,14,12,16,0.4666666666666667,6,0.42857142857142855,has_wing_color::black,cbm
183,Northern Waterthrush,30,2,6,28,0.06666666666666667,1,0.5,has_wing_color::black,cbm
184,Louisiana Waterthrush,30,8,3,22,0.26666666666666666,1,0.125,has_wing_color::black,cbm
185,Bohemian Waxwing,30,13,18,17,0.43333333333333335,8,0.6153846153846154,has_wing_color::black,cbm
186,Cedar Waxwing,30,6,7,24,0.2,1,0.16666666666666666,has_wing_color::black,cbm
188,Pileated Woodpecker,30,29,27,1,0.9666666666666667,26,0.896551724137931,has_wing_color::black,cbm
189,Red bellied Woodpecker,30,29,29,1,0.9666666666666667,28,0.9655172413793104,has_wing_color::black,cbm
191,Red headed Woodpecker,30,25,27,5,0.8333333333333334,23,0.92,has_wing_color::black,cbm
192,Downy Woodpecker,30,30,28,0,1.0,28,0.9333333333333333,has_wing_color::black,cbm
193,Bewick Wren,30,11,8,19,0.36666666666666664,5,0.45454545454545453,has_wing_color::black,cbm
194,Cactus Wren,30,16,17,14,0.5333333333333333,9,0.5625,has_wing_color::black,cbm
195,Carolina Wren,30,11,6,19,0.36666666666666664,5,0.45454545454545453,has_wing_color::black,cbm
196,House Wren,30,8,8,22,0.26666666666666666,3,0.375,has_wing_color::black,cbm
197,Marsh Wren,30,15,9,15,0.5,5,0.3333333333333333,has_wing_color::black,cbm
198,Rock Wren,30,7,5,23,0.23333333333333334,2,0.2857142857142857,has_wing_color::black,cbm
199,Winter Wren,30,10,12,20,0.3333333333333333,4,0.4,has_wing_color::black,cbm
175,Pine Warbler,30,9,15,21,0.3,7,0.7777777777777778,has_wing_color::black,cbm
174,Palm Warbler,30,10,5,20,0.3333333333333333,3,0.3,has_wing_color::black,cbm
173,Orange crowned Warbler,30,2,1,28,0.06666666666666667,0,0.0,has_wing_color::black,cbm
158,Bay breasted Warbler,30,17,26,13,0.5666666666666667,15,0.8823529411764706,has_wing_color::black,cbm
146,Forsters Tern,30,2,4,28,0.06666666666666667,0,0.0,has_wing_color::black,cbm
147,Least Tern,30,6,2,24,0.2,1,0.16666666666666666,has_wing_color::black,cbm
148,Green tailed Towhee,30,2,1,28,0.06666666666666667,0,0.0,has_wing_color::black,cbm
150,Sage Thrasher,30,6,8,24,0.2,3,0.5,has_wing_color::black,cbm
152,Blue headed Vireo,30,16,15,14,0.5333333333333333,10,0.625,has_wing_color::black,cbm
154,Red eyed Vireo,30,5,5,25,0.16666666666666666,2,0.4,has_wing_color::black,cbm
155,Warbling Vireo,30,2,2,28,0.06666666666666667,0,0.0,has_wing_color::black,cbm
156,White eyed Vireo,30,12,11,18,0.4,6,0.5,has_wing_color::black,cbm
159,Black and white Warbler,30,28,27,2,0.9333333333333333,25,0.8928571428571429,has_wing_color::black,cbm
172,Nashville Warbler,30,2,0,28,0.06666666666666667,0,0.0,has_wing_color::black,cbm
161,Blue winged Warbler,30,5,11,25,0.16666666666666666,2,0.4,has_wing_color::black,cbm
162,Canada Warbler,30,9,3,21,0.3,2,0.2222222222222222,has_wing_color::black,cbm
163,Cape May Warbler,30,19,20,11,0.6333333333333333,14,0.7368421052631579,has_wing_color::black,cbm
164,Cerulean Warbler,30,18,12,12,0.6,6,0.3333333333333333,has_wing_color::black,cbm
165,Chestnut sided Warbler,30,11,24,19,0.36666666666666664,9,0.8181818181818182,has_wing_color::black,cbm
167,Hooded Warbler,30,6,7,24,0.2,2,0.3333333333333333,has_wing_color::black,cbm
170,Mourning Warbler,30,3,3,27,0.1,0,0.0,has_wing_color::black,cbm
171,Myrtle Warbler,30,13,19,17,0.43333333333333335,10,0.7692307692307693,has_wing_color::black,cbm
91,Mockingbird,30,16,12,14,0.5333333333333333,7,0.4375,has_wing_color::black,cbm
200,Common Yellowthroat,30,2,0,28,0.06666666666666667,0,0.0,has_wing_color::black,cbm
89,Hooded Merganser,30,18,24,12,0.6,14,0.7777777777777778,has_wing_color::black,cbm
26,Bronzed Cowbird,30,24,29,6,0.8,23,0.9583333333333334,has_wing_color::black,cbm
61,Heermann Gull,30,14,11,16,0.4666666666666667,7,0.5,has_wing_color::black,cbm
59,California Gull,30,9,8,21,0.3,4,0.4444444444444444,has_wing_color::black,cbm
25,Pelagic Cormorant,30,25,27,5,0.8333333333333334,23,0.92,has_wing_color::black,cbm
57,Rose breasted Grosbeak,30,25,27,5,0.8333333333333334,24,0.96,has_wing_color::black,cbm
56,Pine Grosbeak,30,16,24,14,0.5333333333333333,14,0.875,has_wing_color::black,cbm
55,Evening Grosbeak,30,17,27,13,0.5666666666666667,16,0.9411764705882353,has_wing_color::black,cbm
54,Blue Grosbeak,30,19,19,11,0.6333333333333333,13,0.6842105263157895,has_wing_color::black,cbm
53,Western Grebe,30,13,18,17,0.43333333333333335,9,0.6923076923076923,has_wing_color::black,cbm
52,Pied billed Grebe,30,6,7,24,0.2,2,0.3333333333333333,has_wing_color::black,cbm
51,Horned Grebe,30,13,10,17,0.43333333333333335,6,0.46153846153846156,has_wing_color::black,cbm
50,Eared Grebe,30,12,18,18,0.4,9,0.75,has_wing_color::black,cbm
49,Boat tailed Grackle,30,17,26,13,0.5666666666666667,16,0.9411764705882353,has_wing_color::black,cbm
48,European Goldfinch,30,27,26,3,0.9,23,0.8518518518518519,has_wing_color::black,cbm
47,American Goldfinch,30,23,26,7,0.7666666666666667,21,0.9130434782608695,has_wing_color::black,cbm
63,Ivory Gull,30,4,2,26,0.13333333333333333,0,0.0,has_wing_color::black,cbm
46,Gadwall,30,6,10,24,0.2,2,0.3333333333333333,has_wing_color::black,cbm
45,Northern Fulmar,30,6,5,24,0.2,1,0.16666666666666666,has_wing_color::black,cbm
44,Frigatebird,30,24,25,6,0.8,21,0.875,has_wing_color::black,cbm
88,Western Meadowlark,30,7,8,23,0.23333333333333334,1,0.14285714285714285,has_wing_color::black,cbm
42,Vermilion Flycatcher,30,15,23,15,0.5,13,0.8666666666666667,has_wing_color::black,cbm
41,Scissor tailed Flycatcher,30,18,15,12,0.6,12,0.6666666666666666,has_wing_color::black,cbm
27,Shiny Cowbird,30,24,25,6,0.8,22,0.9166666666666666,has_wing_color::black,cbm
40,Olive sided Flycatcher,30,12,9,18,0.4,5,0.4166666666666667,has_wing_color::black,cbm
38,Great Crested Flycatcher,30,8,2,22,0.26666666666666666,1,0.125,has_wing_color::black,cbm
36,Northern Flicker,30,16,21,14,0.5333333333333333,13,0.8125,has_wing_color::black,cbm
29,American Crow,30,29,30,1,0.9666666666666667,29,1.0,has_wing_color::black,cbm
35,Purple Finch,30,5,7,25,0.16666666666666666,1,0.2,has_wing_color::black,cbm
30,Fish Crow,30,27,28,3,0.9,25,0.9259259259259259,has_wing_color::black,cbm
21,Eastern Towhee,30,18,23,12,0.6,16,0.8888888888888888,has_wing_color::black,cbm
62,Herring Gull,30,5,3,25,0.16666666666666666,0,0.0,has_wing_color::black,cbm
64,Ring billed Gull,30,7,3,23,0.23333333333333334,0,0.0,has_wing_color::black,cbm
73,Blue Jay,30,17,20,13,0.5666666666666667,13,0.7647058823529411,has_wing_color::black,cbm
87,Mallard,30,4,9,26,0.13333333333333333,2,0.5,has_wing_color::black,cbm
86,Pacific Loon,30,21,16,9,0.7,13,0.6190476190476191,has_wing_color::black,cbm
85,Horned Lark,30,9,8,21,0.3,2,0.2222222222222222,has_wing_color::black,cbm
4,Groove billed Ani,30,25,25,5,0.8333333333333334,22,0.88,has_wing_color::black,cbm
83,White breasted Kingfisher,30,6,8,24,0.2,1,0.16666666666666666,has_wing_color::black,cbm
82,Ringed Kingfisher,30,8,19,22,0.26666666666666666,6,0.75,has_wing_color::black,cbm
81,Pied Kingfisher,30,24,29,6,0.8,23,0.9583333333333334,has_wing_color::black,cbm
80,Green Kingfisher,30,19,21,11,0.6333333333333333,15,0.7894736842105263,has_wing_color::black,cbm
79,Belted Kingfisher,30,5,14,25,0.16666666666666666,3,0.6,has_wing_color::black,cbm
10,Red winged Blackbird,30,26,30,4,0.8666666666666667,26,1.0,has_wing_color::black,cbm
77,Tropical Kingbird,30,3,4,27,0.1,2,0.6666666666666666,has_wing_color::black,cbm
11,Rusty Blackbird,30,22,26,8,0.7333333333333333,19,0.8636363636363636,has_wing_color::black,cbm
74,Florida Jay,30,3,2,27,0.1,0,0.0,has_wing_color::black,cbm
76,Dark eyed Junco,30,11,17,19,0.36666666666666664,9,0.8181818181818182,has_wing_color::black,cbm
72,Pomarine Jaeger,30,14,13,16,0.4666666666666667,9,0.6428571428571429,has_wing_color::black,cbm
14,Indigo Bunting,30,10,7,20,0.3333333333333333,0,0.0,has_wing_color::black,cbm
66,Western Gull,30,6,14,24,0.2,4,0.6666666666666666,has_wing_color::black,cbm
71,Long tailed Jaeger,30,10,12,20,0.3333333333333333,8,0.8,has_wing_color::black,cbm
67,Anna Hummingbird,30,8,9,22,0.26666666666666666,4,0.5,has_wing_color::black,cbm
68,Ruby throated Hummingbird,30,3,4,27,0.1,0,0.0,has_wing_color::black,cbm
31,Black billed Cuckoo,30,2,3,28,0.06666666666666667,0,0.0,has_wing_color::black,cbm
69,Rufous Hummingbird,30,5,4,25,0.16666666666666666,0,0.0,has_wing_color::black,cbm
13,Bobolink,30,25,28,5,0.8333333333333334,23,0.92,has_wing_color::black,cbm
70,Green Violetear,30,7,1,23,0.23333333333333334,0,0.0,has_wing_color::black,cbm
181,Worm eating Warbler,29,4,2,25,0.13793103448275862,0,0.0,has_wing_color::black,cbm
20,Yellow breasted Chat,29,9,7,20,0.3103448275862069,2,0.2222222222222222,has_wing_color::black,cbm
169,Magnolia Warbler,29,23,19,6,0.7931034482758621,19,0.8260869565217391,has_wing_color::black,cbm
168,Kentucky Warbler,29,7,1,22,0.2413793103448276,1,0.14285714285714285,has_wing_color::black,cbm
28,Brown Creeper,29,10,14,19,0.3448275862068966,5,0.5,has_wing_color::black,cbm
9,Brewer Blackbird,29,22,26,7,0.7586206896551724,21,0.9545454545454546,has_wing_color::black,cbm
166,Golden winged Warbler,29,13,12,16,0.4482758620689655,7,0.5384615384615384,has_wing_color::black,cbm
23,Brandt Cormorant,29,16,21,13,0.5517241379310345,14,0.875,has_wing_color::black,cbm
190,Red cockaded Woodpecker,29,25,28,4,0.8620689655172413,24,0.96,has_wing_color::black,cbm
33,Yellow billed Cuckoo,29,3,4,26,0.10344827586206896,1,0.3333333333333333,has_wing_color::black,cbm
179,Tennessee Warbler,29,13,5,16,0.4482758620689655,2,0.15384615384615385,has_wing_color::black,cbm
19,Gray Catbird,29,6,10,23,0.20689655172413793,3,0.5,has_wing_color::black,cbm
43,Yellow bellied Flycatcher,29,12,10,17,0.41379310344827586,3,0.25,has_wing_color::black,cbm
117,Clay colored Sparrow,29,11,10,18,0.3793103448275862,7,0.6363636363636364,has_wing_color::black,cbm
141,Artic Tern,29,0,4,29,0.0,0,,has_wing_color::black,cbm
160,Black throated Blue Warbler,29,17,22,12,0.5862068965517241,13,0.7647058823529411,has_wing_color::black,cbm
119,Field Sparrow,29,13,11,16,0.4482758620689655,6,0.46153846153846156,has_wing_color::black,cbm
124,Le Conte Sparrow,29,19,14,10,0.6551724137931034,10,0.5263157894736842,has_wing_color::black,cbm
125,Lincoln Sparrow,29,18,9,11,0.6206896551724138,5,0.2777777777777778,has_wing_color::black,cbm
115,Brewer Sparrow,29,7,8,22,0.2413793103448276,3,0.42857142857142855,has_wing_color::black,cbm
60,Glaucous winged Gull,29,1,0,28,0.034482758620689655,0,0.0,has_wing_color::black,cbm
78,Gray Kingbird,29,7,7,22,0.2413793103448276,4,0.5714285714285714,has_wing_color::black,cbm
97,Orchard Oriole,29,23,25,6,0.7931034482758621,20,0.8695652173913043,has_wing_color::black,cbm
149,Brown Thrasher,29,3,8,26,0.10344827586206896,1,0.3333333333333333,has_wing_color::black,cbm
39,Least Flycatcher,29,10,8,19,0.3448275862068966,4,0.4,has_wing_color::black,cbm
153,Philadelphia Vireo,29,9,3,20,0.3103448275862069,0,0.0,has_wing_color::black,cbm
37,Acadian Flycatcher,29,6,6,23,0.20689655172413793,1,0.16666666666666666,has_wing_color::black,cbm
157,Yellow throated Vireo,29,10,15,19,0.3448275862068966,6,0.6,has_wing_color::black,cbm
34,Gray crowned Rosy Finch,29,11,9,18,0.3793103448275862,4,0.36363636363636365,has_wing_color::black,cbm
3,Sooty Albatross,28,4,6,24,0.14285714285714285,4,1.0,has_wing_color::black,cbm
15,Lazuli Bunting,28,17,17,11,0.6071428571428571,12,0.7058823529411765,has_wing_color::black,cbm
16,Painted Bunting,28,2,2,26,0.07142857142857142,0,0.0,has_wing_color::black,cbm
58,Pigeon Guillemot,28,16,21,12,0.5714285714285714,14,0.875,has_wing_color::black,cbm
17,Cardinal,27,8,5,19,0.2962962962962963,2,0.25,has_wing_color::black,cbm
75,Green Jay,27,0,2,27,0.0,0,,has_wing_color::black,cbm
178,Swainson Warbler,26,3,1,23,0.11538461538461539,0,0.0,has_wing_color::black,cbm
12,Yellow headed Blackbird,26,21,25,5,0.8076923076923077,20,0.9523809523809523,has_wing_color::black,cbm
22,Chuck will Widow,26,7,7,19,0.2692307692307692,3,0.42857142857142855,has_wing_color::black,cbm
7,Parakeet Auklet,23,14,19,9,0.6086956521739131,14,1.0,has_wing_color::black,cbm
84,Red legged Kittiwake,23,7,4,16,0.30434782608695654,2,0.2857142857142857,has_wing_color::black,cbm
32,Mangrove Cuckoo,23,5,7,18,0.21739130434782608,2,0.4,has_wing_color::black,cbm
24,Red faced Cormorant,22,15,20,7,0.6818181818181818,14,0.9333333333333333,has_wing_color::black,cbm
151,Black capped Vireo,21,10,10,11,0.47619047619047616,7,0.7,has_wing_color::black,cbm
113,Baird Sparrow,20,4,7,16,0.2,3,0.75,has_wing_color::black,cbm
187,American Three toed Woodpecker,20,17,20,3,0.85,17,1.0,has_wing_color::black,cbm
65,Slaty backed Gull,20,12,6,8,0.6,4,0.3333333333333333,has_wing_color::black,cbm
101,White Pelican,20,5,1,15,0.25,1,0.2,has_wing_color::black,cbm
105,Whip poor Will,19,6,5,13,0.3157894736842105,2,0.3333333333333333,has_wing_color::black,cbm
8,Rhinoceros Auklet,18,10,10,8,0.5555555555555556,4,0.4,has_wing_color::black,cbm
18,Spotted Catbird,15,3,3,12,0.2,0,0.0,has_wing_color::black,cbm
5,Crested Auklet,14,9,9,5,0.6428571428571429,7,0.7777777777777778,has_wing_color::black,cbm
6,Least Auklet,11,6,10,5,0.5454545454545454,6,1.0,has_wing_color::black,cbm
1,Black footed Albatross,30,0,4,30,0.0,0,,has_breast_color::white,cbm
143,Caspian Tern,30,26,30,4,0.8666666666666667,26,1.0,has_breast_color::white,cbm
120,Fox Sparrow,30,19,21,11,0.6333333333333333,16,0.8421052631578947,has_breast_color::white,cbm
121,Grasshopper Sparrow,30,5,12,25,0.16666666666666666,3,0.6,has_breast_color::white,cbm
122,Harris Sparrow,30,23,24,7,0.7666666666666667,19,0.8260869565217391,has_breast_color::white,cbm
123,Henslow Sparrow,30,10,15,20,0.3333333333333333,7,0.7,has_breast_color::white,cbm
126,Nelson Sharp tailed Sparrow,30,11,13,19,0.36666666666666664,5,0.45454545454545453,has_breast_color::white,cbm
127,Savannah Sparrow,30,14,20,16,0.4666666666666667,10,0.7142857142857143,has_breast_color::white,cbm
128,Seaside Sparrow,30,6,6,24,0.2,2,0.3333333333333333,has_breast_color::white,cbm
129,Song Sparrow,30,16,22,14,0.5333333333333333,11,0.6875,has_breast_color::white,cbm
130,Tree Sparrow,30,10,20,20,0.3333333333333333,7,0.7,has_breast_color::white,cbm
131,Vesper Sparrow,30,16,17,14,0.5333333333333333,8,0.5,has_breast_color::white,cbm
132,White crowned Sparrow,30,8,19,22,0.26666666666666666,5,0.625,has_breast_color::white,cbm
133,White throated Sparrow,30,10,20,20,0.3333333333333333,6,0.6,has_breast_color::white,cbm
134,Cape Glossy Starling,30,0,0,30,0.0,0,,has_breast_color::white,cbm
135,Bank Swallow,30,13,20,17,0.43333333333333335,9,0.6923076923076923,has_breast_color::white,cbm
136,Barn Swallow,30,9,5,21,0.3,4,0.4444444444444444,has_breast_color::white,cbm
137,Cliff Swallow,30,8,11,22,0.26666666666666666,4,0.5,has_breast_color::white,cbm
138,Tree Swallow,30,27,24,3,0.9,22,0.8148148148148148,has_breast_color::white,cbm
139,Scarlet Tanager,30,0,0,30,0.0,0,,has_breast_color::white,cbm
140,Summer Tanager,30,0,0,30,0.0,0,,has_breast_color::white,cbm
118,House Sparrow,30,7,13,23,0.23333333333333334,4,0.5714285714285714,has_breast_color::white,cbm
116,Chipping Sparrow,30,14,20,16,0.4666666666666667,10,0.7142857142857143,has_breast_color::white,cbm
114,Black throated Sparrow,30,17,20,13,0.5666666666666667,10,0.5882352941176471,has_breast_color::white,cbm
2,Laysan Albatross,30,24,23,6,0.8,21,0.875,has_breast_color::white,cbm
92,Nighthawk,30,15,13,15,0.5,6,0.4,has_breast_color::white,cbm
93,Clark Nutcracker,30,7,21,23,0.23333333333333334,6,0.8571428571428571,has_breast_color::white,cbm
94,White breasted Nuthatch,30,20,28,10,0.6666666666666666,18,0.9,has_breast_color::white,cbm
95,Baltimore Oriole,30,1,0,29,0.03333333333333333,0,0.0,has_breast_color::white,cbm
96,Hooded Oriole,30,0,0,30,0.0,0,,has_breast_color::white,cbm
98,Scott Oriole,30,0,0,30,0.0,0,,has_breast_color::white,cbm
99,Ovenbird,30,20,24,10,0.6666666666666666,18,0.9,has_breast_color::white,cbm
100,Brown Pelican,30,8,14,22,0.26666666666666666,4,0.5,has_breast_color::white,cbm
102,Western Wood Pewee,30,14,15,16,0.4666666666666667,10,0.7142857142857143,has_breast_color::white,cbm
112,Great Grey Shrike,30,18,20,12,0.6,12,0.6666666666666666,has_breast_color::white,cbm
103,Sayornis,30,7,12,23,0.23333333333333334,5,0.7142857142857143,has_breast_color::white,cbm
104,American Pipit,30,2,6,28,0.06666666666666667,0,0.0,has_breast_color::white,cbm
106,Horned Puffin,30,19,21,11,0.6333333333333333,14,0.7368421052631579,has_breast_color::white,cbm
107,Common Raven,30,0,0,30,0.0,0,,has_breast_color::white,cbm
108,White necked Raven,30,0,3,30,0.0,0,,has_breast_color::white,cbm
109,American Redstart,30,4,5,26,0.13333333333333333,2,0.5,has_breast_color::white,cbm
110,Geococcyx,30,6,15,24,0.2,4,0.6666666666666666,has_breast_color::white,cbm
111,Loggerhead Shrike,30,22,24,8,0.7333333333333333,19,0.8636363636363636,has_breast_color::white,cbm
142,Black Tern,30,11,21,19,0.36666666666666664,10,0.9090909090909091,has_breast_color::white,cbm
144,Common Tern,30,25,29,5,0.8333333333333334,24,0.96,has_breast_color::white,cbm
90,Red breasted Merganser,30,8,9,22,0.26666666666666666,3,0.375,has_breast_color::white,cbm
145,Elegant Tern,30,29,28,1,0.9666666666666667,27,0.9310344827586207,has_breast_color::white,cbm
176,Prairie Warbler,30,0,0,30,0.0,0,,has_breast_color::white,cbm
177,Prothonotary Warbler,30,0,1,30,0.0,0,,has_breast_color::white,cbm
180,Wilson Warbler,30,0,0,30,0.0,0,,has_breast_color::white,cbm
182,Yellow Warbler,30,1,0,29,0.03333333333333333,0,0.0,has_breast_color::white,cbm
183,Northern Waterthrush,30,16,16,14,0.5333333333333333,11,0.6875,has_breast_color::white,cbm
184,Louisiana Waterthrush,30,22,27,8,0.7333333333333333,21,0.9545454545454546,has_breast_color::white,cbm
185,Bohemian Waxwing,30,6,8,24,0.2,3,0.5,has_breast_color::white,cbm
186,Cedar Waxwing,30,0,5,30,0.0,0,,has_breast_color::white,cbm
188,Pileated Woodpecker,30,1,12,29,0.03333333333333333,1,1.0,has_breast_color::white,cbm
189,Red bellied Woodpecker,30,22,26,8,0.7333333333333333,20,0.9090909090909091,has_breast_color::white,cbm
191,Red headed Woodpecker,30,22,17,8,0.7333333333333333,13,0.5909090909090909,has_breast_color::white,cbm
192,Downy Woodpecker,30,27,26,3,0.9,23,0.8518518518518519,has_breast_color::white,cbm
193,Bewick Wren,30,16,21,14,0.5333333333333333,13,0.8125,has_breast_color::white,cbm
194,Cactus Wren,30,9,12,21,0.3,6,0.6666666666666666,has_breast_color::white,cbm
195,Carolina Wren,30,5,14,25,0.16666666666666666,3,0.6,has_breast_color::white,cbm
196,House Wren,30,10,4,20,0.3333333333333333,3,0.3,has_breast_color::white,cbm
197,Marsh Wren,30,17,18,13,0.5666666666666667,10,0.5882352941176471,has_breast_color::white,cbm
198,Rock Wren,30,10,16,20,0.3333333333333333,4,0.4,has_breast_color::white,cbm
199,Winter Wren,30,8,3,22,0.26666666666666666,1,0.125,has_breast_color::white,cbm
175,Pine Warbler,30,1,1,29,0.03333333333333333,0,0.0,has_breast_color::white,cbm
174,Palm Warbler,30,7,5,23,0.23333333333333334,3,0.42857142857142855,has_breast_color::white,cbm
173,Orange crowned Warbler,30,2,2,28,0.06666666666666667,0,0.0,has_breast_color::white,cbm
158,Bay breasted Warbler,30,11,19,19,0.36666666666666664,8,0.7272727272727273,has_breast_color::white,cbm
146,Forsters Tern,30,29,30,1,0.9666666666666667,29,1.0,has_breast_color::white,cbm
147,Least Tern,30,27,29,3,0.9,27,1.0,has_breast_color::white,cbm
148,Green tailed Towhee,30,7,4,23,0.23333333333333334,2,0.2857142857142857,has_breast_color::white,cbm
150,Sage Thrasher,30,18,16,12,0.6,10,0.5555555555555556,has_breast_color::white,cbm
152,Blue headed Vireo,30,21,24,9,0.7,19,0.9047619047619048,has_breast_color::white,cbm
154,Red eyed Vireo,30,26,24,4,0.8666666666666667,21,0.8076923076923077,has_breast_color::white,cbm
155,Warbling Vireo,30,21,21,9,0.7,14,0.6666666666666666,has_breast_color::white,cbm
156,White eyed Vireo,30,9,12,21,0.3,4,0.4444444444444444,has_breast_color::white,cbm
159,Black and white Warbler,30,24,30,6,0.8,24,1.0,has_breast_color::white,cbm
172,Nashville Warbler,30,2,3,28,0.06666666666666667,0,0.0,has_breast_color::white,cbm
161,Blue winged Warbler,30,0,1,30,0.0,0,,has_breast_color::white,cbm
162,Canada Warbler,30,1,1,29,0.03333333333333333,1,1.0,has_breast_color::white,cbm
163,Cape May Warbler,30,0,0,30,0.0,0,,has_breast_color::white,cbm
164,Cerulean Warbler,30,21,26,9,0.7,20,0.9523809523809523,has_breast_color::white,cbm
165,Chestnut sided Warbler,30,18,26,12,0.6,16,0.8888888888888888,has_breast_color::white,cbm
167,Hooded Warbler,30,0,0,30,0.0,0,,has_breast_color::white,cbm
170,Mourning Warbler,30,1,1,29,0.03333333333333333,0,0.0,has_breast_color::white,cbm
171,Myrtle Warbler,30,13,16,17,0.43333333333333335,8,0.6153846153846154,has_breast_color::white,cbm
91,Mockingbird,30,12,21,18,0.4,9,0.75,has_breast_color::white,cbm
200,Common Yellowthroat,30,0,1,30,0.0,0,,has_breast_color::white,cbm
89,Hooded Merganser,30,18,11,12,0.6,8,0.4444444444444444,has_breast_color::white,cbm
26,Bronzed Cowbird,30,0,0,30,0.0,0,,has_breast_color::white,cbm
61,Heermann Gull,30,8,17,22,0.26666666666666666,5,0.625,has_breast_color::white,cbm
59,California Gull,30,28,30,2,0.9333333333333333,28,1.0,has_breast_color::white,cbm
25,Pelagic Cormorant,30,0,3,30,0.0,0,,has_breast_color::white,cbm
57,Rose breasted Grosbeak,30,14,25,16,0.4666666666666667,13,0.9285714285714286,has_breast_color::white,cbm
56,Pine Grosbeak,30,0,3,30,0.0,0,,has_breast_color::white,cbm
55,Evening Grosbeak,30,2,0,28,0.06666666666666667,0,0.0,has_breast_color::white,cbm
54,Blue Grosbeak,30,2,1,28,0.06666666666666667,0,0.0,has_breast_color::white,cbm
53,Western Grebe,30,19,22,11,0.6333333333333333,14,0.7368421052631579,has_breast_color::white,cbm
52,Pied billed Grebe,30,2,3,28,0.06666666666666667,1,0.5,has_breast_color::white,cbm
51,Horned Grebe,30,10,11,20,0.3333333333333333,6,0.6,has_breast_color::white,cbm
50,Eared Grebe,30,4,7,26,0.13333333333333333,1,0.25,has_breast_color::white,cbm
49,Boat tailed Grackle,30,1,0,29,0.03333333333333333,0,0.0,has_breast_color::white,cbm
48,European Goldfinch,30,23,24,7,0.7666666666666667,21,0.9130434782608695,has_breast_color::white,cbm
47,American Goldfinch,30,2,0,28,0.06666666666666667,0,0.0,has_breast_color::white,cbm
63,Ivory Gull,30,28,28,2,0.9333333333333333,26,0.9285714285714286,has_breast_color::white,cbm
46,Gadwall,30,6,6,24,0.2,1,0.16666666666666666,has_breast_color::white,cbm
45,Northern Fulmar,30,22,23,8,0.7333333333333333,19,0.8636363636363636,has_breast_color::white,cbm
44,Frigatebird,30,13,14,17,0.43333333333333335,10,0.7692307692307693,has_breast_color::white,cbm
88,Western Meadowlark,30,3,3,27,0.1,1,0.3333333333333333,has_breast_color::white,cbm
42,Vermilion Flycatcher,30,0,0,30,0.0,0,,has_breast_color::white,cbm
41,Scissor tailed Flycatcher,30,17,21,13,0.5666666666666667,16,0.9411764705882353,has_breast_color::white,cbm
27,Shiny Cowbird,30,2,1,28,0.06666666666666667,1,0.5,has_breast_color::white,cbm
40,Olive sided Flycatcher,30,19,17,11,0.6333333333333333,11,0.5789473684210527,has_breast_color::white,cbm
38,Great Crested Flycatcher,30,4,3,26,0.13333333333333333,0,0.0,has_breast_color::white,cbm
36,Northern Flicker,30,5,14,25,0.16666666666666666,3,0.6,has_breast_color::white,cbm
29,American Crow,30,0,0,30,0.0,0,,has_breast_color::white,cbm
35,Purple Finch,30,10,7,20,0.3333333333333333,5,0.5,has_breast_color::white,cbm
30,Fish Crow,30,0,0,30,0.0,0,,has_breast_color::white,cbm
21,Eastern Towhee,30,15,6,15,0.5,3,0.2,has_breast_color::white,cbm
62,Herring Gull,30,26,27,4,0.8666666666666667,25,0.9615384615384616,has_breast_color::white,cbm
64,Ring billed Gull,30,29,29,1,0.9666666666666667,28,0.9655172413793104,has_breast_color::white,cbm
73,Blue Jay,30,13,20,17,0.43333333333333335,9,0.6923076923076923,has_breast_color::white,cbm
87,Mallard,30,1,9,29,0.03333333333333333,0,0.0,has_breast_color::white,cbm
86,Pacific Loon,30,15,17,15,0.5,13,0.8666666666666667,has_breast_color::white,cbm
85,Horned Lark,30,17,19,13,0.5666666666666667,13,0.7647058823529411,has_breast_color::white,cbm
4,Groove billed Ani,30,1,0,29,0.03333333333333333,0,0.0,has_breast_color::white,cbm
83,White breasted Kingfisher,30,20,15,10,0.6666666666666666,12,0.6,has_breast_color::white,cbm
82,Ringed Kingfisher,30,7,10,23,0.23333333333333334,2,0.2857142857142857,has_breast_color::white,cbm
81,Pied Kingfisher,30,24,28,6,0.8,22,0.9166666666666666,has_breast_color::white,cbm
80,Green Kingfisher,30,12,18,18,0.4,8,0.6666666666666666,has_breast_color::white,cbm
79,Belted Kingfisher,30,18,27,12,0.6,15,0.8333333333333334,has_breast_color::white,cbm
10,Red winged Blackbird,30,0,2,30,0.0,0,,has_breast_color::white,cbm
77,Tropical Kingbird,30,5,2,25,0.16666666666666666,0,0.0,has_breast_color::white,cbm
11,Rusty Blackbird,30,2,2,28,0.06666666666666667,0,0.0,has_breast_color::white,cbm
74,Florida Jay,30,11,3,19,0.36666666666666664,1,0.09090909090909091,has_breast_color::white,cbm
76,Dark eyed Junco,30,7,11,23,0.23333333333333334,3,0.42857142857142855,has_breast_color::white,cbm
72,Pomarine Jaeger,30,15,14,15,0.5,11,0.7333333333333333,has_breast_color::white,cbm
14,Indigo Bunting,30,0,0,30,0.0,0,,has_breast_color::white,cbm
66,Western Gull,30,27,30,3,0.9,27,1.0,has_breast_color::white,cbm
71,Long tailed Jaeger,30,13,17,17,0.43333333333333335,10,0.7692307692307693,has_breast_color::white,cbm
67,Anna Hummingbird,30,15,15,15,0.5,10,0.6666666666666666,has_breast_color::white,cbm
68,Ruby throated Hummingbird,30,20,17,10,0.6666666666666666,14,0.7,has_breast_color::white,cbm
31,Black billed Cuckoo,30,23,26,7,0.7666666666666667,21,0.9130434782608695,has_breast_color::white,cbm
69,Rufous Hummingbird,30,14,19,16,0.4666666666666667,11,0.7857142857142857,has_breast_color::white,cbm
13,Bobolink,30,1,5,29,0.03333333333333333,1,1.0,has_breast_color::white,cbm
70,Green Violetear,30,0,2,30,0.0,0,,has_breast_color::white,cbm
181,Worm eating Warbler,29,3,4,26,0.10344827586206896,3,1.0,has_breast_color::white,cbm
20,Yellow breasted Chat,29,3,1,26,0.10344827586206896,0,0.0,has_breast_color::white,cbm
169,Magnolia Warbler,29,2,2,27,0.06896551724137931,0,0.0,has_breast_color::white,cbm
168,Kentucky Warbler,29,1,1,28,0.034482758620689655,0,0.0,has_breast_color::white,cbm
28,Brown Creeper,29,22,23,7,0.7586206896551724,18,0.8181818181818182,has_breast_color::white,cbm
9,Brewer Blackbird,29,0,0,29,0.0,0,,has_breast_color::white,cbm
166,Golden winged Warbler,29,11,11,18,0.3793103448275862,6,0.5454545454545454,has_breast_color::white,cbm
23,Brandt Cormorant,29,0,2,29,0.0,0,,has_breast_color::white,cbm
190,Red cockaded Woodpecker,29,13,23,16,0.4482758620689655,13,1.0,has_breast_color::white,cbm
33,Yellow billed Cuckoo,29,26,24,3,0.896551724137931,21,0.8076923076923077,has_breast_color::white,cbm
179,Tennessee Warbler,29,13,10,16,0.4482758620689655,6,0.46153846153846156,has_breast_color::white,cbm
19,Gray Catbird,29,3,3,26,0.10344827586206896,1,0.3333333333333333,has_breast_color::white,cbm
43,Yellow bellied Flycatcher,29,9,6,20,0.3103448275862069,4,0.4444444444444444,has_breast_color::white,cbm
117,Clay colored Sparrow,29,12,20,17,0.41379310344827586,9,0.75,has_breast_color::white,cbm
141,Artic Tern,29,24,28,5,0.8275862068965517,23,0.9583333333333334,has_breast_color::white,cbm
160,Black throated Blue Warbler,29,24,18,5,0.8275862068965517,16,0.6666666666666666,has_breast_color::white,cbm
119,Field Sparrow,29,14,14,15,0.4827586206896552,9,0.6428571428571429,has_breast_color::white,cbm
124,Le Conte Sparrow,29,7,8,22,0.2413793103448276,3,0.42857142857142855,has_breast_color::white,cbm
125,Lincoln Sparrow,29,11,15,18,0.3793103448275862,7,0.6363636363636364,has_breast_color::white,cbm
115,Brewer Sparrow,29,11,13,18,0.3793103448275862,5,0.45454545454545453,has_breast_color::white,cbm
60,Glaucous winged Gull,29,26,27,3,0.896551724137931,25,0.9615384615384616,has_breast_color::white,cbm
78,Gray Kingbird,29,22,22,7,0.7586206896551724,17,0.7727272727272727,has_breast_color::white,cbm
97,Orchard Oriole,29,0,2,29,0.0,0,,has_breast_color::white,cbm
149,Brown Thrasher,29,12,13,17,0.41379310344827586,7,0.5833333333333334,has_breast_color::white,cbm
39,Least Flycatcher,29,13,14,16,0.4482758620689655,8,0.6153846153846154,has_breast_color::white,cbm
153,Philadelphia Vireo,29,8,15,21,0.27586206896551724,7,0.875,has_breast_color::white,cbm
37,Acadian Flycatcher,29,11,15,18,0.3793103448275862,8,0.7272727272727273,has_breast_color::white,cbm
157,Yellow throated Vireo,29,2,2,27,0.06896551724137931,0,0.0,has_breast_color::white,cbm
34,Gray crowned Rosy Finch,29,1,4,28,0.034482758620689655,0,0.0,has_breast_color::white,cbm
3,Sooty Albatross,28,3,7,25,0.10714285714285714,1,0.3333333333333333,has_breast_color::white,cbm
15,Lazuli Bunting,28,6,6,22,0.21428571428571427,1,0.16666666666666666,has_breast_color::white,cbm
16,Painted Bunting,28,0,0,28,0.0,0,,has_breast_color::white,cbm
58,Pigeon Guillemot,28,2,2,26,0.07142857142857142,2,1.0,has_breast_color::white,cbm
17,Cardinal,27,0,0,27,0.0,0,,has_breast_color::white,cbm
75,Green Jay,27,1,4,26,0.037037037037037035,0,0.0,has_breast_color::white,cbm
178,Swainson Warbler,26,17,19,9,0.6538461538461539,14,0.8235294117647058,has_breast_color::white,cbm
12,Yellow headed Blackbird,26,0,1,26,0.0,0,,has_breast_color::white,cbm
22,Chuck will Widow,26,5,3,21,0.19230769230769232,0,0.0,has_breast_color::white,cbm
7,Parakeet Auklet,23,18,16,5,0.782608695652174,14,0.7777777777777778,has_breast_color::white,cbm
84,Red legged Kittiwake,23,21,23,2,0.9130434782608695,21,1.0,has_breast_color::white,cbm
32,Mangrove Cuckoo,23,8,7,15,0.34782608695652173,4,0.5,has_breast_color::white,cbm
24,Red faced Cormorant,22,0,0,22,0.0,0,,has_breast_color::white,cbm
151,Black capped Vireo,21,16,17,5,0.7619047619047619,12,0.75,has_breast_color::white,cbm
113,Baird Sparrow,20,8,12,12,0.4,5,0.625,has_breast_color::white,cbm
187,American Three toed Woodpecker,20,13,10,7,0.65,7,0.5384615384615384,has_breast_color::white,cbm
65,Slaty backed Gull,20,16,17,4,0.8,14,0.875,has_breast_color::white,cbm
101,White Pelican,20,16,18,4,0.8,16,1.0,has_breast_color::white,cbm
105,Whip poor Will,19,4,4,15,0.21052631578947367,0,0.0,has_breast_color::white,cbm
8,Rhinoceros Auklet,18,5,3,13,0.2777777777777778,1,0.2,has_breast_color::white,cbm
18,Spotted Catbird,15,3,2,12,0.2,0,0.0,has_breast_color::white,cbm
5,Crested Auklet,14,2,3,12,0.14285714285714285,1,0.5,has_breast_color::white,cbm
6,Least Auklet,11,7,9,4,0.6363636363636364,6,0.8571428571428571,has_breast_color::white,cbm
1,Black footed Albatross,30,8,9,22,0.26666666666666666,6,0.75,has_wing_color::grey,cbm
143,Caspian Tern,30,9,20,21,0.3,8,0.8888888888888888,has_wing_color::grey,cbm
120,Fox Sparrow,30,7,8,23,0.23333333333333334,3,0.42857142857142855,has_wing_color::grey,cbm
121,Grasshopper Sparrow,30,6,19,24,0.2,4,0.6666666666666666,has_wing_color::grey,cbm
122,Harris Sparrow,30,7,14,23,0.23333333333333334,3,0.42857142857142855,has_wing_color::grey,cbm
123,Henslow Sparrow,30,5,4,25,0.16666666666666666,0,0.0,has_wing_color::grey,cbm
126,Nelson Sharp tailed Sparrow,30,10,10,20,0.3333333333333333,3,0.3,has_wing_color::grey,cbm
127,Savannah Sparrow,30,7,8,23,0.23333333333333334,3,0.42857142857142855,has_wing_color::grey,cbm
128,Seaside Sparrow,30,12,17,18,0.4,8,0.6666666666666666,has_wing_color::grey,cbm
129,Song Sparrow,30,7,3,23,0.23333333333333334,0,0.0,has_wing_color::grey,cbm
130,Tree Sparrow,30,6,9,24,0.2,4,0.6666666666666666,has_wing_color::grey,cbm
131,Vesper Sparrow,30,10,12,20,0.3333333333333333,2,0.2,has_wing_color::grey,cbm
132,White crowned Sparrow,30,10,14,20,0.3333333333333333,4,0.4,has_wing_color::grey,cbm
133,White throated Sparrow,30,5,17,25,0.16666666666666666,2,0.4,has_wing_color::grey,cbm
134,Cape Glossy Starling,30,1,0,29,0.03333333333333333,0,0.0,has_wing_color::grey,cbm
135,Bank Swallow,30,11,14,19,0.36666666666666664,8,0.7272727272727273,has_wing_color::grey,cbm
136,Barn Swallow,30,1,7,29,0.03333333333333333,0,0.0,has_wing_color::grey,cbm
137,Cliff Swallow,30,4,7,26,0.13333333333333333,3,0.75,has_wing_color::grey,cbm
138,Tree Swallow,30,6,13,24,0.2,0,0.0,has_wing_color::grey,cbm
139,Scarlet Tanager,30,2,2,28,0.06666666666666667,1,0.5,has_wing_color::grey,cbm
140,Summer Tanager,30,1,2,29,0.03333333333333333,0,0.0,has_wing_color::grey,cbm
118,House Sparrow,30,8,13,22,0.26666666666666666,6,0.75,has_wing_color::grey,cbm
116,Chipping Sparrow,30,6,13,24,0.2,2,0.3333333333333333,has_wing_color::grey,cbm
114,Black throated Sparrow,30,15,27,15,0.5,15,1.0,has_wing_color::grey,cbm
2,Laysan Albatross,30,7,11,23,0.23333333333333334,3,0.42857142857142855,has_wing_color::grey,cbm
92,Nighthawk,30,12,15,18,0.4,10,0.8333333333333334,has_wing_color::grey,cbm
93,Clark Nutcracker,30,12,26,18,0.4,11,0.9166666666666666,has_wing_color::grey,cbm
94,White breasted Nuthatch,30,21,26,9,0.7,20,0.9523809523809523,has_wing_color::grey,cbm
95,Baltimore Oriole,30,6,8,24,0.2,1,0.16666666666666666,has_wing_color::grey,cbm
96,Hooded Oriole,30,6,6,24,0.2,3,0.5,has_wing_color::grey,cbm
98,Scott Oriole,30,7,5,23,0.23333333333333334,3,0.42857142857142855,has_wing_color::grey,cbm
99,Ovenbird,30,5,8,25,0.16666666666666666,2,0.4,has_wing_color::grey,cbm
100,Brown Pelican,30,11,9,19,0.36666666666666664,6,0.5454545454545454,has_wing_color::grey,cbm
102,Western Wood Pewee,30,13,18,17,0.43333333333333335,10,0.7692307692307693,has_wing_color::grey,cbm
112,Great Grey Shrike,30,16,26,14,0.5333333333333333,14,0.875,has_wing_color::grey,cbm
103,Sayornis,30,6,14,24,0.2,6,1.0,has_wing_color::grey,cbm
104,American Pipit,30,14,11,16,0.4666666666666667,8,0.5714285714285714,has_wing_color::grey,cbm
106,Horned Puffin,30,2,9,28,0.06666666666666667,1,0.5,has_wing_color::grey,cbm
107,Common Raven,30,4,7,26,0.13333333333333333,2,0.5,has_wing_color::grey,cbm
108,White necked Raven,30,6,5,24,0.2,1,0.16666666666666666,has_wing_color::grey,cbm
109,American Redstart,30,6,8,24,0.2,4,0.6666666666666666,has_wing_color::grey,cbm
110,Geococcyx,30,6,9,24,0.2,2,0.3333333333333333,has_wing_color::grey,cbm
111,Loggerhead Shrike,30,14,22,16,0.4666666666666667,12,0.8571428571428571,has_wing_color::grey,cbm
142,Black Tern,30,19,22,11,0.6333333333333333,15,0.7894736842105263,has_wing_color::grey,cbm
144,Common Tern,30,15,27,15,0.5,14,0.9333333333333333,has_wing_color::grey,cbm
90,Red breasted Merganser,30,15,11,15,0.5,3,0.2,has_wing_color::grey,cbm
145,Elegant Tern,30,17,24,13,0.5666666666666667,14,0.8235294117647058,has_wing_color::grey,cbm
176,Prairie Warbler,30,8,20,22,0.26666666666666666,6,0.75,has_wing_color::grey,cbm
177,Prothonotary Warbler,30,15,24,15,0.5,13,0.8666666666666667,has_wing_color::grey,cbm
180,Wilson Warbler,30,12,11,18,0.4,4,0.3333333333333333,has_wing_color::grey,cbm
182,Yellow Warbler,30,6,12,24,0.2,4,0.6666666666666666,has_wing_color::grey,cbm
183,Northern Waterthrush,30,10,16,20,0.3333333333333333,9,0.9,has_wing_color::grey,cbm
184,Louisiana Waterthrush,30,13,17,17,0.43333333333333335,8,0.6153846153846154,has_wing_color::grey,cbm
185,Bohemian Waxwing,30,14,20,16,0.4666666666666667,10,0.7142857142857143,has_wing_color::grey,cbm
186,Cedar Waxwing,30,13,14,17,0.43333333333333335,9,0.6923076923076923,has_wing_color::grey,cbm
188,Pileated Woodpecker,30,1,2,29,0.03333333333333333,0,0.0,has_wing_color::grey,cbm
189,Red bellied Woodpecker,30,3,3,27,0.1,1,0.3333333333333333,has_wing_color::grey,cbm
191,Red headed Woodpecker,30,2,1,28,0.06666666666666667,1,0.5,has_wing_color::grey,cbm
192,Downy Woodpecker,30,2,1,28,0.06666666666666667,0,0.0,has_wing_color::grey,cbm
193,Bewick Wren,30,6,2,24,0.2,0,0.0,has_wing_color::grey,cbm
194,Cactus Wren,30,6,12,24,0.2,5,0.8333333333333334,has_wing_color::grey,cbm
195,Carolina Wren,30,4,0,26,0.13333333333333333,0,0.0,has_wing_color::grey,cbm
196,House Wren,30,4,6,26,0.13333333333333333,2,0.5,has_wing_color::grey,cbm
197,Marsh Wren,30,4,11,26,0.13333333333333333,1,0.25,has_wing_color::grey,cbm
198,Rock Wren,30,12,10,18,0.4,6,0.5,has_wing_color::grey,cbm
199,Winter Wren,30,2,1,28,0.06666666666666667,0,0.0,has_wing_color::grey,cbm
175,Pine Warbler,30,22,27,8,0.7333333333333333,21,0.9545454545454546,has_wing_color::grey,cbm
174,Palm Warbler,30,8,15,22,0.26666666666666666,6,0.75,has_wing_color::grey,cbm
173,Orange crowned Warbler,30,15,16,15,0.5,11,0.7333333333333333,has_wing_color::grey,cbm
158,Bay breasted Warbler,30,14,26,16,0.4666666666666667,12,0.8571428571428571,has_wing_color::grey,cbm
146,Forsters Tern,30,16,26,14,0.5333333333333333,15,0.9375,has_wing_color::grey,cbm
147,Least Tern,30,19,26,11,0.6333333333333333,18,0.9473684210526315,has_wing_color::grey,cbm
148,Green tailed Towhee,30,18,26,12,0.6,17,0.9444444444444444,has_wing_color::grey,cbm
150,Sage Thrasher,30,14,18,16,0.4666666666666667,14,1.0,has_wing_color::grey,cbm
152,Blue headed Vireo,30,18,27,12,0.6,17,0.9444444444444444,has_wing_color::grey,cbm
154,Red eyed Vireo,30,11,14,19,0.36666666666666664,6,0.5454545454545454,has_wing_color::grey,cbm
155,Warbling Vireo,30,15,18,15,0.5,11,0.7333333333333333,has_wing_color::grey,cbm
156,White eyed Vireo,30,13,25,17,0.43333333333333335,12,0.9230769230769231,has_wing_color::grey,cbm
159,Black and white Warbler,30,5,18,25,0.16666666666666666,4,0.8,has_wing_color::grey,cbm
172,Nashville Warbler,30,16,24,14,0.5333333333333333,14,0.875,has_wing_color::grey,cbm
161,Blue winged Warbler,30,20,25,10,0.6666666666666666,19,0.95,has_wing_color::grey,cbm
162,Canada Warbler,30,16,24,14,0.5333333333333333,15,0.9375,has_wing_color::grey,cbm
163,Cape May Warbler,30,8,16,22,0.26666666666666666,7,0.875,has_wing_color::grey,cbm
164,Cerulean Warbler,30,10,24,20,0.3333333333333333,10,1.0,has_wing_color::grey,cbm
165,Chestnut sided Warbler,30,15,24,15,0.5,12,0.8,has_wing_color::grey,cbm
167,Hooded Warbler,30,9,10,21,0.3,3,0.3333333333333333,has_wing_color::grey,cbm
170,Mourning Warbler,30,6,19,24,0.2,4,0.6666666666666666,has_wing_color::grey,cbm
171,Myrtle Warbler,30,15,24,15,0.5,13,0.8666666666666667,has_wing_color::grey,cbm
91,Mockingbird,30,13,20,17,0.43333333333333335,11,0.8461538461538461,has_wing_color::grey,cbm
200,Common Yellowthroat,30,3,18,27,0.1,2,0.6666666666666666,has_wing_color::grey,cbm
89,Hooded Merganser,30,7,5,23,0.23333333333333334,2,0.2857142857142857,has_wing_color::grey,cbm
26,Bronzed Cowbird,30,2,1,28,0.06666666666666667,0,0.0,has_wing_color::grey,cbm
61,Heermann Gull,30,21,25,9,0.7,19,0.9047619047619048,has_wing_color::grey,cbm
59,California Gull,30,21,22,9,0.7,16,0.7619047619047619,has_wing_color::grey,cbm
25,Pelagic Cormorant,30,3,8,27,0.1,2,0.6666666666666666,has_wing_color::grey,cbm
57,Rose breasted Grosbeak,30,0,3,30,0.0,0,,has_wing_color::grey,cbm
56,Pine Grosbeak,30,15,18,15,0.5,9,0.6,has_wing_color::grey,cbm
55,Evening Grosbeak,30,1,7,29,0.03333333333333333,1,1.0,has_wing_color::grey,cbm
54,Blue Grosbeak,30,2,2,28,0.06666666666666667,0,0.0,has_wing_color::grey,cbm
53,Western Grebe,30,10,16,20,0.3333333333333333,5,0.5,has_wing_color::grey,cbm
52,Pied billed Grebe,30,4,10,26,0.13333333333333333,1,0.25,has_wing_color::grey,cbm
51,Horned Grebe,30,10,17,20,0.3333333333333333,5,0.5,has_wing_color::grey,cbm
50,Eared Grebe,30,9,21,21,0.3,7,0.7777777777777778,has_wing_color::grey,cbm
49,Boat tailed Grackle,30,4,1,26,0.13333333333333333,0,0.0,has_wing_color::grey,cbm
48,European Goldfinch,30,3,8,27,0.1,2,0.6666666666666666,has_wing_color::grey,cbm
47,American Goldfinch,30,4,6,26,0.13333333333333333,2,0.5,has_wing_color::grey,cbm
63,Ivory Gull,30,3,20,27,0.1,2,0.6666666666666666,has_wing_color::grey,cbm
46,Gadwall,30,11,20,19,0.36666666666666664,8,0.7272727272727273,has_wing_color::grey,cbm
45,Northern Fulmar,30,25,26,5,0.8333333333333334,22,0.88,has_wing_color::grey,cbm
44,Frigatebird,30,3,2,27,0.1,1,0.3333333333333333,has_wing_color::grey,cbm
88,Western Meadowlark,30,12,14,18,0.4,8,0.6666666666666666,has_wing_color::grey,cbm
42,Vermilion Flycatcher,30,9,16,21,0.3,4,0.4444444444444444,has_wing_color::grey,cbm
41,Scissor tailed Flycatcher,30,11,19,19,0.36666666666666664,8,0.7272727272727273,has_wing_color::grey,cbm
27,Shiny Cowbird,30,3,3,27,0.1,1,0.3333333333333333,has_wing_color::grey,cbm
40,Olive sided Flycatcher,30,12,13,18,0.4,8,0.6666666666666666,has_wing_color::grey,cbm
38,Great Crested Flycatcher,30,9,10,21,0.3,6,0.6666666666666666,has_wing_color::grey,cbm
36,Northern Flicker,30,9,12,21,0.3,7,0.7777777777777778,has_wing_color::grey,cbm
29,American Crow,30,2,4,28,0.06666666666666667,0,0.0,has_wing_color::grey,cbm
35,Purple Finch,30,7,4,23,0.23333333333333334,1,0.14285714285714285,has_wing_color::grey,cbm
30,Fish Crow,30,1,3,29,0.03333333333333333,0,0.0,has_wing_color::grey,cbm
21,Eastern Towhee,30,1,10,29,0.03333333333333333,1,1.0,has_wing_color::grey,cbm
62,Herring Gull,30,22,27,8,0.7333333333333333,21,0.9545454545454546,has_wing_color::grey,cbm
64,Ring billed Gull,30,21,27,9,0.7,20,0.9523809523809523,has_wing_color::grey,cbm
73,Blue Jay,30,10,14,20,0.3333333333333333,5,0.5,has_wing_color::grey,cbm
87,Mallard,30,10,8,20,0.3333333333333333,4,0.4,has_wing_color::grey,cbm
86,Pacific Loon,30,11,17,19,0.36666666666666664,8,0.7272727272727273,has_wing_color::grey,cbm
85,Horned Lark,30,7,16,23,0.23333333333333334,5,0.7142857142857143,has_wing_color::grey,cbm
4,Groove billed Ani,30,1,3,29,0.03333333333333333,0,0.0,has_wing_color::grey,cbm
83,White breasted Kingfisher,30,1,1,29,0.03333333333333333,1,1.0,has_wing_color::grey,cbm
82,Ringed Kingfisher,30,14,15,16,0.4666666666666667,7,0.5,has_wing_color::grey,cbm
81,Pied Kingfisher,30,5,6,25,0.16666666666666666,1,0.2,has_wing_color::grey,cbm
80,Green Kingfisher,30,3,8,27,0.1,1,0.3333333333333333,has_wing_color::grey,cbm
79,Belted Kingfisher,30,21,25,9,0.7,18,0.8571428571428571,has_wing_color::grey,cbm
10,Red winged Blackbird,30,0,0,30,0.0,0,,has_wing_color::grey,cbm
77,Tropical Kingbird,30,16,26,14,0.5333333333333333,14,0.875,has_wing_color::grey,cbm
11,Rusty Blackbird,30,7,12,23,0.23333333333333334,5,0.7142857142857143,has_wing_color::grey,cbm
74,Florida Jay,30,8,23,22,0.26666666666666666,5,0.625,has_wing_color::grey,cbm
76,Dark eyed Junco,30,14,20,16,0.4666666666666667,10,0.7142857142857143,has_wing_color::grey,cbm
72,Pomarine Jaeger,30,5,16,25,0.16666666666666666,2,0.4,has_wing_color::grey,cbm
14,Indigo Bunting,30,7,6,23,0.23333333333333334,2,0.2857142857142857,has_wing_color::grey,cbm
66,Western Gull,30,22,28,8,0.7333333333333333,20,0.9090909090909091,has_wing_color::grey,cbm
71,Long tailed Jaeger,30,13,17,17,0.43333333333333335,10,0.7692307692307693,has_wing_color::grey,cbm
67,Anna Hummingbird,30,13,9,17,0.43333333333333335,9,0.6923076923076923,has_wing_color::grey,cbm
68,Ruby throated Hummingbird,30,6,8,24,0.2,3,0.5,has_wing_color::grey,cbm
31,Black billed Cuckoo,30,2,9,28,0.06666666666666667,1,0.5,has_wing_color::grey,cbm
69,Rufous Hummingbird,30,5,2,25,0.16666666666666666,0,0.0,has_wing_color::grey,cbm
13,Bobolink,30,8,5,22,0.26666666666666666,2,0.25,has_wing_color::grey,cbm
70,Green Violetear,30,6,2,24,0.2,0,0.0,has_wing_color::grey,cbm
181,Worm eating Warbler,29,7,10,22,0.2413793103448276,5,0.7142857142857143,has_wing_color::grey,cbm
20,Yellow breasted Chat,29,10,24,19,0.3448275862068966,10,1.0,has_wing_color::grey,cbm
169,Magnolia Warbler,29,13,22,16,0.4482758620689655,10,0.7692307692307693,has_wing_color::grey,cbm
168,Kentucky Warbler,29,8,18,21,0.27586206896551724,6,0.75,has_wing_color::grey,cbm
28,Brown Creeper,29,5,8,24,0.1724137931034483,3,0.6,has_wing_color::grey,cbm
9,Brewer Blackbird,29,0,0,29,0.0,0,,has_wing_color::grey,cbm
166,Golden winged Warbler,29,21,27,8,0.7241379310344828,20,0.9523809523809523,has_wing_color::grey,cbm
23,Brandt Cormorant,29,6,4,23,0.20689655172413793,0,0.0,has_wing_color::grey,cbm
190,Red cockaded Woodpecker,29,2,2,27,0.06896551724137931,0,0.0,has_wing_color::grey,cbm
33,Yellow billed Cuckoo,29,7,19,22,0.2413793103448276,5,0.7142857142857143,has_wing_color::grey,cbm
179,Tennessee Warbler,29,14,21,15,0.4827586206896552,12,0.8571428571428571,has_wing_color::grey,cbm
19,Gray Catbird,29,25,24,4,0.8620689655172413,22,0.88,has_wing_color::grey,cbm
43,Yellow bellied Flycatcher,29,11,17,18,0.3793103448275862,9,0.8181818181818182,has_wing_color::grey,cbm
117,Clay colored Sparrow,29,9,13,20,0.3103448275862069,5,0.5555555555555556,has_wing_color::grey,cbm
141,Artic Tern,29,7,21,22,0.2413793103448276,5,0.7142857142857143,has_wing_color::grey,cbm
160,Black throated Blue Warbler,29,6,16,23,0.20689655172413793,3,0.5,has_wing_color::grey,cbm
119,Field Sparrow,29,11,12,18,0.3793103448275862,7,0.6363636363636364,has_wing_color::grey,cbm
124,Le Conte Sparrow,29,4,6,25,0.13793103448275862,1,0.25,has_wing_color::grey,cbm
125,Lincoln Sparrow,29,6,10,23,0.20689655172413793,4,0.6666666666666666,has_wing_color::grey,cbm
115,Brewer Sparrow,29,9,17,20,0.3103448275862069,8,0.8888888888888888,has_wing_color::grey,cbm
60,Glaucous winged Gull,29,24,28,5,0.8275862068965517,23,0.9583333333333334,has_wing_color::grey,cbm
78,Gray Kingbird,29,16,17,13,0.5517241379310345,11,0.6875,has_wing_color::grey,cbm
97,Orchard Oriole,29,5,6,24,0.1724137931034483,2,0.4,has_wing_color::grey,cbm
149,Brown Thrasher,29,2,3,27,0.06896551724137931,1,0.5,has_wing_color::grey,cbm
39,Least Flycatcher,29,13,16,16,0.4482758620689655,10,0.7692307692307693,has_wing_color::grey,cbm
153,Philadelphia Vireo,29,18,22,11,0.6206896551724138,15,0.8333333333333334,has_wing_color::grey,cbm
37,Acadian Flycatcher,29,11,18,18,0.3793103448275862,9,0.8181818181818182,has_wing_color::grey,cbm
157,Yellow throated Vireo,29,14,18,15,0.4827586206896552,11,0.7857142857142857,has_wing_color::grey,cbm
34,Gray crowned Rosy Finch,29,12,17,17,0.41379310344827586,6,0.5,has_wing_color::grey,cbm
3,Sooty Albatross,28,13,12,15,0.4642857142857143,7,0.5384615384615384,has_wing_color::grey,cbm
15,Lazuli Bunting,28,8,23,20,0.2857142857142857,7,0.875,has_wing_color::grey,cbm
16,Painted Bunting,28,2,7,26,0.07142857142857142,1,0.5,has_wing_color::grey,cbm
58,Pigeon Guillemot,28,7,13,21,0.25,6,0.8571428571428571,has_wing_color::grey,cbm
17,Cardinal,27,7,0,20,0.25925925925925924,0,0.0,has_wing_color::grey,cbm
75,Green Jay,27,0,1,27,0.0,0,,has_wing_color::grey,cbm
178,Swainson Warbler,26,1,6,25,0.038461538461538464,0,0.0,has_wing_color::grey,cbm
12,Yellow headed Blackbird,26,3,6,23,0.11538461538461539,1,0.3333333333333333,has_wing_color::grey,cbm
22,Chuck will Widow,26,4,9,22,0.15384615384615385,3,0.75,has_wing_color::grey,cbm
7,Parakeet Auklet,23,10,9,13,0.43478260869565216,5,0.5,has_wing_color::grey,cbm
84,Red legged Kittiwake,23,14,15,9,0.6086956521739131,12,0.8571428571428571,has_wing_color::grey,cbm
32,Mangrove Cuckoo,23,7,8,16,0.30434782608695654,1,0.14285714285714285,has_wing_color::grey,cbm
24,Red faced Cormorant,22,3,0,19,0.13636363636363635,0,0.0,has_wing_color::grey,cbm
151,Black capped Vireo,21,5,10,16,0.23809523809523808,1,0.2,has_wing_color::grey,cbm
113,Baird Sparrow,20,2,8,18,0.1,1,0.5,has_wing_color::grey,cbm
187,American Three toed Woodpecker,20,3,0,17,0.15,0,0.0,has_wing_color::grey,cbm
65,Slaty backed Gull,20,10,13,10,0.5,7,0.7,has_wing_color::grey,cbm
101,White Pelican,20,3,5,17,0.15,2,0.6666666666666666,has_wing_color::grey,cbm
105,Whip poor Will,19,7,2,12,0.3684210526315789,2,0.2857142857142857,has_wing_color::grey,cbm
8,Rhinoceros Auklet,18,2,7,16,0.1111111111111111,1,0.5,has_wing_color::grey,cbm
18,Spotted Catbird,15,1,1,14,0.06666666666666667,0,0.0,has_wing_color::grey,cbm
5,Crested Auklet,14,4,4,10,0.2857142857142857,2,0.5,has_wing_color::grey,cbm
6,Least Auklet,11,4,6,7,0.36363636363636365,3,0.75,has_wing_color::grey,cbm
1,Black footed Albatross,30,1,1,29,0.03333333333333333,0,0.0,has_wing_color::white,cbm
143,Caspian Tern,30,20,28,10,0.6666666666666666,20,1.0,has_wing_color::white,cbm
120,Fox Sparrow,30,8,9,22,0.26666666666666666,3,0.375,has_wing_color::white,cbm
121,Grasshopper Sparrow,30,6,8,24,0.2,3,0.5,has_wing_color::white,cbm
122,Harris Sparrow,30,15,14,15,0.5,9,0.6,has_wing_color::white,cbm
123,Henslow Sparrow,30,5,6,25,0.16666666666666666,1,0.2,has_wing_color::white,cbm
126,Nelson Sharp tailed Sparrow,30,6,3,24,0.2,1,0.16666666666666666,has_wing_color::white,cbm
127,Savannah Sparrow,30,10,7,20,0.3333333333333333,3,0.3,has_wing_color::white,cbm
128,Seaside Sparrow,30,1,1,29,0.03333333333333333,0,0.0,has_wing_color::white,cbm
129,Song Sparrow,30,4,4,26,0.13333333333333333,0,0.0,has_wing_color::white,cbm
130,Tree Sparrow,30,14,14,16,0.4666666666666667,8,0.5714285714285714,has_wing_color::white,cbm
131,Vesper Sparrow,30,9,11,21,0.3,3,0.3333333333333333,has_wing_color::white,cbm
132,White crowned Sparrow,30,10,12,20,0.3333333333333333,6,0.6,has_wing_color::white,cbm
133,White throated Sparrow,30,5,11,25,0.16666666666666666,3,0.6,has_wing_color::white,cbm
134,Cape Glossy Starling,30,0,0,30,0.0,0,,has_wing_color::white,cbm
135,Bank Swallow,30,3,6,27,0.1,1,0.3333333333333333,has_wing_color::white,cbm
136,Barn Swallow,30,2,0,28,0.06666666666666667,0,0.0,has_wing_color::white,cbm
137,Cliff Swallow,30,1,6,29,0.03333333333333333,1,1.0,has_wing_color::white,cbm
138,Tree Swallow,30,1,2,29,0.03333333333333333,0,0.0,has_wing_color::white,cbm
139,Scarlet Tanager,30,0,7,30,0.0,0,,has_wing_color::white,cbm
140,Summer Tanager,30,0,0,30,0.0,0,,has_wing_color::white,cbm
118,House Sparrow,30,5,5,25,0.16666666666666666,0,0.0,has_wing_color::white,cbm
116,Chipping Sparrow,30,11,14,19,0.36666666666666664,8,0.7272727272727273,has_wing_color::white,cbm
114,Black throated Sparrow,30,3,8,27,0.1,2,0.6666666666666666,has_wing_color::white,cbm
2,Laysan Albatross,30,3,12,27,0.1,2,0.6666666666666666,has_wing_color::white,cbm
92,Nighthawk,30,19,13,11,0.6333333333333333,11,0.5789473684210527,has_wing_color::white,cbm
93,Clark Nutcracker,30,10,19,20,0.3333333333333333,8,0.8,has_wing_color::white,cbm
94,White breasted Nuthatch,30,11,19,19,0.36666666666666664,8,0.7272727272727273,has_wing_color::white,cbm
95,Baltimore Oriole,30,17,18,13,0.5666666666666667,10,0.5882352941176471,has_wing_color::white,cbm
96,Hooded Oriole,30,13,14,17,0.43333333333333335,9,0.6923076923076923,has_wing_color::white,cbm
98,Scott Oriole,30,15,14,15,0.5,8,0.5333333333333333,has_wing_color::white,cbm
99,Ovenbird,30,0,12,30,0.0,0,,has_wing_color::white,cbm
100,Brown Pelican,30,5,13,25,0.16666666666666666,3,0.6,has_wing_color::white,cbm
102,Western Wood Pewee,30,12,4,18,0.4,1,0.08333333333333333,has_wing_color::white,cbm
112,Great Grey Shrike,30,10,11,20,0.3333333333333333,4,0.4,has_wing_color::white,cbm
103,Sayornis,30,5,5,25,0.16666666666666666,2,0.4,has_wing_color::white,cbm
104,American Pipit,30,5,6,25,0.16666666666666666,1,0.2,has_wing_color::white,cbm
106,Horned Puffin,30,3,7,27,0.1,0,0.0,has_wing_color::white,cbm
107,Common Raven,30,0,1,30,0.0,0,,has_wing_color::white,cbm
108,White necked Raven,30,0,3,30,0.0,0,,has_wing_color::white,cbm
109,American Redstart,30,0,3,30,0.0,0,,has_wing_color::white,cbm
110,Geococcyx,30,10,25,20,0.3333333333333333,7,0.7,has_wing_color::white,cbm
111,Loggerhead Shrike,30,15,15,15,0.5,10,0.6666666666666666,has_wing_color::white,cbm
142,Black Tern,30,10,13,20,0.3333333333333333,7,0.7,has_wing_color::white,cbm
144,Common Tern,30,20,25,10,0.6666666666666666,16,0.8,has_wing_color::white,cbm
90,Red breasted Merganser,30,12,13,18,0.4,6,0.5,has_wing_color::white,cbm
145,Elegant Tern,30,18,26,12,0.6,17,0.9444444444444444,has_wing_color::white,cbm
176,Prairie Warbler,30,2,3,28,0.06666666666666667,0,0.0,has_wing_color::white,cbm
177,Prothonotary Warbler,30,2,2,28,0.06666666666666667,0,0.0,has_wing_color::white,cbm
180,Wilson Warbler,30,0,0,30,0.0,0,,has_wing_color::white,cbm
182,Yellow Warbler,30,0,4,30,0.0,0,,has_wing_color::white,cbm
183,Northern Waterthrush,30,1,3,29,0.03333333333333333,0,0.0,has_wing_color::white,cbm
184,Louisiana Waterthrush,30,0,7,30,0.0,0,,has_wing_color::white,cbm
185,Bohemian Waxwing,30,19,14,11,0.6333333333333333,11,0.5789473684210527,has_wing_color::white,cbm
186,Cedar Waxwing,30,4,5,26,0.13333333333333333,1,0.25,has_wing_color::white,cbm
188,Pileated Woodpecker,30,4,10,26,0.13333333333333333,0,0.0,has_wing_color::white,cbm
189,Red bellied Woodpecker,30,30,29,0,1.0,29,0.9666666666666667,has_wing_color::white,cbm
191,Red headed Woodpecker,30,22,23,8,0.7333333333333333,17,0.7727272727272727,has_wing_color::white,cbm
192,Downy Woodpecker,30,28,27,2,0.9333333333333333,25,0.8928571428571429,has_wing_color::white,cbm
193,Bewick Wren,30,3,2,27,0.1,0,0.0,has_wing_color::white,cbm
194,Cactus Wren,30,14,16,16,0.4666666666666667,10,0.7142857142857143,has_wing_color::white,cbm
195,Carolina Wren,30,5,5,25,0.16666666666666666,2,0.4,has_wing_color::white,cbm
196,House Wren,30,6,5,24,0.2,1,0.16666666666666666,has_wing_color::white,cbm
197,Marsh Wren,30,6,5,24,0.2,1,0.16666666666666666,has_wing_color::white,cbm
198,Rock Wren,30,5,6,25,0.16666666666666666,0,0.0,has_wing_color::white,cbm
199,Winter Wren,30,9,4,21,0.3,1,0.1111111111111111,has_wing_color::white,cbm
175,Pine Warbler,30,14,12,16,0.4666666666666667,7,0.5,has_wing_color::white,cbm
174,Palm Warbler,30,3,2,27,0.1,0,0.0,has_wing_color::white,cbm
173,Orange crowned Warbler,30,0,0,30,0.0,0,,has_wing_color::white,cbm
158,Bay breasted Warbler,30,21,23,9,0.7,15,0.7142857142857143,has_wing_color::white,cbm
146,Forsters Tern,30,19,23,11,0.6333333333333333,15,0.7894736842105263,has_wing_color::white,cbm
147,Least Tern,30,13,15,17,0.43333333333333335,9,0.6923076923076923,has_wing_color::white,cbm
148,Green tailed Towhee,30,0,1,30,0.0,0,,has_wing_color::white,cbm
150,Sage Thrasher,30,13,9,17,0.43333333333333335,4,0.3076923076923077,has_wing_color::white,cbm
152,Blue headed Vireo,30,20,15,10,0.6666666666666666,11,0.55,has_wing_color::white,cbm
154,Red eyed Vireo,30,2,5,28,0.06666666666666667,0,0.0,has_wing_color::white,cbm
155,Warbling Vireo,30,2,3,28,0.06666666666666667,0,0.0,has_wing_color::white,cbm
156,White eyed Vireo,30,11,15,19,0.36666666666666664,5,0.45454545454545453,has_wing_color::white,cbm
159,Black and white Warbler,30,28,30,2,0.9333333333333333,28,1.0,has_wing_color::white,cbm
172,Nashville Warbler,30,0,0,30,0.0,0,,has_wing_color::white,cbm
161,Blue winged Warbler,30,8,3,22,0.26666666666666666,1,0.125,has_wing_color::white,cbm
162,Canada Warbler,30,2,0,28,0.06666666666666667,0,0.0,has_wing_color::white,cbm
163,Cape May Warbler,30,10,9,20,0.3333333333333333,3,0.3,has_wing_color::white,cbm
164,Cerulean Warbler,30,21,16,9,0.7,13,0.6190476190476191,has_wing_color::white,cbm
165,Chestnut sided Warbler,30,10,23,20,0.3333333333333333,8,0.8,has_wing_color::white,cbm
167,Hooded Warbler,30,0,0,30,0.0,0,,has_wing_color::white,cbm
170,Mourning Warbler,30,0,0,30,0.0,0,,has_wing_color::white,cbm
171,Myrtle Warbler,30,12,20,18,0.4,9,0.75,has_wing_color::white,cbm
91,Mockingbird,30,6,19,24,0.2,5,0.8333333333333334,has_wing_color::white,cbm
200,Common Yellowthroat,30,0,1,30,0.0,0,,has_wing_color::white,cbm
89,Hooded Merganser,30,9,16,21,0.3,6,0.6666666666666666,has_wing_color::white,cbm
26,Bronzed Cowbird,30,1,0,29,0.03333333333333333,0,0.0,has_wing_color::white,cbm
61,Heermann Gull,30,12,11,18,0.4,6,0.5,has_wing_color::white,cbm
59,California Gull,30,11,26,19,0.36666666666666664,9,0.8181818181818182,has_wing_color::white,cbm
25,Pelagic Cormorant,30,0,1,30,0.0,0,,has_wing_color::white,cbm
57,Rose breasted Grosbeak,30,22,27,8,0.7333333333333333,20,0.9090909090909091,has_wing_color::white,cbm
56,Pine Grosbeak,30,13,23,17,0.43333333333333335,11,0.8461538461538461,has_wing_color::white,cbm
55,Evening Grosbeak,30,19,24,11,0.6333333333333333,16,0.8421052631578947,has_wing_color::white,cbm
54,Blue Grosbeak,30,1,0,29,0.03333333333333333,0,0.0,has_wing_color::white,cbm
53,Western Grebe,30,5,15,25,0.16666666666666666,2,0.4,has_wing_color::white,cbm
52,Pied billed Grebe,30,5,1,25,0.16666666666666666,0,0.0,has_wing_color::white,cbm
51,Horned Grebe,30,9,7,21,0.3,2,0.2222222222222222,has_wing_color::white,cbm
50,Eared Grebe,30,7,7,23,0.23333333333333334,2,0.2857142857142857,has_wing_color::white,cbm
49,Boat tailed Grackle,30,0,0,30,0.0,0,,has_wing_color::white,cbm
48,European Goldfinch,30,11,21,19,0.36666666666666664,9,0.8181818181818182,has_wing_color::white,cbm
47,American Goldfinch,30,17,17,13,0.5666666666666667,11,0.6470588235294118,has_wing_color::white,cbm
63,Ivory Gull,30,28,28,2,0.9333333333333333,26,0.9285714285714286,has_wing_color::white,cbm
46,Gadwall,30,4,13,26,0.13333333333333333,2,0.5,has_wing_color::white,cbm
45,Northern Fulmar,30,9,14,21,0.3,6,0.6666666666666666,has_wing_color::white,cbm
44,Frigatebird,30,2,1,28,0.06666666666666667,0,0.0,has_wing_color::white,cbm
88,Western Meadowlark,30,6,11,24,0.2,3,0.5,has_wing_color::white,cbm
42,Vermilion Flycatcher,30,3,3,27,0.1,0,0.0,has_wing_color::white,cbm
41,Scissor tailed Flycatcher,30,9,16,21,0.3,7,0.7777777777777778,has_wing_color::white,cbm
27,Shiny Cowbird,30,0,0,30,0.0,0,,has_wing_color::white,cbm
40,Olive sided Flycatcher,30,10,4,20,0.3333333333333333,3,0.3,has_wing_color::white,cbm
38,Great Crested Flycatcher,30,10,6,20,0.3333333333333333,3,0.3,has_wing_color::white,cbm
36,Northern Flicker,30,4,16,26,0.13333333333333333,4,1.0,has_wing_color::white,cbm
29,American Crow,30,0,0,30,0.0,0,,has_wing_color::white,cbm
35,Purple Finch,30,7,13,23,0.23333333333333334,5,0.7142857142857143,has_wing_color::white,cbm
30,Fish Crow,30,0,0,30,0.0,0,,has_wing_color::white,cbm
21,Eastern Towhee,30,12,9,18,0.4,5,0.4166666666666667,has_wing_color::white,cbm
62,Herring Gull,30,15,25,15,0.5,14,0.9333333333333333,has_wing_color::white,cbm
64,Ring billed Gull,30,11,24,19,0.36666666666666664,6,0.5454545454545454,has_wing_color::white,cbm
73,Blue Jay,30,12,16,18,0.4,8,0.6666666666666666,has_wing_color::white,cbm
87,Mallard,30,8,15,22,0.26666666666666666,3,0.375,has_wing_color::white,cbm
86,Pacific Loon,30,12,19,18,0.4,9,0.75,has_wing_color::white,cbm
85,Horned Lark,30,5,5,25,0.16666666666666666,1,0.2,has_wing_color::white,cbm
4,Groove billed Ani,30,1,0,29,0.03333333333333333,0,0.0,has_wing_color::white,cbm
83,White breasted Kingfisher,30,1,2,29,0.03333333333333333,0,0.0,has_wing_color::white,cbm
82,Ringed Kingfisher,30,2,4,28,0.06666666666666667,0,0.0,has_wing_color::white,cbm
81,Pied Kingfisher,30,27,29,3,0.9,26,0.9629629629629629,has_wing_color::white,cbm
80,Green Kingfisher,30,12,13,18,0.4,6,0.5,has_wing_color::white,cbm
79,Belted Kingfisher,30,8,9,22,0.26666666666666666,3,0.375,has_wing_color::white,cbm
10,Red winged Blackbird,30,2,4,28,0.06666666666666667,0,0.0,has_wing_color::white,cbm
77,Tropical Kingbird,30,4,2,26,0.13333333333333333,0,0.0,has_wing_color::white,cbm
11,Rusty Blackbird,30,1,2,29,0.03333333333333333,0,0.0,has_wing_color::white,cbm
74,Florida Jay,30,6,2,24,0.2,0,0.0,has_wing_color::white,cbm
76,Dark eyed Junco,30,3,6,27,0.1,1,0.3333333333333333,has_wing_color::white,cbm
72,Pomarine Jaeger,30,8,5,22,0.26666666666666666,1,0.125,has_wing_color::white,cbm
14,Indigo Bunting,30,0,0,30,0.0,0,,has_wing_color::white,cbm
66,Western Gull,30,18,26,12,0.6,15,0.8333333333333334,has_wing_color::white,cbm
71,Long tailed Jaeger,30,9,7,21,0.3,3,0.3333333333333333,has_wing_color::white,cbm
67,Anna Hummingbird,30,2,1,28,0.06666666666666667,0,0.0,has_wing_color::white,cbm
68,Ruby throated Hummingbird,30,3,2,27,0.1,0,0.0,has_wing_color::white,cbm
31,Black billed Cuckoo,30,3,1,27,0.1,0,0.0,has_wing_color::white,cbm
69,Rufous Hummingbird,30,3,2,27,0.1,1,0.3333333333333333,has_wing_color::white,cbm
13,Bobolink,30,16,23,14,0.5333333333333333,14,0.875,has_wing_color::white,cbm
70,Green Violetear,30,0,0,30,0.0,0,,has_wing_color::white,cbm
181,Worm eating Warbler,29,1,0,28,0.034482758620689655,0,0.0,has_wing_color::white,cbm
20,Yellow breasted Chat,29,3,4,26,0.10344827586206896,0,0.0,has_wing_color::white,cbm
169,Magnolia Warbler,29,16,12,13,0.5517241379310345,8,0.5,has_wing_color::white,cbm
168,Kentucky Warbler,29,1,1,28,0.034482758620689655,1,1.0,has_wing_color::white,cbm
28,Brown Creeper,29,11,22,18,0.3793103448275862,9,0.8181818181818182,has_wing_color::white,cbm
9,Brewer Blackbird,29,0,0,29,0.0,0,,has_wing_color::white,cbm
166,Golden winged Warbler,29,6,6,23,0.20689655172413793,1,0.16666666666666666,has_wing_color::white,cbm
23,Brandt Cormorant,29,0,3,29,0.0,0,,has_wing_color::white,cbm
190,Red cockaded Woodpecker,29,28,28,1,0.9655172413793104,28,1.0,has_wing_color::white,cbm
33,Yellow billed Cuckoo,29,1,1,28,0.034482758620689655,0,0.0,has_wing_color::white,cbm
179,Tennessee Warbler,29,2,3,27,0.06896551724137931,1,0.5,has_wing_color::white,cbm
19,Gray Catbird,29,2,1,27,0.06896551724137931,0,0.0,has_wing_color::white,cbm
43,Yellow bellied Flycatcher,29,8,13,21,0.27586206896551724,5,0.625,has_wing_color::white,cbm
117,Clay colored Sparrow,29,6,7,23,0.20689655172413793,1,0.16666666666666666,has_wing_color::white,cbm
141,Artic Tern,29,22,26,7,0.7586206896551724,21,0.9545454545454546,has_wing_color::white,cbm
160,Black throated Blue Warbler,29,11,8,18,0.3793103448275862,2,0.18181818181818182,has_wing_color::white,cbm
119,Field Sparrow,29,11,11,18,0.3793103448275862,5,0.45454545454545453,has_wing_color::white,cbm
124,Le Conte Sparrow,29,5,6,24,0.1724137931034483,1,0.2,has_wing_color::white,cbm
125,Lincoln Sparrow,29,5,4,24,0.1724137931034483,1,0.2,has_wing_color::white,cbm
115,Brewer Sparrow,29,4,6,25,0.13793103448275862,0,0.0,has_wing_color::white,cbm
60,Glaucous winged Gull,29,14,21,15,0.4827586206896552,10,0.7142857142857143,has_wing_color::white,cbm
78,Gray Kingbird,29,7,8,22,0.2413793103448276,2,0.2857142857142857,has_wing_color::white,cbm
97,Orchard Oriole,29,8,9,21,0.27586206896551724,3,0.375,has_wing_color::white,cbm
149,Brown Thrasher,29,5,8,24,0.1724137931034483,3,0.6,has_wing_color::white,cbm
39,Least Flycatcher,29,8,10,21,0.27586206896551724,4,0.5,has_wing_color::white,cbm
153,Philadelphia Vireo,29,2,2,27,0.06896551724137931,0,0.0,has_wing_color::white,cbm
37,Acadian Flycatcher,29,10,19,19,0.3448275862068966,8,0.8,has_wing_color::white,cbm
157,Yellow throated Vireo,29,13,13,16,0.4482758620689655,8,0.6153846153846154,has_wing_color::white,cbm
34,Gray crowned Rosy Finch,29,7,9,22,0.2413793103448276,2,0.2857142857142857,has_wing_color::white,cbm
3,Sooty Albatross,28,2,2,26,0.07142857142857142,0,0.0,has_wing_color::white,cbm
15,Lazuli Bunting,28,16,14,12,0.5714285714285714,11,0.6875,has_wing_color::white,cbm
16,Painted Bunting,28,0,1,28,0.0,0,,has_wing_color::white,cbm
58,Pigeon Guillemot,28,21,12,7,0.75,9,0.42857142857142855,has_wing_color::white,cbm
17,Cardinal,27,1,1,26,0.037037037037037035,0,0.0,has_wing_color::white,cbm
75,Green Jay,27,0,1,27,0.0,0,,has_wing_color::white,cbm
178,Swainson Warbler,26,0,2,26,0.0,0,,has_wing_color::white,cbm
12,Yellow headed Blackbird,26,7,7,19,0.2692307692307692,3,0.42857142857142855,has_wing_color::white,cbm
22,Chuck will Widow,26,2,2,24,0.07692307692307693,0,0.0,has_wing_color::white,cbm
7,Parakeet Auklet,23,3,8,20,0.13043478260869565,1,0.3333333333333333,has_wing_color::white,cbm
84,Red legged Kittiwake,23,11,22,12,0.4782608695652174,11,1.0,has_wing_color::white,cbm
32,Mangrove Cuckoo,23,0,2,23,0.0,0,,has_wing_color::white,cbm
24,Red faced Cormorant,22,1,1,21,0.045454545454545456,0,0.0,has_wing_color::white,cbm
151,Black capped Vireo,21,4,4,17,0.19047619047619047,1,0.25,has_wing_color::white,cbm
113,Baird Sparrow,20,3,7,17,0.15,1,0.3333333333333333,has_wing_color::white,cbm
187,American Three toed Woodpecker,20,13,14,7,0.65,11,0.8461538461538461,has_wing_color::white,cbm
65,Slaty backed Gull,20,15,16,5,0.75,11,0.7333333333333333,has_wing_color::white,cbm
101,White Pelican,20,18,20,2,0.9,18,1.0,has_wing_color::white,cbm
105,Whip poor Will,19,4,2,15,0.21052631578947367,1,0.25,has_wing_color::white,cbm
8,Rhinoceros Auklet,18,0,2,18,0.0,0,,has_wing_color::white,cbm
18,Spotted Catbird,15,0,0,15,0.0,0,,has_wing_color::white,cbm
5,Crested Auklet,14,0,0,14,0.0,0,,has_wing_color::white,cbm
6,Least Auklet,11,6,5,5,0.5454545454545454,3,0.5,has_wing_color::white,cbm
1,Black footed Albatross,30,6,16,24,0.2,6,1.0,has_under_tail_color::black,cbm
143,Caspian Tern,30,7,9,23,0.23333333333333334,2,0.2857142857142857,has_under_tail_color::black,cbm
120,Fox Sparrow,30,2,2,28,0.06666666666666667,0,0.0,has_under_tail_color::black,cbm
121,Grasshopper Sparrow,30,2,4,28,0.06666666666666667,0,0.0,has_under_tail_color::black,cbm
122,Harris Sparrow,30,13,12,17,0.43333333333333335,4,0.3076923076923077,has_under_tail_color::black,cbm
123,Henslow Sparrow,30,3,2,27,0.1,0,0.0,has_under_tail_color::black,cbm
126,Nelson Sharp tailed Sparrow,30,5,2,25,0.16666666666666666,0,0.0,has_under_tail_color::black,cbm
127,Savannah Sparrow,30,5,7,25,0.16666666666666666,1,0.2,has_under_tail_color::black,cbm
128,Seaside Sparrow,30,1,4,29,0.03333333333333333,1,1.0,has_under_tail_color::black,cbm
129,Song Sparrow,30,2,1,28,0.06666666666666667,0,0.0,has_under_tail_color::black,cbm
130,Tree Sparrow,30,3,4,27,0.1,1,0.3333333333333333,has_under_tail_color::black,cbm
131,Vesper Sparrow,30,5,5,25,0.16666666666666666,0,0.0,has_under_tail_color::black,cbm
132,White crowned Sparrow,30,3,12,27,0.1,2,0.6666666666666666,has_under_tail_color::black,cbm
133,White throated Sparrow,30,5,9,25,0.16666666666666666,1,0.2,has_under_tail_color::black,cbm
134,Cape Glossy Starling,30,14,22,16,0.4666666666666667,14,1.0,has_under_tail_color::black,cbm
135,Bank Swallow,30,10,13,20,0.3333333333333333,6,0.6,has_under_tail_color::black,cbm
136,Barn Swallow,30,11,22,19,0.36666666666666664,8,0.7272727272727273,has_under_tail_color::black,cbm
137,Cliff Swallow,30,8,18,22,0.26666666666666666,7,0.875,has_under_tail_color::black,cbm
138,Tree Swallow,30,6,16,24,0.2,5,0.8333333333333334,has_under_tail_color::black,cbm
139,Scarlet Tanager,30,23,27,7,0.7666666666666667,21,0.9130434782608695,has_under_tail_color::black,cbm
140,Summer Tanager,30,5,2,25,0.16666666666666666,0,0.0,has_under_tail_color::black,cbm
118,House Sparrow,30,8,5,22,0.26666666666666666,2,0.25,has_under_tail_color::black,cbm
116,Chipping Sparrow,30,5,1,25,0.16666666666666666,0,0.0,has_under_tail_color::black,cbm
114,Black throated Sparrow,30,13,19,17,0.43333333333333335,10,0.7692307692307693,has_under_tail_color::black,cbm
2,Laysan Albatross,30,10,13,20,0.3333333333333333,7,0.7,has_under_tail_color::black,cbm
92,Nighthawk,30,14,18,16,0.4666666666666667,9,0.6428571428571429,has_under_tail_color::black,cbm
93,Clark Nutcracker,30,19,30,11,0.6333333333333333,19,1.0,has_under_tail_color::black,cbm
94,White breasted Nuthatch,30,12,22,18,0.4,8,0.6666666666666666,has_under_tail_color::black,cbm
95,Baltimore Oriole,30,12,25,18,0.4,12,1.0,has_under_tail_color::black,cbm
96,Hooded Oriole,30,15,26,15,0.5,14,0.9333333333333333,has_under_tail_color::black,cbm
98,Scott Oriole,30,17,20,13,0.5666666666666667,13,0.7647058823529411,has_under_tail_color::black,cbm
99,Ovenbird,30,2,5,28,0.06666666666666667,1,0.5,has_under_tail_color::black,cbm
100,Brown Pelican,30,6,11,24,0.2,3,0.5,has_under_tail_color::black,cbm
102,Western Wood Pewee,30,11,10,19,0.36666666666666664,3,0.2727272727272727,has_under_tail_color::black,cbm
112,Great Grey Shrike,30,17,21,13,0.5666666666666667,14,0.8235294117647058,has_under_tail_color::black,cbm
103,Sayornis,30,5,12,25,0.16666666666666666,3,0.6,has_under_tail_color::black,cbm
104,American Pipit,30,8,7,22,0.26666666666666666,4,0.5,has_under_tail_color::black,cbm
106,Horned Puffin,30,12,15,18,0.4,6,0.5,has_under_tail_color::black,cbm
107,Common Raven,30,26,30,4,0.8666666666666667,26,1.0,has_under_tail_color::black,cbm
108,White necked Raven,30,21,28,9,0.7,19,0.9047619047619048,has_under_tail_color::black,cbm
109,American Redstart,30,19,27,11,0.6333333333333333,17,0.8947368421052632,has_under_tail_color::black,cbm
110,Geococcyx,30,14,25,16,0.4666666666666667,14,1.0,has_under_tail_color::black,cbm
111,Loggerhead Shrike,30,17,22,13,0.5666666666666667,14,0.8235294117647058,has_under_tail_color::black,cbm
142,Black Tern,30,7,14,23,0.23333333333333334,4,0.5714285714285714,has_under_tail_color::black,cbm
144,Common Tern,30,1,3,29,0.03333333333333333,0,0.0,has_under_tail_color::black,cbm
90,Red breasted Merganser,30,2,14,28,0.06666666666666667,2,1.0,has_under_tail_color::black,cbm
145,Elegant Tern,30,5,6,25,0.16666666666666666,0,0.0,has_under_tail_color::black,cbm
176,Prairie Warbler,30,9,9,21,0.3,1,0.1111111111111111,has_under_tail_color::black,cbm
177,Prothonotary Warbler,30,9,12,21,0.3,6,0.6666666666666666,has_under_tail_color::black,cbm
180,Wilson Warbler,30,7,6,23,0.23333333333333334,2,0.2857142857142857,has_under_tail_color::black,cbm
182,Yellow Warbler,30,8,3,22,0.26666666666666666,1,0.125,has_under_tail_color::black,cbm
183,Northern Waterthrush,30,3,6,27,0.1,1,0.3333333333333333,has_under_tail_color::black,cbm
184,Louisiana Waterthrush,30,5,5,25,0.16666666666666666,2,0.4,has_under_tail_color::black,cbm
185,Bohemian Waxwing,30,10,19,20,0.3333333333333333,7,0.7,has_under_tail_color::black,cbm
186,Cedar Waxwing,30,10,12,20,0.3333333333333333,3,0.3,has_under_tail_color::black,cbm
188,Pileated Woodpecker,30,24,26,6,0.8,21,0.875,has_under_tail_color::black,cbm
189,Red bellied Woodpecker,30,17,27,13,0.5666666666666667,16,0.9411764705882353,has_under_tail_color::black,cbm
191,Red headed Woodpecker,30,20,25,10,0.6666666666666666,18,0.9,has_under_tail_color::black,cbm
192,Downy Woodpecker,30,21,28,9,0.7,20,0.9523809523809523,has_under_tail_color::black,cbm
193,Bewick Wren,30,14,7,16,0.4666666666666667,2,0.14285714285714285,has_under_tail_color::black,cbm
194,Cactus Wren,30,11,16,19,0.36666666666666664,7,0.6363636363636364,has_under_tail_color::black,cbm
195,Carolina Wren,30,8,3,22,0.26666666666666666,1,0.125,has_under_tail_color::black,cbm
196,House Wren,30,6,5,24,0.2,2,0.3333333333333333,has_under_tail_color::black,cbm
197,Marsh Wren,30,7,9,23,0.23333333333333334,2,0.2857142857142857,has_under_tail_color::black,cbm
198,Rock Wren,30,8,11,22,0.26666666666666666,5,0.625,has_under_tail_color::black,cbm
199,Winter Wren,30,7,10,23,0.23333333333333334,3,0.42857142857142855,has_under_tail_color::black,cbm
175,Pine Warbler,30,6,12,24,0.2,2,0.3333333333333333,has_under_tail_color::black,cbm
174,Palm Warbler,30,6,4,24,0.2,1,0.16666666666666666,has_under_tail_color::black,cbm
173,Orange crowned Warbler,30,4,1,26,0.13333333333333333,0,0.0,has_under_tail_color::black,cbm
158,Bay breasted Warbler,30,10,23,20,0.3333333333333333,8,0.8,has_under_tail_color::black,cbm
146,Forsters Tern,30,7,7,23,0.23333333333333334,2,0.2857142857142857,has_under_tail_color::black,cbm
147,Least Tern,30,8,9,22,0.26666666666666666,4,0.5,has_under_tail_color::black,cbm
148,Green tailed Towhee,30,2,1,28,0.06666666666666667,0,0.0,has_under_tail_color::black,cbm
150,Sage Thrasher,30,5,8,25,0.16666666666666666,2,0.4,has_under_tail_color::black,cbm
152,Blue headed Vireo,30,7,15,23,0.23333333333333334,5,0.7142857142857143,has_under_tail_color::black,cbm
154,Red eyed Vireo,30,3,5,27,0.1,1,0.3333333333333333,has_under_tail_color::black,cbm
155,Warbling Vireo,30,1,2,29,0.03333333333333333,0,0.0,has_under_tail_color::black,cbm
156,White eyed Vireo,30,4,8,26,0.13333333333333333,1,0.25,has_under_tail_color::black,cbm
159,Black and white Warbler,30,16,26,14,0.5333333333333333,14,0.875,has_under_tail_color::black,cbm
172,Nashville Warbler,30,2,2,28,0.06666666666666667,0,0.0,has_under_tail_color::black,cbm
161,Blue winged Warbler,30,3,16,27,0.1,2,0.6666666666666666,has_under_tail_color::black,cbm
162,Canada Warbler,30,7,3,23,0.23333333333333334,1,0.14285714285714285,has_under_tail_color::black,cbm
163,Cape May Warbler,30,10,13,20,0.3333333333333333,3,0.3,has_under_tail_color::black,cbm
164,Cerulean Warbler,30,8,9,22,0.26666666666666666,1,0.125,has_under_tail_color::black,cbm
165,Chestnut sided Warbler,30,6,18,24,0.2,6,1.0,has_under_tail_color::black,cbm
167,Hooded Warbler,30,5,7,25,0.16666666666666666,1,0.2,has_under_tail_color::black,cbm
170,Mourning Warbler,30,4,2,26,0.13333333333333333,0,0.0,has_under_tail_color::black,cbm
171,Myrtle Warbler,30,12,21,18,0.4,10,0.8333333333333334,has_under_tail_color::black,cbm
91,Mockingbird,30,10,19,20,0.3333333333333333,7,0.7,has_under_tail_color::black,cbm
200,Common Yellowthroat,30,3,2,27,0.1,1,0.3333333333333333,has_under_tail_color::black,cbm
89,Hooded Merganser,30,8,22,22,0.26666666666666666,7,0.875,has_under_tail_color::black,cbm
26,Bronzed Cowbird,30,23,30,7,0.7666666666666667,23,1.0,has_under_tail_color::black,cbm
61,Heermann Gull,30,18,27,12,0.6,17,0.9444444444444444,has_under_tail_color::black,cbm
59,California Gull,30,19,19,11,0.6333333333333333,13,0.6842105263157895,has_under_tail_color::black,cbm
25,Pelagic Cormorant,30,18,27,12,0.6,17,0.9444444444444444,has_under_tail_color::black,cbm
57,Rose breasted Grosbeak,30,12,23,18,0.4,10,0.8333333333333334,has_under_tail_color::black,cbm
56,Pine Grosbeak,30,7,19,23,0.23333333333333334,5,0.7142857142857143,has_under_tail_color::black,cbm
55,Evening Grosbeak,30,14,28,16,0.4666666666666667,13,0.9285714285714286,has_under_tail_color::black,cbm
54,Blue Grosbeak,30,11,18,19,0.36666666666666664,7,0.6363636363636364,has_under_tail_color::black,cbm
53,Western Grebe,30,6,5,24,0.2,2,0.3333333333333333,has_under_tail_color::black,cbm
52,Pied billed Grebe,30,4,2,26,0.13333333333333333,0,0.0,has_under_tail_color::black,cbm
51,Horned Grebe,30,6,2,24,0.2,1,0.16666666666666666,has_under_tail_color::black,cbm
50,Eared Grebe,30,3,5,27,0.1,0,0.0,has_under_tail_color::black,cbm
49,Boat tailed Grackle,30,18,27,12,0.6,17,0.9444444444444444,has_under_tail_color::black,cbm
48,European Goldfinch,30,24,26,6,0.8,21,0.875,has_under_tail_color::black,cbm
47,American Goldfinch,30,18,24,12,0.6,14,0.7777777777777778,has_under_tail_color::black,cbm
63,Ivory Gull,30,4,10,26,0.13333333333333333,2,0.5,has_under_tail_color::black,cbm
46,Gadwall,30,8,13,22,0.26666666666666666,4,0.5,has_under_tail_color::black,cbm
45,Northern Fulmar,30,5,5,25,0.16666666666666666,1,0.2,has_under_tail_color::black,cbm
44,Frigatebird,30,18,26,12,0.6,17,0.9444444444444444,has_under_tail_color::black,cbm
88,Western Meadowlark,30,5,9,25,0.16666666666666666,1,0.2,has_under_tail_color::black,cbm
42,Vermilion Flycatcher,30,12,26,18,0.4,11,0.9166666666666666,has_under_tail_color::black,cbm
41,Scissor tailed Flycatcher,30,20,22,10,0.6666666666666666,14,0.7,has_under_tail_color::black,cbm
27,Shiny Cowbird,30,21,26,9,0.7,20,0.9523809523809523,has_under_tail_color::black,cbm
40,Olive sided Flycatcher,30,11,13,19,0.36666666666666664,8,0.7272727272727273,has_under_tail_color::black,cbm
38,Great Crested Flycatcher,30,0,5,30,0.0,0,,has_under_tail_color::black,cbm
36,Northern Flicker,30,16,24,14,0.5333333333333333,15,0.9375,has_under_tail_color::black,cbm
29,American Crow,30,27,30,3,0.9,27,1.0,has_under_tail_color::black,cbm
35,Purple Finch,30,4,1,26,0.13333333333333333,0,0.0,has_under_tail_color::black,cbm
30,Fish Crow,30,26,30,4,0.8666666666666667,26,1.0,has_under_tail_color::black,cbm
21,Eastern Towhee,30,12,23,18,0.4,10,0.8333333333333334,has_under_tail_color::black,cbm
62,Herring Gull,30,10,9,20,0.3333333333333333,3,0.3,has_under_tail_color::black,cbm
64,Ring billed Gull,30,12,13,18,0.4,7,0.5833333333333334,has_under_tail_color::black,cbm
73,Blue Jay,30,14,19,16,0.4666666666666667,11,0.7857142857142857,has_under_tail_color::black,cbm
87,Mallard,30,9,7,21,0.3,1,0.1111111111111111,has_under_tail_color::black,cbm
86,Pacific Loon,30,8,7,22,0.26666666666666666,1,0.125,has_under_tail_color::black,cbm
85,Horned Lark,30,7,11,23,0.23333333333333334,3,0.42857142857142855,has_under_tail_color::black,cbm
4,Groove billed Ani,30,22,27,8,0.7333333333333333,20,0.9090909090909091,has_under_tail_color::black,cbm
83,White breasted Kingfisher,30,4,5,26,0.13333333333333333,1,0.25,has_under_tail_color::black,cbm
82,Ringed Kingfisher,30,6,20,24,0.2,3,0.5,has_under_tail_color::black,cbm
81,Pied Kingfisher,30,18,28,12,0.6,17,0.9444444444444444,has_under_tail_color::black,cbm
80,Green Kingfisher,30,13,21,17,0.43333333333333335,11,0.8461538461538461,has_under_tail_color::black,cbm
79,Belted Kingfisher,30,5,20,25,0.16666666666666666,5,1.0,has_under_tail_color::black,cbm
10,Red winged Blackbird,30,26,29,4,0.8666666666666667,25,0.9615384615384616,has_under_tail_color::black,cbm
77,Tropical Kingbird,30,3,8,27,0.1,1,0.3333333333333333,has_under_tail_color::black,cbm
11,Rusty Blackbird,30,20,25,10,0.6666666666666666,16,0.8,has_under_tail_color::black,cbm
74,Florida Jay,30,2,6,28,0.06666666666666667,0,0.0,has_under_tail_color::black,cbm
76,Dark eyed Junco,30,5,10,25,0.16666666666666666,4,0.8,has_under_tail_color::black,cbm
72,Pomarine Jaeger,30,15,22,15,0.5,14,0.9333333333333333,has_under_tail_color::black,cbm
14,Indigo Bunting,30,4,6,26,0.13333333333333333,0,0.0,has_under_tail_color::black,cbm
66,Western Gull,30,11,23,19,0.36666666666666664,8,0.7272727272727273,has_under_tail_color::black,cbm
71,Long tailed Jaeger,30,13,20,17,0.43333333333333335,8,0.6153846153846154,has_under_tail_color::black,cbm
67,Anna Hummingbird,30,7,8,23,0.23333333333333334,4,0.5714285714285714,has_under_tail_color::black,cbm
68,Ruby throated Hummingbird,30,8,6,22,0.26666666666666666,1,0.125,has_under_tail_color::black,cbm
31,Black billed Cuckoo,30,3,5,27,0.1,0,0.0,has_under_tail_color::black,cbm
69,Rufous Hummingbird,30,7,3,23,0.23333333333333334,1,0.14285714285714285,has_under_tail_color::black,cbm
13,Bobolink,30,17,28,13,0.5666666666666667,15,0.8823529411764706,has_under_tail_color::black,cbm
70,Green Violetear,30,6,2,24,0.2,0,0.0,has_under_tail_color::black,cbm
181,Worm eating Warbler,29,2,3,27,0.06896551724137931,0,0.0,has_under_tail_color::black,cbm
20,Yellow breasted Chat,29,4,8,25,0.13793103448275862,1,0.25,has_under_tail_color::black,cbm
169,Magnolia Warbler,29,18,21,11,0.6206896551724138,16,0.8888888888888888,has_under_tail_color::black,cbm
168,Kentucky Warbler,29,6,1,23,0.20689655172413793,1,0.16666666666666666,has_under_tail_color::black,cbm
28,Brown Creeper,29,2,14,27,0.06896551724137931,1,0.5,has_under_tail_color::black,cbm
9,Brewer Blackbird,29,21,25,8,0.7241379310344828,20,0.9523809523809523,has_under_tail_color::black,cbm
166,Golden winged Warbler,29,12,15,17,0.41379310344827586,6,0.5,has_under_tail_color::black,cbm
23,Brandt Cormorant,29,11,21,18,0.3793103448275862,9,0.8181818181818182,has_under_tail_color::black,cbm
190,Red cockaded Woodpecker,29,17,26,12,0.5862068965517241,16,0.9411764705882353,has_under_tail_color::black,cbm
33,Yellow billed Cuckoo,29,9,8,20,0.3103448275862069,3,0.3333333333333333,has_under_tail_color::black,cbm
179,Tennessee Warbler,29,6,6,23,0.20689655172413793,2,0.3333333333333333,has_under_tail_color::black,cbm
19,Gray Catbird,29,10,16,19,0.3448275862068966,8,0.8,has_under_tail_color::black,cbm
43,Yellow bellied Flycatcher,29,4,5,25,0.13793103448275862,1,0.25,has_under_tail_color::black,cbm
117,Clay colored Sparrow,29,4,4,25,0.13793103448275862,1,0.25,has_under_tail_color::black,cbm
141,Artic Tern,29,1,6,28,0.034482758620689655,0,0.0,has_under_tail_color::black,cbm
160,Black throated Blue Warbler,29,10,19,19,0.3448275862068966,8,0.8,has_under_tail_color::black,cbm
119,Field Sparrow,29,4,3,25,0.13793103448275862,1,0.25,has_under_tail_color::black,cbm
124,Le Conte Sparrow,29,9,9,20,0.3103448275862069,4,0.4444444444444444,has_under_tail_color::black,cbm
125,Lincoln Sparrow,29,7,3,22,0.2413793103448276,1,0.14285714285714285,has_under_tail_color::black,cbm
115,Brewer Sparrow,29,5,5,24,0.1724137931034483,2,0.4,has_under_tail_color::black,cbm
60,Glaucous winged Gull,29,0,6,29,0.0,0,,has_under_tail_color::black,cbm
78,Gray Kingbird,29,4,15,25,0.13793103448275862,3,0.75,has_under_tail_color::black,cbm
97,Orchard Oriole,29,19,23,10,0.6551724137931034,17,0.8947368421052632,has_under_tail_color::black,cbm
149,Brown Thrasher,29,1,5,28,0.034482758620689655,1,1.0,has_under_tail_color::black,cbm
39,Least Flycatcher,29,4,8,25,0.13793103448275862,2,0.5,has_under_tail_color::black,cbm
153,Philadelphia Vireo,29,1,1,28,0.034482758620689655,0,0.0,has_under_tail_color::black,cbm
37,Acadian Flycatcher,29,3,2,26,0.10344827586206896,1,0.3333333333333333,has_under_tail_color::black,cbm
157,Yellow throated Vireo,29,5,13,24,0.1724137931034483,3,0.6,has_under_tail_color::black,cbm
34,Gray crowned Rosy Finch,29,14,11,15,0.4827586206896552,7,0.5,has_under_tail_color::black,cbm
3,Sooty Albatross,28,6,10,22,0.21428571428571427,5,0.8333333333333334,has_under_tail_color::black,cbm
15,Lazuli Bunting,28,5,11,23,0.17857142857142858,2,0.4,has_under_tail_color::black,cbm
16,Painted Bunting,28,2,3,26,0.07142857142857142,0,0.0,has_under_tail_color::black,cbm
58,Pigeon Guillemot,28,14,18,14,0.5,11,0.7857142857142857,has_under_tail_color::black,cbm
17,Cardinal,27,5,2,22,0.18518518518518517,0,0.0,has_under_tail_color::black,cbm
75,Green Jay,27,2,2,25,0.07407407407407407,0,0.0,has_under_tail_color::black,cbm
178,Swainson Warbler,26,1,2,25,0.038461538461538464,0,0.0,has_under_tail_color::black,cbm
12,Yellow headed Blackbird,26,23,25,3,0.8846153846153846,22,0.9565217391304348,has_under_tail_color::black,cbm
22,Chuck will Widow,26,3,9,23,0.11538461538461539,1,0.3333333333333333,has_under_tail_color::black,cbm
7,Parakeet Auklet,23,6,12,17,0.2608695652173913,5,0.8333333333333334,has_under_tail_color::black,cbm
84,Red legged Kittiwake,23,5,4,18,0.21739130434782608,0,0.0,has_under_tail_color::black,cbm
32,Mangrove Cuckoo,23,8,12,15,0.34782608695652173,5,0.625,has_under_tail_color::black,cbm
24,Red faced Cormorant,22,7,22,15,0.3181818181818182,7,1.0,has_under_tail_color::black,cbm
151,Black capped Vireo,21,6,7,15,0.2857142857142857,2,0.3333333333333333,has_under_tail_color::black,cbm
113,Baird Sparrow,20,3,2,17,0.15,1,0.3333333333333333,has_under_tail_color::black,cbm
187,American Three toed Woodpecker,20,8,16,12,0.4,6,0.75,has_under_tail_color::black,cbm
65,Slaty backed Gull,20,9,10,11,0.45,6,0.6666666666666666,has_under_tail_color::black,cbm
101,White Pelican,20,0,1,20,0.0,0,,has_under_tail_color::black,cbm
105,Whip poor Will,19,6,6,13,0.3157894736842105,4,0.6666666666666666,has_under_tail_color::black,cbm
8,Rhinoceros Auklet,18,5,7,13,0.2777777777777778,1,0.2,has_under_tail_color::black,cbm
18,Spotted Catbird,15,2,2,13,0.13333333333333333,0,0.0,has_under_tail_color::black,cbm
5,Crested Auklet,14,3,8,11,0.21428571428571427,2,0.6666666666666666,has_under_tail_color::black,cbm
6,Least Auklet,11,3,6,8,0.2727272727272727,2,0.6666666666666666,has_under_tail_color::black,cbm
1,Black footed Albatross,30,3,3,27,0.1,2,0.6666666666666666,has_under_tail_color::white,cbm
143,Caspian Tern,30,21,30,9,0.7,21,1.0,has_under_tail_color::white,cbm
120,Fox Sparrow,30,5,5,25,0.16666666666666666,2,0.4,has_under_tail_color::white,cbm
121,Grasshopper Sparrow,30,7,15,23,0.23333333333333334,5,0.7142857142857143,has_under_tail_color::white,cbm
122,Harris Sparrow,30,8,18,22,0.26666666666666666,6,0.75,has_under_tail_color::white,cbm
123,Henslow Sparrow,30,3,15,27,0.1,2,0.6666666666666666,has_under_tail_color::white,cbm
126,Nelson Sharp tailed Sparrow,30,3,6,27,0.1,0,0.0,has_under_tail_color::white,cbm
127,Savannah Sparrow,30,9,11,21,0.3,4,0.4444444444444444,has_under_tail_color::white,cbm
128,Seaside Sparrow,30,0,3,30,0.0,0,,has_under_tail_color::white,cbm
129,Song Sparrow,30,2,9,28,0.06666666666666667,1,0.5,has_under_tail_color::white,cbm
130,Tree Sparrow,30,5,16,25,0.16666666666666666,4,0.8,has_under_tail_color::white,cbm
131,Vesper Sparrow,30,6,11,24,0.2,3,0.5,has_under_tail_color::white,cbm
132,White crowned Sparrow,30,1,12,29,0.03333333333333333,0,0.0,has_under_tail_color::white,cbm
133,White throated Sparrow,30,0,9,30,0.0,0,,has_under_tail_color::white,cbm
134,Cape Glossy Starling,30,0,0,30,0.0,0,,has_under_tail_color::white,cbm
135,Bank Swallow,30,6,11,24,0.2,1,0.16666666666666666,has_under_tail_color::white,cbm
136,Barn Swallow,30,3,2,27,0.1,0,0.0,has_under_tail_color::white,cbm
137,Cliff Swallow,30,1,11,29,0.03333333333333333,0,0.0,has_under_tail_color::white,cbm
138,Tree Swallow,30,6,9,24,0.2,3,0.5,has_under_tail_color::white,cbm
139,Scarlet Tanager,30,0,2,30,0.0,0,,has_under_tail_color::white,cbm
140,Summer Tanager,30,0,0,30,0.0,0,,has_under_tail_color::white,cbm
118,House Sparrow,30,2,9,28,0.06666666666666667,1,0.5,has_under_tail_color::white,cbm
116,Chipping Sparrow,30,12,12,18,0.4,8,0.6666666666666666,has_under_tail_color::white,cbm
114,Black throated Sparrow,30,6,11,24,0.2,2,0.3333333333333333,has_under_tail_color::white,cbm
2,Laysan Albatross,30,8,22,22,0.26666666666666666,4,0.5,has_under_tail_color::white,cbm
92,Nighthawk,30,8,19,22,0.26666666666666666,6,0.75,has_under_tail_color::white,cbm
93,Clark Nutcracker,30,12,24,18,0.4,9,0.75,has_under_tail_color::white,cbm
94,White breasted Nuthatch,30,13,25,17,0.43333333333333335,11,0.8461538461538461,has_under_tail_color::white,cbm
95,Baltimore Oriole,30,2,6,28,0.06666666666666667,1,0.5,has_under_tail_color::white,cbm
96,Hooded Oriole,30,0,6,30,0.0,0,,has_under_tail_color::white,cbm
98,Scott Oriole,30,2,3,28,0.06666666666666667,0,0.0,has_under_tail_color::white,cbm
99,Ovenbird,30,0,16,30,0.0,0,,has_under_tail_color::white,cbm
100,Brown Pelican,30,1,17,29,0.03333333333333333,1,1.0,has_under_tail_color::white,cbm
102,Western Wood Pewee,30,3,7,27,0.1,0,0.0,has_under_tail_color::white,cbm
112,Great Grey Shrike,30,8,19,22,0.26666666666666666,5,0.625,has_under_tail_color::white,cbm
103,Sayornis,30,1,7,29,0.03333333333333333,0,0.0,has_under_tail_color::white,cbm
104,American Pipit,30,5,5,25,0.16666666666666666,0,0.0,has_under_tail_color::white,cbm
106,Horned Puffin,30,3,13,27,0.1,2,0.6666666666666666,has_under_tail_color::white,cbm
107,Common Raven,30,0,0,30,0.0,0,,has_under_tail_color::white,cbm
108,White necked Raven,30,0,2,30,0.0,0,,has_under_tail_color::white,cbm
109,American Redstart,30,2,3,28,0.06666666666666667,0,0.0,has_under_tail_color::white,cbm
110,Geococcyx,30,7,19,23,0.23333333333333334,4,0.5714285714285714,has_under_tail_color::white,cbm
111,Loggerhead Shrike,30,14,22,16,0.4666666666666667,12,0.8571428571428571,has_under_tail_color::white,cbm
142,Black Tern,30,12,21,18,0.4,9,0.75,has_under_tail_color::white,cbm
144,Common Tern,30,21,27,9,0.7,19,0.9047619047619048,has_under_tail_color::white,cbm
90,Red breasted Merganser,30,0,8,30,0.0,0,,has_under_tail_color::white,cbm
145,Elegant Tern,30,17,28,13,0.5666666666666667,16,0.9411764705882353,has_under_tail_color::white,cbm
176,Prairie Warbler,30,3,5,27,0.1,1,0.3333333333333333,has_under_tail_color::white,cbm
177,Prothonotary Warbler,30,4,10,26,0.13333333333333333,1,0.25,has_under_tail_color::white,cbm
180,Wilson Warbler,30,1,3,29,0.03333333333333333,0,0.0,has_under_tail_color::white,cbm
182,Yellow Warbler,30,0,6,30,0.0,0,,has_under_tail_color::white,cbm
183,Northern Waterthrush,30,1,6,29,0.03333333333333333,0,0.0,has_under_tail_color::white,cbm
184,Louisiana Waterthrush,30,2,13,28,0.06666666666666667,1,0.5,has_under_tail_color::white,cbm
185,Bohemian Waxwing,30,1,18,29,0.03333333333333333,1,1.0,has_under_tail_color::white,cbm
186,Cedar Waxwing,30,6,12,24,0.2,4,0.6666666666666666,has_under_tail_color::white,cbm
188,Pileated Woodpecker,30,0,8,30,0.0,0,,has_under_tail_color::white,cbm
189,Red bellied Woodpecker,30,15,29,15,0.5,14,0.9333333333333333,has_under_tail_color::white,cbm
191,Red headed Woodpecker,30,6,20,24,0.2,6,1.0,has_under_tail_color::white,cbm
192,Downy Woodpecker,30,16,28,14,0.5333333333333333,15,0.9375,has_under_tail_color::white,cbm
193,Bewick Wren,30,5,8,25,0.16666666666666666,3,0.6,has_under_tail_color::white,cbm
194,Cactus Wren,30,10,19,20,0.3333333333333333,7,0.7,has_under_tail_color::white,cbm
195,Carolina Wren,30,2,11,28,0.06666666666666667,2,1.0,has_under_tail_color::white,cbm
196,House Wren,30,4,5,26,0.13333333333333333,2,0.5,has_under_tail_color::white,cbm
197,Marsh Wren,30,5,15,25,0.16666666666666666,3,0.6,has_under_tail_color::white,cbm
198,Rock Wren,30,2,12,28,0.06666666666666667,0,0.0,has_under_tail_color::white,cbm
199,Winter Wren,30,3,4,27,0.1,1,0.3333333333333333,has_under_tail_color::white,cbm
175,Pine Warbler,30,8,12,22,0.26666666666666666,4,0.5,has_under_tail_color::white,cbm
174,Palm Warbler,30,0,5,30,0.0,0,,has_under_tail_color::white,cbm
173,Orange crowned Warbler,30,1,1,29,0.03333333333333333,0,0.0,has_under_tail_color::white,cbm
158,Bay breasted Warbler,30,7,25,23,0.23333333333333334,5,0.7142857142857143,has_under_tail_color::white,cbm
146,Forsters Tern,30,19,29,11,0.6333333333333333,18,0.9473684210526315,has_under_tail_color::white,cbm
147,Least Tern,30,12,29,18,0.4,11,0.9166666666666666,has_under_tail_color::white,cbm
148,Green tailed Towhee,30,2,4,28,0.06666666666666667,0,0.0,has_under_tail_color::white,cbm
150,Sage Thrasher,30,5,11,25,0.16666666666666666,1,0.2,has_under_tail_color::white,cbm
152,Blue headed Vireo,30,6,20,24,0.2,5,0.8333333333333334,has_under_tail_color::white,cbm
154,Red eyed Vireo,30,4,15,26,0.13333333333333333,1,0.25,has_under_tail_color::white,cbm
155,Warbling Vireo,30,5,12,25,0.16666666666666666,3,0.6,has_under_tail_color::white,cbm
156,White eyed Vireo,30,2,13,28,0.06666666666666667,1,0.5,has_under_tail_color::white,cbm
159,Black and white Warbler,30,19,30,11,0.6333333333333333,19,1.0,has_under_tail_color::white,cbm
172,Nashville Warbler,30,1,5,29,0.03333333333333333,0,0.0,has_under_tail_color::white,cbm
161,Blue winged Warbler,30,6,11,24,0.2,3,0.5,has_under_tail_color::white,cbm
162,Canada Warbler,30,3,5,27,0.1,0,0.0,has_under_tail_color::white,cbm
163,Cape May Warbler,30,6,11,24,0.2,2,0.3333333333333333,has_under_tail_color::white,cbm
164,Cerulean Warbler,30,9,20,21,0.3,7,0.7777777777777778,has_under_tail_color::white,cbm
165,Chestnut sided Warbler,30,5,26,25,0.16666666666666666,5,1.0,has_under_tail_color::white,cbm
167,Hooded Warbler,30,3,2,27,0.1,0,0.0,has_under_tail_color::white,cbm
170,Mourning Warbler,30,0,2,30,0.0,0,,has_under_tail_color::white,cbm
171,Myrtle Warbler,30,8,16,22,0.26666666666666666,6,0.75,has_under_tail_color::white,cbm
91,Mockingbird,30,3,19,27,0.1,1,0.3333333333333333,has_under_tail_color::white,cbm
200,Common Yellowthroat,30,0,2,30,0.0,0,,has_under_tail_color::white,cbm
89,Hooded Merganser,30,1,5,29,0.03333333333333333,0,0.0,has_under_tail_color::white,cbm
26,Bronzed Cowbird,30,1,0,29,0.03333333333333333,0,0.0,has_under_tail_color::white,cbm
61,Heermann Gull,30,12,20,18,0.4,9,0.75,has_under_tail_color::white,cbm
59,California Gull,30,13,29,17,0.43333333333333335,12,0.9230769230769231,has_under_tail_color::white,cbm
25,Pelagic Cormorant,30,2,2,28,0.06666666666666667,1,0.5,has_under_tail_color::white,cbm
57,Rose breasted Grosbeak,30,11,26,19,0.36666666666666664,10,0.9090909090909091,has_under_tail_color::white,cbm
56,Pine Grosbeak,30,1,19,29,0.03333333333333333,1,1.0,has_under_tail_color::white,cbm
55,Evening Grosbeak,30,2,19,28,0.06666666666666667,2,1.0,has_under_tail_color::white,cbm
54,Blue Grosbeak,30,0,0,30,0.0,0,,has_under_tail_color::white,cbm
53,Western Grebe,30,3,12,27,0.1,3,1.0,has_under_tail_color::white,cbm
52,Pied billed Grebe,30,3,2,27,0.1,0,0.0,has_under_tail_color::white,cbm
51,Horned Grebe,30,3,6,27,0.1,2,0.6666666666666666,has_under_tail_color::white,cbm
50,Eared Grebe,30,3,6,27,0.1,1,0.3333333333333333,has_under_tail_color::white,cbm
49,Boat tailed Grackle,30,2,0,28,0.06666666666666667,0,0.0,has_under_tail_color::white,cbm
48,European Goldfinch,30,17,27,13,0.5666666666666667,15,0.8823529411764706,has_under_tail_color::white,cbm
47,American Goldfinch,30,13,22,17,0.43333333333333335,11,0.8461538461538461,has_under_tail_color::white,cbm
63,Ivory Gull,30,27,28,3,0.9,25,0.9259259259259259,has_under_tail_color::white,cbm
46,Gadwall,30,1,13,29,0.03333333333333333,1,1.0,has_under_tail_color::white,cbm
45,Northern Fulmar,30,10,24,20,0.3333333333333333,9,0.9,has_under_tail_color::white,cbm
44,Frigatebird,30,1,2,29,0.03333333333333333,0,0.0,has_under_tail_color::white,cbm
88,Western Meadowlark,30,5,13,25,0.16666666666666666,2,0.4,has_under_tail_color::white,cbm
42,Vermilion Flycatcher,30,1,3,29,0.03333333333333333,0,0.0,has_under_tail_color::white,cbm
41,Scissor tailed Flycatcher,30,10,20,20,0.3333333333333333,8,0.8,has_under_tail_color::white,cbm
27,Shiny Cowbird,30,1,1,29,0.03333333333333333,0,0.0,has_under_tail_color::white,cbm
40,Olive sided Flycatcher,30,4,7,26,0.13333333333333333,3,0.75,has_under_tail_color::white,cbm
38,Great Crested Flycatcher,30,2,4,28,0.06666666666666667,1,0.5,has_under_tail_color::white,cbm
36,Northern Flicker,30,4,20,26,0.13333333333333333,4,1.0,has_under_tail_color::white,cbm
29,American Crow,30,0,0,30,0.0,0,,has_under_tail_color::white,cbm
35,Purple Finch,30,8,20,22,0.26666666666666666,8,1.0,has_under_tail_color::white,cbm
30,Fish Crow,30,0,0,30,0.0,0,,has_under_tail_color::white,cbm
21,Eastern Towhee,30,5,8,25,0.16666666666666666,1,0.2,has_under_tail_color::white,cbm
62,Herring Gull,30,20,28,10,0.6666666666666666,19,0.95,has_under_tail_color::white,cbm
64,Ring billed Gull,30,20,30,10,0.6666666666666666,20,1.0,has_under_tail_color::white,cbm
73,Blue Jay,30,7,24,23,0.23333333333333334,5,0.7142857142857143,has_under_tail_color::white,cbm
87,Mallard,30,6,17,24,0.2,4,0.6666666666666666,has_under_tail_color::white,cbm
86,Pacific Loon,30,3,13,27,0.1,1,0.3333333333333333,has_under_tail_color::white,cbm
85,Horned Lark,30,4,11,26,0.13333333333333333,1,0.25,has_under_tail_color::white,cbm
4,Groove billed Ani,30,2,0,28,0.06666666666666667,0,0.0,has_under_tail_color::white,cbm
83,White breasted Kingfisher,30,2,5,28,0.06666666666666667,1,0.5,has_under_tail_color::white,cbm
82,Ringed Kingfisher,30,6,10,24,0.2,5,0.8333333333333334,has_under_tail_color::white,cbm
81,Pied Kingfisher,30,13,30,17,0.43333333333333335,13,1.0,has_under_tail_color::white,cbm
80,Green Kingfisher,30,8,20,22,0.26666666666666666,7,0.875,has_under_tail_color::white,cbm
79,Belted Kingfisher,30,8,26,22,0.26666666666666666,8,1.0,has_under_tail_color::white,cbm
10,Red winged Blackbird,30,1,1,29,0.03333333333333333,0,0.0,has_under_tail_color::white,cbm
77,Tropical Kingbird,30,1,3,29,0.03333333333333333,0,0.0,has_under_tail_color::white,cbm
11,Rusty Blackbird,30,1,2,29,0.03333333333333333,0,0.0,has_under_tail_color::white,cbm
74,Florida Jay,30,2,7,28,0.06666666666666667,1,0.5,has_under_tail_color::white,cbm
76,Dark eyed Junco,30,7,8,23,0.23333333333333334,4,0.5714285714285714,has_under_tail_color::white,cbm
72,Pomarine Jaeger,30,5,9,25,0.16666666666666666,1,0.2,has_under_tail_color::white,cbm
14,Indigo Bunting,30,2,2,28,0.06666666666666667,0,0.0,has_under_tail_color::white,cbm
66,Western Gull,30,18,29,12,0.6,18,1.0,has_under_tail_color::white,cbm
71,Long tailed Jaeger,30,4,15,26,0.13333333333333333,2,0.5,has_under_tail_color::white,cbm
67,Anna Hummingbird,30,2,9,28,0.06666666666666667,2,1.0,has_under_tail_color::white,cbm
68,Ruby throated Hummingbird,30,7,14,23,0.23333333333333334,5,0.7142857142857143,has_under_tail_color::white,cbm
31,Black billed Cuckoo,30,3,17,27,0.1,3,1.0,has_under_tail_color::white,cbm
69,Rufous Hummingbird,30,6,13,24,0.2,3,0.5,has_under_tail_color::white,cbm
13,Bobolink,30,7,14,23,0.23333333333333334,3,0.42857142857142855,has_under_tail_color::white,cbm
70,Green Violetear,30,1,2,29,0.03333333333333333,0,0.0,has_under_tail_color::white,cbm
181,Worm eating Warbler,29,1,2,28,0.034482758620689655,0,0.0,has_under_tail_color::white,cbm
20,Yellow breasted Chat,29,4,13,25,0.13793103448275862,1,0.25,has_under_tail_color::white,cbm
169,Magnolia Warbler,29,8,16,21,0.27586206896551724,6,0.75,has_under_tail_color::white,cbm
168,Kentucky Warbler,29,0,2,29,0.0,0,,has_under_tail_color::white,cbm
28,Brown Creeper,29,6,23,23,0.20689655172413793,6,1.0,has_under_tail_color::white,cbm
9,Brewer Blackbird,29,0,0,29,0.0,0,,has_under_tail_color::white,cbm
166,Golden winged Warbler,29,3,17,26,0.10344827586206896,1,0.3333333333333333,has_under_tail_color::white,cbm
23,Brandt Cormorant,29,0,1,29,0.0,0,,has_under_tail_color::white,cbm
190,Red cockaded Woodpecker,29,12,26,17,0.41379310344827586,12,1.0,has_under_tail_color::white,cbm
33,Yellow billed Cuckoo,29,8,16,21,0.27586206896551724,5,0.625,has_under_tail_color::white,cbm
179,Tennessee Warbler,29,3,12,26,0.10344827586206896,3,1.0,has_under_tail_color::white,cbm
19,Gray Catbird,29,0,6,29,0.0,0,,has_under_tail_color::white,cbm
43,Yellow bellied Flycatcher,29,3,9,26,0.10344827586206896,2,0.6666666666666666,has_under_tail_color::white,cbm
117,Clay colored Sparrow,29,6,15,23,0.20689655172413793,4,0.6666666666666666,has_under_tail_color::white,cbm
141,Artic Tern,29,19,27,10,0.6551724137931034,19,1.0,has_under_tail_color::white,cbm
160,Black throated Blue Warbler,29,7,12,22,0.2413793103448276,3,0.42857142857142855,has_under_tail_color::white,cbm
119,Field Sparrow,29,7,13,22,0.2413793103448276,3,0.42857142857142855,has_under_tail_color::white,cbm
124,Le Conte Sparrow,29,2,9,27,0.06896551724137931,0,0.0,has_under_tail_color::white,cbm
125,Lincoln Sparrow,29,2,10,27,0.06896551724137931,1,0.5,has_under_tail_color::white,cbm
115,Brewer Sparrow,29,3,10,26,0.10344827586206896,1,0.3333333333333333,has_under_tail_color::white,cbm
60,Glaucous winged Gull,29,17,28,12,0.5862068965517241,16,0.9411764705882353,has_under_tail_color::white,cbm
78,Gray Kingbird,29,5,12,24,0.1724137931034483,2,0.4,has_under_tail_color::white,cbm
97,Orchard Oriole,29,2,3,27,0.06896551724137931,0,0.0,has_under_tail_color::white,cbm
149,Brown Thrasher,29,2,12,27,0.06896551724137931,1,0.5,has_under_tail_color::white,cbm
39,Least Flycatcher,29,2,9,27,0.06896551724137931,1,0.5,has_under_tail_color::white,cbm
153,Philadelphia Vireo,29,2,7,27,0.06896551724137931,2,1.0,has_under_tail_color::white,cbm
37,Acadian Flycatcher,29,5,6,24,0.1724137931034483,3,0.6,has_under_tail_color::white,cbm
157,Yellow throated Vireo,29,7,17,22,0.2413793103448276,5,0.7142857142857143,has_under_tail_color::white,cbm
34,Gray crowned Rosy Finch,29,9,8,20,0.3103448275862069,5,0.5555555555555556,has_under_tail_color::white,cbm
3,Sooty Albatross,28,2,10,26,0.07142857142857142,2,1.0,has_under_tail_color::white,cbm
15,Lazuli Bunting,28,5,17,23,0.17857142857142858,5,1.0,has_under_tail_color::white,cbm
16,Painted Bunting,28,1,1,27,0.03571428571428571,0,0.0,has_under_tail_color::white,cbm
58,Pigeon Guillemot,28,2,2,26,0.07142857142857142,0,0.0,has_under_tail_color::white,cbm
17,Cardinal,27,0,1,27,0.0,0,,has_under_tail_color::white,cbm
75,Green Jay,27,0,1,27,0.0,0,,has_under_tail_color::white,cbm
178,Swainson Warbler,26,2,7,24,0.07692307692307693,0,0.0,has_under_tail_color::white,cbm
12,Yellow headed Blackbird,26,0,5,26,0.0,0,,has_under_tail_color::white,cbm
22,Chuck will Widow,26,0,7,26,0.0,0,,has_under_tail_color::white,cbm
7,Parakeet Auklet,23,7,6,16,0.30434782608695654,4,0.5714285714285714,has_under_tail_color::white,cbm
84,Red legged Kittiwake,23,12,23,11,0.5217391304347826,12,1.0,has_under_tail_color::white,cbm
32,Mangrove Cuckoo,23,8,5,15,0.34782608695652173,1,0.125,has_under_tail_color::white,cbm
24,Red faced Cormorant,22,0,0,22,0.0,0,,has_under_tail_color::white,cbm
151,Black capped Vireo,21,6,8,15,0.2857142857142857,3,0.5,has_under_tail_color::white,cbm
113,Baird Sparrow,20,5,13,15,0.25,3,0.6,has_under_tail_color::white,cbm
187,American Three toed Woodpecker,20,6,14,14,0.3,6,1.0,has_under_tail_color::white,cbm
65,Slaty backed Gull,20,14,18,6,0.7,12,0.8571428571428571,has_under_tail_color::white,cbm
101,White Pelican,20,12,20,8,0.6,12,1.0,has_under_tail_color::white,cbm
105,Whip poor Will,19,3,6,16,0.15789473684210525,2,0.6666666666666666,has_under_tail_color::white,cbm
8,Rhinoceros Auklet,18,0,1,18,0.0,0,,has_under_tail_color::white,cbm
18,Spotted Catbird,15,0,4,15,0.0,0,,has_under_tail_color::white,cbm
5,Crested Auklet,14,0,0,14,0.0,0,,has_under_tail_color::white,cbm
6,Least Auklet,11,4,6,7,0.36363636363636365,2,0.5,has_under_tail_color::white,cbm
