sid_A,sid_B,concept_idx,concept,shift_B_fwd,shift_A_fwd,shift_A_bwd,shift_B_bwd,leakage_fwd,leakage_bwd,leakage_sym,n_A,n_B,part
3,8,0,beak_0,-1.114015049097361e-07,-0.00011761784844566137,-1.2243310365533944e-08,0.0002012729673879221,0.00011750644694075163,-0.00020128521069828764,-4.1889381878768006e-05,10,10,beak
3,10,0,beak_0,-1.4194762698593877e-08,-2.6106833956873743e-06,-9.612453194529635e-11,2.403259350103326e-05,2.5964886329887804e-06,-2.4032689625565207e-05,-1.0718100496288213e-05,10,10,beak
3,17,0,beak_0,-1.8134960200200112e-08,1.7410517102689482e-05,1.3569933621226937e-08,-1.614689790585544e-05,-1.7428652062889682e-05,1.6160467839476667e-05,-6.340921117065079e-07,10,10,beak
3,18,0,beak_0,-9.40721802180633e-05,-0.0068966420367360115,2.5810639272094704e-05,0.08418048918247223,0.006802569856517948,-0.08415467854320013,-0.03867605434334109,10,10,beak
3,21,0,beak_0,-2.1285452476149658e-06,-0.004852977581322193,-2.4621204630648208e-08,0.015698974952101707,0.004850849036074578,-0.015698999573306338,-0.00542407526861588,10,10,beak
3,24,0,beak_0,1.0012167095396762e-08,-0.0002184093027608469,1.051017717301761e-09,-0.00022118091874290258,0.0002184193149279423,0.00022118196976061988,0.0002198006423442811,10,10,beak
3,25,0,beak_0,1.4331760223029733e-09,-0.00020883380784653127,1.962962459245432e-09,0.00027921199216507375,0.00020883524102255357,-0.0002792100292026145,-3.5187394090030466e-05,10,10,beak
3,26,0,beak_0,1.2663718684802205e-10,1.5655159586458467e-05,2.1077539713587612e-10,-4.839896973862778e-06,-1.565503294927162e-05,4.840107749259914e-06,-5.407462600005852e-06,10,10,beak
3,27,0,beak_0,3.415753013769063e-08,-8.642971806693822e-05,4.949424869948871e-09,-2.104640043398831e-05,8.646387559707591e-05,2.105134985885826e-05,5.3757612727967086e-05,10,10,beak
3,29,0,beak_0,1.0888287533816765e-06,-0.0026724368799477816,7.464248596988909e-07,0.002559161279350519,0.0026735257087011632,-0.0025584148544908203,5.7555427105171475e-05,10,10,beak
3,30,0,beak_0,-1.317061997657687e-11,-6.860494522697991e-06,-3.2368063090926213e-11,6.300210770859849e-06,6.860481352078014e-06,-6.30024313892294e-06,2.801191065775373e-07,10,10,beak
3,38,0,beak_0,-4.551766323857009e-06,-0.0015908569330349565,-2.1059688606328564e-06,0.004557013511657715,0.0015863051667110994,-0.004559119480518348,-0.0014864071569036241,10,10,beak
3,39,0,beak_0,3.4872863352575223e-07,1.4966726666898467e-05,9.44710336625576e-07,-0.00020186901383567601,-1.4617998033372714e-05,0.0002028137241723016,9.409786306946444e-05,10,10,beak
3,46,0,beak_0,-2.8956037567695603e-08,-0.0010509997373446822,-5.769902777785774e-09,0.0013151898747310042,0.0010509707813071145,-0.001315195644633782,-0.00013211243166333375,10,10,beak
3,48,0,beak_0,-7.025880766065029e-09,-0.0011528104078024626,2.83037309145584e-07,0.006804865784943104,0.0011528033819216965,-0.006804582747633958,-0.002825889682856131,10,10,beak
8,10,0,beak_0,-4.740877468378812e-09,0.0001904547243611887,-1.4697059569357407e-08,-0.00029506682767532766,-0.0001904594652386571,0.0002950521306157583,5.2296332688550606e-05,10,10,beak
8,17,0,beak_0,3.162796136102486e-10,0.0002259135217173025,7.438484495025932e-09,-0.0001368939847452566,-0.0002259132054376889,0.00013690142322975163,-4.450589110396863e-05,10,10,beak
8,18,0,beak_0,-5.863057594979182e-09,-0.013971167616546154,6.55277199257398e-06,0.08204631507396698,0.013971161753488559,-0.0820397623019744,-0.034034300274242923,10,10,beak
8,21,0,beak_0,1.4932766134734266e-08,-0.009997522458434105,4.2789643828200497e-08,0.015525293536484241,0.00999753739120024,-0.015525250746840413,-0.002763856677820087,10,10,beak
8,24,0,beak_0,2.6806810993207364e-08,-0.000176161527633667,3.883214816369218e-08,0.00014669894881080836,0.0001761883344446602,-0.00014666011666264467,1.4764108891007766e-05,10,10,beak
8,25,0,beak_0,5.015398983232444e-06,-0.0001619696558918804,1.986481947824359e-06,0.000144207471748814,0.00016698505487511284,-0.00014222098980098963,1.2382032537061605e-05,10,10,beak
8,26,0,beak_0,-7.267061397087105e-10,0.0002227187214884907,-7.001205171164315e-10,-5.101561691844836e-05,-0.0002227194481946304,5.101491679793124e-05,-8.585226569834958e-05,10,10,beak
8,27,0,beak_0,-2.929610443125341e-10,4.767179416376166e-05,-4.942353193371218e-09,3.2466650736751035e-05,-4.767208712480597e-05,-3.2471593089944406e-05,-4.007184010737519e-05,10,10,beak
8,29,0,beak_0,2.5110634851444047e-06,-0.0047199903056025505,2.4315252176165814e-06,0.0027063251473009586,0.004722501369087695,-0.002703893622083342,0.0010093038735021764,10,10,beak
8,30,0,beak_0,-1.6307421191186222e-08,0.0001832604466471821,-4.042897217004793e-08,-7.686614844715223e-05,-0.0001832767540683733,7.682571947498218e-05,-5.322551729669556e-05,10,10,beak
8,38,0,beak_0,1.1004442690421001e-08,-0.0026311695110052824,2.529028009234935e-08,0.004052686505019665,0.002631180515447973,-0.004052661214739572,-0.0007107403496457998,10,10,beak
8,39,0,beak_0,-3.681862037474559e-10,0.00022154449834488332,-9.586051419319119e-08,-0.0020001144148409367,-0.00022154486653108707,0.0020000185543267435,0.0008892368438978282,10,10,beak
8,46,0,beak_0,1.3299548299983144e-05,-0.001699513173662126,6.34962771073333e-06,0.0010730482172220945,0.0017128127219621092,-0.0010666985895113612,0.000323057066225374,10,10,beak
8,48,0,beak_0,2.1276725874486146e-06,-0.001895904541015625,0.0001818589516915381,0.006737946067005396,0.0018980322136030736,-0.006556087115313858,-0.002329027450855392,10,10,beak
10,17,0,beak_0,4.383609919500486e-08,6.574988219654188e-05,4.846624435117519e-08,-2.338290141778998e-05,-6.570604609734687e-05,2.3431367662141156e-05,-2.1137339217602857e-05,10,10,beak
10,18,0,beak_0,-1.7964740806064583e-09,-0.008445560932159424,6.760119930504516e-08,0.08406499773263931,0.008445559135685343,-0.08406493013144001,-0.03780968549787733,10,10,beak
10,21,0,beak_0,1.5739820810267702e-05,-0.00583642115816474,0.00010528011625865474,0.01568933203816414,0.005852160978975007,-0.015584051921905484,-0.004865945471465238,10,10,beak
10,24,0,beak_0,0.00017545410082675517,-0.0004555106279440224,0.00010471251152921468,-0.00019573568715713918,0.0006309647287707776,0.00030044819868635386,0.0004657064637285657,10,10,beak
10,25,0,beak_0,4.3181835280847736e-06,-0.0004848420503549278,-3.323548298794776e-06,0.00027254820452071726,0.0004891602338830126,-0.00027587175281951204,0.00010664424053175026,10,10,beak
10,26,0,beak_0,-1.0059366672976466e-09,6.039738582330756e-05,-2.6636257088874515e-10,-7.289648237929214e-06,-6.0398391759974857e-05,7.289381875358325e-06,-2.6554504942308266e-05,10,10,beak
10,27,0,beak_0,4.7601147343812045e-06,-0.00019863247871398926,4.6726663640583865e-06,-1.7017126083374023e-05,0.00020339259344837046,2.168979244743241e-05,0.00011254119294790144,10,10,beak
10,29,0,beak_0,5.5175696900278126e-08,-0.0039532361552119255,8.21424919195124e-08,0.002572679426521063,0.003953291330908826,-0.0025725972840291433,0.0006903470234398412,10,10,beak
10,30,0,beak_0,2.8230715543031693e-09,-5.674362000718247e-06,-1.8867467588279396e-08,1.76429750808893e-06,5.67718507227255e-06,-1.7831649756772094e-06,1.9470100482976704e-06,10,10,beak
10,38,0,beak_0,1.7143172437172893e-09,-0.0026678144931793213,4.221557148298416e-08,0.004530274774879217,0.002667816207496565,-0.004530232559307734,-0.0009312081759055846,10,10,beak
10,39,0,beak_0,-2.6570887157184586e-10,5.820989463245496e-05,-2.476772351656109e-07,-0.0003014802932739258,-5.821016034132653e-05,0.00030123261603876017,0.00012151122784871682,10,10,beak
10,46,0,beak_0,4.5616744159815426e-07,-0.0016257346142083406,4.7191025487336447e-07,0.0013000800972804427,0.0016261907816499388,-0.0012996081870255694,0.00016329129731218472,10,10,beak
10,48,0,beak_0,3.9040051547090115e-07,-0.0017663121689110994,7.3240748861280736e-06,0.006802339106798172,0.0017667025694265703,-0.006795015031912044,-0.002514156231242737,10,10,beak
17,18,0,beak_0,3.145091795886401e-07,-0.0031456768047064543,2.692822818062268e-06,0.08444051444530487,0.003145991313886043,-0.08443782162248681,-0.04064591515430038,10,10,beak
17,21,0,beak_0,1.7076453673325886e-07,-0.002200609538704157,2.6610445047481335e-07,0.015720605850219727,0.00220078030324089,-0.015720339745769252,-0.006759779721264181,10,10,beak
17,24,0,beak_0,0.00010261112038278952,-0.00019409060769248754,0.00020854496688116342,-0.00027468203916214406,0.00029670172807527706,0.0004832270060433075,0.00038996436705929227,10,10,beak
17,25,0,beak_0,1.2453073017226757e-09,-0.00020700693130493164,4.2020133150799666e-08,0.00029475093469955027,0.00020700817661223336,-0.00029470891456639947,-4.3850368977083054e-05,10,10,beak
17,26,0,beak_0,1.2887175770970316e-08,-2.1994114831613842e-06,3.100649292875346e-09,7.808208692949847e-07,2.2122986589323546e-06,-7.777202200021094e-07,7.172892194651226e-07,10,10,beak
17,27,0,beak_0,8.849480082062655e-07,-9.98377799987793e-05,2.00957720153383e-06,-2.9426813853206113e-05,0.00010072272800698556,3.143639105473994e-05,6.607955953086275e-05,10,10,beak
17,29,0,beak_0,2.793684188873158e-06,-0.0014572739601135254,4.817748958885204e-06,0.0025325119495391846,0.0014600676443023985,-0.0025276942005802994,-0.0005338132781389504,10,10,beak
17,30,0,beak_0,1.3881844562746437e-09,-2.746581958490424e-05,5.34708999300193e-10,1.6576052075834014e-05,2.7467207769360513e-05,-1.6575517366834713e-05,5.4458452012629e-06,10,10,beak
17,38,0,beak_0,5.667973645984148e-09,-0.0009974479908123612,5.662520763394241e-08,0.004617661237716675,0.0009974536587860072,-0.004617604612509041,-0.0018100754768615168,10,10,beak
17,39,0,beak_0,5.144102033227682e-08,-3.051757857974735e-06,1.4060065950616263e-05,2.0977855456294492e-05,3.103198878307012e-06,-6.917789505678229e-06,-1.9072953136856086e-06,10,10,beak
17,46,0,beak_0,9.336834416728834e-09,-0.000614297401625663,2.7044695372069327e-08,0.001347813755273819,0.0006143067384600798,-0.001347786710578447,-0.00036673998605918356,10,10,beak
17,48,0,beak_0,1.5928957708410962e-08,-0.0006655215984210372,1.6512353795405943e-07,0.006811303552240133,0.0006655375273787456,-0.006811138428702179,-0.003072800450661717,10,10,beak
18,21,0,beak_0,-1.134747776632139e-06,0.03190258890390396,4.879566750659592e-10,0.009903895668685436,-0.03190372365168059,-0.009903895180728761,-0.020903809416204677,10,10,beak
18,24,0,beak_0,1.6487410547938453e-08,0.08054377138614655,-6.775781002943404e-08,0.002440494252368808,-0.080543754898736,-0.0024405620101788372,-0.04149215845445742,10,10,beak
18,25,0,beak_0,-1.0624375823553578e-09,0.08057008683681488,-1.1642280384194237e-07,-0.007788282819092274,-0.08057008789925246,0.007788166396288432,-0.036390960751482015,10,10,beak
18,26,0,beak_0,1.0171057596153332e-07,0.08440715074539185,-6.403070074156858e-09,-0.0020108758471906185,-0.08440704903481588,0.0020108694441205444,-0.04119808979534767,10,10,beak
18,27,0,beak_0,3.6643342582465266e-07,0.08263450115919113,-4.649444349524856e-07,-0.0005289316177368164,-0.08263413472576531,0.0005284666733018639,-0.04105283402623172,10,10,beak
18,29,0,beak_0,0.00115287268999964,0.046262286603450775,-0.001424131914973259,-0.005445510149002075,-0.045109413913451135,0.004021378234028816,-0.02054401783971116,10,10,beak
18,30,0,beak_0,-2.1701721664157958e-07,0.08399217575788498,-1.366623200738104e-05,-0.0029842020012438297,-0.08399239277510162,0.0029705357692364487,-0.040510928502932586,10,10,beak
18,38,0,beak_0,-7.518509050896682e-07,0.060256171971559525,-3.600327502795153e-08,-0.01816079579293728,-0.060256923822464614,0.01816075978966225,-0.02104808201640118,10,10,beak
18,39,0,beak_0,6.777304406568874e-07,0.08439409732818604,-5.45747116120765e-06,-0.05800805240869522,-0.08439341959774538,0.05800259493753401,-0.013195412330105682,10,10,beak
18,46,0,beak_0,1.5126870493986644e-05,0.06880098581314087,-0.0004118506913073361,-0.004073998425155878,-0.06878585894264688,0.003662147733848542,-0.03256185560439917,10,10,beak
18,48,0,beak_0,7.330911557801301e-06,0.06743178516626358,8.284507202915847e-05,0.002367700682953,-0.06742445425470578,-0.0022848556109238416,-0.03485465493281481,10,10,beak
21,24,0,beak_0,-5.131747684572474e-07,0.015415835194289684,-1.4402430679183453e-06,0.0015813231002539396,-0.015416348369058142,-0.001582763343321858,-0.00849955585619,10,10,beak
21,25,0,beak_0,-2.1408122563570942e-07,0.015411222353577614,-2.7634207526716636e-06,-0.005421632435172796,-0.01541143643480325,0.005418869014420125,-0.0049962837101915625,10,10,beak
21,26,0,beak_0,1.6139732679221197e-06,0.01571781001985073,3.1231121511154925e-07,-0.001411485718563199,-0.01571619604658281,0.0014117980297783106,-0.007152199008402249,10,10,beak
21,27,0,beak_0,-6.830209258623654e-06,0.015574532561004162,-1.3296497854753397e-05,-0.00039299725904129446,-0.015581362770262785,0.00037970076118654106,-0.007600831004538122,10,10,beak
21,29,0,beak_0,6.8382179918557995e-09,0.013039911165833473,4.613991855251243e-09,-0.0031591951847076416,-0.013039904327615481,0.003159199798699497,-0.004940352264457992,10,10,beak
21,30,0,beak_0,-8.989886057797492e-10,0.015683447942137718,-2.7420233550401463e-07,-0.002060753060504794,-0.015683448841126324,0.00206047885816929,-0.006811484991478517,10,10,beak
21,38,0,beak_0,8.888550695473896e-08,0.0139693021774292,-1.3903081708122045e-06,-0.011159330606460571,-0.013969213291922244,0.011157940298289759,-0.0014056364968162427,10,10,beak
21,39,0,beak_0,1.0817032489285339e-05,0.01571669615805149,-0.0002099213161272928,-0.038775354623794556,-0.015705879125562205,0.03856543330766726,0.011429777091052529,10,10,beak
21,46,0,beak_0,2.8576085497888926e-08,0.01461001019924879,-1.4861879726879579e-08,-0.0024338685907423496,-0.014609981623163293,0.0024338537288626227,-0.006088063947150335,10,10,beak
21,48,0,beak_0,1.3594251058179907e-08,0.014515513554215431,4.497264782798993e-08,0.003798926714807749,-0.014515499959964373,-0.003798881742159921,-0.009157190851062147,10,10,beak
24,25,0,beak_0,1.7924757855780626e-07,0.0003134965954814106,-1.9236468062899803e-07,2.9367209208430722e-05,-0.0003133173479028528,-2.955957388905972e-05,-0.00017143846089595627,10,10,beak
24,26,0,beak_0,5.881016932107741e-06,-0.0002677738666534424,1.131818862631917e-06,-8.309483382618055e-05,0.0002736548835855501,8.422665268881246e-05,0.0001789407681371813,10,10,beak
24,27,0,beak_0,1.0169969755224884e-07,1.9764900571317412e-05,-2.60370147664446e-09,3.248453140258789e-05,-1.9663200873765163e-05,-3.2487135104064535e-05,-2.607516798891485e-05,10,10,beak
24,29,0,beak_0,1.6402046298935602e-07,0.0018105566268786788,1.1475282057915592e-08,0.0026274442207068205,-0.0018103926064156894,-0.0026274327454247626,-0.002218912675920226,10,10,beak
24,30,0,beak_0,7.85315918960805e-08,-0.00018406510935164988,9.247196786077438e-09,-0.00013110041618347168,0.00018414364094354596,0.00013110966338025776,0.00015762665216190186,10,10,beak
24,38,0,beak_0,-2.026875778327053e-09,0.0015561223262920976,-2.401243932581565e-07,0.0036825775168836117,-0.001556124353167876,-0.00368281764127687,-0.002619470997222373,10,10,beak
24,39,0,beak_0,4.777365347763407e-08,-0.00026479363441467285,7.40295035939198e-07,-0.003168705152347684,0.0002648414080681505,0.003169445447383623,0.0017171434277258868,10,10,beak
24,46,0,beak_0,-9.233335731551051e-07,0.0007127523422241211,-5.837507544015352e-08,0.0009707502904348075,-0.0007136756757972762,-0.0009708086655102477,-0.0008422421706537619,10,10,beak
24,48,0,beak_0,-1.4076030652176996e-07,0.0007772803073748946,2.2104131858213805e-06,0.0066570984199643135,-0.0007774210676814164,-0.006654888006778492,-0.0037161545372299543,10,10,beak
25,26,0,beak_0,3.112913020686392e-07,0.0002927422465290874,3.1246889875546913e-07,-8.280873589683324e-05,-0.0002924309552270188,8.312120479558871e-05,-0.00010465487521571504,10,10,beak
25,27,0,beak_0,4.81662596030219e-07,0.0001786649227142334,-7.468042895197868e-08,5.127787517267279e-05,-0.00017818326011820318,-5.135255560162477e-05,-0.00011476790785991398,10,10,beak
25,29,0,beak_0,6.960551957035932e-08,-0.0027924119494855404,1.8526428169352016e-09,0.0027199089527130127,0.0027924815550051107,-0.0027199071000701958,3.6287227467457495e-05,10,10,beak
25,30,0,beak_0,3.443215916831832e-07,0.0002678513410501182,8.645845923638262e-07,-0.0001324236363871023,-0.000267507019458435,0.00013328822097946613,-6.710939923948445e-05,10,10,beak
25,38,0,beak_0,-4.419541255629156e-06,-0.001539081335067749,-9.868561392067932e-06,0.003696531057357788,0.0015346617938121199,-0.003706399618749856,-0.001085868912468868,10,10,beak
25,39,0,beak_0,1.9855803667923055e-09,0.00029203295707702637,2.4519795971400526e-08,-0.0031976611353456974,-0.0002920309714966596,0.003197685655141669,0.0014528273418225046,10,10,beak
25,46,0,beak_0,-1.3444190472000628e-06,-0.0009274959447793663,-1.8740205831591084e-08,0.0009385027224197984,0.0009261515257321662,-0.00093852146262563,-6.184968446731887e-06,10,10,beak
25,48,0,beak_0,-2.7759034537666594e-07,-0.0010450184345245361,5.537360152629844e-07,0.0066752261482179165,0.0010447408441791595,-0.0066746724122026535,-0.002814965784011747,10,10,beak
26,27,0,beak_0,2.283704816363752e-07,-3.8295984268188477e-05,5.992493470330373e-07,-2.8306245440035127e-05,3.852435474982485e-05,2.8905494787068164e-05,3.371492476844651e-05,10,10,beak
26,29,0,beak_0,1.1994542248316975e-08,-0.0008289515972137451,5.399734703814829e-08,0.0025359808932989836,0.0008289635917559934,-0.0025359268959519454,-0.000853481652097976,10,10,beak
26,30,0,beak_0,6.717127831734615e-08,-8.934735888033174e-06,-1.27908421632128e-07,1.526474989077542e-05,9.00190716635052e-06,-1.5392658312407548e-05,-3.195375573028514e-06,10,10,beak
26,38,0,beak_0,-1.693598460406065e-05,-0.0005178690189495683,-3.234483301639557e-06,0.004609900526702404,0.0005009330343455076,-0.004613135010004044,-0.002056100987829268,10,10,beak
26,39,0,beak_0,-5.7724493587874015e-12,-2.086162567138672e-07,-3.824879857283747e-10,-7.614493370056152e-06,2.086104842645084e-07,7.614110882070424e-06,3.911360683167466e-06,10,10,beak
26,46,0,beak_0,2.6040283263029096e-09,-0.0003354430082254112,7.247729083559307e-09,0.001343611627817154,0.0003354456122537375,-0.0013436043800880704,-0.0005040793839171664,10,10,beak
26,48,0,beak_0,4.919886009702168e-07,-0.00036594868288375437,9.342027595948821e-08,0.006810469087213278,0.0003664406714847246,-0.006810375666937318,-0.003221967497726297,10,10,beak
27,29,0,beak_0,3.1569052794111485e-07,-2.423524892947171e-05,8.105456572593539e-07,0.002640062477439642,2.4550939457412824e-05,-0.0026392519317823826,-0.0013073504961624849,10,10,beak
27,30,0,beak_0,9.378709364682436e-09,-1.5401839846163057e-05,9.30482215721895e-08,-5.354285167413764e-05,1.541121855552774e-05,5.3635899895709827e-05,3.452355922561878e-05,10,10,beak
27,38,0,beak_0,-1.1397241905797273e-06,8.668899681651965e-05,-8.345639912477054e-07,0.004189389757812023,-8.782872100709938e-05,-0.004190224321803271,-0.002139026521405185,10,10,beak
27,39,0,beak_0,1.6761420056354837e-06,-2.7817488444270566e-05,8.831339073367417e-06,-0.00149286980740726,2.949363044990605e-05,0.0015017011464806274,0.0007655973884652667,10,10,beak
27,46,0,beak_0,-3.73910324924509e-09,3.3676624298095703e-06,-1.1701422053533861e-08,0.001149144722148776,-3.3714015330588154e-06,-0.0011491564235708296,-0.0005762639125519442,10,10,beak
27,48,0,beak_0,-1.1477709893625843e-09,8.463859444418631e-07,3.879960175368069e-08,0.006751389242708683,-8.475337154312257e-07,-0.006751350443106929,-0.0033760989884111803,10,10,beak
29,30,0,beak_0,1.1061558780056657e-06,0.002576792147010565,1.0941960226773517e-06,-0.0013238548999652267,-0.002575685991132559,0.001324949095987904,-0.0006253684475723276,10,10,beak
29,38,0,beak_0,1.4134843517865647e-08,0.0017795026069507003,8.29274426905613e-09,-0.005027365870773792,-0.0017794884721071824,0.005027374163518061,0.0016239428457054395,10,10,beak
29,39,0,beak_0,8.1981470430037e-06,0.0025375604163855314,6.092903959142859e-07,-0.028772586956620216,-0.0025293622693425277,0.02877319624701613,0.013121916988836801,10,10,beak
29,46,0,beak_0,0.00030959845753386617,0.0018275737529620528,0.00024757737992331386,-0.0012773029739037156,-0.0015179752954281867,0.0015248803538270295,3.452529199421406e-06,10,10,beak
29,48,0,beak_0,1.1565559361770283e-05,0.0017329573165625334,0.00022885200451128185,0.004869322292506695,-0.001721391757200763,-0.004640470287995413,-0.003180931022598088,10,10,beak
30,38,0,beak_0,-2.5039476895472035e-05,-0.0008488178136758506,-1.2817317838198505e-06,0.0045129419304430485,0.0008237783367803786,-0.004514223662226868,-0.0018452226627232449,10,10,beak
30,39,0,beak_0,2.487973826958978e-09,1.47581104101846e-05,2.707837565285587e-10,-0.0003625929239206016,-1.475562243635764e-05,0.00036259319470435813,0.00017391878613400025,10,10,beak
30,46,0,beak_0,-2.0151578610239085e-06,-0.0005355358007363975,-7.573808943561744e-06,0.0012921250890940428,0.0005335206428753736,-0.0012996988980376045,-0.00038308912758111546,10,10,beak
30,48,0,beak_0,-6.2083418015390635e-06,-0.0005832433816976845,9.716230124467984e-05,0.006799869239330292,0.0005770350398961455,-0.006702706938085612,-0.0030628359490947332,10,10,beak
38,39,0,beak_0,3.135627979489186e-09,0.004606890492141247,-4.574346590402456e-08,-0.01872345805168152,-0.004606887356513267,0.018723412308215615,0.007058262475851174,10,10,beak
38,46,0,beak_0,-3.819002447613684e-09,0.0007238030666485429,-4.194749791963659e-08,-0.0004992440226487815,-0.0007238068856509905,0.0004992020751508619,-0.0001123024052500643,10,10,beak
38,48,0,beak_0,-4.783922236129001e-07,0.0003677785280160606,-6.323070778080364e-08,0.005656365305185318,-0.0003682569202396735,-0.005656428535893099,-0.003012342728066386,10,10,beak
39,46,0,beak_0,-9.698706282534886e-10,-0.011919641867280006,5.46941798518219e-08,0.0013418771559372544,0.011919640897409378,-0.0013418224617574026,0.005288909217825988,10,10,beak
39,48,0,beak_0,4.55763693452127e-09,-0.012929710559546947,2.086740380491392e-07,0.006810224615037441,0.012929715117183882,-0.006810015940999392,0.003059849588092245,10,10,beak
46,48,0,beak_0,-1.635600347071886e-05,0.00013659894466400146,0.010349340736865997,0.006035078316926956,-0.00015295494813472033,0.004314262419939041,0.0020806537359021604,10,10,beak
2,4,1,beak_1,2.30566676862054e-08,-0.00329955224879086,4.484501459955936e-06,0.028156828135252,0.0032995753054585464,-0.028152343633792043,-0.012426384164166748,10,10,beak
2,19,1,beak_1,1.0174626652315055e-07,0.0004921555519104004,3.7084028008393943e-06,-4.604458808898926e-05,-0.0004920538056438772,4.975299088982865e-05,-0.0002211504073770243,10,10,beak
2,34,1,beak_1,4.6665444841664794e-08,-0.0007214665529318154,-2.523789362385287e-06,-0.000356525182723999,0.000721513218376657,0.00035400139336161374,0.0005377573058691354,10,10,beak
2,43,1,beak_1,-5.579155549639836e-05,-0.0017295777797698975,9.663226956035942e-05,0.06217474862933159,0.001673786224273499,-0.06207811635977123,-0.030202165067748865,10,10,beak
2,44,1,beak_1,-8.147653574042124e-08,-0.0028286457527428865,1.795074808796926e-06,0.016908973455429077,0.002828564276207146,-0.01690717838062028,-0.007039307052206567,10,10,beak
2,47,1,beak_1,1.0152662355267239e-07,0.0004201054689474404,5.730343977106145e-10,-5.999803397571668e-05,-0.0004200039423238877,5.999860701011439e-05,-0.00018000266765688666,10,10,beak
4,19,1,beak_1,3.4083404898410663e-06,0.02895883284509182,4.256930452584129e-08,-0.00040640830411575735,-0.02895542450460198,0.0004064508734202832,-0.014274486815590848,10,10,beak
4,34,1,beak_1,6.957638106541708e-06,0.026541579514741898,-5.471389386002556e-07,-0.0025301724672317505,-0.026534621876635356,0.0025296253282931502,-0.012002498274171103,10,10,beak
4,43,1,beak_1,5.003359092370374e-06,0.024874567985534668,4.639463035971403e-09,0.02466077171266079,-0.024869564626442298,-0.024660767073197754,-0.024765165849820026,10,10,beak
4,44,1,beak_1,9.137223059951793e-06,0.023498553782701492,6.597716037504142e-06,0.011006265878677368,-0.02348941655964154,-0.010999668162639864,-0.017244542361140702,10,10,beak
4,47,1,beak_1,0.00012125169450882822,0.02879146859049797,4.486461421038257e-06,-0.0009527027723379433,-0.028670216895989142,0.0009571892337589816,-0.01385651383111508,10,10,beak
19,34,1,beak_1,-7.036551323835738e-07,-0.0001431763230357319,-3.07659684040118e-06,0.00024075806140899658,0.00014247266790334834,-0.00024383465824939776,-5.068099517302471e-05,10,10,beak
19,43,1,beak_1,1.0715552889450919e-08,-0.00025133491726592183,3.940079693620646e-07,0.06826562434434891,0.0002513456328188113,-0.06826523033637955,-0.03400694235178037,10,10,beak
19,44,1,beak_1,4.192771939415252e-06,-0.00035693644895218313,1.7130496416939422e-05,0.017640287056565285,0.0003611292208915984,-0.017623156560148345,-0.008631013669628373,10,10,beak
19,47,1,beak_1,-2.842803894509416e-07,-9.483099347562529e-06,-1.0603198319358853e-07,4.6205521357478574e-05,9.198818958111588e-06,-4.631155334067216e-05,-1.8556367191280287e-05,10,10,beak
34,43,1,beak_1,-2.976653377118055e-07,-0.001982617424800992,4.119944151170785e-06,0.04941604286432266,0.00198231975946328,-0.04941192292017149,-0.023714801580354106,10,10,beak
34,44,1,beak_1,-3.6038289863427053e-07,-0.002215340733528137,6.054377763575758e-07,0.015271437354385853,0.002214980350629503,-0.015270831916609495,-0.006527925782989996,10,10,beak
34,47,1,beak_1,-2.7349958031663846e-07,9.887814667308703e-05,-5.103724554089695e-09,-0.00028749703778885305,-9.915164625340367e-05,0.00028749193406429896,9.417014390544765e-05,10,10,beak
43,44,1,beak_1,2.248597866127966e-06,0.029164468869566917,1.370029394820449e-06,0.013479274697601795,-0.02916222027170079,-0.013477904668206975,-0.021320062469953882,10,10,beak
43,47,1,beak_1,7.462396638402424e-07,0.06707189977169037,1.1491920304251835e-08,-0.0005512296920642257,-0.06707115353202653,0.0005512411839845299,-0.033259956174021,10,10,beak
44,47,1,beak_1,8.606457413407043e-05,0.017497414723038673,5.688676992576802e-06,-0.0008272171253338456,-0.017411350148904603,0.0008329058023264224,-0.00828922217328909,10,10,beak
5,6,2,beak_2,3.1723291158414213e-06,0.0009846746688708663,2.125707396771759e-06,-0.00036368370638228953,-0.0009815023397550249,0.0003658094137790613,-0.0003078464629879818,10,10,beak
5,14,2,beak_2,2.2589996660826728e-05,0.001110422657802701,0.0001319686125498265,-0.0004491686704568565,-0.0010878326611418743,0.000581137283006683,-0.00025334768906759564,10,10,beak
5,33,2,beak_2,-3.580262131208656e-08,-0.00022558569617103785,5.735864672118396e-09,-0.00024064183526206762,0.00022554989354972577,0.00024064757112673973,0.00023309873233823275,10,10,beak
5,35,2,beak_2,2.439354034322605e-07,0.0023804963566362858,1.6659930324181005e-08,-0.000587892543990165,-0.0023802524212328535,0.0005879092039204892,-0.0008961716086561822,10,10,beak
5,37,2,beak_2,-3.923098006453074e-07,-0.0043604373931884766,0.00037814961979165673,0.038556523621082306,0.004360045083387831,-0.03817837400129065,-0.01690916445895141,10,10,beak
6,14,2,beak_2,5.468677732878291e-10,1.2159347306806012e-06,-1.4116992019808094e-07,0.00012040734145557508,-1.2153878629073134e-06,-0.00012054851137577316,-6.0881949619340237e-05,10,10,beak
6,33,2,beak_2,1.7580584099619045e-08,-0.00040528178215026855,-2.233093177039791e-08,0.00024842022685334086,0.0004052993627343682,-0.00024844255778511126,7.842840247462846e-05,10,10,beak
6,35,2,beak_2,-1.4321051011734198e-08,0.00036542414454743266,-9.453549054683208e-09,-0.00032633543014526367,-0.0003654384655984444,0.000326325976596209,-1.9556244501117703e-05,10,10,beak
6,37,2,beak_2,1.4027253136816853e-08,-0.0016912281280383468,1.4556520682162954e-06,0.04337979108095169,0.0016912421552914836,-0.043378335428883474,-0.020843546636795995,10,10,beak
14,33,2,beak_2,2.7678456717694644e-06,-0.00043473244295455515,5.52056917513255e-07,0.0003090798854827881,0.0004375002886263246,-0.00030852782856527483,6.44862300305249e-05,10,10,beak
14,35,2,beak_2,7.36383731769763e-10,0.0008471846813336015,-1.0731241451011897e-09,-0.00029501915560103953,-0.0008471839449498697,0.00029501808247689443,-0.00027608293123648764,10,10,beak
14,37,2,beak_2,1.3388527975166653e-07,-0.002388638211414218,-8.79799608810572e-06,0.044824425131082535,0.0023887720966939696,-0.04483322312717064,-0.021222225515238335,10,10,beak
33,35,2,beak_2,1.5604106010869145e-05,0.0008770704152993858,5.4161660045792814e-06,-0.0006091177347116172,-0.0008614663092885166,0.0006145339007161965,-0.00012346620428616006,10,10,beak
33,37,2,beak_2,-9.121964467340149e-06,-0.0019416690338402987,0.00011734524741768837,0.04115691035985947,0.0019325470693729585,-0.04103956511244178,-0.01955350902153441,10,10,beak
35,37,2,beak_2,5.281453852035156e-08,-0.0015943587059155107,-8.475088179693557e-06,0.049582190811634064,0.001594411520454031,-0.04959066589981376,-0.023998127189679863,10,10,beak
1,7,3,beak_3,1.3487624350716487e-08,-8.046627044677734e-07,3.0267982564780027e-10,-1.8465518223820254e-05,8.181503288184899e-07,1.8465820903645902e-05,9.641985616232196e-06,10,10,beak
1,9,3,beak_3,3.3044308622720564e-08,1.537799789730343e-06,1.527378046262129e-08,-4.7242639993783087e-05,-1.5047554811076225e-06,4.725791377424571e-05,2.2876579146569043e-05,10,10,beak
1,11,3,beak_3,-8.357858294338882e-10,1.519918441772461e-06,-2.4647093255225627e-09,-9.183287329506129e-05,-1.5207542276018948e-06,9.183040858573577e-05,4.5154827179066936e-05,10,10,beak
1,20,3,beak_3,3.519887059155735e-06,1.5318394162022742e-06,4.392582923173904e-06,-5.1528215408325195e-05,1.988047642953461e-06,5.59207983314991e-05,2.895442298722628e-05,10,10,beak
1,31,3,beak_3,-6.084817982809909e-09,-0.0007959484937600791,-2.9312133165149135e-08,0.0023877383209764957,0.0007959424089420963,-0.002387767633109661,-0.0007959126120837823,10,10,beak
1,36,3,beak_3,-1.270464736080612e-06,-0.0008128226036205888,2.1529465357161826e-06,0.056263189762830734,0.0008115521388845082,-0.05626103681629502,-0.027724742338705255,10,10,beak
1,40,3,beak_3,9.493669850257902e-09,1.5437602769452496e-06,7.2875989687304354e-09,-1.537799835205078e-05,-1.5342666070949917e-06,1.538528595101951e-05,6.92550967196226e-06,10,10,beak
1,42,3,beak_3,-4.2870949845674744e-11,1.1563300859052106e-06,-6.517027195673819e-11,-2.6106833956873743e-06,-1.1563729568550563e-06,2.6106182254154175e-06,7.271226342801806e-07,10,10,beak
1,45,3,beak_3,7.682956493226811e-10,-2.63273723248858e-05,4.788887508766493e-09,0.00018121600442100316,2.6328140620535123e-05,-0.0001812112155334944,-7.744153745647964e-05,10,10,beak
1,49,3,beak_3,-6.309107680735337e-10,1.5258789289873675e-06,-6.392198992344333e-10,-8.233189873863012e-05,-1.526509839755441e-06,8.233125951873088e-05,4.040237483948772e-05,10,10,beak
7,9,3,beak_3,7.6644486313171e-09,2.7012825739802793e-05,2.431363443911039e-10,-2.233386112493463e-05,-2.7005161291171476e-05,2.233410426127902e-05,-2.335528514946228e-06,10,10,beak
7,11,3,beak_3,-4.7686626203358173e-08,2.6941299438476562e-05,-2.9087095398949714e-08,-4.305243419366889e-05,-2.698898606467992e-05,4.302334709826994e-05,8.017180516795008e-06,10,10,beak
7,20,3,beak_3,5.579553317147656e-07,2.6965140932588838e-05,2.666725720246177e-07,-2.4151802790584043e-05,-2.6407185600874072e-05,2.441847536260866e-05,-9.94355119132706e-07,10,10,beak
7,31,3,beak_3,-3.5786605678822525e-08,-0.003606760408729315,-6.9690955228907114e-09,0.0024011791683733463,0.003606724622123636,-0.0024011861374688692,0.0006027692423273834,10,10,beak
7,36,3,beak_3,-1.6828732896101428e-06,-0.0033902525901794434,1.731856514197716e-06,0.05655629560351372,0.003388569716889833,-0.05655456374699952,-0.026582997015054843,10,10,beak
7,40,3,beak_3,-5.265581535240926e-07,2.6994943254976533e-05,-1.3471580473378708e-07,-7.027387709968025e-06,-2.7521501408500626e-05,6.892671905234238e-06,-1.0314414751633194e-05,10,10,beak
7,42,3,beak_3,-1.3389159221333102e-06,2.3412703740177676e-05,-1.83605584425095e-06,-1.1265277635175153e-06,-2.4751619662310986e-05,-7.095280807334348e-07,-1.273057387152221e-05,10,10,beak
7,45,3,beak_3,1.1196220839337911e-08,-0.00018429159536026418,2.909717977672699e-08,0.00026232004165649414,0.00018430279158110352,-0.0002622909444767174,-3.899407644780695e-05,10,10,beak
7,49,3,beak_3,-5.355686738539589e-08,2.6792287826538086e-05,-4.454486912663924e-08,-3.925561759388074e-05,-2.6845844693923482e-05,3.9211072724754104e-05,6.182614015415311e-06,10,10,beak
9,11,3,beak_3,1.269654659186159e-10,-4.7683716530855236e-08,7.171365723479539e-10,1.1324882365215672e-07,4.781068199677385e-08,-1.1253168707980876e-07,-3.2360502541517455e-08,10,10,beak
9,20,3,beak_3,8.668621240747951e-14,1.1920929132713809e-08,1.921989650766065e-10,5.960464477539063e-08,-1.1920842446501401e-08,-5.941244581031402e-08,-3.566664412840771e-08,10,10,beak
9,31,3,beak_3,-4.4942396471014945e-09,-0.006360185332596302,9.315073018489883e-11,0.0024134814739227295,0.006360180838356655,-0.0024134813807719993,0.001973349728792328,10,10,beak
9,36,3,beak_3,-1.306710850634829e-09,-0.006744176149368286,2.830851428825554e-07,0.05681809037923813,0.0067441748426574355,-0.056817807294095246,-0.025036816225718905,10,10,beak
9,40,3,beak_3,6.402842839259293e-11,3.5762788286319847e-08,-4.615867688073649e-09,-1.1920929132713809e-08,-3.5698759857927254e-08,7.30506144464016e-09,-1.4196849206643547e-08,10,10,beak
9,42,3,beak_3,6.548361852765083e-11,-3.5703183129953686e-06,6.430127541534603e-10,8.940696716308594e-08,3.5703837966138963e-06,-8.876395440893248e-08,1.740809921102482e-06,10,10,beak
9,45,3,beak_3,1.5913447271032055e-07,-0.000238889449974522,9.005192396216444e-07,0.00033442972926422954,0.00023904858444723232,-0.0003335292100246079,-4.724031278868779e-05,10,10,beak
9,49,3,beak_3,1.3426415361450506e-11,-1.728534755329747e-07,-1.0368239253266687e-11,1.1324882365215672e-07,1.7286690194833615e-07,-1.1325919189140998e-07,2.980385502846308e-08,10,10,beak
11,20,3,beak_3,7.197797913249815e-12,5.960464477539063e-08,-2.758611047926074e-11,-5.9604645663569045e-09,-5.9597446977477375e-08,5.932878455877644e-09,-2.6832284260799866e-08,10,10,beak
11,31,3,beak_3,-0.00016604810662101954,-0.012184768915176392,-2.2789503418607637e-05,0.002413463545963168,0.012018720808555372,-0.0024362530493817758,0.004791233879586798,10,10,beak
11,36,3,beak_3,-3.9477080804317666e-07,-0.012135714292526245,1.0836830099947292e-08,0.05681733042001724,0.012135319521718202,-0.05681731958318714,-0.02234100003073447,10,10,beak
11,40,3,beak_3,2.8085196390748024e-09,8.34465012644614e-08,1.5541445907985008e-09,-1.1920929132713809e-08,-8.06379816253866e-08,1.347507372351231e-08,-3.3581453950937146e-08,10,10,beak
11,42,3,beak_3,-1.5720142698683048e-07,-6.836652573838364e-06,-4.1187739441284066e-08,8.34465012644614e-08,6.679451146851534e-06,-1.2463424070574547e-07,3.277408453072894e-06,10,10,beak
11,45,3,beak_3,-7.329916229537048e-07,-0.00047135353088378906,-2.6927082785732637e-07,0.000334191310685128,0.00047062053926083536,-0.0003344605815129853,6.807997887392503e-05,10,10,beak
11,49,3,beak_3,-4.319008262143598e-09,-2.8610230629055877e-07,-1.123407811221e-09,-5.9604645663569045e-09,2.817832980284152e-07,4.8370567551359045e-09,1.4331017739177554e-07,10,10,beak
20,31,3,beak_3,-5.607944899566064e-07,-0.007079035043716431,-2.5174454520993095e-08,0.002413463545963168,0.007078474249226474,-0.002413488720417689,0.0023324927644043925,10,10,beak
20,36,3,beak_3,-0.00016220376710407436,-0.007387769408524036,4.98262706969399e-05,0.05681769177317619,0.007225565641419962,-0.05676786550247925,-0.024771149930529646,10,10,beak
20,40,3,beak_3,-3.54702933691442e-10,5.364417887676609e-08,-5.9117155615240335e-12,0.0,-5.399888181045753e-08,-5.9117155615240335e-12,-2.700239676300953e-08,10,10,beak
20,42,3,beak_3,1.8121226741385499e-09,-3.820657639153069e-06,2.7575879357755184e-09,9.536743306171047e-08,3.8224697618272074e-06,-9.260984512593495e-08,1.8649299583506362e-06,10,10,beak
20,45,3,beak_3,4.314069812494381e-08,-0.0002643585321493447,1.127648907583989e-08,0.0003343045827932656,0.0002644016728474696,-0.00033429330630418974,-3.494581672836006e-05,10,10,beak
20,49,3,beak_3,3.1434410196345963e-12,-1.5497207073167374e-07,4.2064130499099017e-13,5.364417887676609e-08,1.5497521417269337e-07,-5.36437582354611e-08,5.066572796861614e-08,10,10,beak
31,36,3,beak_3,-1.443947468260376e-07,-7.193684723461047e-05,6.074129714761511e-07,-0.00046528875827789307,7.179245248778443e-05,0.0004658961712493692,0.0002688443118685768,10,10,beak
31,40,3,beak_3,-8.25231261103454e-09,0.0024134814739227295,-2.603002613454919e-08,-0.0021965266205370426,-0.0024134897262353405,0.002196500590510908,-0.00010849456786221623,10,10,beak
31,42,3,beak_3,-1.0380158528278116e-06,0.002411484718322754,-1.4355739494931186e-06,-0.0006274461629800498,-0.0024125227341755817,0.0006260105890305567,-0.0008932560725725125,10,10,beak
31,45,3,beak_3,-9.209214226757467e-07,0.002289253519847989,-0.0010540427174419165,-0.01649642549455166,-0.002290174441270665,0.015442382777109742,0.006576104167919539,10,10,beak
31,49,3,beak_3,-4.921331537843798e-07,0.002413374138996005,-1.606653313501738e-06,-0.008316511288285255,-0.0024138662721497894,0.008314904634971754,0.002950519181410982,10,10,beak
36,40,3,beak_3,2.9200680984331484e-08,0.05681801959872246,-9.616871743389765e-09,-0.00215507741086185,-0.056817990398041474,0.0021550677939901064,-0.027331461302025684,10,10,beak
36,42,3,beak_3,4.852195729654341e-07,0.05677581578493118,-8.508823157171719e-07,-0.0006978809833526611,-0.05677533056535822,0.000697030101036944,-0.028039150232160637,10,10,beak
36,45,3,beak_3,5.049555511504877e-06,0.05401746556162834,-1.5522507965215482e-05,-0.014270305633544922,-0.05401241600611684,0.014254783125579706,-0.019878816440268565,10,10,beak
36,49,3,beak_3,1.8498388953958056e-06,0.05681564286351204,-6.023262358212378e-06,-0.0078300591558218,-0.05681379302461664,0.007824035893463588,-0.024494878565576528,10,10,beak
40,42,3,beak_3,2.2223503592933014e-10,-1.1086464155596332e-06,6.31371233072997e-10,8.940696716308594e-08,1.1088686505955625e-06,-8.877559593001294e-08,5.100465273327748e-07,10,10,beak
40,45,3,beak_3,4.777598316962894e-09,-8.331537537742406e-05,1.0842353681539407e-08,0.0003344118595123291,8.332015297574102e-05,-0.00033440101715864756,-0.00012554043209145327,10,10,beak
40,49,3,beak_3,2.248270875027103e-10,-4.7683716530855236e-08,-1.5024852195733018e-10,1.01327898960335e-07,4.7908543618357946e-08,-1.0147814748229234e-07,-2.6784801931967195e-08,10,10,beak
42,45,3,beak_3,-1.049897946359124e-09,-1.6170739399967715e-05,-1.5301406364187642e-08,0.0003227829874958843,1.6169689502021356e-05,-0.0003227982889022485,-0.00015331429970011357,10,10,beak
42,49,3,beak_3,9.240466031235073e-11,7.152557657263969e-08,-7.30597082831963e-10,-6.3061715991352685e-06,-7.143317191232734e-08,6.3054410020524365e-06,3.1170039150700546e-06,10,10,beak
45,49,3,beak_3,-7.491325781927571e-09,0.0003337085363455117,-7.06306900610798e-06,-0.00040171146974898875,-0.0003337160276712936,0.00039464840074288077,3.0466186535793582e-05,10,10,beak
8,10,4,eye_0,-2.026263157262065e-09,-1.2671947843045928e-05,-1.2897658496768827e-09,0.00021566152281593531,1.2669921579888666e-05,-0.000215662812581785,-0.00010149644550094816,10,10,eye
8,11,4,eye_0,-8.395807640226849e-07,-0.0004765212652273476,-2.6181942303082906e-07,0.003891634987667203,0.00047568168446332493,-0.0038918968070902338,-0.0017081075613134544,10,10,eye
8,19,4,eye_0,-1.6218610454643567e-08,-0.0011002242099493742,-9.921132360091178e-09,0.0012312590843066573,0.0011002079913389196,-0.0012312690054390174,-6.553050705004893e-05,10,10,eye
8,24,4,eye_0,-1.8718674610340713e-08,-8.188486390281469e-05,8.756432912093715e-09,0.002240115310996771,8.186614522820435e-05,-0.0022401065545638588,-0.0010791202046678272,10,10,eye
8,25,4,eye_0,8.200760817089758e-07,-1.7523765563964844e-05,4.301691660657525e-07,0.0006834983942098916,1.834384164567382e-05,-0.0006830682250438258,-0.000332362191699076,10,10,eye
8,30,4,eye_0,-3.576888119027899e-08,-0.0005182623863220215,-1.0778622083762457e-07,0.003150004195049405,0.0005182266174408312,-0.0031501119812702427,-0.0013159426819147058,10,10,eye
8,31,4,eye_0,-1.5379846285412668e-09,-0.0005510390037670732,-6.2173115544794655e-09,0.0006483614561147988,0.0005510374657824446,-0.0006483676734263533,-4.8665103821954325e-05,10,10,eye
8,34,4,eye_0,2.3363440071477726e-09,-0.0006539762252941728,1.1061891882491182e-06,0.05166402459144592,0.0006539785616381799,-0.051662918402257674,-0.025504469920309747,10,10,eye
8,35,4,eye_0,3.734021536416776e-09,-7.385015578620369e-06,1.748558098313424e-08,8.887052899808623e-06,7.388749600156785e-06,-8.869567318825489e-06,-7.404088593343516e-07,10,10,eye
8,45,4,eye_0,1.7771017724044214e-07,-0.0004160284879617393,2.903443601098843e-07,0.004160469863563776,0.00041620619813897974,-0.004160179519203666,-0.0018719866605323432,10,10,eye
8,46,4,eye_0,-9.967933692678344e-06,-0.0004015684244222939,7.683911826461554e-05,0.04290017485618591,0.00039160049072961556,-0.0428233357379213,-0.02121586762359584,10,10,eye
8,48,4,eye_0,4.6993228863811964e-08,-1.7762183688319055e-06,-2.601358630727191e-07,7.0862470238353126e-06,1.8232115976957175e-06,-7.346382886908032e-06,-2.761585644606157e-06,10,10,eye
8,49,4,eye_0,4.761386662721634e-08,2.1576881863438757e-06,3.130087975478091e-07,-2.121925263054436e-06,-2.1100743197166594e-06,2.434934060602245e-06,1.624298704427929e-07,10,10,eye
10,11,4,eye_0,-2.6909884098813563e-08,-0.005143183283507824,-4.662778163577741e-09,0.003634416963905096,0.005143156373623725,-0.0036344216266832596,0.0007543673734702327,10,10,eye
10,19,4,eye_0,-1.0317956267158479e-08,-0.01220278162509203,1.513319176638106e-07,0.0012213349109515548,0.012202771307135762,-0.001221183579033891,0.005490793864050936,10,10,eye
10,24,4,eye_0,-2.2783573513152078e-05,-0.000690847635269165,2.0413473976077512e-05,0.0019885539077222347,0.000668064061756013,-0.001968140433746157,-0.0006500381859950721,10,10,eye
10,25,4,eye_0,1.2024683826439286e-07,9.590386980562471e-06,-1.4540128745466063e-07,0.0004395127180032432,-9.470140142298078e-06,-0.00043965811929069787,-0.00022456412971649797,10,10,eye
10,30,4,eye_0,-1.8863848083583434e-07,-0.005623227450996637,-3.393674035123695e-07,0.0031117915641516447,0.0056230388125158015,-0.003112130931555157,0.0012554539404803222,10,10,eye
10,31,4,eye_0,-1.2278173144864013e-08,-0.0060100615955889225,-6.455707080021966e-09,0.0006026506307534873,0.006010049317415778,-0.0006026570864605674,0.002703696115477605,10,10,eye
10,34,4,eye_0,1.1570214297762504e-07,-0.007171553559601307,0.000115799623017665,0.05131641775369644,0.0071716692617442845,-0.05120061813067878,-0.022014474434467246,10,10,eye
10,35,4,eye_0,-2.087699568775747e-09,0.00011913776688743383,2.6211921522190096e-11,-3.266334488216671e-06,-0.0001191398545870026,3.2663607001381934e-06,-5.7936746943432205e-05,10,10,eye
10,45,4,eye_0,3.557568017953372e-09,-0.0043953717686235905,7.232586196614932e-10,0.004049235489219427,0.004395375326191608,-0.0040492347659608074,0.0001730702801154005,10,10,eye
10,46,4,eye_0,-3.357382070134918e-07,-0.004332190845161676,2.9459040433721384e-06,0.04119691997766495,0.004331855106954663,-0.041193974073621575,-0.018431059483333456,10,10,eye
10,48,4,eye_0,-1.943094574130555e-08,0.00017971397028304636,-1.2488635547924787e-07,-3.910064606316155e-06,-0.00017973340122878767,3.785178250836907e-06,-8.797411148897538e-05,10,10,eye
10,49,4,eye_0,5.909896572120488e-08,0.00022205710411071777,1.9178514332196528e-09,-2.6297570002498105e-05,-0.00022199800514499657,2.6299487853931325e-05,-9.784925864553262e-05,10,10,eye
11,19,4,eye_0,5.192750762716969e-08,-0.01152334176003933,1.2670499316413952e-08,0.000910854316316545,0.011523393687546957,-0.0009108416458172286,0.005306276020864864,10,10,eye
11,24,4,eye_0,4.275059950487048e-08,0.0024419487453997135,-3.5808557896643833e-08,-0.007115602493286133,-0.0024419059948002086,0.007115566684728236,0.0023368303449640138,10,10,eye
11,25,4,eye_0,-0.0001017168615362607,0.003548484994098544,-7.001327321631834e-05,-0.007291615009307861,-0.003650201855634805,0.007221601736091543,0.001785699940228369,10,10,eye
11,30,4,eye_0,-1.233493946983799e-07,-0.0038563013076782227,1.0939702406176366e-05,0.0019491792190819979,0.0038561779582835243,-0.0019382395166758215,0.0009589692208038514,10,10,eye
11,31,4,eye_0,-1.985642666113563e-05,-0.004090684466063976,-2.550291583247599e-06,-0.0008219241863116622,0.004070828039402841,0.0008193738947284146,0.0024451009670656276,10,10,eye
11,34,4,eye_0,5.9522484718854685e-08,-0.005234932992607355,3.200187393304077e-06,0.045146260410547256,0.005234992515092074,-0.04514306022315395,-0.01995403385403094,10,10,eye
11,35,4,eye_0,-2.830142342702402e-08,0.0037279606331139803,-3.108002744056648e-08,-0.0004542648675851524,-0.0037279889345374073,0.0004542337875577118,-0.0016368775734898477,10,10,eye
11,45,4,eye_0,9.340967153548263e-06,-0.0029058337677270174,-0.0006181600620038807,0.00011672973778331652,0.0029151747348805657,-0.0007348897997871973,0.0010901424675466842,10,10,eye
11,46,4,eye_0,-2.510015972845281e-09,-0.00203074817545712,-9.369591680297162e-08,0.010367870330810547,0.002030745665441147,-0.01036796402672735,-0.004168609180643101,10,10,eye
11,48,4,eye_0,-6.567968853232742e-07,0.0038299381267279387,-4.233091203786898e-06,-0.002825409872457385,-0.003830594923613262,0.002821176781253598,-0.0005047090711798319,10,10,eye
11,49,4,eye_0,-7.835551514290273e-06,0.0039027452003210783,-0.0006472336826846004,-0.0012076676357537508,-0.003910580751835369,0.0005604339530691504,-0.001675073399383109,10,10,eye
19,24,4,eye_0,1.4192635955367905e-09,0.0011739730834960938,-2.91379596006891e-08,-0.019551265984773636,-0.0011739716642324982,0.019551236846814035,0.009188632591290768,10,10,eye
19,25,4,eye_0,-4.398833741703356e-09,0.001217997050844133,-2.6022061661024054e-07,-0.016356926411390305,-0.0012180014496778746,0.016356666190773694,0.00756933237054791,10,10,eye
19,30,4,eye_0,3.379735176167742e-07,0.0008836567285470665,1.5152836851939355e-07,0.00041244030580855906,-0.0008833187550294497,-0.00041228877744003967,-0.0006478037662347447,10,10,eye
19,31,4,eye_0,4.7295779381784087e-07,0.0008625328773632646,5.195539415581152e-06,-0.002659749938175082,-0.0008620599195694467,0.0026649454775906634,0.0009014427790106083,10,10,eye
19,34,4,eye_0,-5.185016789255315e-07,0.0007947742706164718,2.3513572159572504e-05,0.040591176599264145,-0.0007952927722953973,-0.04056766302710457,-0.020681477899699985,10,10,eye
19,35,4,eye_0,-9.085260899155401e-08,0.0012249767314642668,-1.6396530782003538e-06,-0.0011149048805236816,-0.0012250675840732583,0.0011132652274454813,-5.590117831388852e-05,10,10,eye
19,45,4,eye_0,-6.202571789515332e-09,0.0009495794656686485,-8.983779480331577e-07,-0.004891914315521717,-0.000949585668240438,0.004891015937573684,0.001970715134666623,10,10,eye
19,46,4,eye_0,3.0382744853341137e-07,0.0009624719386920333,-8.438321856374387e-06,-0.016090374439954758,-0.0009621681112434999,0.016081936118098383,0.007559884003427442,10,10,eye
19,48,4,eye_0,-4.3872395849575696e-07,0.001228934503160417,-4.240113776177168e-05,-0.007008252199739218,-0.0012293732271189128,0.006965851061977446,0.0028682389174292666,10,10,eye
19,49,4,eye_0,1.0666089877986451e-07,0.0012316585052758455,2.786837285384536e-07,-0.0028839290607720613,-0.0012315518443770657,0.0028842077445006,0.0008263279500617671,10,10,eye
24,25,4,eye_0,-3.258210057310862e-08,0.0019031763076782227,-2.2649008315056562e-05,-0.000774383544921875,-0.0019032088897787958,0.0007517345366068184,-0.0005757371765859887,10,10,eye
24,30,4,eye_0,-2.0303828023315873e-06,-0.007981103844940662,-2.1898571844758408e-07,0.0029319345485419035,0.00797907346213833,-0.002932153534260351,0.00252345996393899,10,10,eye
24,31,4,eye_0,-8.198651535451518e-09,-0.008682983927428722,7.306272031826211e-09,0.00038298367871902883,0.008682975728777187,-0.000382976372446997,0.004149999678165095,10,10,eye
24,34,4,eye_0,-2.705288295601349e-07,-0.010698789730668068,7.664017175557092e-05,0.049820128828287125,0.010698519201838508,-0.049743488656531554,-0.019522484727346523,10,10,eye
24,35,4,eye_0,-9.173585340249701e-07,0.0020834028255194426,-9.482646134983952e-08,-6.371140625560656e-05,-0.0020843201840534675,6.361657979425672e-05,-0.0010103518021296054,10,10,eye
24,45,4,eye_0,1.330374699293202e-09,-0.005678880028426647,-1.8409869184665695e-08,0.0034757673274725676,0.0056788813588013465,-0.0034757857373417522,0.0011015478107297971,10,10,eye
24,46,4,eye_0,-2.12807799471193e-06,-0.005775016732513905,1.3889364254282555e-06,0.03417114168405533,0.005772888654519193,-0.0341697527476299,-0.014198432046555354,10,10,eye
24,48,4,eye_0,-3.7002791941631585e-07,0.0021819411776959896,-7.047343615340651e-07,-0.00023117437376640737,-0.002182311205615406,0.0002304696394048733,-0.0009759207831052663,10,10,eye
24,49,4,eye_0,7.670155355299357e-08,0.002250415040180087,1.447938302590046e-08,-0.000169283157447353,-0.002250338338626534,0.0001692976368303789,-0.0010405203508980776,10,10,eye
25,30,4,eye_0,-0.00018628177349455655,-0.007877504453063011,-6.006674811942503e-05,0.0030989646911621094,0.007691222679568455,-0.0031590314392815344,0.00226609562014346,10,10,eye
25,31,4,eye_0,-3.9174074117909186e-06,-0.00812463741749525,4.661178465426019e-08,0.0005872428300790489,0.00812072001008346,-0.0005871962182943946,0.0037667618958945326,10,10,eye
25,34,4,eye_0,-8.619381475227783e-08,-0.009309476241469383,2.6600497449180693e-07,0.05120198801159859,0.009309390047654631,-0.051201722006624095,-0.020946165979484732,10,10,eye
25,35,4,eye_0,-5.308902650824621e-09,0.0005319595220498741,7.663913774436093e-12,-7.385015578620369e-06,-0.0005319648309525249,7.385023242534143e-06,-0.0002622899038549954,10,10,eye
25,45,4,eye_0,-9.333054151738907e-08,-0.006719869561493397,-1.514853096296065e-07,0.004011225886642933,0.006719776230951879,-0.0040113773719525625,0.0013541994294996584,10,10,eye
25,46,4,eye_0,-6.899674190208316e-06,-0.005964517593383789,2.6230344474242884e-07,0.04064090922474861,0.005957617919193581,-0.04064064692130387,-0.017341514501055144,10,10,eye
25,48,4,eye_0,-1.961816487039414e-08,0.0006274223560467362,-1.953076278482513e-08,-1.0110437870025635e-05,-0.0006274419742116066,1.009090710724081e-05,-0.0003086755335521829,10,10,eye
25,49,4,eye_0,1.3301148555910913e-06,0.0006933569675311446,5.179070399208285e-07,-3.4809112548828125e-05,-0.0006920268526755535,3.5327019588748954e-05,-0.0003283499165434023,10,10,eye
30,31,4,eye_0,1.6794067505543353e-06,0.0017711460823193192,-3.862301127810497e-06,-0.0009424329036846757,-0.001769466675568765,0.0009385706025568652,-0.00041544803650594986,10,10,eye
30,34,4,eye_0,-1.2015004813292762e-06,0.0015181958442553878,2.2471211195806973e-05,0.04503066837787628,-0.001519397344736717,-0.045008197166680475,-0.023263797255708596,10,10,eye
30,35,4,eye_0,-9.661507505143163e-08,0.003125774906948209,-9.585479965323884e-09,-0.0005006134742870927,-0.0031258715220232602,0.0005006038888071274,-0.0013126338166080664,10,10,eye
30,45,4,eye_0,-1.590088416492108e-08,0.0020917593501508236,-1.7064779967768118e-05,-0.0002254724531667307,-0.0020917752510349885,0.00020840767319896258,-0.000941683788918013,10,10,eye
30,46,4,eye_0,2.597813818283612e-06,0.002146208193153143,3.149715485051274e-05,0.009463253431022167,-0.0021436103793348593,-0.009431756276171654,-0.005787683327753257,10,10,eye
30,48,4,eye_0,-0.00018841335258912295,0.0031408786308020353,-7.587737491121516e-05,-0.003181900829076767,-0.0033292919833911583,0.003106023454165552,-0.00011163426461280324,10,10,eye
30,49,4,eye_0,3.9267433055156786e-11,0.003151631448417902,-4.137480580368447e-09,-0.001332658575847745,-0.003151631409150469,0.0013326544383671646,-0.0009094884853916522,10,10,eye
31,34,4,eye_0,7.974947635602803e-08,-0.001315897679887712,4.81336314805958e-07,0.04541092738509178,0.001315977429364068,-0.045410446048776976,-0.022047234309706454,10,10,eye
31,35,4,eye_0,-8.02803228339144e-08,0.000619566417299211,-1.487896383878251e-08,-0.0005443990230560303,-0.0006196466976220449,0.0005443841440921915,-3.7631276764926724e-05,10,10,eye
31,45,4,eye_0,1.5969889943789894e-07,-0.0006609976408071816,-0.0005454868078231812,-0.0004363417683634907,0.0006611573397066195,-0.00010914503945969045,0.0002760061501234645,10,10,eye
31,46,4,eye_0,-5.566777261378775e-08,-0.0005819797515869141,4.860260194305965e-09,0.010320574045181274,0.0005819240838143003,-0.01032056918492108,-0.00486932255055339,10,10,eye
31,48,4,eye_0,-2.8729925105608345e-08,0.0006376266246661544,-6.510483217425644e-06,-0.00342916464433074,-0.00063765535459126,0.0034226541611133143,0.0013924994032610272,10,10,eye
31,49,4,eye_0,-4.168477829580297e-08,0.0006503045442514122,-2.9340532137211994e-07,-0.001431107521057129,-0.000650346229029708,0.0014308141157357568,0.0003902339433530244,10,10,eye
34,35,4,eye_0,4.920593710266985e-07,0.05143919587135315,9.320363574261137e-07,-0.0006622612709179521,-0.05143870381198212,0.0006631933072753782,-0.025387755252353372,10,10,eye
34,45,4,eye_0,1.9313595203129807e-06,0.04425214231014252,-9.013957225079139e-08,-0.001170164323411882,-0.044250210950622204,0.0011700741838396311,-0.021540068383391286,10,10,eye
34,46,4,eye_0,1.754974073264748e-05,0.0469011589884758,2.0211567971273325e-05,0.007783567998558283,-0.04688360924774315,-0.0077633564305870095,-0.02732348283916508,10,10,eye
34,48,4,eye_0,2.8163962269900367e-05,0.051578424870967865,-2.0957028027623892e-05,-0.004030430223792791,-0.051550260908697965,0.0040094731957651675,-0.0237703938564664,10,10,eye
34,49,4,eye_0,1.5358316431957064e-06,0.051679689437150955,2.8415595210162792e-08,-0.0016988813877105713,-0.05167815360550776,0.0016989098033057815,-0.02498962190110099,10,10,eye
35,45,4,eye_0,-2.863489534377095e-08,-0.00037257670192047954,5.169813377392529e-08,0.004092484712600708,0.00037254806702513577,-0.004092433014466934,-0.0018599424737208992,10,10,eye
35,46,4,eye_0,-6.035690489625267e-07,-0.00039023757562972605,8.583042472309899e-06,0.04177839308977127,0.0003896340065807635,-0.04176981004729896,-0.0206900880203591,10,10,eye
35,48,4,eye_0,-2.988344860455072e-08,6.067753020033706e-06,-3.857550723296299e-07,8.956342753663193e-06,-6.097636468638257e-06,-9.342097825992823e-06,-7.71986714731554e-06,10,10,eye
35,49,4,eye_0,2.443193736212379e-08,9.381770723848604e-06,7.329263240762884e-08,-1.6003847122192383e-05,-9.35733878648648e-06,1.607713975460001e-05,3.359900484056766e-06,10,10,eye
45,46,4,eye_0,-3.710115379362833e-07,0.0007312357192859054,1.8411235487292288e-06,0.008477544412016869,-0.0007316067308238416,-0.00847570328846814,-0.0046036550096459905,10,10,eye
45,48,4,eye_0,-9.647476417740108e-08,0.004135632421821356,-0.0002932450152002275,-0.0022616505157202482,-0.004135728896585533,0.0019684055005200207,-0.0010836616980327562,10,10,eye
45,49,4,eye_0,2.097680771839805e-05,0.0041647376492619514,8.058908861130476e-05,-0.0010060906643047929,-0.004143760841543553,0.0010866797529160976,-0.0015285405443137279,10,10,eye
46,48,4,eye_0,0.0019064737716689706,0.04246752709150314,-0.00797453336417675,-0.0026427798438817263,-0.04056105331983417,-0.005331753520295024,-0.0229464034200646,10,10,eye
46,49,4,eye_0,1.174534759229573e-06,0.042980801314115524,-2.2436097424360923e-07,-0.0010629475582391024,-0.042979626779356295,0.0010627231972648588,-0.020958451791045718,10,10,eye
48,49,4,eye_0,-1.2006530596408993e-06,5.852431058883667e-06,8.482264206577383e-07,-6.9141387939453125e-06,-7.053084118524566e-06,7.76236521460305e-06,3.546405480392423e-07,10,10,eye
1,4,5,eye_1,-1.1011884459843913e-10,-0.0011419057846069336,-5.093184540783113e-07,3.2335519790649414e-05,0.001141905674488089,-3.2844838244727725e-05,0.0005545304181216806,10,10,eye
1,9,5,eye_1,-4.0654884969626437e-07,0.001713573932647705,-2.1990508969338407e-07,-1.3113021850585938e-06,-0.0017139804814974013,1.0913970953652097e-06,-0.0008564445422010181,10,10,eye
1,14,5,eye_1,-6.974051757424604e-06,0.0017025887500494719,-1.350095135421725e-05,-0.00019840597815345973,-0.0017095628018068965,0.00018490502679924248,-0.000762328887503827,10,10,eye
1,21,5,eye_1,7.07619619788602e-07,0.0014854192268103361,3.2086080636872794e-07,-0.0009269356960430741,-0.0014847116071905475,0.0009272565568494429,-0.0002787275251705523,10,10,eye
1,23,5,eye_1,-1.1709881064803085e-08,-0.008831506595015526,-9.231452224867098e-08,0.0028487027157098055,0.008831494885134461,-0.002848795030232054,0.0029913499274512034,10,10,eye
1,26,5,eye_1,-2.6032854094637514e-08,0.0017128705512732267,-3.733664399874215e-08,-0.00018853545770980418,-0.0017128965841273214,0.00018849812106580544,-0.000762199231530758,10,10,eye
1,33,5,eye_1,-2.402072096785446e-09,-0.0097671989351511,-2.2077586425695017e-09,0.0010055899620056152,0.009767196533079003,-0.0010055921697642578,0.004380802181657373,10,10,eye
1,38,5,eye_1,-3.1440094971912913e-09,0.001202398561872542,3.9784275429610716e-08,-1.0782479876070283e-05,-0.001202401705882039,1.0822264151499894e-05,-0.0005957897208652696,10,10,eye
1,40,5,eye_1,-6.941496621948318e-07,-0.0005353569868020713,-3.90248032999807e-06,7.39514798624441e-05,0.0005346628371398765,-7.785396019244217e-05,0.00022840443847371716,10,10,eye
1,47,5,eye_1,5.319947149473592e-09,0.001711684511974454,1.2783152314455037e-08,-0.00016051530838012695,-0.0017116791920273045,0.0001605280915324414,-0.0007755755502474315,10,10,eye
4,9,5,eye_1,-2.243916924271616e-06,0.0005688428645953536,-3.092081897193566e-07,-1.735091245791409e-05,-0.0005710867815196252,1.7041704268194735e-05,-0.00027702253862571524,10,10,eye
4,14,5,eye_1,-1.4385856047738343e-05,0.0005635142442770302,-6.222038564374088e-07,-0.0003371596394572407,-0.0005779001003247686,0.0003365374356008033,-0.00012068133236198264,10,10,eye
4,21,5,eye_1,-1.763259831477626e-07,0.00047266483306884766,5.17496978602594e-08,-0.0015683829551562667,-0.0004728411590519954,0.001568434704854127,0.0005477967729010658,10,10,eye
4,23,5,eye_1,-1.2120187875552801e-06,-0.0011680185561999679,3.6897290556225926e-08,0.0026325820945203304,0.0011668065374124126,-0.002632545197229774,-0.0007328693299086808,10,10,eye
4,26,5,eye_1,-1.0963003838071472e-08,0.0005685091018676758,-1.4252145774662495e-07,-0.00027129054069519043,-0.0005685200648715139,0.0002711480192374438,-0.00014868602281703502,10,10,eye
4,33,5,eye_1,-1.6050064004957676e-05,-0.0012688279384747148,-7.51924772446344e-11,0.000794184219557792,0.001252777874469757,-0.0007941842947502692,0.00022929678985974394,10,10,eye
4,38,5,eye_1,2.9275903216330335e-05,0.0003793060895986855,-1.552075809740927e-05,-0.0002259433240396902,-0.00035003018638235517,0.00021042256594228093,-6.980381022003712e-05,10,10,eye
4,40,5,eye_1,-2.967528871522518e-07,-8.827448255033232e-06,-2.1056734134106136e-09,-0.0002514243242330849,8.53069536788098e-06,0.0002514222185596715,0.00012997645696377624,10,10,eye
4,47,5,eye_1,5.819245870952727e-06,0.000567918992601335,1.4836756463409984e-06,-0.00025548337725922465,-0.0005620997467303823,0.00025696705290556565,-0.00015256634691240833,10,10,eye
9,14,5,eye_1,3.6914117595987506e-11,1.3113022134803032e-07,3.7346126191550866e-10,1.484155632169859e-06,-1.3109330723043433e-07,-1.4837821709079435e-06,-8.074377390691889e-07,10,10,eye
9,21,5,eye_1,-7.013682079559658e-09,1.484155632169859e-06,-6.947482145136519e-09,0.00015195607556961477,-1.4911693142494187e-06,-0.0001519630230517599,-7.672709618300466e-05,10,10,eye
9,23,5,eye_1,-9.151437552645802e-06,-9.549855894874781e-05,-6.4559221755189355e-06,0.003410905599594116,8.634712139610201e-05,-0.003417361521769635,-0.0016655072001867666,10,10,eye
9,26,5,eye_1,-1.96905599464392e-11,4.17232506322307e-08,-5.093170329928398e-11,1.3113022134803032e-07,-4.174294119217714e-08,-1.311811530513296e-07,-8.646204712175337e-08,10,10,eye
9,33,5,eye_1,-6.825513878538914e-07,-0.00010591149475658312,-4.903386070509441e-07,0.0014250099193304777,0.00010522894336872923,-0.0014255002579375287,-0.0006601356572843997,10,10,eye
9,38,5,eye_1,1.7768354609870585e-06,1.2218952178955078e-06,4.664191510528326e-05,4.217028617858887e-05,5.549402430915507e-07,4.471628926694393e-06,2.513284584892972e-06,10,10,eye
9,40,5,eye_1,-3.6876299418509007e-06,-1.1730194273695815e-05,-6.338371804304188e-06,0.0007788658258505166,8.042564331844915e-06,-0.0007852041976548207,-0.0003885808166614879,10,10,eye
9,47,5,eye_1,-2.6756197951671723e-11,3.5762788286319847e-08,-8.64815788426121e-11,1.5497207073167374e-07,-3.578954448427152e-08,-1.5505855231051635e-07,-9.542404839739393e-08,10,10,eye
14,21,5,eye_1,-4.49374937261382e-09,-2.6214122044621035e-05,-3.445074892027833e-09,0.0001438677281839773,2.620962829524842e-05,-0.00014387117325886933,-5.8830772481810456e-05,10,10,eye
14,23,5,eye_1,-7.78384432464918e-08,-0.0011942386627197266,-2.993335357359683e-08,0.0034057677257806063,0.00119416082427648,-0.00340579765913418,-0.00110581841742885,10,10,eye
14,26,5,eye_1,7.818925951141864e-09,1.4066696394365863e-06,1.9756043467822337e-09,-1.4722347714268835e-06,-1.3988507134854444e-06,1.4742103757736658e-06,3.7679831144110665e-08,10,10,eye
14,33,5,eye_1,-2.4900932658056263e-06,-0.0012988686794415116,-7.888027653280005e-07,0.0014217018615454435,0.001296378586175706,-0.0014224906643107715,-6.305603906753277e-05,10,10,eye
14,38,5,eye_1,6.257123175146262e-08,-6.0921905969735235e-05,4.937570565743954e-07,4.351734969532117e-05,6.09844772014867e-05,-4.302359263874678e-05,8.98044228136996e-06,10,10,eye
14,40,5,eye_1,-9.20901221945769e-09,-0.0002673983690328896,-3.776236212615913e-09,0.0007729112985543907,0.00026738916002067015,-0.0007729150747906033,-0.00025276295738496657,10,10,eye
14,47,5,eye_1,2.7780089340012637e-10,1.2576580274981097e-06,3.262357606281796e-10,-1.0192394483965472e-06,-1.2573802266047096e-06,1.0195656841571754e-06,-1.189072712237671e-07,10,10,eye
21,23,5,eye_1,5.190099727769848e-08,-0.005674415733665228,-1.0913484338459511e-08,0.0033161521423608065,0.005674467634662506,-0.003316163055845145,0.0011791522894086803,10,10,eye
21,26,5,eye_1,-1.583368458568657e-07,0.0001514613686595112,-1.2968830276349763e-07,-3.066063072765246e-05,-0.00015161970550536807,3.053094242488896e-05,-6.0544381540239556e-05,10,10,eye
21,33,5,eye_1,2.797736442516907e-08,-0.006164831109344959,1.1179207781708556e-08,0.0013600647216662765,0.006164859086709384,-0.0013600535424584947,0.002402402772125445,10,10,eye
21,38,5,eye_1,3.367808787402282e-08,-0.00019614100165199488,-2.472479536663741e-07,5.409121513366699e-05,0.0001961746797398689,-5.4338463087333366e-05,7.091810832626777e-05,10,10,eye
21,40,5,eye_1,2.059574399027042e-06,-0.0012280106311663985,2.1560262553066423e-07,0.0006653249147348106,0.0012300702055654256,-0.0006651093121092799,0.0002824804467280728,10,10,eye
21,47,5,eye_1,3.5636843476183344e-10,0.00015059113502502441,3.339230975063501e-11,-2.3883581889094785e-05,-0.00015059077865658965,2.3883615281404535e-05,-6.335358168759256e-05,10,10,eye
23,26,5,eye_1,-7.837498117169162e-08,0.00341055984608829,-1.4307525475487637e-07,-0.0008173763635568321,-0.003410638221069462,0.0008172332883020772,-0.0012967024663836924,10,10,eye
23,33,5,eye_1,-1.9330908429537885e-08,0.0010199904209002852,-2.6895122573478147e-08,-0.0004833817365579307,-0.0010200097518087148,0.00048335484143535723,-0.0002683274551866788,10,10,eye
23,38,5,eye_1,4.653257406062039e-07,0.0032182217109948397,2.1700506636079808e-07,-0.0012974143028259277,-0.0032177563852542335,0.0012976313078922885,-0.0009600625386809725,10,10,eye
23,40,5,eye_1,-6.683835351850576e-08,0.0027670799754559994,-4.158573574386537e-06,-0.002353447722271085,-0.002767146813809518,0.0023492891486966982,-0.00020892883255640982,10,10,eye
23,47,5,eye_1,2.426277205813676e-07,0.0034100054763257504,2.3096890799934044e-06,-0.0008743584039621055,-0.003409762848605169,0.0008766680930420989,-0.001266547377781535,10,10,eye
26,33,5,eye_1,-7.730358575486207e-09,-0.0008796155452728271,-1.869342014515496e-09,0.0014247775543481112,0.0008796078149142517,-0.0014247794236901257,-0.000272585804387937,10,10,eye
26,38,5,eye_1,1.3974192370369565e-05,-6.352066702675074e-05,2.9012420782237314e-05,4.222393181407824e-05,7.749485939712031e-05,-1.3211511031840928e-05,3.214167418263969e-05,10,10,eye
26,40,5,eye_1,-5.3608800953952596e-08,-0.00022255182557273656,-2.5141934756334194e-08,0.0007784903282299638,0.0002224982167717826,-0.0007785154701647201,-0.00027800862669646875,10,10,eye
26,47,5,eye_1,-3.4511061543229804e-12,-1.7881393432617188e-07,-6.110667527536862e-13,9.536743306171047e-08,1.7881048322001755e-07,-9.536804412846323e-08,4.1721219545777163e-08,10,10,eye
33,38,5,eye_1,-2.3458987641333806e-07,0.0012867629993706942,-9.35933076107176e-06,-0.0014372884761542082,-0.0012869975892471075,0.0014279291453931364,7.046577807301446e-05,10,10,eye
33,40,5,eye_1,-1.9356150016136553e-09,0.000910985458176583,-2.8641192528766624e-08,-0.0025908350944519043,-0.0009109873937915847,0.0025908064532593755,0.0008399095297338954,10,10,eye
33,47,5,eye_1,4.83927715322352e-06,0.001424425863660872,1.2740201782435179e-06,-0.0009501457097940147,-0.0014195865865076485,0.0009514197299722582,-0.00023408342826769513,10,10,eye
38,40,5,eye_1,2.1662815470335772e-06,-0.00014690756506752223,-1.9484977542560955e-07,0.0005427241558209062,0.0001490738466145558,-0.0005429190055963318,-0.00019692257949088798,10,10,eye
38,47,5,eye_1,8.039546628424432e-08,4.2390824091853574e-05,2.434604162715459e-08,-5.1730872655753046e-05,-4.231042862556933e-05,5.17552186973802e-05,4.722395035905436e-06,10,10,eye
40,47,5,eye_1,2.4241563778559794e-07,0.0007778465515002608,2.0565253180393483e-06,-0.0002049922914011404,-0.0007776041358624752,0.00020704881671917974,-0.00028527765957164775,10,10,eye
2,3,6,eye_2,-1.829935369901392e-10,0.0004407167434692383,-2.9227592790448398e-08,-6.993710849201307e-05,-0.00044071692646277527,6.990788089922262e-05,-0.00018540452278177633,10,10,eye
2,6,6,eye_2,-6.292721366207843e-08,0.000421631324570626,-8.01526738314351e-08,-1.7535687220515683e-05,-0.0004216942517842881,1.7455534546684248e-05,-0.00020211935861880193,10,10,eye
2,7,6,eye_2,5.035906358585862e-09,0.00019077658362220973,-3.800676218190802e-09,-5.3483247029362246e-05,-0.00019077154771585114,5.3479446353144056e-05,-6.864605068135354e-05,10,10,eye
2,13,6,eye_2,1.2954466001247056e-05,-0.008578086271882057,0.00010429765097796917,0.006212583277374506,0.008591040737883304,-0.006108285626396537,0.0012413775557433837,10,10,eye
2,16,6,eye_2,-8.793478167845592e-10,0.00042504072189331055,-1.1699718527324876e-07,7.571280093543464e-06,-0.00042504160124112733,-7.688277278816713e-06,-0.00021636493925997202,10,10,eye
2,17,6,eye_2,1.108457610143887e-07,0.0004421889898367226,1.036125496511886e-07,-0.00023026466078590602,-0.0004420781440757082,0.0002303682733355572,-0.00010585493537007551,10,10,eye
2,18,6,eye_2,3.909466883555979e-08,-0.017000049352645874,1.9425931085947923e-08,0.008613130077719688,0.01700008844731471,-0.008613110651788602,0.0041934888977630536,10,10,eye
2,20,6,eye_2,3.130764980596723e-09,0.00024930835934355855,-2.125671016983688e-08,-0.00024191141710616648,-0.00024930522857857795,0.00024189016039599665,-3.707534091290654e-06,10,10,eye
2,22,6,eye_2,-2.389800302093903e-10,0.00039196014404296875,-1.1757174434023909e-07,5.033612251281738e-05,-0.00039196038302299896,-5.045369425715762e-05,-0.0002212070386400783,10,10,eye
2,27,6,eye_2,-3.432298285588331e-07,0.0004128098371438682,-1.0524847766646417e-06,-0.00010225176811218262,-0.00041315306697242704,0.00010119928333551798,-0.00015597689181845453,10,10,eye
2,29,6,eye_2,-1.267142168970281e-09,0.0003455996629782021,-3.0708314113780943e-08,-0.00036957263364456594,-0.0003456009301203711,0.00036954192533045216,1.1970497605040542e-05,10,10,eye
2,32,6,eye_2,-5.23736503055261e-07,0.0004408836248330772,-1.901246449165228e-08,1.7762183688319055e-06,-0.00044140736133613245,-1.7952308333235578e-06,-0.000221601296084728,10,10,eye
2,41,6,eye_2,2.1521918469602497e-08,2.76088721875567e-05,2.8649367322941544e-06,-0.0002689361572265625,-2.7587350269087096e-05,0.00027180109395885665,0.00012210687184488478,10,10,eye
2,42,6,eye_2,4.273465581405844e-09,-6.163120360724861e-06,2.3983830033103004e-08,0.00040479301242157817,6.167393826306267e-06,-0.00040476902859154507,-0.0001993008173826194,10,10,eye
2,43,6,eye_2,-3.6861863463855116e-06,0.0001816332369344309,-9.030569572132663e-07,1.2733042240142822e-05,-0.0001853194232808164,-1.3636099197356089e-05,-9.947776123908625e-05,10,10,eye
3,6,6,eye_2,-9.689811264479431e-08,-3.7997961044311523e-06,-4.242974860346749e-09,1.2218952178955078e-06,3.702897991786358e-06,-1.2261381927558546e-06,1.2383798995152517e-06,10,10,eye
3,7,6,eye_2,-1.0020303164992583e-07,-4.857480598730035e-05,-3.905588386032832e-08,8.147954940795898e-05,4.8474602955650425e-05,-8.151860529181931e-05,-1.6522001168084444e-05,10,10,eye
3,13,6,eye_2,0.00013439953909255564,-0.0011187732452526689,9.247219713870436e-05,0.006314131431281567,0.0012531727843452245,-0.006221659234142862,-0.002484243224898819,10,10,eye
3,16,6,eye_2,-2.2372114827362566e-08,-3.0994415283203125e-06,-1.162625284933938e-08,-6.724893864884507e-06,3.07706941349295e-06,6.7132676120351675e-06,4.895168512764059e-06,10,10,eye
3,17,6,eye_2,6.040863920198092e-10,3.5762786865234375e-07,2.0977494741281077e-10,-8.82148754044465e-07,-3.5702378226032394e-07,8.823585289918778e-07,2.6266737336577695e-07,10,10,eye
3,18,6,eye_2,4.357590114523191e-06,-0.0013739258283749223,1.3323343409865629e-05,0.008551371283829212,0.0013782834184894455,-0.008538047940419347,-0.0035798822609649505,10,10,eye
3,20,6,eye_2,1.472444655092886e-08,-3.814995216089301e-05,2.4786749008853803e-07,0.00038242340087890625,3.816467660744394e-05,-0.0003821755333888177,-0.0001720054283906869,10,10,eye
3,22,6,eye_2,4.569068551063538e-06,-9.688735190138686e-06,4.990696834283881e-05,7.063746306812391e-05,1.4257803741202224e-05,-2.0730494725285098e-05,-3.236345492041437e-06,10,10,eye
3,27,6,eye_2,-4.949106457985408e-09,-5.5670739129709546e-06,-5.667061264702511e-10,7.754564649076201e-06,5.562124806512969e-06,-7.755131355202671e-06,-1.096503274344851e-06,10,10,eye
3,29,6,eye_2,7.3215233875600916e-09,-1.9043684005737305e-05,8.631468872977166e-09,0.0001244187296833843,1.9051005529124865e-05,-0.00012441009821451132,-5.267954634269323e-05,10,10,eye
3,32,6,eye_2,9.986252103022508e-11,7.450580596923828e-08,2.8080649784600897e-12,2.9802322387695312e-08,-7.440594344820806e-08,-2.9799514322716852e-08,-5.2102728885462454e-08,10,10,eye
3,41,6,eye_2,4.595180598698789e-06,-7.954239845275879e-05,1.4698872291774023e-05,-0.0003763407585211098,8.413757905145758e-05,0.00039103963081288384,0.0002375886049321707,10,10,eye
3,42,6,eye_2,-3.5655403074486003e-09,-8.135139796650037e-05,-1.1895712859200103e-08,0.0005932211643084884,8.134783242619292e-05,-0.0005932330600213476,-0.0002559426137975773,10,10,eye
3,43,6,eye_2,6.804152974382305e-08,-5.095302913105115e-05,8.77118537800925e-08,-4.3730437027988955e-05,5.1021070660794976e-05,4.381814888176905e-05,4.741960977128201e-05,10,10,eye
6,7,6,eye_2,3.392028657955848e-09,-1.175999659608351e-05,6.2341882767213974e-09,7.454156730091199e-05,1.1763388624741467e-05,-7.453533311263527e-05,-3.13859722439469e-05,10,10,eye
6,13,6,eye_2,1.4212916994438274e-06,-0.0004909217241220176,2.007665443670703e-06,0.006308683659881353,0.0004923430158214614,-0.006306675994437683,-0.0029071664893081106,10,10,eye
6,16,6,eye_2,-1.653148798408388e-11,4.0531159584134e-07,-1.2784198144544234e-09,-5.81890344619751e-06,-4.053281273293241e-07,5.817625026383055e-06,2.7061484495268656e-06,10,10,eye
6,17,6,eye_2,1.9215804059058428e-08,1.2993812106287805e-06,7.425114745274186e-09,-1.2880564099759795e-05,-1.2801654065697221e-06,1.2887989214505069e-05,5.8039119039676734e-06,10,10,eye
6,18,6,eye_2,5.711946869269013e-06,-0.0011177301639690995,1.4266019206843339e-05,0.008555134758353233,0.0011234421108383685,-0.00854086873914639,-0.0037087133141540107,10,10,eye
6,20,6,eye_2,1.598286836212992e-08,-8.696317308931611e-06,1.196744960907381e-07,0.00034965277882292867,8.712300177293741e-06,-0.00034953310432683793,-0.0001704104020747721,10,10,eye
6,22,6,eye_2,4.6070879750059746e-11,-1.2993812106287805e-06,3.017354686107865e-07,6.965994543861598e-05,1.2994272815085306e-06,-6.935820997000519e-05,-3.402939134424833e-05,10,10,eye
6,27,6,eye_2,4.552020912984567e-11,-2.2053718851111626e-07,7.468088647488713e-11,1.9729136511159595e-06,2.205827087202461e-07,-1.9728389702294846e-06,-8.761281307546193e-07,10,10,eye
6,29,6,eye_2,3.3882088246173225e-09,-3.731250671989983e-06,2.8733098123012724e-09,9.898543066810817e-05,3.7346388808146003e-06,-9.898255735829586e-05,-4.762395923874063e-05,10,10,eye
6,32,6,eye_2,-1.1008068900864032e-09,1.1920928955078125e-06,-1.5757705904007047e-11,1.370906801412275e-07,-1.193193702397899e-06,-1.371064378471315e-07,-6.651500701225152e-07,10,10,eye
6,41,6,eye_2,2.4892159444789286e-09,-2.0253657567081973e-05,3.3447975056333235e-07,-0.0003703653928823769,2.0256146783026452e-05,0.00037069987263294024,0.00019547800970798335,10,10,eye
6,42,6,eye_2,1.1541289035577051e-09,-2.2149086362333037e-05,7.035805715815968e-09,0.0005833745235577226,2.2150240491236595e-05,-0.0005833674877520068,-0.0002806086236303851,10,10,eye
6,43,6,eye_2,3.620237887247413e-09,-1.2230872926011216e-05,4.1080578938590406e-08,-4.054605960845947e-05,1.2234493163898463e-05,4.058714018739806e-05,2.6410816675648263e-05,10,10,eye
7,13,6,eye_2,3.048298822250217e-07,-0.004081386141479015,9.242517262464389e-05,0.006243759300559759,0.00408169097136124,-0.006151334127935115,-0.0010348215782869374,10,10,eye
7,16,6,eye_2,-3.1666786970419025e-09,7.576942152809352e-05,-1.2628516010693147e-08,3.3721328236424597e-06,-7.577258820679056e-05,-3.384761339653153e-06,-3.9578674773221856e-05,10,10,eye
7,17,6,eye_2,4.330763747617539e-09,8.203387551475316e-05,1.0741132427938282e-08,-0.00015942454047035426,-8.202954475100555e-05,0.0001594352816027822,3.8702868425888326e-05,10,10,eye
7,18,6,eye_2,-4.292333155575534e-09,-0.009926867671310902,1.4608242793201498e-07,0.00859474204480648,0.009926863378977746,-0.008594595962378548,0.0006661337082995988,10,10,eye
7,20,6,eye_2,-2.6999040869668534e-07,1.1241436368436553e-05,-1.8500489886719151e-06,-4.912018630420789e-05,-1.1511426777133238e-05,4.7270137315535976e-05,1.787935526920137e-05,10,10,eye
7,22,6,eye_2,-2.2728053750142863e-07,6.359219696605578e-05,3.0514275550785896e-08,5.6707860494498163e-05,-6.381947750355721e-05,-5.667734621894738e-05,-6.0248411861252293e-05,10,10,eye
7,27,6,eye_2,7.746052688162308e-10,7.127523713279516e-05,2.9322677619347814e-10,-6.829500489402562e-05,-7.127446252752634e-05,6.829529812080182e-05,-1.4895822033622608e-06,10,10,eye
7,29,6,eye_2,-1.7138063190813568e-09,4.66823585156817e-05,-3.0874844902939458e-09,-0.00021639466285705566,-4.668407232200078e-05,0.00021639157537256537,8.48537515252823e-05,10,10,eye
7,32,6,eye_2,-7.37145483542534e-11,8.153319504344836e-05,-5.740332514880819e-11,1.2814998626708984e-06,-8.153326875799671e-05,-1.2815572659960472e-06,-4.140741301199638e-05,10,10,eye
7,41,6,eye_2,2.4507897933290224e-07,-7.323622412513942e-05,2.17039200833824e-06,-0.00030159653397277,7.348130310447232e-05,0.0003037669259811082,0.00018862411454279027,10,10,eye
7,42,6,eye_2,-1.1226302376599051e-05,-9.098649024963379e-05,-9.28062959815179e-08,0.00046306251897476614,7.976018787303474e-05,-0.00046315532527074765,-0.00019169756869885646,10,10,eye
7,43,6,eye_2,8.153529407195492e-09,-1.437068021914456e-05,1.3945683008387277e-07,-4.404783339850837e-06,1.4378833748551756e-05,4.54424016993471e-06,9.461536959243233e-06,10,10,eye
13,16,6,eye_2,0.00021231445134617388,0.0063096643425524235,5.9120007790625095e-05,-0.00028989464044570923,-0.00609734989120625,0.0003490146482363343,-0.0028741676214849576,10,10,eye
13,17,6,eye_2,1.1808000635937788e-05,0.006314569618552923,1.9031597275898093e-06,-0.005858242511749268,-0.006302761617916985,0.005860145671476857,-0.00022130797322006401,10,10,eye
13,18,6,eye_2,2.1159867458209192e-07,0.0029083252884447575,5.040053110860754e-06,0.00786116998642683,-0.0029081136897701754,-0.00785612993331597,-0.0053821218115430725,10,10,eye
13,20,6,eye_2,3.759127139346674e-05,0.0062596676871180534,-3.879870291711995e-06,-0.014727580361068249,-0.006222076415724587,0.014723700490776537,0.004250812037525975,10,10,eye
13,22,6,eye_2,4.235586311551742e-05,0.006300246808677912,-1.273583620786667e-07,-0.0007215618970803916,-0.006257890945562394,0.000721434538718313,-0.0027682282034220407,10,10,eye
13,27,6,eye_2,0.00012800101831089705,0.006306168623268604,8.297060048789717e-06,-0.0029111444018781185,-0.006178167604957707,0.0029194414619269082,-0.0016293630715153995,10,10,eye
13,29,6,eye_2,7.154422974053887e-07,0.006286993622779846,-2.5408161263840157e-07,-0.015119289979338646,-0.006286278180482441,0.015119035897726008,0.004416378858621783,10,10,eye
13,32,6,eye_2,8.444229752058163e-05,0.006314173340797424,1.4609307754653855e-06,-4.975795673090033e-05,-0.006229731043276843,5.121888750636572e-05,-0.0030892560778852385,10,10,eye
13,41,6,eye_2,3.335212022648193e-05,0.006198397371917963,-2.1406040673355164e-07,0.0008778393385000527,-0.006165045251691481,-0.0008780533989067862,-0.0035215493252991337,10,10,eye
13,42,6,eye_2,2.683789830371097e-07,0.006191992666572332,9.2093417336514e-09,-0.004615598823875189,-0.006191724287589295,0.0046156080332169225,-0.0007880581271861864,10,10,eye
13,43,6,eye_2,0.0010686207097023726,0.0062407939694821835,-0.00012190402776468545,0.0005189761286601424,-0.005172173259779811,-0.0006408801564248279,-0.0029065267081023194,10,10,eye
16,17,6,eye_2,1.5367730156867765e-05,-6.808340458519524e-06,2.9299408765837143e-07,-1.0758638381958008e-05,2.217607061538729e-05,1.105163246961638e-05,1.6613851542501834e-05,10,10,eye
16,18,6,eye_2,2.27272835218173e-06,-0.0015322670806199312,1.8503166074879118e-06,0.008554485626518726,0.001534539808972113,-0.008552635309911238,-0.0035090477504695627,10,10,eye
16,20,6,eye_2,6.352566117584502e-08,1.978874252017704e-06,2.4909678586482187e-07,0.00035555363865569234,-1.915348590841859e-06,-0.0003553045418698275,-0.0001786099452303347,10,10,eye
16,22,6,eye_2,2.3932079429300757e-08,-4.4897196858073585e-06,3.088716766797006e-07,6.983578350627795e-05,4.513651765236659e-06,-6.952691182959825e-05,-3.2506630032180794e-05,10,10,eye
16,27,6,eye_2,-6.3153038354357705e-09,-5.434453669295181e-06,-9.36779542826116e-10,3.0040741876291577e-06,5.428138365459745e-06,-3.005010967171984e-06,1.2115636991438805e-06,10,10,eye
16,29,6,eye_2,8.787829131051694e-08,-2.3081897779775318e-06,7.57900142644985e-09,0.00010354518599342555,2.3960680692880487e-06,-0.0001035376069919991,-5.0570769461355525e-05,10,10,eye
16,32,6,eye_2,-1.1878728400915861e-07,-6.735324859619141e-06,2.1973392549945459e-10,1.3113022134803032e-07,6.616537575609982e-06,-1.3091048742253086e-07,3.2428135440937256e-06,10,10,eye
16,41,6,eye_2,6.099198657238958e-08,9.208917617797852e-06,3.200564719918475e-07,-0.00037139951018616557,-9.147925631225462e-06,0.0003717195666581574,0.00018128582051346598,10,10,eye
16,42,6,eye_2,6.334722746359489e-10,5.8159230320598e-06,-4.470371184339683e-09,0.0005851805326528847,-5.815289559785164e-06,-0.0005851850030240691,-0.0002955001462919271,10,10,eye
16,43,6,eye_2,8.252116572293744e-07,4.360079856269294e-06,8.665432460475131e-07,-4.109293149667792e-05,-3.53486819903992e-06,4.195947474272543e-05,1.9212303271842757e-05,10,10,eye
17,18,6,eye_2,5.356347969609487e-07,-0.011781061068177223,2.203914391429862e-06,0.008551061153411865,0.011781596702974184,-0.008548857239020435,0.0016163697319768744,10,10,eye
17,20,6,eye_2,2.219167072325945e-09,-0.00012202859215904027,1.893140577635677e-08,0.0003850340726785362,0.0001220308113261126,-0.0003850151412727598,-0.0001314921649733236,10,10,eye
17,22,6,eye_2,1.648622927064025e-08,-3.172755168634467e-05,8.544926458853297e-06,7.066130638122559e-05,3.174403791561531e-05,-6.211637992237229e-05,-1.518617100337849e-05,10,10,eye
17,27,6,eye_2,2.7720124862185003e-08,-1.8525122868595645e-05,7.277267144445432e-08,8.213520231947768e-06,1.855284299345783e-05,-8.140747560503314e-06,5.206047716477258e-06,10,10,eye
17,29,6,eye_2,3.560462502605333e-08,-6.107091758167371e-05,9.644281817600131e-08,0.00012645722017623484,6.110652220669976e-05,-0.00012636077735805884,-3.262712757567954e-05,10,10,eye
17,32,6,eye_2,3.100467382832761e-10,-7.450580596923828e-07,5.825313842411362e-11,5.9604645663569045e-09,7.453681064306661e-07,-5.902211427932791e-09,3.6973294750136665e-07,10,10,eye
17,41,6,eye_2,1.7903118987305788e-09,-0.0002630650997161865,8.568466824954157e-08,-0.0003768354654312134,0.00026306689002808525,0.0003769211500994629,0.0003199940200637741,10,10,eye
17,42,6,eye_2,4.626644845018291e-09,-0.00028547047986648977,9.792449517931345e-09,0.0005940318224020302,0.0002854751065113348,-0.0005940220299525123,-0.00015427346172058876,10,10,eye
17,43,6,eye_2,1.2019090434023383e-07,-0.00016508698172401637,7.967135502440215e-07,-4.397481825435534e-05,0.0001652071726283566,4.477153180459936e-05,0.00010498935221647798,10,10,eye
18,20,6,eye_2,5.052701226304634e-07,0.00858780462294817,-8.035634891712107e-06,-0.023427987471222878,-0.00858729935282554,0.023419951836331165,0.007416326241752813,10,10,eye
18,22,6,eye_2,1.3439412782645377e-07,0.008560645394027233,-8.58585167407e-07,-0.001473754644393921,-0.008560510999899407,0.001472896059226514,-0.0035438074703364464,10,10,eye
18,27,6,eye_2,4.5400756221170013e-07,0.008556744083762169,7.414841718400567e-08,-0.007105708122253418,-0.008556290076199957,0.007105782270670602,-0.0007252539027646776,10,10,eye
18,29,6,eye_2,0.00017342940554954112,0.008569896221160889,-0.00117658416274935,-0.03316163271665573,-0.008396466815611348,0.03198504855390638,0.011794290869147517,10,10,eye
18,32,6,eye_2,5.592827392320032e-07,0.008551329374313354,6.959790255223197e-08,-0.00026317237643525004,-0.008550770091574122,0.0002632419743378023,-0.00414376405861816,10,10,eye
18,41,6,eye_2,-3.8725477935486197e-08,0.008620461449027061,-3.677880044961057e-08,0.00031547248363494873,-0.008620500174504997,-0.00031550926243539834,-0.004468004718470198,10,10,eye
18,42,6,eye_2,1.0927247728886869e-07,0.008610364980995655,2.1754190115963468e-10,-0.011340683326125145,-0.008610255708518366,0.011340683543667046,0.00136521391757434,10,10,eye
18,43,6,eye_2,-1.2276993643922651e-08,0.008598342537879944,-3.5418182164903556e-08,2.0295381546020508e-05,-0.008598354814873588,-2.033079972818541e-05,-0.004309342807300887,10,10,eye
20,22,6,eye_2,1.3464887160807848e-07,0.000298488128464669,3.8875441532582045e-08,6.065070556360297e-05,-0.0002983534795930609,-6.061183012207039e-05,-0.00017948265485756565,10,10,eye
20,27,6,eye_2,8.392783357180633e-09,0.0003343820571899414,2.8940121410414577e-09,-5.0395727157592773e-05,-0.0003343736644065842,5.0398621169733815e-05,-0.0001419875216184252,10,10,eye
20,29,6,eye_2,1.4977413798078487e-07,0.00021863580332137644,-6.214831671513821e-08,-0.00013312697410583496,-0.00021848602918339566,0.00013306482578911982,-4.271060169713792e-05,10,10,eye
20,32,6,eye_2,3.6336529340985635e-09,0.00038275719271041453,5.894037480302927e-10,1.1324882507324219e-06,-0.00038275355905748043,-1.1318988469843916e-06,-0.0001919427289522324,10,10,eye
20,41,6,eye_2,2.156011724707696e-08,-0.0003312885819468647,1.4769520362278854e-07,-0.00031683145789429545,0.0003313101420641118,0.00031697915309791824,0.000324144647581015,10,10,eye
20,42,6,eye_2,-7.556263881269842e-08,-0.0003918886068277061,-1.1671436084270681e-07,0.0004940807702951133,0.0003918130441888934,-0.000494197484655956,-5.1192220233531316e-05,10,10,eye
20,43,6,eye_2,2.0054722327245145e-08,-6.4474341343157e-05,2.5751797139150767e-08,-1.224130392074585e-05,6.449439606548424e-05,1.2267055717885e-05,3.838072589168462e-05,10,10,eye
22,27,6,eye_2,2.1084125023662637e-07,6.914138793945312e-05,1.4838406059425324e-09,-7.081031981215347e-06,-6.89305466892165e-05,7.082515821821289e-06,-3.0924015433697605e-05,10,10,eye
22,29,6,eye_2,6.042319000698626e-08,6.574392318725586e-05,5.435431305045313e-08,5.890726970392279e-05,-6.568349999724887e-05,-5.885291539087234e-05,-6.22682076940606e-05,10,10,eye
22,32,6,eye_2,2.704964572330937e-07,7.062554504955187e-05,3.993363972831787e-10,3.159046286782541e-07,-7.035504859231878e-05,-3.155052922809709e-07,-3.5335276942299876e-05,10,10,eye
22,41,6,eye_2,4.4983230509387795e-06,4.711449219030328e-05,6.232177838683128e-06,-0.0003611654101405293,-4.26161691393645e-05,0.0003673975879792124,0.00016239070941992395,10,10,eye
22,42,6,eye_2,-7.707569582571239e-10,4.2125582695007324e-05,-1.4488113819766113e-08,0.0005679726600646973,-4.212635345196558e-05,-0.000567987148178517,-0.0003050567508152413,10,10,eye
22,43,6,eye_2,1.0412732365239208e-07,5.660355236614123e-05,7.195330908871256e-08,-3.57076532964129e-05,-5.649942504248884e-05,3.577960660550161e-05,-1.0359909218493613e-05,10,10,eye
27,29,6,eye_2,6.750997094684408e-09,-2.1159648895263672e-05,2.1483355538975957e-08,8.696317672729492e-05,2.1166399892358356e-05,-8.694169337175595e-05,-3.2887646739698795e-05,10,10,eye
27,32,6,eye_2,-7.976777851581573e-07,7.814169293851592e-06,-5.87594684020587e-07,2.086162567138672e-07,-8.611847079009749e-06,-7.962109407344542e-07,-4.704029009872102e-06,10,10,eye
27,41,6,eye_2,2.810105481643177e-09,-0.0001180052786367014,1.3504779516892995e-08,-0.00036765338154509664,0.00011800808874218305,0.00036766688632461353,0.0002428374875333983,10,10,eye
27,42,6,eye_2,-7.222151765517992e-08,-0.00012867451005149633,-4.456996904877997e-08,0.0005788266425952315,0.00012860228853384115,-0.0005788712125642803,-0.00022513446201521958,10,10,eye
27,43,6,eye_2,4.657604080193778e-08,-7.106065459083766e-05,1.1099741925590934e-07,-3.9096175896702334e-05,7.11072306316396e-05,3.9207173315958244e-05,5.515720197379892e-05,10,10,eye
29,32,6,eye_2,6.540085362161108e-09,0.00012468695058487356,1.401076588081196e-09,5.960464477539062e-07,-0.0001246804104995114,-5.946453711658251e-07,-6.263752793533861e-05,10,10,eye
29,41,6,eye_2,3.0603815037721915e-09,-0.00044165848521515727,3.097272882612856e-09,-0.00034649670124053955,0.00044166154559666104,0.00034649979851342216,0.0003940806720550416,10,10,eye
29,42,6,eye_2,-8.797610639987852e-09,-0.0005053997156210244,-3.0133719963743033e-09,0.0005440294626168907,0.0005053909180103844,-0.000544032475988887,-1.932077898925133e-05,10,10,eye
29,43,6,eye_2,3.0621323254820254e-09,-0.0002266943483846262,6.389314077814845e-10,-2.788156234601047e-05,0.0002266974105169517,2.788220127741825e-05,0.00012728980589718497,10,10,eye
32,41,6,eye_2,1.8973628002072473e-08,1.9609929040598217e-06,5.369154791878827e-07,-0.0003764391003642231,-1.9420192760577493e-06,0.000376976015843411,0.00018751699828367663,10,10,eye
32,42,6,eye_2,-7.98587294070785e-08,1.4364719618242816e-06,-7.265157364599872e-08,0.0005933583015576005,-1.5163306912313601e-06,-0.0005934309531312465,-0.00029747364191123893,10,10,eye
32,43,6,eye_2,1.6064451102693056e-08,1.4007091522216797e-06,2.145517044027656e-07,-4.3766201997641474e-05,-1.3846447011189866e-06,4.398075370204424e-05,2.1298054500462626e-05,10,10,eye
41,42,6,eye_2,2.6352535087426077e-07,-0.00025575756444595754,-1.70057088411113e-08,0.00037770866765640676,0.0002560210897968318,-0.00037772567336524787,-6.0852291784208035e-05,10,10,eye
41,43,6,eye_2,-1.5997881064322428e-06,-0.0002974301460199058,-1.2308825034779147e-06,2.0138919353485107e-05,0.00029583035791347356,-2.1369801856963022e-05,0.00013723027802825527,10,10,eye
42,43,6,eye_2,-5.649213985492452e-09,0.00045862197293899953,-1.1239933428441873e-09,1.867562605184503e-05,-0.000458627622152985,-1.8676750045187873e-05,-0.00023865218609908645,10,10,eye
16,17,7,wing_0,3.419016138650477e-05,0.0002740010677371174,4.815822649106849e-06,2.397298885625787e-05,-0.00023981090635061264,-1.9157166207151022e-05,-0.00012948403627888183,10,10,wing
16,24,7,wing_0,-3.396532702026889e-05,-0.002442140830680728,4.086608953457471e-07,0.024608146399259567,0.002408175503660459,-0.02460773773836422,-0.011099781117351881,10,10,wing
16,26,7,wing_0,1.525616994513257e-06,0.0011182337766513228,4.49308572569862e-08,-4.521012306213379e-05,-0.0011167081596568096,4.5255053919390775e-05,-0.0005357265528687094,10,10,wing
16,35,7,wing_0,7.512553565902635e-07,0.0010107606649398804,-9.544919299386834e-10,-3.2186508747145126e-07,-0.00101000940958329,3.209105955415126e-07,-0.0005048442494938743,10,10,wing
17,24,7,wing_0,-0.00017785289674066007,-6.467699859058484e-05,4.687188265961595e-05,0.022824401035904884,-0.00011317589815007523,-0.02277752915324527,-0.011445352525697672,10,10,wing
17,26,7,wing_0,8.668968689562462e-07,2.307295835635159e-05,2.0080297247204726e-07,-0.00031726955785416067,-2.2206061487395345e-05,0.0003174703608266327,0.00014763214966961868,10,10,wing
17,35,7,wing_0,1.0264441243634792e-06,2.4044513338594697e-05,2.6521556151237746e-07,-4.237294342601672e-05,-2.3018069214231218e-05,4.2638158987529096e-05,9.810044886648939e-06,10,10,wing
24,26,7,wing_0,3.4099089134542737e-06,0.024932842701673508,-1.8118298328317906e-07,-0.0016686141025274992,-0.024929432792760053,0.001668432919544216,-0.011630499936607919,10,10,wing
24,35,7,wing_0,1.219492969539715e-05,0.024678867310285568,-7.308354099677672e-08,-0.00023338795290328562,-0.02466667238059017,0.00023331486936228885,-0.012216678755613941,10,10,wing
26,35,7,wing_0,7.176822469645572e-10,-3.4952165151480585e-05,1.637886215544171e-10,7.12275505065918e-06,3.495288283372755e-05,-7.122591262037625e-06,1.3915145785844962e-05,10,10,wing
2,10,8,wing_1,7.348990948230494e-06,-0.00011032819747924805,3.297894636489218e-06,-0.002190661383792758,0.00011767718842747854,0.002193959278429247,0.0011558182334283629,10,10,wing
2,13,8,wing_1,3.7132110719539924e-06,-0.00011257528967689723,1.5838586477912031e-06,-0.0019290685886517167,0.00011628850074885122,0.001930652447299508,0.0010234704740241796,10,10,wing
2,21,8,wing_1,1.382830276952518e-07,-0.0001132845864049159,4.4698882106786186e-07,-9.42111000767909e-05,0.00011342286943261115,9.465808889785876e-05,0.00010404047916523496,10,10,wing
2,27,8,wing_1,2.2652093889519165e-07,-0.00011337399337207898,8.644681770419993e-07,-0.00018258094496559352,0.00011360051431097418,0.00018344541314263552,0.00014852296372680485,10,10,wing
2,32,8,wing_1,1.4599936370984778e-08,-0.00011147857003379613,9.089035080123153e-10,-2.3865699404268526e-05,0.00011149316997016712,2.3866608307776538e-05,6.767988913897183e-05,10,10,wing
2,43,8,wing_1,7.3558374424465e-05,-0.00011173486564075574,2.879797284549568e-05,-0.0005988046759739518,0.00018529324006522074,0.0006276026488194475,0.0004064479444423341,10,10,wing
10,13,8,wing_1,-1.0177700904279163e-09,1.7523765563964844e-05,2.5274857762269676e-09,-2.1544099581660703e-05,-1.752478333405527e-05,2.154662706743693e-05,2.010921866690829e-06,10,10,wing
10,21,8,wing_1,-2.0369771647210655e-08,2.5004148483276367e-05,-1.111009595433643e-07,-1.3351440202313825e-06,-2.5024518254923578e-05,1.2240430606880182e-06,-1.190023759711778e-05,10,10,wing
10,27,8,wing_1,-2.417538667032204e-07,2.593994213384576e-05,-3.3368124263688514e-07,-2.7418136596679688e-06,-2.6181696000548982e-05,2.4081324170310836e-06,-1.1886781791758949e-05,10,10,wing
10,32,8,wing_1,-1.4097167877480388e-09,5.334615707397461e-06,-5.03950992047919e-10,-2.9802322387695312e-08,-5.336025424185209e-06,2.9298371395647393e-08,-2.653363526394781e-06,10,10,wing
10,43,8,wing_1,-7.272049715872919e-12,8.016824722290039e-06,-3.07695691148524e-09,-4.915892986900872e-06,-8.016831994339755e-06,4.912816029989386e-06,-1.5520079821751843e-06,10,10,wing
13,21,8,wing_1,1.6764272459113272e-06,5.015730948798591e-06,2.3399480131303108e-09,-3.337860050578456e-07,-3.339303702887264e-06,3.361259530709759e-07,-1.501588874908144e-06,10,10,wing
13,27,8,wing_1,-7.767230414401638e-08,5.799532118544448e-06,-2.079468686133623e-08,-6.914139021318988e-07,-5.8772044226884645e-06,6.706192152705626e-07,-2.603292603708951e-06,10,10,wing
13,32,8,wing_1,4.5372869905691005e-09,-1.1298060599074233e-05,8.442293975008397e-09,1.9073486612342094e-07,1.1302597886064802e-05,-1.8229257214841255e-07,5.560152656958195e-06,10,10,wing
13,43,8,wing_1,2.242682910491567e-07,-9.065866834134795e-06,-1.71770810908356e-08,1.9192696072423132e-06,9.290135125183951e-06,-1.936446688333149e-06,3.6768442184254013e-06,10,10,wing
21,27,8,wing_1,-3.4633558243513107e-09,0.0,-3.702007145278685e-09,-4.17232506322307e-08,-3.4633558243513107e-09,3.8021243486952017e-08,1.7278943831300353e-08,10,10,wing
21,32,8,wing_1,8.01651356407973e-10,-8.1062319168268e-07,6.993332024585186e-10,2.384185791015625e-07,8.11424843039088e-07,-2.3771924589910398e-07,2.86852798569992e-07,10,10,wing
21,43,8,wing_1,8.46375769469887e-09,-7.092952500897809e-07,6.685877629308834e-09,4.029273895866936e-06,7.177590077844798e-07,-4.022588018237627e-06,-1.6524145052265737e-06,10,10,wing
27,32,8,wing_1,4.0410085944131424e-07,-1.6748905409258441e-06,1.1670636013150215e-07,2.5033949668795685e-07,2.0789914003671583e-06,-1.336331365564547e-07,9.726791319053518e-07,10,10,wing
27,43,8,wing_1,-1.465377819087621e-09,-1.4722347714268835e-06,-1.7493675397162178e-09,4.297494797356194e-06,1.470769393607796e-06,-4.29924416489591e-06,-1.414237385644057e-06,10,10,wing
32,43,8,wing_1,-5.368292615992587e-11,1.0728835775353218e-07,6.092432336401998e-09,-1.4454126358032227e-06,-1.0734204067969211e-07,1.4515050681396247e-06,6.720815137299663e-07,10,10,wing
1,14,9,wing_2,9.44128242252873e-09,-6.41942006041063e-06,5.98389320316528e-08,7.270574860740453e-05,6.428861342833159e-06,-7.264590967537288e-05,-3.310852416626986e-05,10,10,wing
1,18,9,wing_2,1.3736439763434305e-09,-3.951788130507339e-06,6.31514467386296e-07,7.033348197182931e-07,3.953161774483682e-06,-7.182035233199713e-08,1.9406707110758425e-06,10,10,wing
1,20,9,wing_2,5.04532351897069e-07,-1.1748075849027373e-05,1.3940292774350382e-05,0.00023878812498878688,1.2252608200924442e-05,-0.0002248478322144365,-0.00010629761200675603,10,10,wing
1,29,9,wing_2,1.1744532013580056e-09,-7.539987564086914e-06,4.192815872272604e-09,1.4722347259521484e-05,7.541162017288272e-06,-1.4718154443649212e-05,-3.58849621318047e-06,10,10,wing
1,30,9,wing_2,6.608615737979662e-11,-6.341934295051033e-06,1.778985314615511e-08,9.357333328807727e-05,6.3420003812084125e-06,-9.355554343493111e-05,-4.360677152686135e-05,10,10,wing
1,34,9,wing_2,-9.796281563723142e-10,-3.631115032476373e-05,3.267525607952848e-05,0.0017351389396935701,3.631017069660736e-05,-0.0017024636836140417,-0.0008330767564587171,10,10,wing
1,36,9,wing_2,1.8432547932434318e-08,-2.5331974029541016e-06,7.236303556368284e-09,1.2040138699376257e-06,2.551629950886536e-06,-1.1967775663812574e-06,6.774261922526392e-07,10,10,wing
1,46,9,wing_2,2.267575016645651e-09,-5.4001807257009204e-06,5.204265018932119e-09,-7.94827974459622e-06,5.402448300717566e-06,7.953484009615153e-06,6.677966155166359e-06,10,10,wing
1,48,9,wing_2,3.375134893790488e-10,-3.5762786865234375e-07,1.8272518786943692e-07,1.2372433957352769e-05,3.579653821417228e-07,-1.2189708769483332e-05,-5.9158716936708045e-06,10,10,wing
14,18,9,wing_2,-1.4155693506268108e-08,5.785226676380262e-05,6.693099408039416e-07,3.4958125070261303e-06,-5.7866422457308886e-05,-2.8265025662221888e-06,-3.0346462511765537e-05,10,10,wing
14,20,9,wing_2,6.271875241381508e-10,2.860426866391208e-05,1.0294479935168965e-08,0.00020660758309531957,-2.8603641476387942e-05,-0.0002065972886153844,-0.00011760046504588617,10,10,wing
14,29,9,wing_2,-1.6673766811692303e-09,4.426837040227838e-05,-9.93395574133693e-11,1.448392822567257e-06,-4.427003777895955e-05,-1.4484921621246705e-06,-2.285926497054211e-05,10,10,wing
14,30,9,wing_2,4.169996969949352e-08,4.874467776971869e-05,7.387890832433186e-07,7.564425322925672e-05,-4.87029778000192e-05,-7.49054641460134e-05,-6.18042209730163e-05,10,10,wing
14,34,9,wing_2,-7.156654824314046e-09,-6.365180161083117e-05,2.040901563304942e-05,0.0016479939222335815,6.364464495600686e-05,-0.0016275849066005321,-0.0007819701308222626,10,10,wing
14,36,9,wing_2,-9.732639583148739e-09,6.318688247120008e-05,-1.8444439309206473e-09,4.819035439140862e-06,-6.319661511078323e-05,-4.8208798830717825e-06,-3.4008747496927505e-05,10,10,wing
14,46,9,wing_2,-1.660953374837959e-09,5.231499744695611e-05,-7.516746114433204e-10,2.4743378617131384e-06,-5.231665840033095e-05,-2.4750895363245817e-06,-2.7395873968327766e-05,10,10,wing
14,48,9,wing_2,-1.2087753020750824e-09,7.14480847818777e-05,-2.3864346054836005e-09,-1.769140362739563e-05,-7.144929355717977e-05,1.7689017192790146e-05,-2.6880138182194813e-05,10,10,wing
18,20,9,wing_2,-3.086752187186903e-08,5.114078703627456e-06,-3.0305164955279906e-07,0.0002188801736338064,-5.144946225499325e-06,-0.0002191832252833592,-0.00011216408575442927,10,10,wing
18,29,9,wing_2,-6.560608653671807e-06,4.091858954780037e-06,-3.2601878956484143e-06,6.490945906989509e-06,-1.0652467608451843e-05,-9.751133802637924e-06,-1.0201800705544883e-05,10,10,wing
18,30,9,wing_2,6.827595200320502e-08,3.5136938549840124e-06,-3.1109448173083365e-07,8.254051499534398e-05,-3.4454179029808074e-06,-8.285160947707482e-05,-4.314851369002781e-05,10,10,wing
18,34,9,wing_2,-3.392483449715655e-08,1.4778971490159165e-05,1.0535361383290365e-07,0.0016809344524517655,-1.4812896324656322e-05,-0.0016808290988379326,-0.0008478209975812945,10,10,wing
18,36,9,wing_2,4.10415213991655e-06,1.7970800172406598e-06,4.2719767634480377e-07,3.4689903714024695e-06,2.3070721226758906e-06,-3.0417926950576657e-06,-3.6736028619088756e-07,10,10,wing
18,46,9,wing_2,7.939699457892857e-07,3.1620263598597376e-06,-2.2587423700315412e-06,-1.4401972521227435e-06,-2.368056414070452e-06,-8.185451179087977e-07,-1.5933007659896248e-06,10,10,wing
18,48,9,wing_2,5.831330781802535e-06,8.702278364580707e-07,5.467271080306091e-07,-6.283819857344497e-06,4.961102945344464e-06,6.830546965375106e-06,5.895824955359785e-06,10,10,wing
20,29,9,wing_2,7.378984889783169e-08,0.0002007126749958843,-9.899958968162537e-07,-9.357929229736328e-06,-0.00020063888514698647,8.367933332920074e-06,-9.61354759070332e-05,10,10,wing
20,30,9,wing_2,8.745610458049669e-09,0.000206744676688686,1.073888755698249e-09,6.0582162404898554e-05,-0.00020673593107822796,-6.0581088516142856e-05,-0.0001336585097971854,10,10,wing
20,34,9,wing_2,-5.575384598444089e-09,5.680918548023328e-05,2.363067750366099e-07,0.0015800774563103914,-5.6814760864831726e-05,-0.0015798411495353548,-0.0008183279552000933,10,10,wing
20,36,9,wing_2,-9.579851393937133e-06,0.00022602081298828125,-1.1161197107867338e-05,7.459521384589607e-06,-0.00023560066438221838,-1.8620718492456945e-05,-0.00012711069143733766,10,10,wing
20,46,9,wing_2,1.7480487890519925e-10,0.00021148324594832957,4.891808291773714e-09,1.0330229997634888e-05,-0.00021148307114345066,-1.0325338189343114e-05,-0.00011090420466639689,10,10,wing
20,48,9,wing_2,-1.0625058610713722e-09,0.00023706555657554418,-1.1773116881386159e-07,-4.1959436202887446e-05,-0.00023706661908140525,4.1841705034073584e-05,-9.761245702366583e-05,10,10,wing
29,30,9,wing_2,3.3356628570402336e-09,1.5258789289873675e-06,-4.757748683914542e-08,7.239580008899793e-05,-1.5225432661303273e-06,-7.244337757583708e-05,-3.69829604209837e-05,10,10,wing
29,34,9,wing_2,-1.1652518594473804e-07,-5.995035098749213e-05,1.1646714881408116e-07,0.0016318827401846647,5.983382580154739e-05,-0.0016317662730358506,-0.0007859662236171516,10,10,wing
29,36,9,wing_2,-3.0919909477233887e-07,9.483099347562529e-06,-2.0610925730579766e-06,5.441904249892104e-06,-9.792298442334868e-06,-7.502996822950081e-06,-8.647647632642474e-06,10,10,wing
29,46,9,wing_2,-2.1923332838014176e-07,3.4570693969726562e-06,2.6032328150904505e-06,4.394352345116204e-06,-3.676302725352798e-06,-1.7911195300257532e-06,-2.7337111276892756e-06,10,10,wing
29,48,9,wing_2,1.623178889076371e-07,1.4024973097548354e-05,-1.226784718255658e-07,-2.3255497580976225e-05,-1.3862655208640717e-05,2.313281910915066e-05,4.635081950254971e-06,10,10,wing
30,34,9,wing_2,-2.7208079345086844e-08,-8.308887117891572e-06,5.148752393324685e-07,0.0016483634244650602,8.281679038546486e-06,-0.0016478485492257278,-0.0008197834350935906,10,10,wing
30,36,9,wing_2,-4.381490725791082e-09,8.648038055980578e-05,-9.48941147882465e-10,4.783272743225098e-06,-8.648476205053157e-05,-4.78422168437298e-06,-4.5634491867452276e-05,10,10,wing
30,46,9,wing_2,-1.3264070730656385e-07,7.841586921131238e-05,-1.884516649397483e-07,2.4184585072362097e-06,-7.854850991861895e-05,-2.606910172175958e-06,-4.057771004539745e-05,10,10,wing
30,48,9,wing_2,-5.819980515298084e-07,9.265542030334473e-05,-4.307046879148402e-07,-1.760646773618646e-05,-9.323741835487453e-05,1.717576304827162e-05,-3.803082765330146e-05,10,10,wing
34,36,9,wing_2,1.3993887648666714e-07,0.0017006248235702515,-6.2289089441947e-08,2.0703673726529814e-05,-0.0017004848846937648,-2.076596281597176e-05,-0.0008606254237548683,10,10,wing
34,46,9,wing_2,2.8757057179973344e-07,0.0016606270801275969,-1.6128949482663302e-06,4.912838267046027e-05,-0.0016603395095557971,-5.07412776187266e-05,-0.0008555403935872619,10,10,wing
34,48,9,wing_2,7.179967269621557e-07,0.0017304777866229415,-2.038098955381429e-06,-0.00015609785623382777,-0.0017297597898959793,0.00015405975727844634,-0.0007878500163087665,10,10,wing
36,46,9,wing_2,-1.708076524664648e-08,4.276633262634277e-06,-1.0352668766699935e-07,-3.8355588003469165e-06,-4.293714027880924e-06,3.732032112679917e-06,-2.808409576005033e-07,10,10,wing
36,48,9,wing_2,-2.922388331327852e-09,1.4156103134155273e-06,4.275925675756298e-07,4.3883920852749725e-07,-1.4185327017468552e-06,-1.1246640951867448e-08,-7.148896713493613e-07,10,10,wing
46,48,9,wing_2,1.5289033399312757e-05,-7.370859293587273e-06,8.477084520563949e-06,-1.3259797924547456e-05,2.265989269290003e-05,2.1736882445111405e-05,2.2198387569005718e-05,10,10,wing
5,6,10,wing_3,-1.7650018335757522e-08,-4.285574050300056e-06,-6.2238543208081865e-09,6.079673653403006e-07,4.267924031964299e-06,-6.141912196611088e-07,1.826866406151595e-06,10,10,wing
5,31,10,wing_3,-6.22821960671871e-10,-1.5556812513750629e-06,1.0730582644669084e-08,1.2755393754559918e-06,1.555058429414391e-06,-1.2648087928113227e-06,1.4512481830153412e-07,10,10,wing
6,31,10,wing_3,4.976755119123766e-10,4.470348358154297e-07,-2.021333855850571e-08,-2.2649764730431343e-07,-4.465371603035173e-07,2.0628430874580772e-07,-1.201264257788548e-07,10,10,wing
0,7,11,wing_4,1.7690651930024615e-06,0.00699868518859148,3.6717769944516476e-06,-0.005896854214370251,-0.006996916123398478,0.005900525991364702,-0.0005481950660168877,10,10,wing
0,8,11,wing_4,3.656043077171489e-07,0.006984340958297253,1.010172141491239e-07,-0.002673280192539096,-0.0069839753539895355,0.002673381209753245,-0.0021552970721181453,10,10,wing
0,11,11,wing_4,0.0100400410592556,0.006501597352325916,8.133343362715095e-05,-0.0027240575291216373,0.0035384437069296837,0.0028053909627487883,0.003171917334839236,10,10,wing
0,25,11,wing_4,3.372060018591583e-05,0.0033740669023245573,7.229574748635059e-06,0.008888822980225086,-0.0033403463021386415,-0.008881593405476451,-0.006110969853807546,10,10,wing
0,42,11,wing_4,0.0002138099807780236,0.0069894371554255486,6.502147152787074e-05,-0.00020834803581237793,-0.006775627174647525,0.0002733695073402487,-0.003251128833653638,10,10,wing
0,47,11,wing_4,8.931458978622686e-06,0.006979214958846569,1.4859873544992297e-06,-0.0003800034464802593,-0.006970283499867946,0.00038148943383475853,-0.003294397033016594,10,10,wing
0,49,11,wing_4,1.2022735063510481e-05,0.006992256734520197,3.7876968690397916e-06,-0.0033269585110247135,-0.006980233999456686,0.0033307462078937533,-0.0018247438957814666,10,10,wing
7,8,11,wing_4,3.4887926858573337e-07,0.00020573734946083277,2.7825444703921676e-07,-8.785724639892578e-05,-0.00020538847019224704,8.8135500845965e-05,-5.862648467314102e-05,10,10,wing
7,11,11,wing_4,-1.0244177701679291e-06,-0.0024428428150713444,-3.1581868142893654e-07,0.001638478017412126,0.0024418183973011764,-0.001638793836093555,0.0004015122806038107,10,10,wing
7,25,11,wing_4,-2.61360014519596e-07,-0.013979959301650524,-2.103768359518199e-08,0.013602507300674915,0.013979697941636005,-0.01360252833835851,0.00018858480163874702,10,10,wing
7,42,11,wing_4,-7.070274932630127e-06,0.00017061232938431203,-6.633205430262024e-06,-1.3351440202313825e-06,-0.00017768260431694216,-5.298061410030641e-06,-9.14903328634864e-05,10,10,wing
7,47,11,wing_4,-9.60500514679552e-08,-0.0005164146423339844,-1.8972741600009613e-08,3.448724601184949e-05,0.0005163185922825164,-3.45062187534495e-05,0.00024090618676453346,10,10,wing
7,49,11,wing_4,6.688060238957405e-08,0.00015341043763328344,-4.3592079945753426e-10,-0.00013271570787765086,-0.00015334355703089386,0.0001327152719568514,-1.0314142537021231e-05,10,10,wing
8,11,11,wing_4,6.354421344667571e-08,-0.0011147677432745695,5.94797711528372e-07,0.0017971813213080168,0.0011148312874880162,-0.0017965865235964884,-0.0003408776180542361,10,10,wing
8,25,11,wing_4,-3.205983739462681e-05,-0.0067386748269200325,-4.1629655243013985e-06,0.013781571760773659,0.006706614989525406,-0.01378573472629796,-0.0035395598683862772,10,10,wing
8,42,11,wing_4,3.4493858436235314e-08,-1.4287233170762192e-05,3.20007522702781e-08,2.4378300622629467e-06,1.4321727029198428e-05,-2.4058293099926686e-06,5.9579488596028796e-06,10,10,wing
8,47,11,wing_4,-1.1392010037525324e-06,-0.0002933204232249409,-5.07501681568101e-07,5.509257243829779e-05,0.00029218122222118836,-5.5600074119865894e-05,0.00011829057405066123,10,10,wing
8,49,11,wing_4,5.66220819564478e-07,-2.111196590703912e-05,1.5203462453428074e-06,5.576014518737793e-05,2.16781867266036e-05,-5.423979894203512e-05,-1.6280806107715762e-05,10,10,wing
11,25,11,wing_4,-0.00011812134471256286,-0.00903425831347704,1.0045967428595759e-05,0.011636513285338879,0.008916136968764476,-0.011626467317910283,-0.0013551651745729032,10,10,wing
11,42,11,wing_4,-2.2668426026939414e-05,0.0017716288566589355,-2.847560608643107e-05,-7.532238669227809e-05,-0.001794297282685875,4.6846780605847016e-05,-0.000873725251040014,10,10,wing
11,47,11,wing_4,4.796069106305367e-07,0.0012717724312096834,1.6417629922216292e-08,-0.00015851258649490774,-0.0012712928242990529,0.00015852900412482995,-0.0005563819100871115,10,10,wing
11,49,11,wing_4,-3.252597480241093e-06,0.0017591178184375167,-0.00019683572463691235,-0.001761108636856079,-0.0017623704159177578,0.0015642729122191668,-9.904875184929551e-05,10,10,wing
25,42,11,wing_4,-3.2806249237182783e-06,0.01375267468392849,-5.394462732510874e-06,-0.0005647540092468262,-0.013755955308852208,0.0005593595465143153,-0.006598297881168946,10,10,wing
25,47,11,wing_4,2.140595256605593e-08,0.01319084782153368,6.904627980475198e-10,-0.0008403003448620439,-0.013190826415581114,0.0008403010353248419,-0.006175262690128136,10,10,wing
25,49,11,wing_4,-1.1595102478167973e-05,0.013738507404923439,-1.1613088645390235e-05,-0.0057974038645625114,-0.013750102507401607,0.005785790775917121,-0.003982155865742243,10,10,wing
42,47,11,wing_4,-2.8909028060297715e-08,-1.2451409929781221e-05,-1.0548811602006936e-08,5.1671268010977656e-05,1.2422500901720923e-05,-5.168181682257966e-05,-1.962965796042937e-05,10,10,wing
42,49,11,wing_4,5.7765645600227344e-09,1.7225742112714215e-06,-7.914787047980099e-09,2.4127959477482364e-05,-1.7167976467113988e-06,-2.4135874264530344e-05,-1.2926335955620871e-05,10,10,wing
47,49,11,wing_4,-9.63957745625521e-07,4.996061397832818e-05,-3.284349531895714e-06,-0.0005374252796173096,-5.0924571723953704e-05,0.0005341409300854139,0.00024160817918073008,10,10,wing
3,4,12,wing_5,3.9964298537142895e-08,0.0033966421615332365,3.145765276713064e-06,0.005552726797759533,-0.0033966021972346994,-0.00554958103248282,-0.00447309161485876,10,10,wing
3,9,12,wing_5,3.5791401842288906e-08,0.018174562603235245,4.43833414465189e-10,-0.0009144425275735557,-0.018174526811833402,0.0009144429714069702,-0.008630041920213216,10,10,wing
3,33,12,wing_5,8.402484752423334e-08,0.015248018316924572,-3.0405871598304657e-07,-0.0019053876167163253,-0.015247934292077048,0.0019050835580003422,-0.006671425367038353,10,10,wing
3,38,12,wing_5,9.136947483057156e-07,0.016872644424438477,-1.4165555057843449e-06,-0.010626906529068947,-0.01687173072969017,0.010625489973563162,-0.003123120378063504,10,10,wing
3,41,12,wing_5,1.4772446775168646e-05,0.01783103123307228,-2.219494854216464e-05,-0.002251675818115473,-0.017816258786297112,0.002229480869573308,-0.007793388958361902,10,10,wing
3,44,12,wing_5,2.453029139815044e-07,0.018113693222403526,-1.0672818461898714e-05,-0.0005872726324014366,-0.018113447919489545,0.0005765998139395379,-0.008768424052775003,10,10,wing
3,45,12,wing_5,1.3210907923166815e-07,0.016920918598771095,-3.608849397096492e-07,-0.004977238364517689,-0.016920786489691864,0.004976877479577979,-0.005971954505056942,10,10,wing
4,9,12,wing_5,6.544965435750782e-05,0.0066522895358502865,1.0153919447475346e-06,-0.0009990691905841231,-0.006586839881492779,0.0010000845825288707,-0.002793377649481954,10,10,wing
4,33,12,wing_5,8.399564831051975e-05,0.006424969527870417,1.0881080925173592e-07,-0.002074986696243286,-0.006340973879559897,0.002075095507052538,-0.0021329391862536795,10,10,wing
4,38,12,wing_5,0.004252010025084019,0.006560230161994696,-1.0619405657052994e-06,-0.011118615046143532,-0.002308220136910677,0.011117553105577826,0.004404666484333575,10,10,wing
4,41,12,wing_5,1.895356035674922e-05,0.006631404161453247,1.0305651812814176e-05,-0.0025030612014234066,-0.006612450601096498,0.0025133668532362208,-0.0020495418739301385,10,10,wing
4,44,12,wing_5,6.038028914190363e-06,0.006648695562034845,1.9304904981254367e-06,-0.0005098104593344033,-0.006642657533120655,0.0005117409498325287,-0.003065458291644063,10,10,wing
4,45,12,wing_5,6.587652933376376e-06,0.00656475406140089,-3.739921885426156e-05,-0.007471215911209583,-0.006558166408467514,0.007433816692355322,0.00043782514194390387,10,10,wing
9,33,12,wing_5,2.522188822240423e-07,-0.00021176338486839086,1.4432234252126364e-07,0.0002953529474325478,0.0002120156037506149,-0.00029520862509002654,-4.159651066970582e-05,10,10,wing
9,38,12,wing_5,8.783070484241762e-07,-9.844898886512965e-05,9.31224803935038e-06,0.0012351155746728182,9.932729591355383e-05,-0.0012258033266334678,-0.000563238015359957,10,10,wing
9,41,12,wing_5,4.838739409152026e-10,-2.676844633242581e-05,1.1610381989157759e-08,7.754265971016139e-05,2.6768930206366726e-05,-7.753104932817223e-05,-2.5381059560902752e-05,10,10,wing
9,44,12,wing_5,7.317169092857512e-11,-4.780292329087388e-06,1.192591696508316e-07,-3.5303830372868106e-05,4.780365500778316e-06,3.542308954251894e-05,2.0101727521648627e-05,10,10,wing
9,45,12,wing_5,-1.4697543804231827e-07,-9.518861770629883e-05,2.006148406508146e-06,0.0030659795738756657,9.504164226825651e-05,-0.0030639734254691575,-0.0014844658916004505,10,10,wing
33,38,12,wing_5,-7.964890613720854e-08,7.898807234596461e-05,-6.019632792231278e-07,-0.001044201897457242,-7.906772125210182e-05,0.0010435999341780189,0.00048226610646295853,10,10,wing
33,41,12,wing_5,-1.766011364923159e-10,0.0002381682425038889,1.6288140614051372e-08,-0.0004963070387020707,-0.0002381684191050254,0.0004963233268426848,0.00012907745386882968,10,10,wing
33,44,12,wing_5,1.0096555058680678e-07,0.00028524399385787547,-1.871208894499432e-07,-3.973841739934869e-05,-0.00028514302830728866,3.955129650989875e-05,-0.00012279586589869496,10,10,wing
33,45,12,wing_5,-4.954029918735614e-06,8.68618517415598e-05,2.509981186449295e-06,-0.0001842319907154888,-9.181588166029542e-05,0.00018674197190193809,4.7463045120821334e-05,10,10,wing
38,41,12,wing_5,1.4059355457618494e-08,0.0009859383571892977,-5.295134997140849e-09,-0.00020119249529670924,-0.00098592429783384,0.0002011872001617121,-0.000392368548836064,10,10,wing
38,44,12,wing_5,-5.674104297526128e-09,0.0011911928886547685,-2.5017049765097e-08,7.331371421059885e-07,-0.001191198562759066,-7.581541918710855e-07,-0.0005959783584754685,10,10,wing
38,45,12,wing_5,8.118951200231095e-08,0.00029879211797378957,2.4637076876388164e-06,0.0012686073314398527,-0.00029871092846178726,-0.001266143623752214,-0.0007824272761070006,10,10,wing
41,44,12,wing_5,-9.52957179833902e-06,6.331205077003688e-05,-6.22989591647638e-06,-1.4978647413954604e-05,-7.28416225683759e-05,8.748751497478224e-06,-3.2046435535448836e-05,10,10,wing
41,45,12,wing_5,-2.4044907149800565e-06,-0.00019303857698105276,1.4601531574953697e-06,0.0025199472438544035,0.0001906340862660727,-0.002518487090696908,-0.0011639265022154177,10,10,wing
44,45,12,wing_5,-4.858900865656324e-05,3.266334488216671e-06,-2.96524194709491e-05,0.0029673874378204346,-5.185534314477991e-05,-0.0029970398572913837,-0.0015244476002180818,10,10,wing
0,4,13,foot_0,-2.580782254568703e-09,-1.1324882365215672e-07,-1.7134151875097814e-08,2.8610230629055877e-07,1.1066804139758801e-07,-3.032364581656566e-07,-9.628420838403429e-08,10,10,foot
0,5,13,foot_0,-5.31854311702773e-08,-6.556511067401516e-08,-2.27009883113638e-10,0.0,1.2379679503737862e-08,-2.27009883113638e-10,6.076334810312112e-09,10,10,foot
0,11,13,foot_0,-0.0029571596533060074,-0.0069841742515563965,-7.901410754129756e-06,0.0040802001021802425,0.004027014598250389,-0.004088101512934372,-3.05434573419916e-05,10,10,foot
0,14,13,foot_0,-7.712515348590188e-11,1.4901161193847656e-08,-2.77941586412922e-10,-1.1920929132713809e-08,-1.4978286347333558e-08,1.1642987546300887e-08,-1.6676494005163356e-09,10,10,foot
0,25,13,foot_0,-2.4713153834454715e-07,-2.153515742975287e-05,5.186302498572104e-09,0.00016898513422347605,2.1288025891408324e-05,-0.00016897994792097748,-7.384596101478458e-05,10,10,foot
0,26,13,foot_0,-6.128721086184896e-09,1.1920929132713809e-08,1.1095835188157377e-11,-5.9604645663569045e-09,-1.8049650218898705e-08,5.971560401545062e-09,-6.039044908676822e-09,10,10,foot
0,27,13,foot_0,-2.4175279556004625e-09,-3.3259391329920618e-06,-7.534026874589372e-11,3.904104232788086e-06,3.3235216050364613e-06,-3.904179573056832e-06,-2.9032898401018525e-07,10,10,foot
0,30,13,foot_0,-1.3043972568738127e-09,-1.7821788560468121e-06,-5.748006515204906e-10,8.761882668295584e-07,1.7808744587899383e-06,-8.767630674810789e-07,4.520556956544297e-07,10,10,foot
0,31,13,foot_0,-2.8523482242803766e-08,-2.8133392788731726e-06,-1.3073077065328675e-09,1.430511474609375e-06,2.784815796630369e-06,-1.4318187823159079e-06,6.764985071572305e-07,10,10,foot
0,38,13,foot_0,-3.7910599530732725e-06,-1.4078616914048325e-05,-3.7590506707374516e-08,5.54084763280116e-05,1.0287556960975053e-05,-5.544606683471898e-05,-2.2579254936871962e-05,10,10,foot
0,42,13,foot_0,-6.800866572120867e-07,-2.9921532131993445e-06,-1.2353993383840134e-07,6.318092346191406e-06,2.3120665559872577e-06,-6.441632280029808e-06,-2.064782862021275e-06,10,10,foot
4,5,13,foot_0,2.870938331511752e-08,2.6226044269606064e-07,1.000444171950221e-11,-2.9802322387695312e-08,-2.3355105938094312e-07,2.9812326829414815e-08,-1.0186936627576415e-07,10,10,foot
4,11,13,foot_0,-3.5028374441026244e-06,-0.0029369890689849854,6.675911379261379e-08,0.00408016424626112,0.0029334862315408827,-0.004080097487147327,-0.0005733056278032223,10,10,foot
4,14,13,foot_0,2.75285860773522e-09,3.159046286782541e-07,-1.6007107098148232e-11,-3.5762788286319847e-08,-3.1315177007051886e-07,3.57467811792217e-08,-1.3870249444564858e-07,10,10,foot
4,25,13,foot_0,-8.262349915355571e-09,-1.0114908036484849e-05,9.027371739023238e-09,0.00016879438771866262,1.0106645686569493e-05,-0.0001687853603469236,-7.933935733017705e-05,10,10,foot
4,26,13,foot_0,1.5097588956791697e-08,3.099441414633475e-07,9.094947017729282e-12,-1.1920929132713809e-08,-2.948465525065558e-07,1.1930024079731538e-08,-1.4145826421341212e-07,10,10,foot
4,27,13,foot_0,-9.61119850373393e-10,-1.2993812106287805e-06,2.1123014795620954e-11,3.8385392144846264e-06,1.2984200907784071e-06,-3.838518091469831e-06,-1.2700490003457118e-06,10,10,foot
4,30,13,foot_0,-1.681314670820555e-10,-5.4836272056491e-07,3.028048992104182e-11,8.404255140703754e-07,5.481945890978279e-07,-8.403952335804543e-07,-1.461003222413132e-07,10,10,foot
4,31,13,foot_0,-1.0527315685848748e-09,-1.0371207963544293e-06,-1.430748835379303e-11,1.394748665006773e-06,1.0360680647858445e-06,-1.3947629724951269e-06,-1.793474538546412e-07,10,10,foot
4,38,13,foot_0,-2.2493767914966156e-07,-6.502866654045647e-06,1.5436671674251556e-06,5.5283308029174805e-05,6.2779289748959854e-06,-5.373964086174965e-05,-2.3730855943426832e-05,10,10,foot
4,42,13,foot_0,-4.882792836724548e-09,-1.1682510603350238e-06,-1.596163201611489e-10,6.127357664809097e-06,1.1633682674982992e-06,-6.127517281129258e-06,-2.4820745068154793e-06,10,10,foot
5,11,13,foot_0,6.491256385743327e-07,-0.004981708712875843,3.3293574688286753e-06,0.004080152604728937,0.004982357838514417,-0.0040768232472601085,0.00045276729562715445,10,10,foot
5,14,13,foot_0,-2.1653250303899085e-09,1.7881394143159923e-08,-1.3154931588488239e-09,-4.17232506322307e-08,-2.0046719173549832e-08,4.040775747338188e-08,1.0180519149916023e-08,10,10,foot
5,25,13,foot_0,3.770810330649965e-09,-1.0925531569228042e-05,2.1631716862202666e-08,0.00016886592493392527,1.0929302379558692e-05,-0.00016884429321706307,-7.895749541875219e-05,10,10,foot
5,26,13,foot_0,-4.0454323224636823e-10,1.7881394143159923e-08,-3.085006139436075e-10,-1.1920929132713809e-08,-1.828593737540629e-08,1.1612428518770201e-08,-3.336754428318045e-09,10,10,foot
5,27,13,foot_0,6.061782187316567e-10,-1.6748905409258441e-06,1.4587157870504797e-10,3.874301910400391e-06,1.6754967191445758e-06,-3.874156038821686e-06,-1.099329659838555e-06,10,10,foot
5,30,13,foot_0,7.610651553413561e-10,-8.881091844159528e-07,1.9111667803883847e-09,8.583068620282575e-07,8.888702495712941e-07,-8.563956952478691e-07,1.6237277161712527e-08,10,10,foot
5,31,13,foot_0,2.1286542306597767e-08,-1.4245509873944684e-06,6.314657952088965e-08,1.412630126651493e-06,1.4458375297010662e-06,-1.3494835471306033e-06,4.817699128523145e-08,10,10,foot
5,38,13,foot_0,1.7741403723903204e-07,-7.110834303603042e-06,1.1121039733552607e-06,5.534887168323621e-05,7.288248340842074e-06,-5.423676770988095e-05,-2.347425968451944e-05,10,10,foot
5,42,13,foot_0,2.4499513529008254e-11,-1.5079974673426477e-06,9.86233317235019e-12,6.163120360724861e-06,1.5080219668561767e-06,-6.1631104983916885e-06,-2.327544265767756e-06,10,10,foot
11,14,13,foot_0,8.068423262841407e-09,0.00408018846064806,-2.6447008139030004e-08,-0.0017324208747595549,-0.004080180392224797,0.0017323944277514158,-0.0011738929822366906,10,10,foot
11,25,13,foot_0,1.6272906577796675e-05,0.004071587231010199,-1.1984625416516792e-05,-0.009662163443863392,-0.004055314324432402,0.009650178818446875,0.0027974322470072366,10,10,foot
11,26,13,foot_0,2.093885029808007e-07,0.00408018846064806,2.87289367406629e-07,-0.0008910775068216026,-0.004079979072145079,0.0008913647961890092,-0.001594307137978035,10,10,foot
11,27,13,foot_0,1.6183099305067117e-08,0.0040788473561406136,-5.061298047337459e-09,-0.006841188762336969,-0.0040788311730413085,0.006841183701038922,0.0013811762639988068,10,10,foot
11,30,13,foot_0,2.610662761526328e-07,0.00407945504412055,-1.8523876406106865e-06,-0.004903214983642101,-0.0040791939778443975,0.004901362596001491,0.00041108430907854654,10,10,foot
11,31,13,foot_0,9.507683716947213e-05,0.004079049918800592,7.18176295322337e-07,-0.0033586262725293636,-0.00398397308163112,0.003359344448824686,-0.00031231431640321716,10,10,foot
11,38,13,foot_0,2.4087930228233745e-07,0.004074585624039173,-1.196561788674444e-05,-0.011176347732543945,-0.004074344744736891,0.011164382114657201,0.003545018684960155,10,10,foot
11,42,13,foot_0,1.8885499230236746e-05,0.004078942351043224,-2.6279385565430857e-05,-0.024562794715166092,-0.004060056851812988,0.02453651532960066,0.010238229238893837,10,10,foot
14,25,13,foot_0,-9.913492249324918e-11,-3.033876510016853e-06,7.475182250971102e-09,0.0001690030039753765,3.0337773750943597e-06,-0.00016899552879312552,-8.298087570901558e-05,10,10,foot
14,26,13,foot_0,2.0372680972768897e-11,-2.3841858265427618e-08,1.273292560798056e-12,-5.9604645663569045e-09,2.3862230946400387e-08,5.9617378589177025e-09,1.4911984402659045e-08,10,10,foot
14,27,13,foot_0,-5.1318237853648085e-11,-4.5895575340182404e-07,-3.184368393971404e-11,3.9219858081196435e-06,4.589044351639704e-07,-3.922017651803583e-06,-1.7315566083198064e-06,10,10,foot
14,30,13,foot_0,-1.760781742632389e-09,-2.384185791015625e-07,-1.979060526569043e-10,8.761882668295584e-07,2.366577973589301e-07,-8.763861728822153e-07,-3.198641877616426e-07,10,10,foot
14,31,13,foot_0,-4.0513442600698113e-10,-3.814697322468419e-07,-1.025091456163807e-09,1.4424324490391882e-06,3.810645978208349e-07,-1.443457540495352e-06,-5.311964713372586e-07,10,10,foot
14,38,13,foot_0,-2.311935504151208e-10,-1.9848346255457727e-06,1.78872134881658e-08,5.54084763280116e-05,1.9846034319953576e-06,-5.5390589114523436e-05,-2.670299284126404e-05,10,10,foot
14,42,13,foot_0,-3.44721223788369e-10,-4.112720546345372e-07,-1.4142642786041382e-11,6.324052719719475e-06,4.1092733341074883e-07,-6.324066862362261e-06,-2.956569764475756e-06,10,10,foot
25,26,13,foot_0,3.493216240713082e-07,0.0001690030039753765,4.651155904866755e-09,-2.312660171810421e-06,-0.00016865368235130518,2.317311327715288e-06,-8.316818551179495e-05,10,10,foot
25,27,13,foot_0,8.759607226238586e-06,0.00016413927369285375,3.955792493570698e-08,-1.3327598935575224e-05,-0.00015537966646661516,1.3367156860510931e-05,-7.100625480305212e-05,10,10,foot
25,30,13,foot_0,4.7330950110335834e-06,0.00016630887694191188,-5.474139541661316e-08,-1.087188684323337e-05,-0.0001615757819308783,1.0817145447816756e-05,-7.537931824153077e-05,10,10,foot
25,31,13,foot_0,1.463897234543765e-07,0.00016483664512634277,5.833226346396714e-09,-6.508827027573716e-06,-0.0001646902554028884,6.514660253920113e-06,-7.908779757448414e-05,10,10,foot
25,38,13,foot_0,7.166090654209256e-08,0.00014862418174743652,1.271691907334116e-08,2.574920654296875e-05,-0.00014855252084089443,-2.573648962389541e-05,-8.714450523239492e-05,10,10,foot
25,42,13,foot_0,3.166605822002566e-08,0.0001645267038838938,1.4492252731201916e-08,-3.7586687540169805e-05,-0.00016449503782567376,3.760117979290101e-05,-6.344692901638638e-05,10,10,foot
26,27,13,foot_0,5.777110456683943e-10,-3.337860050578456e-07,4.519824958748586e-09,3.9219858081196435e-06,3.34363716103514e-07,-3.917465983160895e-06,-1.7915511335286904e-06,10,10,foot
26,30,13,foot_0,8.221832104027271e-10,-2.0265579792067e-07,6.023037624203198e-09,8.881091844159528e-07,2.0347798113107274e-07,-8.820861467917496e-07,-3.393040828303384e-07,10,10,foot
26,31,13,foot_0,7.8898667113525e-12,-2.980232238769531e-07,2.5187319244168727e-11,1.4424324490391882e-06,2.980311137436645e-07,-1.442407261719944e-06,-5.721880739881398e-07,10,10,foot
26,38,13,foot_0,2.916436585564952e-07,-1.519918441772461e-06,9.401235843142786e-07,5.544424129766412e-05,1.8115621003289561e-06,-5.450411771334984e-05,-2.6346277806510443e-05,10,10,foot
26,42,13,foot_0,-1.3699263945454732e-11,-3.2782554626464844e-07,-2.8649083973208977e-12,6.3478946685791016e-06,3.27811847000703e-07,-6.347897533487499e-06,-3.010042843243398e-06,10,10,foot
27,30,13,foot_0,-1.1023075507932134e-10,2.455711410220829e-06,-3.5430276490444612e-09,-9.00030158845766e-07,-2.455821640975908e-06,8.964871311967215e-07,-7.796672548895933e-07,10,10,foot
27,31,13,foot_0,5.74345918047392e-11,1.6152858961504535e-06,-4.195044485399979e-12,2.0265579792067e-07,-1.6152284615586487e-06,-2.026599929651554e-07,-9.089442272619021e-07,10,10,foot
27,38,13,foot_0,1.0804797057062387e-09,-7.337331680901116e-06,4.027424616026565e-09,5.08427619934082e-05,7.338412160606822e-06,-5.0838734568792177e-05,-2.1750161204092677e-05,10,10,foot
27,42,13,foot_0,2.011074640151378e-09,1.466274284211977e-06,1.2851160413607232e-10,-4.2915343101412873e-07,-1.4642632095718255e-06,4.292819426182648e-07,-5.174906334767804e-07,10,10,foot
30,31,13,foot_0,-6.337358970931461e-10,-6.616115797442035e-07,-8.485221414389343e-09,7.748603820800781e-07,6.609778438471103e-07,-7.833456034944675e-07,-6.118387982367857e-08,10,10,foot
30,38,13,foot_0,-2.6477119163814677e-08,-6.8306922003102954e-06,5.762194721370406e-09,5.292296555126086e-05,6.804215081146481e-06,-5.291720335653949e-05,-2.3056494137696504e-05,10,10,foot
30,42,13,foot_0,-3.7264272223502815e-10,-7.271766548910819e-07,3.80850895525392e-13,2.664327666934696e-06,7.268040121688468e-07,-2.6643272860838005e-06,-9.687616369574768e-07,10,10,foot
31,38,13,foot_0,1.425433937551901e-10,-3.7491322473215405e-06,2.008888522198049e-08,5.151033474248834e-05,3.7492747907152957e-06,-5.149024585726636e-05,-2.387048553327553e-05,10,10,foot
31,42,13,foot_0,2.3510438040830195e-10,3.039836826701503e-07,1.2933014381655283e-10,5.245208853921213e-07,-3.03748578289742e-07,-5.243915552483047e-07,-4.1407006676902336e-07,10,10,foot
38,42,13,foot_0,1.659407189436024e-08,5.12182705278974e-05,4.928324415232055e-10,-2.2363663447322324e-05,-5.120167645600304e-05,2.2364156279763847e-05,-1.4418760088119598e-05,10,10,foot
6,9,14,foot_1,3.6597043173713928e-09,9.435415449843276e-06,7.877224206254141e-09,-2.257227970403619e-05,-9.431755745525905e-06,2.2580156928242445e-05,6.57420059135827e-06,10,10,foot
6,10,14,foot_1,-2.2828317361445194e-11,9.244680768460967e-06,-1.7175807998093262e-10,-6.368160393321887e-05,-9.244703596778328e-06,6.368143217513889e-05,2.721836428918028e-05,10,10,foot
6,23,14,foot_1,-1.4468911331277923e-06,-0.0012141168117523193,1.0854867468879092e-05,0.008682852610945702,0.0012126699206191915,-0.008671997743476823,-0.0037296639114288155,10,10,foot
6,24,14,foot_1,-6.393662266290789e-10,8.744001206650864e-06,-9.587393101639918e-09,7.418393943225965e-05,-8.744640572877493e-06,-7.419352682536129e-05,-4.146908369911939e-05,10,10,foot
6,34,14,foot_1,1.3427052358849778e-08,9.22083836485399e-06,1.2345999778062833e-07,-3.373026993358508e-05,-9.20741131249514e-06,3.3853729931365706e-05,1.2323159309435283e-05,10,10,foot
9,10,14,foot_1,3.7482551784595586e-11,-3.159046286782541e-07,8.842136051123717e-11,1.3470649946611957e-06,3.159421112300387e-07,-1.3469765733006844e-06,-5.155172310353229e-07,10,10,foot
9,23,14,foot_1,1.2813034118153155e-05,-0.002139836549758911,0.00022943918884266168,0.008715313859283924,0.0021526495838770643,-0.008485874670441262,-0.003166612543282099,10,10,foot
9,24,14,foot_1,8.892584446584806e-10,-1.2636185147130163e-06,9.995574146159925e-09,-1.8656253359949915e-06,1.2645077731576748e-06,1.8756209101411514e-06,1.5700643416494131e-06,10,10,foot
9,34,14,foot_1,1.0822986604153151e-11,-3.337860050578456e-07,2.7165925065020247e-09,1.043081283569336e-07,3.3379682804444977e-07,-1.0159153585043157e-07,1.161026460970091e-07,10,10,foot
10,23,14,foot_1,-6.230647109362053e-09,-0.0032136321533471346,1.5867332194829942e-06,0.008714807219803333,0.0032136259227000252,-0.00871322048658385,-0.0027497972819419125,10,10,foot
10,24,14,foot_1,1.450162358196394e-06,-2.5451183773839148e-06,4.353933036327362e-07,-5.841255301675119e-07,3.995280735580309e-06,1.019518833800248e-06,2.5073997846902785e-06,10,10,foot
10,34,14,foot_1,2.432898327242583e-11,2.443790378947597e-07,-1.0404619527060177e-10,-4.172325134277344e-07,-2.4435470891148725e-07,4.1712846723246377e-07,8.638687916048826e-08,10,10,foot
23,24,14,foot_1,-1.5141149560804479e-06,0.00871341209858656,-1.2579064900819503e-07,-0.00028611422749236226,-0.00871492621354264,0.00028598843684335407,-0.004214468888349643,10,10,foot
23,34,14,foot_1,1.4346547914101393e-06,0.008714777417480946,-0.000662675010971725,-0.0015492528909817338,-0.008713342762689535,0.0008865778800100088,-0.003913382441339763,10,10,foot
24,34,14,foot_1,1.1953853018553673e-08,-5.30481315763609e-07,2.8284556918833914e-08,-1.9162894204782788e-06,5.424351687821627e-07,1.9445739773971127e-06,1.2435045730896377e-06,10,10,foot
1,3,15,foot_2,6.843182909221923e-09,-0.0001807928056223318,2.6003078801295487e-08,0.0006962806219235063,0.00018079964880524102,-0.000696254618844705,-0.00025772748501973197,10,10,foot
1,7,15,foot_2,4.4441367919034747e-08,-0.0005165934562683105,1.275594456728868e-07,0.01231036800891161,0.0005166378976362296,-0.012310240449465937,-0.005896801275914854,10,10,foot
1,13,15,foot_2,-2.3984683128475126e-09,-0.00023927092843223363,-2.3017879158260257e-08,0.0005361706134863198,0.00023926852996392078,-0.000536193631365478,-0.00014846255070077863,10,10,foot
1,16,15,foot_2,-4.1412204154767096e-07,-0.0010325431358069181,1.4873231521050911e-05,0.06359075754880905,0.0010321290137653705,-0.063575884317288,-0.031271877651761315,10,10,foot
1,20,15,foot_2,3.4883851185441017e-07,-1.376867317048891e-06,4.597962742991513e-06,2.994537317135837e-05,1.7257058289033012e-06,-2.5347410428366857e-05,-1.1810852299731778e-05,10,10,foot
1,21,15,foot_2,-3.9366568671539426e-08,-1.5079974673426477e-06,1.9435901776887476e-09,0.00013731121725868434,1.4686308986711083e-06,-0.00013730927366850665,-6.792032138491777e-05,10,10,foot
1,37,15,foot_2,-1.5596073126289411e-06,-0.0021999836899340153,1.2184158549644053e-05,0.05491242930293083,0.0021984240826213863,-0.05490024514438119,-0.0263509105308799,10,10,foot
1,40,15,foot_2,-3.3974297366512474e-06,-4.146695209783502e-05,7.880548764660489e-06,0.007268178276717663,3.806952236118377e-05,-0.007260297727953002,-0.0036111141027959093,10,10,foot
1,43,15,foot_2,-3.877266951946012e-09,-4.922747757518664e-05,-1.7155389997469683e-08,0.000395420182030648,4.9223600308234694e-05,-0.00039543733742064546,-0.00017310686855620538,10,10,foot
3,7,15,foot_2,-5.416124508883513e-07,0.0007057428592815995,1.284047925764753e-06,0.008307618089020252,-0.0007062844717324879,-0.008306334041094487,-0.004506309256413488,10,10,foot
3,13,15,foot_2,0.00023166483151726425,0.0010338693391531706,4.661615093937144e-05,0.00025231539621017873,-0.0008022045076359063,-0.0002056992452708073,-0.0005039518764533568,10,10,foot
3,16,15,foot_2,-1.311201776843518e-05,-0.00010555684275459498,6.405114254448563e-05,0.059017330408096313,9.24448249861598e-05,-0.05895327926555183,-0.029430417220282834,10,10,foot
3,20,15,foot_2,5.078245379763757e-08,0.0007083207601681352,-4.5338529730543087e-07,-0.0021698414348065853,-0.0007082699777143375,0.00216938804950928,0.0007305590358974712,10,10,foot
3,21,15,foot_2,3.4401971333863912e-06,0.0007095992332324386,3.3616510108913644e-07,-0.005240410566329956,-0.0007061590360990522,0.005240746731431045,0.0022672938476659965,10,10,foot
3,37,15,foot_2,-2.941975196790736e-07,-0.0016830861568450928,1.2188477285235422e-06,0.05314934253692627,0.0016827919593254137,-0.053148123689197746,-0.025732665864936166,10,10,foot
3,40,15,foot_2,4.8627420312641334e-08,0.0009192496654577553,2.572919584054034e-07,0.003009706735610962,-0.0009192010380374427,-0.0030094494436525565,-0.0019643252408449996,10,10,foot
3,43,15,foot_2,3.204987137905846e-07,0.0010347992647439241,1.960018380486872e-06,-0.0011255249846726656,-0.0010344787660301336,0.0011274850030531525,4.6503118511509456e-05,10,10,foot
7,13,15,foot_2,-7.296730331063372e-08,0.006742316298186779,1.5523640968240215e-06,-0.00044600068940781057,-0.00674238926549009,0.0004475530535046346,-0.0031474181059927275,10,10,foot
7,16,15,foot_2,-9.95325535768643e-07,-0.012357562780380249,1.841844459704589e-05,0.05529850721359253,0.01235656745484448,-0.05528008876899548,-0.0214617606570755,10,10,foot
7,20,15,foot_2,5.3207272685540374e-06,0.012283516116440296,-9.005669562611729e-05,-0.005978631787002087,-0.012278195389171742,0.005888575091375969,-0.0031948101488978864,10,10,foot
7,21,15,foot_2,8.565683629058185e-08,0.012280982919037342,-9.080419971496667e-08,-0.00977298617362976,-0.012280897262201051,0.009772895369430046,-0.0012540009463855029,10,10,foot
7,37,15,foot_2,-3.7129309930605814e-05,-0.03280142694711685,2.5891178665915504e-05,0.050759416073560715,0.032764297637186246,-0.0507335248948948,-0.008984613628854277,10,10,foot
7,40,15,foot_2,4.1510025766910985e-05,0.011456787586212158,1.2905196854262613e-05,-0.0019415200222283602,-0.011415277560445247,0.001954425219082623,-0.004730426170681312,10,10,foot
7,43,15,foot_2,8.882516056019085e-08,0.0113265635445714,7.3520204750820994e-06,-0.0037559582851827145,-0.01132647471941084,0.0037633103056577966,-0.0037815822068765215,10,10,foot
13,16,15,foot_2,-7.104489668563474e-06,-0.0014102846616879106,0.0008126377360895276,0.058444708585739136,0.001403180172019347,-0.05763207084964961,-0.02811444533881513,10,10,foot
13,20,15,foot_2,-6.363796387631737e-07,0.0005353003507480025,-1.8536378547651111e-06,-0.0028856813441962004,-0.0005359367303867657,0.0028838277063414353,0.0011739454879773348,10,10,foot
13,21,15,foot_2,3.649509744718671e-05,0.0005352944135665894,7.488980372727383e-06,-0.005908614490181208,-0.0004987993161194026,0.005916103470553935,0.002708652077217266,10,10,foot
13,37,15,foot_2,-6.844956715212902e-06,-0.0033138215076178312,3.276905147231446e-07,0.05273415520787239,0.0033069765509026183,-0.05273382751735767,-0.024713425483227525,10,10,foot
13,40,15,foot_2,-1.646505012331545e-07,0.00048610568046569824,1.9981438725835687e-08,0.0021004080772399902,-0.0004862703309669314,-0.0021003880958012644,-0.001293329213384098,10,10,foot
13,43,15,foot_2,-3.393704173504375e-05,0.000489458441734314,2.3865857656346634e-05,-0.0015803456772118807,-0.0005233954834693577,0.0016042115348682273,0.0005404080256994348,10,10,foot
16,20,15,foot_2,2.093992407026235e-05,0.0635443776845932,-7.340528100030497e-06,-0.010831261053681374,-0.06352343776052294,0.010823920525581343,-0.026349758617470798,10,10,foot
16,21,15,foot_2,8.811248699203134e-05,0.06353981047868729,1.952252659975784e-06,-0.0149055365473032,-0.06345169799169526,0.014907488799963176,-0.02427210459586604,10,10,foot
16,37,15,foot_2,7.792776273163327e-07,0.04437055066227913,2.2939480004424695e-06,0.04782106727361679,-0.04436977138465181,-0.04781877332561635,-0.04609427235513408,10,10,foot
16,40,15,foot_2,3.1231991215463495e-07,0.06234109401702881,1.707916297277734e-08,-0.0073660193011164665,-0.062340781697116654,0.007366036380279439,-0.027487372658418607,10,10,foot
16,43,15,foot_2,3.4038119338219985e-05,0.06202223151922226,4.6175132411008235e-06,-0.007531438954174519,-0.06198819339988404,0.007536056467415619,-0.02722606846623421,10,10,foot
20,21,15,foot_2,1.1359293061730114e-08,1.2886524018540513e-05,-1.4224952327168694e-09,8.193254325306043e-05,-1.2875164725478783e-05,-8.193396574829315e-05,-4.7404565236885965e-05,10,10,foot
20,37,15,foot_2,-7.220925226647523e-07,-0.019267428666353226,1.9949047214140592e-07,0.05489673465490341,0.01926670657383056,-0.05489653516443127,-0.017814914295300355,10,10,foot
20,40,15,foot_2,-1.108062065213744e-06,-0.000465136778075248,8.416009222855791e-09,0.007231247611343861,0.00046402871601003426,-0.007231239195334638,-0.0033836052396623018,10,10,foot
20,43,15,foot_2,-1.2797863746527582e-06,-0.0005439817905426025,-8.717273658476188e-07,0.00038301647873595357,0.0005427020041679498,-0.0003838882061018012,7.94068990330743e-05,10,10,foot
21,37,15,foot_2,-5.783152573712869e-06,-0.024875015020370483,5.8464647736400366e-05,0.05489518120884895,0.02486923186779677,-0.05483671656111255,-0.014983742346657891,10,10,foot
21,40,15,foot_2,-1.1408235423004953e-06,-0.0013401091564446688,5.892682111152681e-06,0.0072276233695447445,0.0013389683329023683,-0.007221730687433592,-0.0029413811772656118,10,10,foot
21,43,15,foot_2,-1.6070873698481591e-06,-0.0017265856731683016,1.58804175498517e-06,0.0003818199038505554,0.0017249785857984534,-0.00038023186209557025,0.0006723733618514416,10,10,foot
37,40,15,foot_2,0.00037762318970635533,0.054474133998155594,-3.525453939801082e-05,-0.01716258004307747,-0.05409651080844924,0.017127325503679458,-0.01848459265238489,10,10,foot
37,43,15,foot_2,0.00014505589206237346,0.054374050348997116,-3.13868144985463e-06,-0.01500181294977665,-0.05422899445693474,0.014998674268326795,-0.019615160094303974,10,10,foot
40,43,15,foot_2,4.757195171123385e-08,0.005977898836135864,-4.210960399819719e-11,3.726184513652697e-05,-0.005977851264184153,-3.726188724613097e-05,-0.003007556575715142,10,10,foot
8,18,16,foot_3,5.300862682133811e-08,-0.000254577404120937,2.3540367237728788e-06,0.00032837092294357717,0.00025463041274775833,-0.0003260168862198043,-3.569323673602298e-05,10,10,foot
8,29,16,foot_3,-1.1543670908054082e-08,1.5491246813326143e-05,-1.2052441711318806e-08,-5.387663986766711e-05,-1.5502790484234197e-05,5.386458742595579e-05,1.9180898470860797e-05,10,10,foot
8,33,16,foot_3,-6.453137579853774e-09,-2.9206275939941406e-05,-5.448236972682707e-09,2.1582842236966826e-05,2.9199822802361552e-05,-2.158829047393951e-05,3.805766164211022e-06,10,10,foot
8,35,16,foot_3,1.7101957183740524e-08,1.581311153131537e-05,3.330205800011754e-08,-2.6762486413645092e-06,-1.579600957413163e-05,2.7095506993646268e-06,-6.543229437383502e-06,10,10,foot
8,44,16,foot_3,8.870415513229091e-10,8.428096407442354e-06,1.4634679024183583e-09,-0.00010482668585609645,-8.42720936589103e-06,0.00010482814932399886,4.820046997905392e-05,10,10,foot
8,45,16,foot_3,8.909144639801525e-07,-0.011408972553908825,2.8656252197833965e-06,0.028028208762407303,0.011409863468372805,-0.02802534313718752,-0.008307739834407357,10,10,foot
8,46,16,foot_3,-5.03222679526516e-07,1.557469295221381e-05,-6.167334731799201e-07,3.161951826768927e-05,-1.6077915631740325e-05,-3.223625174086919e-05,-2.415708368630476e-05,10,10,foot
8,48,16,foot_3,-7.283233571797609e-09,1.5962123143253848e-05,-1.0149378795176744e-06,-9.193793084705248e-05,-1.5969406376825646e-05,9.092299296753481e-05,3.747679329535458e-05,10,10,foot
8,49,16,foot_3,-2.7631758712232113e-06,-6.392598152160645e-05,1.3788181604468264e-05,0.004232537932693958,6.116280565038323e-05,-0.00421874975108949,-0.0020787934727195534,10,10,foot
18,29,16,foot_3,0.00010140165977645665,0.0002558976411819458,0.00010737795673776418,-0.000650125730317086,-0.00015449598140548915,0.0007575036870548502,0.0003015038528246805,10,10,foot
18,33,16,foot_3,2.355946162424516e-05,0.00042482613935135305,1.5174727252542652e-07,-0.0001511812151875347,-0.0004012666777271079,0.00015133296246006012,-0.0001249668576335239,10,10,foot
18,35,16,foot_3,2.8038464279234177e-06,0.00025451480178162456,6.41368629317185e-08,-3.545284198480658e-05,-0.00025171095535370114,3.55169788477383e-05,-0.00010809698825298142,10,10,foot
18,44,16,foot_3,9.485585792390339e-07,0.0002849847078323364,1.0365172329329653e-06,-0.002060830593109131,-0.0002840361492530974,0.002061867110342064,0.0008889154805444832,10,10,foot
18,45,16,foot_3,-5.290298688009898e-08,-0.0017157196998596191,3.7473757430461774e-08,0.027944058179855347,0.001715666796872739,-0.027944020706097916,-0.013114176954612589,10,10,foot
18,46,16,foot_3,-7.083045602485072e-06,0.0002555817482061684,9.637983566790354e-06,0.00011088997416663915,-0.0002626647938086535,-0.0001012519905998488,-0.00018195839220425114,10,10,foot
18,48,16,foot_3,0.0002980360295623541,0.0002538621483836323,-1.4574674196410342e-06,-0.0009694703039713204,4.4173881178721786e-05,0.0009680128365516794,0.0005060933588652006,10,10,foot
18,49,16,foot_3,3.5477532378536125e-07,0.0005361408111639321,2.0165222380796877e-08,0.002152991248294711,-0.0005357860358401467,-0.0021529710830723303,-0.0013443785594562385,10,10,foot
29,33,16,foot_3,-4.570602030185e-08,-0.00012826919555664062,-6.094646121113101e-09,3.657937122625299e-05,0.00012822348953633877,-3.65854658723741e-05,4.581901183198234e-05,10,10,foot
29,35,16,foot_3,2.2178028857844367e-10,2.002715973503655e-06,5.7843861644979455e-11,-2.9802322387695312e-08,-2.0024941932150764e-06,2.986016624934029e-08,-9.86317013482868e-07,10,10,foot
29,44,16,foot_3,-7.608396401792561e-08,-2.0110606783418916e-05,-1.1184783765827433e-08,5.5283308029174805e-05,2.003452281940099e-05,-5.529449281294063e-05,-1.762998499676982e-05,10,10,foot
29,45,16,foot_3,-7.51108508723064e-09,-0.011029678396880627,3.396604597583064e-08,0.0280308835208416,0.01102967088579554,-0.028030849554795623,-0.008500589334500042,10,10,foot
29,46,16,foot_3,-1.6577541117612782e-08,1.2159347306806012e-06,-9.29459957887957e-08,3.5688282196133514e-07,-1.232512271798214e-06,-4.4982881775013084e-07,-8.411705447741724e-07,10,10,foot
29,48,16,foot_3,6.560003207312093e-09,2.4080277398752514e-06,-6.493937831919538e-08,-1.862645149230957e-06,-2.4014677366679393e-06,1.7977057709117616e-06,-3.0188098287808884e-07,10,10,foot
29,49,16,foot_3,-4.321537794282904e-09,-0.00022324323072098196,5.8857496654241e-09,0.004423302598297596,0.00022323890918318767,-0.0044232967125479306,-0.0021000289016823714,10,10,foot
33,35,16,foot_3,-2.945895630546147e-06,3.682374881464057e-05,-3.68538906059257e-07,-6.204843430168694e-06,-3.9769644445186714e-05,5.836304524109437e-06,-1.696666996053864e-05,10,10,foot
33,44,16,foot_3,-4.07642808397668e-08,3.085732532781549e-05,-8.017111213121098e-06,-0.000323498243233189,-3.0898089608655255e-05,0.0003154811320200679,0.00014229152120570632,10,10,foot
33,45,16,foot_3,7.116071355994791e-05,-0.0048035262152552605,8.009532757569104e-05,0.02802414260804653,0.004874686928815208,-0.02794404728047084,-0.011534680175827816,10,10,foot
33,46,16,foot_3,-1.403215055262308e-08,3.665089752757922e-05,-4.877451686979839e-08,7.231160998344421e-05,-3.666492967813184e-05,-7.236038450031401e-05,-5.451265708922293e-05,10,10,foot
33,48,16,foot_3,-6.147365727571241e-09,3.6960838770028204e-05,-1.0122257521061329e-07,-0.0002135135291609913,-3.6966986135755775e-05,0.0002134123065857807,8.822266022501246e-05,10,10,foot
33,49,16,foot_3,4.789988139464185e-08,-2.524256706237793e-05,9.675632384187338e-08,0.003973209764808416,2.529046694377257e-05,-0.0039731130084845745,-0.001973911270770401,10,10,foot
35,44,16,foot_3,2.2990889747553922e-10,-1.0013579867518274e-06,5.764945743003125e-10,5.8227778936270624e-05,1.001587895649303e-06,-5.8227202441696324e-05,-2.861280727302351e-05,10,10,foot
35,45,16,foot_3,3.6485339478531387e-06,-0.0012343466514721513,1.2095751117158215e-05,0.02803095616400242,0.0012379951854200044,-0.02801886041288526,-0.013390432613732628,10,10,foot
35,46,16,foot_3,1.1954398582147974e-09,-4.17232506322307e-08,4.283720045350492e-10,-2.7269123847872834e-07,4.29186904904455e-08,2.731196104832634e-07,1.5801915048685444e-07,10,10,foot
35,48,16,foot_3,-3.5506672602103606e-10,3.5762788286319847e-08,1.9637809156591857e-09,-1.4603138254187797e-07,-3.611785501234088e-08,1.4799516345753716e-07,5.593865422259814e-08,10,10,foot
35,49,16,foot_3,2.1687810658477247e-08,-1.099109613278415e-05,3.264424890403461e-07,0.004426843021064997,1.1012783943442628e-05,-0.004426516578575956,-0.002207751897316257,10,10,foot
44,45,16,foot_3,-0.0004581068642437458,-0.042879827320575714,5.814604082843289e-05,0.028030138462781906,0.04242172045633197,-0.027971992421953473,0.0072248640171892475,10,10,foot
44,46,16,foot_3,-1.081900791177759e-09,5.601048542303033e-05,-8.649545080174903e-09,1.3498216503649019e-05,-5.601156732382151e-05,-1.3506866048729194e-05,-3.475921668627535e-05,10,10,foot
44,48,16,foot_3,-9.800231459689002e-11,5.9533118474064395e-05,-1.1044744674393314e-08,-3.686845229822211e-05,-5.953321647637899e-05,3.6857407553547716e-05,-1.1337904461415638e-05,10,10,foot
44,49,16,foot_3,-7.003525581694703e-08,-0.0006110310787335038,1.0004165318378e-07,0.004350471310317516,0.0006109610434776869,-0.0043503712686643325,-0.0018697051125933228,10,10,foot
45,46,16,foot_3,1.962619307960267e-06,0.02803092636168003,-6.014559858158464e-06,-0.01384892500936985,-0.02802896374237207,0.013842910449511692,-0.007093026646430189,10,10,foot
45,48,16,foot_3,9.397986104886513e-07,0.028030961751937866,-0.00038831544225104153,-0.01081843301653862,-0.028030021953327378,0.010430117574287578,-0.0087999521895199,10,10,foot
45,49,16,foot_3,9.08479341887869e-05,0.028016608208417892,6.192305590957403e-06,-0.016984086483716965,-0.027925760274229106,0.016990278789307922,-0.005467740742460592,10,10,foot
46,48,16,foot_3,8.509726967531606e-07,-5.714595090466901e-07,6.309710443019867e-07,-1.426786184310913e-06,1.4224322057998506e-06,2.0577572286128998e-06,1.7400947172063752e-06,10,10,foot
46,49,16,foot_3,-4.4150209532745066e-07,0.00011330768757034093,2.096840034937486e-09,0.0044242022559046745,-0.00011374918966566838,-0.00442420015906464,-0.002268974674365154,10,10,foot
48,49,16,foot_3,-1.7271999240620062e-05,-0.00036441683187149465,2.7520267394720577e-05,0.004428398795425892,0.0003471448326308746,-0.004400878528031171,-0.0020268668477001484,10,10,foot
7,8,17,tail_0,2.330608595002559e-06,0.002266609575599432,2.2126507701614173e-06,-0.0014271617401391268,-0.0022642789670044294,0.0014293743909092882,-0.0004174522880475706,10,10,tail
7,42,17,tail_0,-1.4804955753788818e-05,0.0014557063113898039,2.722446879488416e-05,-0.0002797245979309082,-0.0014705112671435927,0.00030694906672579236,-0.0005817811002089002,10,10,tail
8,42,17,tail_0,1.5763725969009101e-07,-0.0006589830154553056,2.6600500291351636e-07,0.0012146830558776855,0.0006591406527149957,-0.001214417050874772,-0.0002776381990798882,10,10,tail
4,20,18,tail_1,-1.5578936540805444e-07,0.007787650916725397,8.135689455457396e-08,0.02213617041707039,-0.007787806706090805,-0.022136089060175834,-0.01496194788313332,10,10,tail
4,29,18,tail_1,6.606749991533434e-08,0.030457187443971634,-1.9897588288131374e-07,-0.03363741189241409,-0.03045712137647172,0.03363721291653121,0.0015900457700297466,10,10,tail
4,46,18,tail_1,-1.0021938123827567e-07,0.023685574531555176,3.594966102582475e-08,0.018861567601561546,-0.023685674750936414,-0.01886153165190052,-0.021273603201418467,10,10,tail
20,29,18,tail_1,5.110393976792693e-05,0.02875431813299656,-0.00020802035578526556,-0.12176394462585449,-0.028703214193228632,0.12155592427006923,0.0464263550384203,10,10,tail
20,46,18,tail_1,4.15343492932152e-07,0.02082248404622078,-1.4787254258408211e-05,-0.05476962774991989,-0.020822068702727847,0.05475484049566148,0.016966385896466818,10,10,tail
29,46,18,tail_1,-0.00032312655821442604,-0.041398853063583374,0.001665932359173894,0.048395831137895584,0.04107572650536895,-0.04672989877872169,-0.002827086136676371,10,10,tail
33,34,19,tail_2,-5.712287816095341e-07,-0.0031336783431470394,3.277980795246549e-06,0.05042877048254013,0.00313310711436543,-0.050425492501744884,-0.023646192693689727,10,10,tail
33,35,19,tail_2,-7.597904186695814e-06,0.0007640898111276329,-6.267582648433745e-07,-4.20570358983241e-05,-0.0007716877153143287,4.143027763348073e-05,-0.00036512871884042397,10,10,tail
33,43,19,tail_2,9.721929927763995e-09,-0.0010628640884533525,8.22539192313343e-09,0.005383096635341644,0.0010628738103832802,-0.005383088409949721,-0.0021601072997832205,10,10,tail
34,35,19,tail_2,3.3636730734087905e-08,0.051373012363910675,-5.656729626934975e-06,-0.0010296523105353117,-0.05137297872717994,0.0010239955809083767,-0.025174491573135782,10,10,tail
34,43,19,tail_2,7.6034884841647e-06,0.04373835772275925,-2.342468860661029e-06,-0.010230211541056633,-0.04373075423427508,0.010227869072195972,-0.016751442581039555,10,10,tail
35,43,19,tail_2,-2.8688987185887527e-08,-0.000457763671875,5.2692975316404045e-08,0.006247617304325104,0.0004577349828878141,-0.006247564611349787,-0.0028949148142309866,10,10,tail
10,21,20,tail_3,-1.6847413917275844e-06,0.00015565752983093262,-1.3945566479378613e-06,3.674626350402832e-05,-0.0001573422712226602,-3.814082015196618e-05,-9.774154568731319e-05,10,10,tail
10,24,20,tail_3,-0.0001229289046023041,0.00013755560212302953,-2.5128107154159807e-05,0.00039871930493973196,-0.00026048450672533363,-0.00042384741209389176,-0.0003421659594096127,10,10,tail
10,25,20,tail_3,-4.901528996015259e-07,3.0255318051786162e-05,1.7727303429637686e-06,-1.4227628525986802e-05,-3.074547095138769e-05,1.600035886895057e-05,-7.372556041218559e-06,10,10,tail
10,27,20,tail_3,-3.060136441490613e-05,0.00036585330963134766,-3.2329488021787256e-05,0.004867279436439276,-0.0003964546740462538,-0.004899608924461063,-0.0026480317992536584,10,10,tail
10,49,20,tail_3,-1.0574126463325229e-05,0.0021399736870080233,-6.556709877258982e-07,0.026033729314804077,-0.0021505478134713485,-0.026034384985791803,-0.014092466399631576,10,10,tail
21,24,20,tail_3,-5.8310980932674283e-08,9.888410204439424e-06,7.043490768410265e-08,-4.073977470397949e-05,-9.946721185372098e-06,4.0810209611663595e-05,1.5431744213145748e-05,10,10,tail
21,25,20,tail_3,8.755596070386673e-08,3.845095488941297e-05,2.4459095016027277e-07,-0.00018975735292769969,-3.83633989287091e-05,0.00019000194387785996,7.581927247457543e-05,10,10,tail
21,27,20,tail_3,-1.331843941443367e-05,-0.00020990967459511012,-8.988589797809254e-06,0.004112356808036566,0.00019659123518067645,-0.004121345397834375,-0.0019623770813268493,10,10,tail
21,49,20,tail_3,-6.104225121816853e-06,-0.003453373908996582,-2.684387823137513e-08,0.025822769850492477,0.003447269683874765,-0.02582279669437071,-0.011187763505247972,10,10,tail
24,25,20,tail_3,-3.493260081199878e-08,0.0004149496671743691,-3.1824486086406978e-06,-0.00015256405458785594,-0.0004149845997751811,0.00014938160597921524,-0.00013280149689798293,10,10,tail
24,27,20,tail_3,-3.1788863452675287e-06,-0.0012121677864342928,-2.6463857238923083e-07,0.004279977176338434,0.0012089889000890253,-0.0042802418149108235,-0.001535626457410899,10,10,tail
24,49,20,tail_3,-1.3205260529502993e-06,-0.01301666535437107,-8.767483627991624e-09,0.025869011878967285,0.01301534482831812,-0.025869020646450913,-0.006426837909066396,10,10,tail
25,27,20,tail_3,-0.00011479839304229245,-0.0009587407112121582,-1.5488150893361308e-05,0.004900002386420965,0.0008439423181698658,-0.0049154905373143265,-0.0020357741095722304,10,10,tail
25,49,20,tail_3,-3.131895573460497e-05,-0.011034113354980946,-7.723695489403326e-06,0.026042789220809937,0.01100279439924634,-0.02605051291629934,-0.0075238592585265,10,10,tail
27,49,20,tail_3,-3.688670702217678e-08,-0.055485110729932785,3.388156599726244e-08,0.02477204240858555,0.05548507384322576,-0.02477200852701955,0.015356532658103106,10,10,tail
0,2,21,tail_4,4.287826413928997e-07,0.07475026696920395,5.161028937550327e-08,-0.002848464297130704,-0.07474983818656256,0.0028485159074200794,-0.03595066113957124,10,10,tail
0,30,21,tail_4,1.7341448256047443e-05,0.0931721106171608,3.550434939825209e-06,-0.004838752560317516,-0.09315476916890475,0.0048423029952573415,-0.044156233086823704,10,10,tail
2,30,21,tail_4,7.810773361427437e-09,0.004303413443267345,1.4371994261352938e-08,-0.0007656693342141807,-0.004303405632493984,0.0007656837062084421,-0.001768860963142771,10,10,tail
5,9,22,tail_5,3.92519705627592e-09,0.00012630224227905273,1.8215360331197417e-09,-4.833340790355578e-05,-0.00012629831708199646,4.83352294395889e-05,-3.898154382120378e-05,10,10,tail
5,11,22,tail_5,-7.57003135731793e-06,-0.003135180566459894,-2.424322246952215e-06,0.005241113714873791,0.0031276105351025763,-0.005243538037120743,-0.0010579637510090834,10,10,tail
5,26,22,tail_5,3.706489337673702e-07,9.250044968212023e-05,7.667811701139726e-07,-1.7583370208740234e-05,-9.212980074835286e-05,1.8350151378854207e-05,-3.688982468474933e-05,10,10,tail
5,38,22,tail_5,-2.6192961740889587e-05,-0.005324172787368298,-8.244297532655764e-06,0.005949616432189941,0.005297979825627408,-0.005957860729722597,-0.0003299404520475946,10,10,tail
5,48,22,tail_5,-1.5788988321219222e-06,-0.03130580857396126,1.0376585350968526e-06,0.2798241972923279,0.031304229675129136,-0.2798231596337928,-0.12425946497933182,10,10,tail
9,11,22,tail_5,-2.952992417704081e-06,-0.001236647367477417,-3.6831243050983176e-06,0.0057905493304133415,0.001233694375059713,-0.00579423245471844,-0.0022802690398293635,10,10,tail
9,26,22,tail_5,-2.09570316656027e-09,-1.2660026186495088e-05,-5.436959327198565e-09,6.151199158921372e-06,1.2657930483328528e-05,-6.156636118248571e-06,3.2506471825399785e-06,10,10,tail
9,38,22,tail_5,-1.360730948363198e-05,-0.00206756591796875,-9.899837095872499e-06,0.006199616007506847,0.002053958608485118,-0.00620951584460272,-0.002077778618058801,10,10,tail
9,48,22,tail_5,-1.7303861454820435e-07,-0.011774390935897827,3.4459985727153253e-06,0.28163236379623413,0.011774217897283279,-0.2816289177976614,-0.13492734995018907,10,10,tail
11,26,22,tail_5,-3.822752603355184e-07,0.005646252539008856,-1.8618513877299847e-06,-0.00046923159970901906,-0.005646634814269191,0.0004673697483212891,-0.002589632532973951,10,10,tail
11,38,22,tail_5,6.270435733313207e-06,-0.011531573720276356,-2.2528158297063783e-05,0.001049292040988803,0.011537844156009669,-0.0010718201992858667,0.005233011978361901,10,10,tail
11,48,22,tail_5,-2.9034132239758037e-05,-0.0628652274608612,8.29786149552092e-05,0.24014165997505188,0.06283619332862145,-0.24005868136009667,-0.08861124401573761,10,10,tail
26,38,22,tail_5,7.104338237695629e-06,-0.0007728159544058144,7.567224383819848e-05,0.00613397965207696,0.00077992029264351,-0.006058307408238761,-0.0026391935577976255,10,10,tail
26,48,22,tail_5,-7.433147402480245e-06,-0.00383453955873847,8.90384569629532e-07,0.281159371137619,0.00382710641133599,-0.2811584807530494,-0.1386656871708567,10,10,tail
38,48,22,tail_5,-2.577651230240008e-06,-0.03267555311322212,2.5886376988637494e-06,0.21320395171642303,0.03267297546199188,-0.21320136307872417,-0.09026419380836614,10,10,tail
14,41,23,tail_6,3.4772416057649025e-08,-0.0001224219740834087,-6.99959628036595e-08,0.001321506453678012,0.00012245674649946636,-0.0013215764496408156,-0.0005995598515706746,10,10,tail
14,45,23,tail_6,-4.252910912327934e-09,0.001966917421668768,3.1703802960691974e-05,0.001845711492933333,-0.0019669216745796803,-0.001814007689972641,-0.0018904646822761606,10,10,tail
41,45,23,tail_6,-8.522721941517375e-07,0.0020415515173226595,3.9620749703317415e-06,0.0001122832327382639,-0.0020424037895168112,-0.00010832115776793216,-0.0010753624736423717,10,10,tail
1,16,24,tail_7,-3.4116760616598185e-06,-0.0029671848751604557,5.018339834350627e-06,0.04412724822759628,0.002963773199098796,-0.04412222988776193,-0.020579228344331568,10,10,tail
3,6,25,tail_8,2.5395061129529495e-06,0.09148305654525757,-9.557400062476518e-07,-0.0013812541728839278,-0.09148051703914462,0.0013802984328776802,-0.04505010930313347,10,10,tail
3,18,25,tail_8,5.0238886615261436e-05,0.08825017511844635,-2.977848271257244e-05,-0.04446502402424812,-0.08819993623183109,0.04443524554153555,-0.02188234534514777,10,10,tail
3,31,25,tail_8,9.418941715466644e-08,0.09005030989646912,-5.3314806791604497e-08,-0.0050962744280695915,-0.09005021570705196,0.0050962211132628,-0.04247699729689458,10,10,tail
3,36,25,tail_8,3.81621241274388e-08,0.0526779405772686,-4.030008767585969e-06,0.013873877935111523,-0.05267790241514447,-0.013877907943879109,-0.03327790517951179,10,10,tail
3,47,25,tail_8,2.0721449800475966e-07,0.07303137332201004,9.575744286394183e-08,-0.0015771448379382491,-0.07303116610751204,0.001577240595381113,-0.03572696275606546,10,10,tail
6,18,25,tail_8,-1.248744183612871e-06,-4.7242639993783087e-05,-1.9100370707292313e-07,0.006288209464401007,4.5993895810170216e-05,-0.00628840046810808,-0.0031212032861489547,10,10,tail
6,31,25,tail_8,6.05934502573291e-08,-1.831054760259576e-05,-2.128445430571446e-06,0.0004426419618539512,1.837114105285309e-05,-0.00044477040728452266,-0.00021319963311583479,10,10,tail
6,36,25,tail_8,8.718641879568167e-07,-0.0010916352039203048,6.616836003559001e-07,0.01838286593556404,0.0010925070681082616,-0.018382204251963685,-0.008644848591927712,10,10,tail
6,47,25,tail_8,-2.822239686395278e-08,-0.0003021240117959678,-1.0987334775336421e-07,0.0003487229405436665,0.00030209578939910386,-0.00034883281389141985,-2.336851224615799e-05,10,10,tail
18,31,25,tail_8,6.103125826939504e-08,0.004568466451019049,5.452454931997863e-09,0.0001597225636942312,-0.004568405419760779,-0.00015971711123929921,-0.0023640612655000393,10,10,tail
18,36,25,tail_8,-0.0015466909389942884,-0.02507048472762108,-0.000316639052471146,0.01837107539176941,0.02352379378862679,-0.018687714444240555,0.0024180396721931174,10,10,tail
18,47,25,tail_8,-3.1534240406472236e-05,-0.014301195740699768,-3.345360823914234e-07,0.00027487875195220113,0.014269661500293296,-0.00027521328803459255,0.006997224106129352,10,10,tail
31,36,25,tail_8,1.234958062923397e-06,-0.0035699247382581234,1.4303884654509602e-06,0.018363412469625473,0.003571159696321047,-0.018361982081160022,-0.007395411192419488,10,10,tail
31,47,25,tail_8,-4.154407307055408e-08,-0.0011236786376684904,-2.0440975578850384e-09,0.0003159642219543457,0.0011236370935954199,-0.0003159662660519036,0.00040383541377175813,10,10,tail
36,47,25,tail_8,-6.3002357819641475e-06,0.017863702028989792,2.0204925732514312e-08,-0.0011527299648150802,-0.017870002264771756,0.0011527501697408127,-0.008358626047515472,10,10,tail
